{
	"format_version": "1.8.0",
	"animations": {
		"animation.tinglu.cry": {
			"animation_length": 2.0417,
			"bones": {
				"neck": {
					"rotation": {
						"0.0": [0, 0, 0],
						"0.0417": [-2.5, 0, 0],
						"0.125": [-10, 0, 0],
						"0.2083": [-25, 0, 0],
						"0.2917": [-27.5, 0, 0],
						"0.4167": [-25, 0, 0],
						"0.5833": [-22.5, 0, 0],
						"0.6667": [-22.5, 0, 0],
						"0.7917": [-17.5, 0, 0],
						"0.8333": [-20, 0, 0],
						"0.9167": [-22.5, 0, 0],
						"1.0417": [-25, 0, 0],
						"1.0833": [-22.5, 0, 0],
						"1.2083": [-20, 0, 0],
						"1.2917": [-22.5, 0, 0],
						"1.4167": [-25, 0, 0],
						"1.625": {
							"pre": [-15, 0, 0],
							"post": [-15, 0, 0],
							"lerp_mode": "catmullrom"
						},
						"1.75": {
							"post": [0, 0, 0],
							"lerp_mode": "catmullrom"
						}
					}
				},
				"head": {
					"rotation": {
						"0.0": [0, 0, 0],
						"0.1667": [-10, 0, 0],
						"0.3333": [-5, 0, 0],
						"0.4167": [-10, 0, 0],
						"0.5417": [-7.5, 0, 0],
						"0.625": [-10, 0, 0],
						"0.6667": [-11.25, 0, 0],
						"0.7083": [-2.5, 0, 0],
						"0.75": [-2.5, 0, 0],
						"0.7917": [0, 0, 0],
						"0.875": [2.5, 0, 0],
						"0.9583": [-2.5, 0, 0],
						"1.0": [0, 0, 0],
						"1.125": [-5, 0, 0],
						"1.2083": [0, 0, 0],
						"1.25": [2.5, 0, 0],
						"1.2917": [0, 0, 0],
						"1.375": {
							"pre": [-5, 0, 0],
							"post": [-5, 0, 0],
							"lerp_mode": "catmullrom"
						},
						"1.5": {
							"post": [0, 0, 0],
							"lerp_mode": "catmullrom"
						}
					}
				}
			},
			"sound_effects": {
				"0.0": {
					"effect": "pokemon.tinglu.cry"
				}
			}
		},
		"animation.tinglu.ground_idle": {
			"loop": true,
			"bones": {
				"torso": {
					"rotation": ["-10+math.cos(query.anim_time*90*3/2)*1/2", 0, "0+math.cos(query.anim_time*90*3/2/2)*1"],
					"position": [0, "0+math.sin(query.anim_time*90*3/2)*0.2", 0]
				},
				"chest": {
					"rotation": [5, 0, 0]
				},
				"neck": {
					"rotation": ["10+math.cos(query.anim_time*90*3/2-120)*1", 0, 0]
				},
				"head": {
					"rotation": ["2.5+math.cos(query.anim_time*90*3/2-200)*3/2", 0, 0]
				},
				"leg_back_left": {
					"position": [0, "0+math.sin(query.anim_time*90*3/2)*0.2", 0]
				},
				"leg_foot_back_left": {
					"position": [0, "0-math.sin(query.anim_time*90*3/2)*0.2", 0]
				},
				"leg_back_right": {
					"position": [0, "0+math.sin(query.anim_time*90*3/2)*0.2", 0]
				},
				"leg_foot_back_right": {
					"position": [0, "0-math.sin(query.anim_time*90*3/2)*0.2", 0]
				},
				"leg_front_left": {
					"position": [0, "0+math.sin(query.anim_time*90*3/2)*0.2", 0]
				},
				"leg_foot_front_left": {
					"position": [0, "0-math.sin(query.anim_time*90*3/2)*0.2", 0]
				},
				"leg_front_right": {
					"position": [0, "0+math.sin(query.anim_time*90*3/2)*0.2", 0]
				},
				"leg_foot_front_right": {
					"position": [0, "0-math.sin(query.anim_time*90*3/2)*0.2", 0]
				}
			}
		},
		"animation.tinglu.ground_walk": {
			"loop": true,
			"animation_length": 2,
			"bones": {
				"body": {
					"position": [0, -0.2, "-math.sin(q.anim_time*90*4+3/4)*0.5"]
				},
				"torso": {
					"rotation": ["0+math.cos(query.anim_time*90*2*2)*2", 0, "0+math.cos(query.anim_time*90*2)*1"],
					"position": {
						"0.0": [0, "0+math.sin(query.anim_time*90*2*2)*0.3", 0],
						"0.4583": [0, "0+math.sin(query.anim_time*90*2*2)*0.3", 0],
						"0.5417": [0, "0+math.sin(query.anim_time*90*1*10)*0.2", 0],
						"1.0": [0, "0+math.sin(query.anim_time*90*2*2)*0.3", 0],
						"1.4583": [0, "0+math.sin(query.anim_time*90*2*2)*0.3", 0],
						"1.5417": [0, "0+math.sin(query.anim_time*90*1*10)*0.2", 0],
						"2.0": [0, "0+math.sin(query.anim_time*90*2*2)*0.3", 0]
					}
				},
				"neck": {
					"rotation": ["0+math.cos(query.anim_time*90*2*2-60)*1", 0, 0]
				},
				"head": {
					"rotation": ["0+math.cos(query.anim_time*90*2*2-120)*1", 0, 0]
				},
				"helmet3": {
					"rotation": ["0+math.cos(query.anim_time*90*2*2-60)*3", 0, 0]
				},
				"helmet2": {
					"rotation": ["0+math.cos(query.anim_time*90*2*2-60)*3", 0, 0]
				},
				"left_horn": {
					"rotation": [0, 0, "0+math.cos(query.anim_time*90*2*2-60)*4"]
				},
				"right_horn": {
					"rotation": [0, 0, "0-math.cos(query.anim_time*90*2*2-60)*4"]
				},
				"leg_back_left": {
					"rotation": {
						"0.0": ["0-math.sin(q.anim_time*90*2)*15", 0, 0],
						"0.5": ["-2.5-math.sin(q.anim_time*90*2)*15", 0, 0],
						"0.6667": ["-2.5-math.sin(q.anim_time*90*2)*15", 0, 0],
						"0.9167": ["0-math.sin(q.anim_time*90*2)*15", 0, 0],
						"1.5": [7.5, 0, 0],
						"2.0": ["0-math.sin(q.anim_time*90*2)*15", 0, 0]
					},
					"position": {
						"0.0": [0, "0+math.clamp(math.cos(q.anim_time*90*2)*1,0,1)", "0-math.sin(q.anim_time*90*2)*1"],
						"0.3333": [0, "0.6+math.clamp(math.cos(q.anim_time*90*2)*1,0,1)", "0-math.sin(q.anim_time*90*2)*1"],
						"0.375": [0, 1, -1],
						"0.4167": [0, 0.2, -1.1],
						"0.4583": [0, -1, -1.1],
						"0.5": [0, "-1.1998+math.clamp(math.cos(q.anim_time*90*2)*1,0,1)", "0-math.sin(q.anim_time*90*2)*1"],
						"0.6667": [0, "-1.1998+math.clamp(math.cos(q.anim_time*90*2)*1,0,1)", "0-math.sin(q.anim_time*90*2)*1"],
						"0.75": [-0.00654, -0.9799, "0-math.sin(q.anim_time*90*2)*1"],
						"1.0": [0, "0+math.clamp(math.cos(q.anim_time*90*2)*1,0,1)", "0-math.sin(q.anim_time*90*2)*1"],
						"2.0": [0, "0+math.clamp(math.cos(q.anim_time*90*2)*1,0,1)", "0-math.sin(q.anim_time*90*2)*1"]
					}
				},
				"leg_foot_back_left": {
					"rotation": {
						"0.0": [25.25, 0, 0],
						"0.2083": {
							"pre": [32, 0, 0],
							"post": [32, 0, 0],
							"lerp_mode": "catmullrom"
						},
						"0.375": {
							"post": [37.5, 0, 0],
							"lerp_mode": "catmullrom"
						},
						"0.5": {
							"post": [20, 0, 0],
							"lerp_mode": "catmullrom"
						},
						"0.6667": [16.5, 0, 0],
						"1.0": [0, 0, 0],
						"1.5": [0, 0, 0],
						"1.75": {
							"pre": [19.25, 0, 0],
							"post": [19.25, 0, 0],
							"lerp_mode": "catmullrom"
						},
						"2.0": {
							"post": [25.25, 0, 0],
							"lerp_mode": "catmullrom"
						}
					},
					"position": {
						"0.0": [0, 0, 0],
						"0.5": [0, 1, -1],
						"2.0": [0, 0, 0]
					}
				},
				"leg_back_right": {
					"rotation": {
						"0.0": ["0+math.sin(q.anim_time*90*2)*15", 0, 0],
						"1.375": ["2+math.sin(q.anim_time*90*2)*15", 0, 0],
						"1.5": [-23.5, 0, 0],
						"2.0": ["0+math.sin(q.anim_time*90*2)*15", 0, 0]
					},
					"position": {
						"0.0": [-0.05234, "-0.0016+math.clamp(math.cos(q.anim_time*90*2-180)*1,0,1)", "0.0176+math.sin(q.anim_time*90*2)*1"],
						"1.375": [-0.05234, "0.7484+math.clamp(math.cos(q.anim_time*90*2-180)*1,0,1)", "0.0176+math.sin(q.anim_time*90*2)*1"],
						"1.5": [0, "-2.1996+math.clamp(math.cos(q.anim_time*90*2-180)*1,0,1)", "0.0176+math.sin(q.anim_time*90*2)*1"],
						"1.6667": [0.02094, -1.97969, "0.0176+math.sin(q.anim_time*90*2)*1"],
						"2.0": [-0.05234, "-0.0016+math.clamp(math.cos(q.anim_time*90*2-180)*1,0,1)", "0.0176+math.sin(q.anim_time*90*2)*1"]
					}
				},
				"leg_foot_back_right": {
					"rotation": {
						"0.0": [0, 0, 0],
						"0.5": [0, 0, 0],
						"0.75": {
							"pre": [25, 0, 0],
							"post": [25, 0, 0],
							"lerp_mode": "catmullrom"
						},
						"1.2083": {
							"post": [40, 0, 0],
							"lerp_mode": "catmullrom"
						},
						"1.375": {
							"post": [37.5, 0, 0],
							"lerp_mode": "catmullrom"
						},
						"1.5": {
							"post": [22.5, 0, 0],
							"lerp_mode": "catmullrom"
						},
						"1.6667": [18.5, 0, 0],
						"2.0": [0, 0, 0]
					},
					"position": {
						"0.0": [0, 0, 0],
						"1.5": [0, 2, -2],
						"2.0": [0, 0, 0]
					}
				},
				"leg_front_left": {
					"rotation": {
						"0.0": ["-5+math.sin(q.anim_time*90*2+3/4)*15", 0, 0],
						"1.375": ["2+math.sin(q.anim_time*90*2+3/4)*15", 0, 0],
						"1.5": [-23.5, 0, 0],
						"2.0": ["-5+math.sin(q.anim_time*90*2+3/4)*15", 0, 0]
					},
					"position": {
						"0.0": [-0.05234, "-0.0016+math.clamp(math.cos(q.anim_time*90*2+3/4-180)*1,0,1)", "0.0176+math.sin(q.anim_time*90*2+3/4)*1"],
						"1.375": [-0.05234, "0.7484+math.clamp(math.cos(q.anim_time*90*2+3/4-180)*1,0,1)", "0.0176+math.sin(q.anim_time*90*2+3/4)*1"],
						"1.5": [0, "-2.1996+math.clamp(math.cos(q.anim_time*90*2+3/4-180)*1,0,1)", "0.0176+math.sin(q.anim_time*90*2+3/4)*1"],
						"1.6667": [0.02094, -1.97969, "0.0176+math.sin(q.anim_time*90*2+3/4)*1"],
						"2.0": [-0.05234, "-0.0016+math.clamp(math.cos(q.anim_time*90*2+3/4-180)*1,0,1)", "0.0176+math.sin(q.anim_time*90*2+3/4)*1"]
					}
				},
				"leg_foot_front_left": {
					"rotation": {
						"0.0": {
							"post": [5.03, 0, 0],
							"lerp_mode": "catmullrom"
						},
						"0.25": {
							"post": [2.83, 0, 0],
							"lerp_mode": "catmullrom"
						},
						"0.5": {
							"post": [2.63, 0, 0],
							"lerp_mode": "catmullrom"
						},
						"0.8333": {
							"post": [12.75, 0, 0],
							"lerp_mode": "catmullrom"
						},
						"1.2083": {
							"post": [35.25, 0, 0],
							"lerp_mode": "catmullrom"
						},
						"1.4167": [39.17, 0, 0],
						"1.5": [25.25, 0, 0],
						"1.7083": [20.25, 0, 0],
						"2.0": [5.03, 0, 0]
					}
				},
				"leg_front_right": {
					"rotation": {
						"0.0": ["0-math.sin(q.anim_time*90*2+3/4)*15", 0, 0],
						"0.5": ["-2.5-math.sin(q.anim_time*90*2+3/4)*15", 0, 0],
						"0.6667": ["-2.5-math.sin(q.anim_time*90*2+3/4)*15", 0, 0],
						"0.9167": ["4-math.sin(q.anim_time*90*2+3/4)*15", 0, 0],
						"2.0": ["0-math.sin(q.anim_time*90*2+3/4)*15", 0, 0]
					},
					"position": {
						"0.0": [0, "0+math.clamp(math.cos(q.anim_time*90*2+3/4)*1,0,1)", "0-math.sin(q.anim_time*90*2+3/4)*1"],
						"0.375": [0, "0+math.clamp(math.cos(q.anim_time*90*2+3/4)*1,0,1)", "0-math.sin(q.anim_time*90*2+3/4)*1"],
						"0.5": [0, "-1.75+math.clamp(math.cos(q.anim_time*90*2+3/4)*1,0,1)", "0-math.sin(q.anim_time*90*2+3/4)*1"],
						"0.9583": [0, "0+math.clamp(math.cos(q.anim_time*90*2+3/4)*1,0,1)", "0-math.sin(q.anim_time*90*2+3/4)*1"]
					}
				},
				"leg_foot_front_right": {
					"rotation": {
						"0.0": {
							"post": [25.25, 0, 0],
							"lerp_mode": "catmullrom"
						},
						"0.2083": {
							"post": [35.25, 0, 0],
							"lerp_mode": "catmullrom"
						},
						"0.4167": [34.17, 0, 0],
						"0.5": [20.25, 0, 0],
						"0.7083": [15.25, 0, 0],
						"0.9583": {
							"pre": [2.75, 0, 0],
							"post": [2.75, 0, 0],
							"lerp_mode": "catmullrom"
						},
						"1.3333": {
							"post": [7.75, 0, 0],
							"lerp_mode": "catmullrom"
						},
						"1.6667": [20.13, 0, 0],
						"2.0": [25.25, 0, 0]
					}
				}
			}
		}
	}
}