{
	"format_version": "1.8.0",
	"animations": {
		"animation.mawilemega.ground_idle": {
			"loop": true,
			"bones": {
				"arm_left": {
					"rotation": [0, 0, 35]
				},
				"arm_left2": {
					"rotation": [0, 12.5, 0]
				},
				"finger_left": {
					"rotation": [0, 0, 27.5]
				},
				"finger_left2": {
					"rotation": [0, 0, 17.5]
				},
				"finger_left3": {
					"rotation": [0, 0, 27.5]
				},
				"hair_left": {
					"rotation": [0, -12.5, 45]
				},
				"hair_left2": {
					"rotation": [0, 0, 37.5]
				},
				"leg_left": {
					"rotation": [0, -5, 0]
				},
				"leg_right": {
					"rotation": [0, 5, 0]
				},
				"arm_right": {
					"rotation": [0, 0, -35]
				},
				"arm_right2": {
					"rotation": [0, -12.5, 0]
				},
				"finger_right": {
					"rotation": [0, 0, -27.5]
				},
				"finger_right2": {
					"rotation": [0, 0, -17.5]
				},
				"finger_right3": {
					"rotation": [0, 0, -27.5]
				},
				"hair_right": {
					"rotation": [0, 12.5, -45]
				},
				"hair_right2": {
					"rotation": [0, 0, -37.5]
				},
				"mouth1": {
					"rotation": ["-40 + Math.cos((query.anim_time) * 100) * 3", 0, 0]
				},
				"mouth2": {
					"rotation": [-42.5, 0, 0]
				},
				"mouth_top2": {
					"rotation": [12.5, 0, 0]
				},
				"mouth_top3": {
					"rotation": [15, 0, 0]
				},
				"jaw": {
					"rotation": [-17.5, 0, 0]
				},
				"jaw2": {
					"rotation": [17.5, 0, 0]
				},
				"jaw3": {
					"rotation": [20, 0, 0]
				},
				"mouth3": {
					"rotation": [-35, 0, 0]
				},
				"mouth5": {
					"rotation": ["-40 + Math.cos((query.anim_time) * 120) * 3", 0, 0]
				},
				"mouth6": {
					"rotation": [-42.5, 0, 0]
				},
				"mouth7": {
					"rotation": [-35, 0, 0]
				},
				"jaw4": {
					"rotation": [-17.5, 0, 0]
				},
				"jaw5": {
					"rotation": [17.5, 0, 0]
				},
				"jaw6": {
					"rotation": [20, 0, 0]
				},
				"mouth_top4": {
					"rotation": [12.5, 0, 0]
				},
				"mouth_top5": {
					"rotation": [15, 0, 0]
				}
			}
		},
		"animation.mawilemega.faint": {
			"loop": true,
			"bones": {
				"arm_left": {
					"rotation": [0, 0, 35]
				},
				"arm_left2": {
					"rotation": [0, 12.5, 0]
				},
				"finger_left": {
					"rotation": [0, 0, 27.5]
				},
				"finger_left2": {
					"rotation": [0, 0, 17.5]
				},
				"finger_left3": {
					"rotation": [0, 0, 27.5]
				},
				"hair_left": {
					"rotation": [0, -12.5, 45]
				},
				"hair_left2": {
					"rotation": [0, 0, 37.5]
				},
				"leg_left": {
					"rotation": [0, -5, 0]
				},
				"leg_right": {
					"rotation": [0, 5, 0]
				},
				"arm_right": {
					"rotation": [0, 0, -35]
				},
				"arm_right2": {
					"rotation": [0, -12.5, 0]
				},
				"finger_right": {
					"rotation": [0, 0, -27.5]
				},
				"finger_right2": {
					"rotation": [0, 0, -17.5]
				},
				"finger_right3": {
					"rotation": [0, 0, -27.5]
				},
				"hair_right": {
					"rotation": [0, 12.5, -45]
				},
				"hair_right2": {
					"rotation": [0, 0, -37.5]
				},
				"mouth1": {
					"rotation": ["-40 + Math.cos((query.anim_time) * 100) * 3", 0, 0]
				},
				"mouth2": {
					"rotation": [-42.5, 0, 0]
				},
				"mouth_top2": {
					"rotation": [12.5, 0, 0]
				},
				"mouth_top3": {
					"rotation": [15, 0, 0]
				},
				"jaw": {
					"rotation": [-17.5, 0, 0]
				},
				"jaw2": {
					"rotation": [17.5, 0, 0]
				},
				"jaw3": {
					"rotation": [20, 0, 0]
				},
				"mouth3": {
					"rotation": [-35, 0, 0]
				},
				"mouth5": {
					"rotation": ["-40 + Math.cos((query.anim_time) * 120) * 3", 0, 0]
				},
				"mouth6": {
					"rotation": [-42.5, 0, 0]
				},
				"mouth7": {
					"rotation": [-35, 0, 0]
				},
				"jaw4": {
					"rotation": [-17.5, 0, 0]
				},
				"jaw5": {
					"rotation": [17.5, 0, 0]
				},
				"jaw6": {
					"rotation": [20, 0, 0]
				},
				"mouth_top4": {
					"rotation": [12.5, 0, 0]
				},
				"mouth_top5": {
					"rotation": [15, 0, 0]
				}
			}
		},
		"animation.mawilemega.ground_walk": {
			"loop": true,
			"bones": {
				"arm_left": {
					"rotation": [0, 0, 35]
				},
				"arm_left2": {
					"rotation": [0, 12.5, 0]
				},
				"finger_left": {
					"rotation": [0, 0, 27.5]
				},
				"finger_left2": {
					"rotation": [0, 0, 17.5]
				},
				"finger_left3": {
					"rotation": [0, 0, 27.5]
				},
				"hair_left": {
					"rotation": [0, -12.5, 45]
				},
				"hair_left2": {
					"rotation": [0, 0, 37.5]
				},
				"leg_left": {
					"rotation": ["Math.cos((query.anim_time - 4.5) * 280) * 16", 0, 0]
				},
				"leg_right": {
					"rotation": ["Math.cos((query.anim_time) * 280) * 16", 0, 0]
				},
				"arm_right": {
					"rotation": [0, 0, -35]
				},
				"arm_right2": {
					"rotation": [0, -12.5, 0]
				},
				"finger_right": {
					"rotation": [0, 0, -27.5]
				},
				"finger_right2": {
					"rotation": [0, 0, -17.5]
				},
				"finger_right3": {
					"rotation": [0, 0, -27.5]
				},
				"hair_right": {
					"rotation": [0, 12.5, -45]
				},
				"hair_right2": {
					"rotation": [0, 0, -37.5]
				},
				"mouth1": {
					"rotation": ["-40 + Math.cos((query.anim_time) * 100) * 3", 0, 0]
				},
				"mouth2": {
					"rotation": [-42.5, 0, 0]
				},
				"mouth_top2": {
					"rotation": [12.5, 0, 0]
				},
				"mouth_top3": {
					"rotation": [15, 0, 0]
				},
				"jaw": {
					"rotation": [-17.5, 0, 0]
				},
				"jaw2": {
					"rotation": [17.5, 0, 0]
				},
				"jaw3": {
					"rotation": [20, 0, 0]
				},
				"mouth3": {
					"rotation": [-35, 0, 0]
				},
				"mouth5": {
					"rotation": ["-40 + Math.cos((query.anim_time) * 120) * 3", 0, 0]
				},
				"mouth6": {
					"rotation": [-42.5, 0, 0]
				},
				"mouth7": {
					"rotation": [-35, 0, 0]
				},
				"jaw4": {
					"rotation": [-17.5, 0, 0]
				},
				"jaw5": {
					"rotation": [17.5, 0, 0]
				},
				"jaw6": {
					"rotation": [20, 0, 0]
				},
				"mouth_top4": {
					"rotation": [12.5, 0, 0]
				},
				"mouth_top5": {
					"rotation": [15, 0, 0]
				},
				"torso": {
					"position": [
						"Math.cos((query.anim_time - 4.5) * 280) * -0.12",
						"Math.cos((query.anim_time - 4.5) * 500) * -0.05",
						"Math.cos((query.anim_time - 4.5) * 500) * -0.08"
					]
				}
			}
		},
		"animation.mawilemega.blink": {
			"animation_length": 0.16667,
			"bones": {
				"eyelid_left": {
					"position": {
						"0.0": [0.1, 0, -0.1],
						"0.125": [0.1, 0, -0.1],
						"0.1667": [0, 0, 0]
					}
				},
				"eyelid_right": {
					"position": {
						"0.0": [-0.1, 0, -0.1],
						"0.125": [-0.1, 0, -0.1],
						"0.1667": [0, 0, 0]
					}
				}
			}
		}
	}
}