{
	"format_version": "1.12.0",
	"minecraft:geometry": [
		{
			"description": {
				"identifier": "geometry.puppet",
				"texture_width": 175,
				"texture_height": 225,
				"visible_bounds_width": 10,
				"visible_bounds_height": 9.5,
				"visible_bounds_offset": [0, 4.25, 0]
			},
			"bones": [
				{
					"name": "root",
					"pivot": [0, 0, 0]
				},
				{
					"name": "puppet",
					"parent": "root",
					"pivot": [0, 0, 0]
				},
				{
					"name": "body",
					"parent": "puppet",
					"pivot": [0, 0, 0]
				},
				{
					"name": "torso",
					"parent": "body",
					"pivot": [0, 57, -2],
					"cubes": [
						{"origin": [-6, 86, -5], "size": [12, 17, 10], "uv": [66, 70]},
						{"origin": [-4, 71, -3], "size": [8, 15, 7], "uv": [72, 97]},
						{"origin": [-3, 62, -2], "size": [6, 9, 5], "uv": [76, 119]},
						{"origin": [-5, 57, -3], "size": [10, 5, 7], "uv": [70, 133]}
					]
				},
				{
					"name": "neck",
					"parent": "torso",
					"pivot": [0, 103, 0],
					"cubes": [
						{"origin": [-3, 103, -3], "size": [6, 6, 4], "uv": [78, 60]}
					]
				},
				{
					"name": "head",
					"parent": "neck",
					"pivot": [0, 109, -1.5],
					"cubes": [
						{"origin": [-7, 109, -5], "size": [14, 17, 7], "uv": [67, 36]}
					]
				},
				{
					"name": "eyes",
					"parent": "head",
					"pivot": [0, 0, 0],
					"cubes": [
						{"origin": [2.25, 118, 1], "size": [3, 3, 2], "uv": [62, 12]},
						{"origin": [-5.75, 118, 1], "size": [3, 3, 2], "uv": [104, 12]}
					]
				},
				{
					"name": "face",
					"parent": "head",
					"pivot": [0, 0, 0],
					"cubes": [
						{"origin": [-8, 108, 1], "size": [16, 19, 6], "uv": [66, 11]},
						{"origin": [8, 112, 1], "size": [2, 6, 6], "uv": [56, 30]},
						{"origin": [-10, 112, 1], "size": [2, 6, 6], "uv": [104, 30]}
					]
				},
				{
					"name": "arms",
					"parent": "torso",
					"pivot": [0, 53, 0]
				},
				{
					"name": "right_arm",
					"parent": "arms",
					"pivot": [6, 101, 0],
					"cubes": [
						{"origin": [6, 96, -2], "size": [24, 5, 4], "uv": [10, 81]}
					]
				},
				{
					"name": "right_arm2",
					"parent": "right_arm",
					"pivot": [30, 98.5, 0],
					"cubes": [
						{"origin": [30, 97, -1], "size": [24, 3, 2], "uv": [8, 90]}
					]
				},
				{
					"name": "right_hand",
					"parent": "right_arm2",
					"pivot": [54, 100, 0],
					"cubes": [
						{"origin": [54, 97, -3], "size": [7, 3, 6], "uv": [40, 95]}
					]
				},
				{
					"name": "right_fingers",
					"parent": "right_hand",
					"pivot": [0, 0, 0],
					"cubes": [
						{"origin": [61, 97, -1], "size": [8, 3, 2], "pivot": [61, 100, 0], "rotation": [0, 0, 15], "uv": [35, 109]},
						{"origin": [61, 97, -3], "size": [8, 3, 2], "pivot": [61, 100, -1], "rotation": [0, 5, 22.5], "uv": [39, 104]},
						{"origin": [61, 97, 1], "size": [8, 3, 2], "pivot": [61, 100, 1], "rotation": [0, -5, 40], "uv": [31, 114]}
					]
				},
				{
					"name": "left_arm",
					"parent": "arms",
					"pivot": [-6, 101, 0],
					"cubes": [
						{"origin": [-30, 96, -2], "size": [24, 5, 4], "uv": [110, 81]}
					]
				},
				{
					"name": "left_arm2",
					"parent": "left_arm",
					"pivot": [-30, 98.5, 0],
					"cubes": [
						{"origin": [-54, 97, -1], "size": [24, 3, 2], "uv": [116, 90]}
					]
				},
				{
					"name": "left_hand",
					"parent": "left_arm2",
					"pivot": [-54, 100, 0],
					"cubes": [
						{"origin": [-61, 97, -3], "size": [7, 3, 6], "uv": [110, 95]}
					]
				},
				{
					"name": "left_fingers",
					"parent": "left_hand",
					"pivot": [0, 0, 0],
					"cubes": [
						{"origin": [-69, 97, -1], "size": [8, 3, 2], "pivot": [-61, 100, 0], "rotation": [0, 0, -15], "uv": [122, 109]},
						{"origin": [-69, 97, -3], "size": [8, 3, 2], "pivot": [-61, 100, -1], "rotation": [0, -5, -22.5], "uv": [118, 104]},
						{"origin": [-69, 97, 1], "size": [8, 3, 2], "pivot": [-61, 100, 1], "rotation": [0, 5, -40], "uv": [126, 114]}
					]
				},
				{
					"name": "legs",
					"parent": "body",
					"pivot": [0, 57, 3],
					"cubes": [
						{"origin": [-8, 54, -2], "size": [16, 3, 5], "uv": [66, 145]}
					]
				},
				{
					"name": "right_leg",
					"parent": "legs",
					"pivot": [5, 54, 0],
					"cubes": [
						{"origin": [2, 27, -2], "size": [6, 27, 5], "uv": [61, 153]}
					]
				},
				{
					"name": "right_leg2",
					"parent": "right_leg",
					"pivot": [5, 27, 2],
					"cubes": [
						{"origin": [3, 0, -1], "size": [4, 27, 3], "uv": [65, 185]}
					]
				},
				{
					"name": "left_leg",
					"parent": "legs",
					"pivot": [-5, 54, 0],
					"cubes": [
						{"origin": [-8, 27, -2], "size": [6, 27, 5], "uv": [91, 153]}
					]
				},
				{
					"name": "left_leg2",
					"parent": "left_leg",
					"pivot": [-5, 27, 2],
					"cubes": [
						{"origin": [-7, 0, -1], "size": [4, 27, 3], "uv": [95, 185]}
					]
				}
			]
		}
	]
}