{
	"format_version": "1.8.0",
	"animations": {
		"animation.megametagross.ground_idle": {
			"loop": true,
			"bones": {
				"megametagross": {
					"rotation": ["0+Math.sin(query.anim_time * 60*2 + 3)", 0, "0+Math.sin(query.anim_time * 60*2 + 3)"],
					"position": [0, "10+Math.sin(query.anim_time * 60*2 + 60)", 0]
				},
				"small_foot_back_left": {
					"rotation": ["0+Math.sin(query.anim_time * 60*2 + 3) * 2", 0, 0]
				},
				"foot_front_left": {
					"rotation": [0, 0, "0+Math.sin(query.anim_time * -60*2 + 3) * 2"]
				},
				"foot_back_left": {
					"rotation": [0, 0, "0+Math.sin(query.anim_time * -60*2 + 3) * 2"]
				},
				"foot_back_right": {
					"rotation": [0, 0, "0+Math.sin(query.anim_time * 60*2 + 3) * 2"]
				},
				"foot_front_right": {
					"rotation": [0, 0, "0+Math.sin(query.anim_time * 60*2 + 3) * 2"]
				},
				"small_foot_back_right": {
					"rotation": ["0+Math.sin(query.anim_time * 60*2 + 3) * 2", 0, 0]
				},
				"small_foot_back_right2": {
					"rotation": ["0+Math.sin(query.anim_time * -60*2 + 3) * 2", 0, 0]
				},
				"small_foot_back_left2": {
					"rotation": ["0+Math.sin(query.anim_time * -60*2 + 3) * 2", 0, 0]
				}
			}
		},
		"animation.megametagross.ground_walk": {
			"loop": true,
			"bones": {
				"megametagross": {
					"rotation": ["5+Math.sin(query.anim_time * 90*2 + 3) * 2", 0, "0+Math.sin(query.anim_time * 90*2 + 3)"],
					"position": [0, "10+Math.sin(query.anim_time * 90*2 + 90)", 0]
				},
				"small_foot_back_left": {
					"rotation": [22.5, 0, 0]
				},
				"foot_front_left": {
					"rotation": [0, 0, 7.5]
				},
				"small_foot_back_right": {
					"rotation": [22.5, 0, 0]
				},
				"small_leg_back_left": {
					"rotation": [-20, 0, 0]
				},
				"leg_back_left": {
					"rotation": [0, 7.5, 0]
				},
				"leg_back_right": {
					"rotation": [0, -7.5, 0]
				},
				"leg_front_right": {
					"rotation": [0, -7.5, 0]
				},
				"small_leg_back_right": {
					"rotation": [-20, 0, 0]
				},
				"small_leg_back_right2": {
					"rotation": [20, 0, 0]
				},
				"small_leg_back_left2": {
					"rotation": [20, 0, 0]
				}
			}
		},
		"animation.megametagross.air_idle": {
			"loop": true,
			"bones": {
				"megametagross": {
					"rotation": ["0+Math.sin(query.anim_time * 60*2 + 3)", 0, "0+Math.sin(query.anim_time * 60*2 + 3)"],
					"position": [0, "10+Math.sin(query.anim_time * 60*2 + 60)", 0]
				},
				"small_foot_back_left": {
					"rotation": ["0+Math.sin(query.anim_time * 60*2 + 3) * 2", 0, 0]
				},
				"foot_front_left": {
					"rotation": [0, 0, "0+Math.sin(query.anim_time * -60*2 + 3) * 2"]
				},
				"foot_back_left": {
					"rotation": [0, 0, "0+Math.sin(query.anim_time * -60*2 + 3) * 2"]
				},
				"foot_back_right": {
					"rotation": [0, 0, "0+Math.sin(query.anim_time * 60*2 + 3) * 2"]
				},
				"foot_front_right": {
					"rotation": [0, 0, "0+Math.sin(query.anim_time * 60*2 + 3) * 2"]
				},
				"small_foot_back_right": {
					"rotation": ["0+Math.sin(query.anim_time * 60*2 + 3) * 2", 0, 0]
				},
				"small_foot_back_right2": {
					"rotation": ["0+Math.sin(query.anim_time * -60*2 + 3) * 2", 0, 0]
				},
				"small_foot_back_left2": {
					"rotation": ["0+Math.sin(query.anim_time * -60*2 + 3) * 2", 0, 0]
				}
			}
		},
		"animation.megametagross.air_fly": {
			"loop": true,
			"bones": {
				"megametagross": {
					"rotation": ["5+Math.sin(query.anim_time * 90*2 + 3) * 2", 0, "0+Math.sin(query.anim_time * 90*2 + 3)"],
					"position": [0, "10+Math.sin(query.anim_time * 90*2 + 90)", 0]
				},
				"small_foot_back_left": {
					"rotation": [22.5, 0, 0]
				},
				"foot_front_left": {
					"rotation": [0, 0, 7.5]
				},
				"small_foot_back_right": {
					"rotation": [22.5, 0, 0]
				},
				"small_leg_back_left": {
					"rotation": [-20, 0, 0]
				},
				"leg_back_left": {
					"rotation": [0, 7.5, 0]
				},
				"leg_back_right": {
					"rotation": [0, -7.5, 0]
				},
				"leg_front_right": {
					"rotation": [0, -7.5, 0]
				},
				"small_leg_back_right": {
					"rotation": [-20, 0, 0]
				},
				"small_leg_back_right2": {
					"rotation": [20, 0, 0]
				},
				"small_leg_back_left2": {
					"rotation": [20, 0, 0]
				}
			}
		},
		"animation.megametagross.faint": {
			"loop": true,
			"bones": {
				"megametagross": {
					"rotation": ["0+Math.sin(query.anim_time * 60*2 + 3)", 0, "0+Math.sin(query.anim_time * 60*2 + 3)"],
					"position": [0, "10+Math.sin(query.anim_time * 60*2 + 60)", 0]
				},
				"small_foot_back_left": {
					"rotation": ["0+Math.sin(query.anim_time * 60*2 + 3) * 2", 0, 0]
				},
				"foot_front_left": {
					"rotation": [0, 0, "0+Math.sin(query.anim_time * -60*2 + 3) * 2"]
				},
				"foot_back_left": {
					"rotation": [0, 0, "0+Math.sin(query.anim_time * -60*2 + 3) * 2"]
				},
				"foot_back_right": {
					"rotation": [0, 0, "0+Math.sin(query.anim_time * 60*2 + 3) * 2"]
				},
				"foot_front_right": {
					"rotation": [0, 0, "0+Math.sin(query.anim_time * 60*2 + 3) * 2"]
				},
				"small_foot_back_right": {
					"rotation": ["0+Math.sin(query.anim_time * 60*2 + 3) * 2", 0, 0]
				},
				"small_foot_back_right2": {
					"rotation": ["0+Math.sin(query.anim_time * -60*2 + 3) * 2", 0, 0]
				},
				"small_foot_back_left2": {
					"rotation": ["0+Math.sin(query.anim_time * -60*2 + 3) * 2", 0, 0]
				}
			}
		}
	}
}