{
	"format_version": "1.8.0",
	"animations": {
		"animation.smoliv.ground_idle": {
			"loop": true,
			"animation_length": 1,
			"bones": {
				"torso": {
					"rotation": ["math.sin(query.anim_time*360*1)*2", "math.cos(query.anim_time*360*1)*2", 0]
				},
				"olive": {
					"rotation": ["math.sin((query.anim_time-0.3)*360*1)*2", "math.cos((query.anim_time-0.3)*360*1)*2", 0]
				},
				"leaf": {
					"rotation": ["-math.sin(query.anim_time*360)*5", 0, 0]
				},
				"leaf3": {
					"rotation": ["-math.cos(query.anim_time*360)*5", 0, 0]
				},
				"leaf2": {
					"rotation": [0, 0, "-math.cos(query.anim_time*360)*5"]
				},
				"leaf4": {
					"rotation": [0, 0, "-math.sin(query.anim_time*360)*5"]
				},
				"leaf5": {
					"rotation": ["-math.cos(query.anim_time*360)*5", 0, "math.cos((query.anim_time-0.3)*360*1)*2"]
				},
				"leaf6": {
					"rotation": ["-math.cos((query.anim_time-0.3)*360)*5", 0, "math.cos((query.anim_time-0.6)*360*1)*2"]
				}
			}
		},
		"animation.smoliv.ground_walk": {
			"loop": true,
			"animation_length": 1,
			"bones": {
				"body": {
					"rotation": [0, "-math.sin(query.anim_time*720-90)*5", 0],
					"position": [0, "math.abs(math.sin(query.anim_time*720)*1)", 0]
				},
				"leaf": {
					"rotation": ["-math.sin(query.anim_time*1440)*10 ", 0, 0]
				},
				"leaf3": {
					"rotation": ["math.sin(query.anim_time*1440)*10", 0, 0]
				},
				"leaf2": {
					"rotation": [0, 0, "math.sin(query.anim_time*1440)*10"]
				},
				"leaf4": {
					"rotation": [0, 0, "-math.sin(query.anim_time*1440)*10"]
				},
				"leaf5": {
					"rotation": ["math.sin(query.anim_time*1440)*10", 0, 0]
				},
				"leaf6": {
					"rotation": ["math.sin((query.anim_time-0.3)*1440)*10", 0, 0]
				},
				"leg_left": {
					"rotation": ["math.sin(query.anim_time*720)*40", 0, 0]
				},
				"leg_right": {
					"rotation": ["-math.sin(query.anim_time*720)*40", 0, 0]
				}
			}
		},
		"animation.smoliv.ground_run": {
			"loop": true,
			"animation_length": 1,
			"bones": {
				"body": {
					"rotation": ["-math.abs(math.cos(query.anim_time*360)*20)", "math.cos(query.anim_time*360)*10", 0],
					"position": [0, "1.3+math.abs(math.cos(query.anim_time*360)*10)", 0]
				},
				"leaf3": {
					"rotation": {
						"0.0": [0, 0, 0],
						"0.0833": [-22.5, 0, 0],
						"0.2083": [-22.5, 0, 0],
						"0.25": [12.5, 0, 0],
						"0.5": [0, 0, 0],
						"0.5833": [-22.5, 0, 0],
						"0.7083": [-22.5, 0, 0],
						"0.75": [12.5, 0, 0],
						"1.0": [0, 0, 0]
					}
				},
				"leaf2": {
					"rotation": {
						"0.0": [0, 0, 0],
						"0.0833": [0, 0, -22.5],
						"0.25": [0, 0, -22.5],
						"0.2917": [0, 0, 12.5],
						"0.5": [0, 0, 0],
						"0.5833": [0, 0, -22.5],
						"0.75": [0, 0, -22.5],
						"0.7917": [0, 0, 12.5],
						"1.0": [0, 0, 0]
					}
				},
				"olive": {
					"rotation": [0, 0, 0],
					"position": {
						"0.0": [0, 6, 0],
						"0.125": [0, 6, 0],
						"0.1667": [0, 5, 0],
						"0.2083": [0, 3, 0],
						"0.25": [0, 0, 0],
						"0.3333": [0, 0, 0],
						"0.375": [0, 2, 0],
						"0.4167": [0, 4, 0],
						"0.4583": [0, 5, 0],
						"0.5": [0, 6, 0],
						"0.625": [0, 6, 0],
						"0.6667": [0, 5, 0],
						"0.7083": [0, 3, 0],
						"0.75": [0, 0, 0],
						"0.8333": [0, 0, 0],
						"0.875": [0, 2, 0],
						"0.9167": [0, 4, 0],
						"0.9583": [0, 5, 0],
						"1.0": [0, 6, 0]
					}
				},
				"leg_left": {
					"rotation": {
						"0.0": [-22.5, 0, 0],
						"0.2083": [-22.5, 0, 0],
						"0.25": [22.5, 0, 0],
						"0.4583": [-22.5, 0, 0],
						"0.7083": [-22.5, 0, 0],
						"0.75": [22.5, 0, 0],
						"0.9583": [-22.5, 0, 0]
					},
					"position": [0, "-math.clamp(math.cos(query.anim_time*720)*-1,0,1)", 0]
				},
				"leg_right": {
					"rotation": {
						"0.0": [-22.5, 0, 0],
						"0.2083": [-22.5, 0, 0],
						"0.25": [22.5, 0, 0],
						"0.4583": [-22.5, 0, 0],
						"0.7083": [-22.5, 0, 0],
						"0.75": [22.5, 0, 0],
						"0.9583": [-22.5, 0, 0]
					},
					"position": [0, "-math.clamp(math.cos(query.anim_time*720)*-1,0,1)", 0]
				}
			}
		},
		"animation.smoliv.sleep": {
			"loop": true,
			"animation_length": 2,
			"bones": {
				"body": {
					"rotation": [-90, 0, 0],
					"position": [0, 3.35, -5],
					"scale": [1, 1, "1+math.cos(query.anim_time*180)*0.05"]
				},
				"eyelid_right": {
					"position": [0, 0, -0.25]
				},
				"eyelid_left": {
					"position": [0, 0, -0.25]
				},
				"olive": {
					"rotation": [0, 0, 0],
					"position": {
						"0.0": [0, 3, 1.3],
						"1.0": [0, 3, 1.4],
						"2.0": [0, 3, 1.3]
					},
					"scale": [1, 1, "1+-math.cos(query.anim_time*180)*0.05"]
				},
				"leaf": {
					"rotation": [41.62509, -34.2812, 31.51409]
				},
				"leaf4": {
					"rotation": [51.8241, -2.17418, 56.68709]
				},
				"leaf5": {
					"rotation": [22.5, 0, 0]
				},
				"leg_left": {
					"rotation": [22.5, 0, 0]
				},
				"leg_right": {
					"rotation": [22.5, 0, 0]
				}
			}
		},
		"animation.smoliv.faint": {
			"loop": true,
			"animation_length": 3.0833,
			"bones": {
				"body": {
					"rotation": {
						"1.5": {
							"pre": [0, 0, 0],
							"post": [0, 0, 0],
							"lerp_mode": "catmullrom"
						},
						"1.5833": {
							"post": [5.12, 0, 0],
							"lerp_mode": "catmullrom"
						}
					}
				},
				"torso": {
					"rotation": {
						"0.0": [0, 0, 0],
						"0.125": {
							"pre": [-22.5, 0, 0],
							"post": [-22.5, 0, 0],
							"lerp_mode": "catmullrom"
						},
						"0.375": {
							"post": [-22.5, 0, 0],
							"lerp_mode": "catmullrom"
						},
						"0.625": {
							"post": [11.25, 0, 0],
							"lerp_mode": "catmullrom"
						},
						"0.75": [11.25, 0, 0],
						"1.5833": [11.25, 0, 0],
						"1.75": {
							"pre": [56.25, 0, 0],
							"post": [56.25, 0, 0],
							"lerp_mode": "catmullrom"
						},
						"1.8333": {
							"post": [53.44, 0, 0],
							"lerp_mode": "catmullrom"
						},
						"1.875": {
							"post": [51.25, 0, 0],
							"lerp_mode": "catmullrom"
						}
					}
				},
				"eyelid_right": {
					"position": {
						"0.7083": [0, 0, 0],
						"0.75": [0, 0, -0.25]
					}
				},
				"eyelid_left": {
					"position": {
						"0.7083": [0, 0, 0],
						"0.75": [0, 0, -0.25]
					}
				},
				"olive": {
					"rotation": {
						"0.125": [0, 0, 0],
						"0.25": [-22.5, 0, 0],
						"0.625": [-22.5, 0, 0],
						"0.75": [0, 0, 0],
						"0.875": [45, 0, 0],
						"1.0": [67.5, 0, 0],
						"1.125": {
							"pre": [90, 0, 0],
							"post": [90, 0, 0],
							"lerp_mode": "catmullrom"
						},
						"1.2917": {
							"post": [169.45, 0, 0],
							"lerp_mode": "catmullrom"
						},
						"1.3333": {
							"post": [167.66, 0, 0],
							"lerp_mode": "catmullrom"
						},
						"1.4167": {
							"post": [168.5, 0, 0],
							"lerp_mode": "catmullrom"
						},
						"1.5": [168.5, 0, 0],
						"1.5833": [163.38, 0, 0],
						"1.75": [118.38, 0, 0],
						"1.7917": [122.88, 0, 0],
						"1.8333": [121.13, 0, 0],
						"1.875": [123.38, 0, 0]
					},
					"position": {
						"0.125": [0, 0, 0],
						"0.25": [0, 0.9, -0.2],
						"0.6667": [0, 0.9, -0.2],
						"0.75": [0, 0, 0],
						"0.875": [0, 1.75, 0.25],
						"1.0": [0, 2.5, 0],
						"1.125": {
							"pre": [0, 3, -1],
							"post": [0, 3, -1],
							"lerp_mode": "catmullrom"
						},
						"1.1667": {
							"post": [0, 3.85606, -3.89727],
							"lerp_mode": "catmullrom"
						},
						"1.2083": {
							"post": [0, 3.75588, -6.62569],
							"lerp_mode": "catmullrom"
						},
						"1.25": {
							"post": [0, 1.50588, -8.55569],
							"lerp_mode": "catmullrom"
						},
						"1.2917": [0, -0.64808, -9.20951],
						"1.3333": [0, -2.96046, -9.43431],
						"1.375": [0, -5.56018, -9.9196],
						"1.4167": [0, -4.20673, -9.85499],
						"1.4583": [0, -3.06171, -9.30138],
						"1.5": [0, -3.05692, -9.17606],
						"1.5417": [0, -2.67872, -8.82891],
						"1.5833": [0, -2.38468, -8.49938],
						"1.625": [0, -0.74642, -7.89396],
						"1.6667": [0, 1.0872, -6.20208],
						"1.7083": [0, 2.285, -3.60381],
						"1.75": [0, 2.51445, -2.84818],
						"1.7917": [0, 2.87336, -2.81221],
						"1.8333": [0, 3.07001, -2.63604],
						"1.875": [0, 2.79309, -3.05632]
					},
					"scale": {
						"1.0417": [1, 1, 1],
						"1.1667": [0.8, 1.4, 0.8],
						"1.2917": [0.8, 1.4, 0.8],
						"1.375": [1.5, 0.5, 1.6],
						"1.4583": [1, 1, 1],
						"1.5833": [1, 1, 1],
						"1.7083": [1, 1, 1],
						"1.75": [1.2, 0.8, 1.2],
						"1.7917": [1.2, 0.8, 1.2],
						"1.8333": [1, 1, 1]
					}
				},
				"leaf": {
					"rotation": {
						"1.7083": [0, 0, 0],
						"2.0": {
							"pre": [200.5, 0, 0],
							"post": [200.5, 0, 0],
							"lerp_mode": "catmullrom"
						},
						"2.0417": {
							"post": [258.32469, -9.70664, 9.22843],
							"lerp_mode": "catmullrom"
						},
						"2.125": {
							"post": [298.29851, -42.03834, -8.29365],
							"lerp_mode": "catmullrom"
						}
					},
					"position": {
						"1.7083": [0, 0, 0],
						"1.75": [0, 0, 1],
						"1.7917": {
							"pre": [-0.85573, -0.17827, 0.17573],
							"post": [-0.85573, -0.17827, 0.17573],
							"lerp_mode": "catmullrom"
						},
						"1.875": {
							"post": [1.08773, 8.32631, -1.74458],
							"lerp_mode": "catmullrom"
						},
						"1.9583": {
							"post": [-0.31421, 8.92, -3.43421],
							"lerp_mode": "catmullrom"
						},
						"2.125": {
							"post": [1.41421, 8.68, -5.67579],
							"lerp_mode": "catmullrom"
						},
						"2.25": {
							"post": [1.08773, 8.32631, -7.74458],
							"lerp_mode": "catmullrom"
						},
						"2.375": {
							"post": [2.78579, 7.76, -11.36421],
							"lerp_mode": "catmullrom"
						},
						"2.5": {
							"post": [7.35988, 7.23259, -13.01988],
							"lerp_mode": "catmullrom"
						}
					}
				},
				"leaf3": {
					"rotation": {
						"1.7083": [0, 0, 0],
						"1.75": [-40, 0, 0],
						"1.7917": [-37.98717, -16.90376, -13.48476],
						"1.8333": [-40, 0, 0]
					}
				},
				"leaf2": {
					"rotation": {
						"1.7083": [0, 0, 0],
						"1.75": [0, 0, -40],
						"1.7917": [-19, 0, -46],
						"1.8333": [0, 0, -40]
					}
				}
			}
		},
		"animation.smoliv.cry": {
			"animation_length": 1.25,
			"bones": {
				"torso": {
					"rotation": {
						"0.0": {
							"post": [0, 0, 0],
							"lerp_mode": "catmullrom"
						},
						"0.25": {
							"post": [17.5, 0, 0],
							"lerp_mode": "catmullrom"
						},
						"0.5": {
							"post": [-17.5, 0, 0],
							"lerp_mode": "catmullrom"
						},
						"0.875": {
							"post": [-17.5, 0, 0],
							"lerp_mode": "catmullrom"
						},
						"1.25": {
							"post": [0, 0, 0],
							"lerp_mode": "catmullrom"
						}
					}
				},
				"olive": {
					"rotation": {
						"0.0": [0, 0, 0],
						"0.25": [0, 0, 0],
						"0.375": [45, 0, 0],
						"0.5": [0, 0, 0],
						"0.6875": [-22.5, 0, 0],
						"0.875": [0, 0, 0]
					},
					"position": {
						"0.25": [0, 0, 0],
						"0.375": [0, 1.75, 0],
						"0.5": [0, 0, 0],
						"0.6875": [0, 0.75, -0.25],
						"0.875": [0, 0, 0]
					}
				}
			}
		},
		"animation.smoliv.special_attack": {
			"animation_length": 2,
			"bones": {
				"body": {
					"rotation": {
						"0.0": [0, 0, 0],
						"0.25": [-24.48683, -0.82925, 20.67995],
						"0.4167": [-22.5, 0, 22.5],
						"0.5": [0, 0, 0],
						"2.0": [0, 0, 0]
					},
					"position": {
						"0.0": [0, 0, 0],
						"0.25": [-0.5, 1.1, 0],
						"0.4167": [-0.5, 1.1, 0],
						"0.5": [0, 0, 0],
						"2.0": [0, 0, 0]
					}
				},
				"torso": {
					"rotation": {
						"0.4167": [0, 0, 0],
						"0.75": [22.5, 0, 0],
						"0.8333": [20, 0, 0],
						"0.9167": [22.5, 0, 0],
						"1.0": [20, 0, 0],
						"1.0833": [22.5, 0, 0],
						"1.1667": [20, 0, 0],
						"1.25": [22.5, 0, 0],
						"1.5": {
							"pre": [0, 0, 0],
							"post": [0, 0, 0],
							"lerp_mode": "catmullrom"
						},
						"2.0": [0, 0, 0]
					}
				},
				"olive": {
					"rotation": {
						"0.125": [0, 0, 0],
						"0.25": [-20.94102, 8.42106, 20.94102],
						"0.4583": [-43.44, 8.42, 20.94],
						"0.625": [-20.94102, 8.42106, 20.94102],
						"0.75": [0, 0, 0],
						"1.25": [0, 0, 0],
						"1.375": [22.5, 0, 0],
						"1.5": [22.5, 0, 0],
						"1.625": [-22.5, 0, 0],
						"1.75": [0, 0, 0]
					},
					"position": {
						"0.0": [0, 0, 0],
						"0.125": [0, 0, 0],
						"0.25": [0, 1.75, 0],
						"0.4583": [0, 3.75, 0],
						"0.625": [0, 1.75, 0],
						"0.75": [0, 0, 0],
						"1.25": [0, 0, 0],
						"1.375": [0, 0.75, 0.25],
						"1.5": [0, 0.75, 0.25],
						"1.5417": [0, 0.25, 0.25],
						"1.5833": [0, 0.25, 0.25],
						"1.625": [0, 0.75, 0.25],
						"1.75": [0, 0, 0]
					},
					"scale": {
						"0.125": [1, 1, 1],
						"0.25": [0.7, 1.3, 0.7],
						"0.625": [0.7, 1.3, 0.7],
						"0.75": [1, 1, 1]
					}
				},
				"leg_left": {
					"rotation": {
						"0.0": [0, 0, 0],
						"0.25": [22.5, 0, -22.5],
						"0.4167": [22.5, 0, -22.5],
						"0.5": [0, 0, 0],
						"2.0": [0, 0, 0]
					},
					"position": {
						"0.0": [0, 0, 0],
						"0.5": [0, 0, 0],
						"2.0": [0, 0, 0]
					}
				}
			}
		},
		"animation.smoliv.physical_attack": {
			"animation_length": 3.91667,
			"bones": {
				"body": {
					"rotation": {
						"0.2083": [0, 0, 0],
						"0.4583": [0, 0, 0],
						"1.375": {
							"pre": [-45, 0, 0],
							"post": [-45, 0, 0],
							"lerp_mode": "catmullrom"
						},
						"1.5": {
							"post": [30.94, 0, 0],
							"lerp_mode": "catmullrom"
						},
						"2.0417": [0, 0, 0],
						"2.2917": [22.5, 0, 0],
						"2.375": [0, 0, 22.5],
						"2.5": {
							"pre": [-19.61581, 6.92618, 22.67458],
							"post": [-19.61581, 6.92618, 22.67458],
							"lerp_mode": "catmullrom"
						},
						"2.75": {
							"post": [0, 0, 0],
							"lerp_mode": "catmullrom"
						}
					},
					"position": {
						"0.2083": [0, 0, 0],
						"0.4583": {
							"pre": [0, 9, 0],
							"post": [0, 9, 0],
							"lerp_mode": "catmullrom"
						},
						"1.25": [0, 12, 0],
						"2.0417": {
							"pre": [0, 9, 0],
							"post": [0, 9, 0],
							"lerp_mode": "catmullrom"
						},
						"2.2917": [0, 0, 0],
						"2.375": [0, 1, 0],
						"2.75": {
							"pre": [0, 0, 0],
							"post": [0, 0, 0],
							"lerp_mode": "catmullrom"
						}
					},
					"scale": {
						"0.2083": [1, 1, 1],
						"0.3333": [1, 1.4, 1],
						"0.4583": [1, 1, 1],
						"2.0417": [1, 1, 1],
						"2.1667": [1, 1.4, 1],
						"2.2917": [1, 1, 1],
						"2.75": {
							"pre": [1, 1, 1],
							"post": [1, 1, 1],
							"lerp_mode": "catmullrom"
						}
					}
				},
				"torso": {
					"rotation": [0, 0, 0],
					"position": {
						"0.0": [0, 0, 0],
						"0.125": {
							"pre": [0, -0.5, 0],
							"post": [0, -0.5, 0],
							"lerp_mode": "catmullrom"
						},
						"0.25": [0, 0, 0],
						"3.4583": {
							"pre": [0, 0, 0],
							"post": [0, 0, 0],
							"lerp_mode": "catmullrom"
						},
						"3.5": {
							"post": [0, -0.5, 0],
							"lerp_mode": "catmullrom"
						},
						"3.5417": {
							"post": [0, -0.25, 0],
							"lerp_mode": "catmullrom"
						}
					}
				},
				"olive": {
					"rotation": {
						"1.0": [0, 0, 0],
						"1.375": [-45, 0, 0],
						"2.25": [-1282.5, 0, 0],
						"2.75": [-45, 0, 0],
						"3.0": [0, 0, 0],
						"3.5": [360, 0, 0]
					},
					"position": {
						"1.0": [0, 0, 0],
						"1.375": [0, 1.5, -0.5],
						"1.4167": [0, 5.06, -0.58],
						"1.4583": [0, 4.58, -0.62],
						"1.5": {
							"pre": [0, 2.51147, -7.8907],
							"post": [0, 2.51147, -7.8907],
							"lerp_mode": "catmullrom"
						},
						"1.5833": [0, 25.38774, -65.76743],
						"1.625": [-0.02, 35.43191, -57.24151],
						"1.8333": {
							"pre": [-0.04, 47.80269, -43.05958],
							"post": [-0.04, 47.80269, -43.05958],
							"lerp_mode": "catmullrom"
						},
						"2.0833": {
							"post": [-1.65, 24.04806, -43.82718],
							"lerp_mode": "catmullrom"
						},
						"2.25": {
							"post": [-2.91, -3.32752, -38.58593],
							"lerp_mode": "catmullrom"
						},
						"2.3333": {
							"post": [-3.53, -19.03, -21.72],
							"lerp_mode": "catmullrom"
						},
						"2.4583": [-4.31529, -21.23453, 5.2536],
						"2.75": [-4.31529, -21.23453, 5.2536],
						"3.125": {
							"pre": [-4.32, 8.77, 6.25],
							"post": [-4.32, 8.77, 6.25],
							"lerp_mode": "catmullrom"
						},
						"3.2917": [0, 6.42, 1.89],
						"3.5": [0, 0, 0]
					},
					"scale": {
						"1.375": [1, 1, 1],
						"1.5": [0.4, 0.4, 2.4],
						"1.5833": [1, 1, 1]
					}
				},
				"leg_left": {
					"rotation": {
						"2.25": [0, 0, 0],
						"2.375": [0, 0, -22.5],
						"2.5": {
							"pre": [22.5, 0, -22.5],
							"post": [22.5, 0, -22.5],
							"lerp_mode": "catmullrom"
						},
						"2.75": {
							"post": [0, 0, 0],
							"lerp_mode": "catmullrom"
						}
					}
				},
				"eyelid_right": {
					"position": {
						"2.4583": [0, 0, 0],
						"2.5": [0, 0, -0.25],
						"2.7083": [0, 0, -0.25],
						"2.75": [0, 0, 0]
					}
				},
				"eyelid_left": {
					"position": {
						"2.4583": [0, 0, 0],
						"2.5": [0, 0, -0.25],
						"2.7083": [0, 0, -0.25],
						"2.75": [0, 0, 0]
					}
				}
			}
		},
		"animation.smoliv.blink": {
			"animation_length": 0.16667,
			"bones": {
				"eyelid_right": {
					"position": {
						"0.0": [0, 0, -0.25],
						"0.125": [0, 0, -0.25],
						"0.1667": [0, 0, 0]
					}
				},
				"eyelid_left": {
					"position": {
						"0.0": [0, 0, -0.25],
						"0.125": [0, 0, -0.25],
						"0.1667": [0, 0, 0]
					}
				}
			}
		}
	},
	"geckolib_format_version": 2
}