{
	"format_version": "1.12.0",
	"minecraft:geometry": [
		{
			"description": {
				"identifier": "geometry.chica",
				"texture_width": 350,
				"texture_height": 350,
				"visible_bounds_width": 11,
				"visible_bounds_height": 12,
				"visible_bounds_offset": [0, 5, 0]
			},
			"bones": [
				{
					"name": "chica",
					"pivot": [0, 0, 0]
				},
				{
					"name": "body",
					"parent": "chica",
					"pivot": [0, 0, 0]
				},
				{
					"name": "torso",
					"parent": "body",
					"pivot": [0, 54, 4]
				},
				{
					"name": "head",
					"parent": "torso",
					"pivot": [0, 106.08108, 5.40726],
					"cubes": [
						{"origin": [-3, 104, 3.75], "size": [6, 2, 2], "uv": [187, 33]},
						{"origin": [-4, 106, 2.75], "size": [8, 3, 4], "uv": [183, 25]},
						{"origin": [-13, 101, -5.25], "size": [26, 26, 21], "uv": [57, 23]},
						{"origin": [-10, 119, -5.25], "size": [7, 3, 0], "pivot": [-6.5, 122, -5.25], "rotation": [-32.5, 0, 0], "uv": [97, 0]},
						{"origin": [3, 119, -5.25], "size": [7, 3, 0], "pivot": [6.5, 122, -5.25], "rotation": [-32.5, 0, 0], "uv": [97, 0], "mirror": true},
						{"origin": [-4, 128.98174, -6.03173], "size": [8, 3, 8], "pivot": [0, 127.1098, 4.74655], "rotation": [-20, 0, 0], "uv": [87, 6]},
						{"origin": [-4, 125.98174, 1.96827], "size": [8, 6, 0], "pivot": [0, 127.1098, 4.74655], "rotation": [-20, 0, 0], "uv": [95, 17]},
						{"origin": [-12.65911, 128.51234, 0.74954], "size": [9, 3, 8], "pivot": [0, 127.1098, 4.74655], "rotation": [12.45891, 27.51235, 25.56145], "uv": [119, 6]},
						{"origin": [-3.65911, 125.51234, 0.74954], "size": [0, 6, 8], "pivot": [0, 127.1098, 4.74655], "rotation": [12.45891, 27.51235, 25.56145], "uv": [62, 9]},
						{"origin": [3.65911, 128.51234, 0.74954], "size": [9, 3, 8], "pivot": [0, 127.1098, 4.74655], "rotation": [12.45891, -27.51235, -25.56145], "uv": [53, 6]},
						{"origin": [3.65911, 125.51234, 0.74954], "size": [0, 6, 8], "pivot": [0, 127.1098, 4.74655], "rotation": [12.45891, -27.51235, -25.56145], "uv": [128, 9]},
						{"origin": [-15, 101, -5.25], "size": [2, 18, 21], "uv": [131, 88]},
						{"origin": [13, 101, -5.25], "size": [2, 18, 21], "uv": [29, 88]}
					]
				},
				{
					"name": "beak",
					"parent": "head",
					"pivot": [0, 105.4, 8.75],
					"cubes": [
						{"origin": [-7, 106.25, -15.25], "size": [14, 3, 10], "uv": [80, 80]},
						{"origin": [-3, 109.25, -11.25], "size": [6, 4, 6], "uv": [92, 70]},
						{"origin": [-7, 99.4, -15.25], "size": [14, 6, 10], "uv": [80, 93]}
					]
				},
				{
					"name": "eyes",
					"parent": "head",
					"pivot": [0, 10, 5.75]
				},
				{
					"name": "right_eye",
					"parent": "eyes",
					"pivot": [0, 9, 1],
					"cubes": [
						{"origin": [-10, 112, -4.25], "size": [7, 7, 6], "uv": [42, 73]},
						{"origin": [-7.5, 114.25, -4.35], "size": [2, 2, 0], "uv": [66, 74]}
					]
				},
				{
					"name": "left_eye",
					"parent": "eyes",
					"pivot": [0, 9, 1],
					"cubes": [
						{"origin": [3, 112, -4.25], "size": [7, 7, 6], "uv": [140, 72]},
						{"origin": [5.5, 114.25, -4.35], "size": [2, 2, 0], "uv": [135, 74]}
					]
				},
				{
					"name": "upper_endoskeleton",
					"parent": "torso",
					"pivot": [0, 0, 0],
					"cubes": [
						{"origin": [-13, 84, -7.25], "size": [26, 12, 24], "uv": [53, 109]},
						{"origin": [-9, 96.1, -8], "size": [18, 0, 7], "uv": [176, 91]},
						{"origin": [-9, 84.1, -8], "size": [18, 12, 0], "uv": [183, 98]},
						{"origin": [-12, 63.1, -8], "size": [24, 21, 0], "uv": [180, 110]},
						{"origin": [-15, 54, -7.25], "size": [30, 30, 24], "uv": [50, 145]},
						{"origin": [-3, 56, 2.75], "size": [6, 34, 4], "uv": [185, 40]},
						{"origin": [-3, 94, 4.75], "size": [6, 13, 0], "uv": [271, 5]},
						{"origin": [-17, 90, 2.75], "size": [34, 4, 4], "uv": [172, 79]},
						{"origin": [-9, 56, 4.75], "size": [6, 11, 0], "uv": [172, 67]},
						{"origin": [-5, 67, 4.75], "size": [2, 6, 0], "uv": [184, 37]},
						{"origin": [-12, 77, 4.75], "size": [3, 14, 0], "pivot": [-11, 90, 4.75], "rotation": [0, 0, -45], "uv": [178, 49]},
						{"origin": [-8.975, 94, 4.75], "size": [3, 14, 0], "pivot": [-8.975, 94, 4.75], "rotation": [0, 0, 26.5], "uv": [172, 21]},
						{"origin": [5.975, 94, 4.75], "size": [3, 14, 0], "pivot": [8.975, 94, 4.75], "rotation": [0, 0, -26.5], "uv": [172, 50]},
						{"origin": [3, 56, 4.75], "size": [6, 11, 0], "uv": [206, 67]},
						{"origin": [3, 67, 4.75], "size": [2, 6, 0], "uv": [202, 37]},
						{"origin": [9, 77, 4.75], "size": [3, 14, 0], "pivot": [11, 90, 4.75], "rotation": [0, 0, 45], "uv": [172, 36]},
						{"origin": [-15, 47, -3.25], "size": [30, 7, 16], "uv": [59, 199]}
					]
				},
				{
					"name": "bowtie",
					"parent": "upper_endoskeleton",
					"pivot": [0, 0, 0]
				},
				{
					"name": "arms",
					"parent": "torso",
					"pivot": [0, 92, 0]
				},
				{
					"name": "left_arm",
					"parent": "arms",
					"pivot": [13, 94, 4.75],
					"cubes": [
						{"origin": [17, 89, 1.75], "size": [4, 6, 6], "uv": [246, 0]},
						{"origin": [15, 87, -0.25], "size": [8, 10, 10], "uv": [143, 135]},
						{"origin": [21, 90, 2.75], "size": [18, 4, 4], "uv": [210, 28]},
						{"origin": [23, 86, -0.25], "size": [15, 12, 10], "uv": [158, 155]}
					]
				},
				{
					"name": "bone3",
					"parent": "left_arm",
					"pivot": [37.98333, 94, 4.75],
					"cubes": [
						{"origin": [42, 87, -0.25], "size": [13, 10, 10], "uv": [158, 177]},
						{"origin": [38, 89, 1.75], "size": [6, 6, 6], "uv": [172, 0]},
						{"origin": [44, 90, 2.75], "size": [12, 4, 4], "uv": [225, 19]}
					]
				},
				{
					"name": "bone4",
					"parent": "bone3",
					"pivot": [55.91667, 94.09167, 4.75],
					"cubes": [
						{"origin": [56, 90, -0.25], "size": [10, 4, 10], "uv": [269, 23]},
						{"origin": [56, 87, -1.25], "size": [11, 9, 12], "uv": [151, 197]},
						{"origin": [67, 91, -1.25], "size": [7, 5, 4], "pivot": [67, 96, 2.75], "rotation": [1.91757, 4.61854, 22.57734], "uv": [165, 228]},
						{"origin": [60, 89, -3.25], "size": [7, 5, 4], "pivot": [60, 91.5, 0.75], "rotation": [8.58445, 59.62449, 9.92499], "uv": [165, 237]},
						{"origin": [67, 91, 6.75], "size": [7, 5, 4], "pivot": [67, 96, 6.75], "rotation": [-2.26708, -7.15102, 17.64168], "uv": [174, 219]},
						{"origin": [67, 91, 2.75], "size": [7, 5, 4], "pivot": [67, 96, 4.75], "rotation": [0, 0, 15], "uv": [152, 219]}
					]
				},
				{
					"name": "right_arm",
					"parent": "arms",
					"pivot": [-13, 94, 4.75],
					"cubes": [
						{"origin": [-21, 89, 1.75], "size": [4, 6, 6], "uv": [224, 0]},
						{"origin": [-23, 87, -0.25], "size": [8, 10, 10], "uv": [27, 135]},
						{"origin": [-39, 90, 2.75], "size": [18, 4, 4], "uv": [179, 15]},
						{"origin": [-38, 86, -0.25], "size": [15, 12, 10], "uv": [0, 155]}
					]
				},
				{
					"name": "bone2",
					"parent": "right_arm",
					"pivot": [-37.98333, 94, 4.75],
					"cubes": [
						{"origin": [-55, 87, -0.25], "size": [13, 10, 10], "uv": [4, 177]},
						{"origin": [-44, 89, 1.75], "size": [6, 6, 6], "uv": [198, 0]}
					]
				},
				{
					"name": "bone5",
					"parent": "bone2",
					"pivot": [-55.91667, 94.09167, 4.75],
					"cubes": [
						{"origin": [-66, 90, -0.25], "size": [10, 4, 10], "uv": [294, 54]},
						{"origin": [-67, 88, -1.25], "size": [11, 9, 12], "uv": [13, 197]},
						{"origin": [-56, 90, 2.75], "size": [1, 4, 4], "uv": [257, 26]}
					]
				},
				{
					"name": "cupcake",
					"parent": "bone5",
					"pivot": [0, 0, 0],
					"cubes": [
						{"origin": [-68.5, 103, -2.25], "size": [14, 8, 14], "uv": [231, 163]},
						{"origin": [-72.5, 111, -6.25], "size": [22, 16, 22], "uv": [215, 121]},
						{"origin": [-64.5, 127, 1.75], "size": [6, 6, 6], "uv": [247, 90]},
						{"origin": [-70, 108, -5.25], "size": [3, 3, 0], "uv": [222, 159]},
						{"origin": [-56.25, 108, -5.25], "size": [3, 3, 0], "uv": [291, 159]},
						{"origin": [-63, 108, -5.25], "size": [3, 3, 0], "uv": [257, 159]},
						{"origin": [-72.5, 116, -6.35], "size": [9, 8, 0], "uv": [249, 102]},
						{"origin": [-59.5, 116, -6.35], "size": [9, 8, 0], "uv": [249, 111]},
						{"origin": [-57, 118, -6.45], "size": [4, 4, 0], "uv": [271, 113]},
						{"origin": [-70, 118, -6.45], "size": [4, 4, 0], "uv": [239, 113]},
						{"origin": [-75.5, 97, -10.25], "size": [28, 6, 30], "uv": [201, 186]}
					]
				},
				{
					"name": "lower_endoskeleton",
					"parent": "body",
					"pivot": [0, 54, 4.75],
					"cubes": [
						{"origin": [-10, 51, 2.75], "size": [20, 5, 4], "uv": [219, 69]}
					]
				},
				{
					"name": "right_leg",
					"parent": "lower_endoskeleton",
					"pivot": [-6, 51, 2.75],
					"cubes": [
						{"origin": [-12, 27, 2.75], "size": [6, 24, 4], "uv": [208, 38]},
						{"origin": [-15, 27, -0.25], "size": [12, 20, 13], "uv": [46, 222]}
					]
				},
				{
					"name": "right_leg2",
					"parent": "right_leg",
					"pivot": [-9, 22, 3.74167],
					"cubes": [
						{"origin": [-12, 4, 3.75], "size": [6, 23, 4], "uv": [272, 39]},
						{"origin": [-13, 5, 1.75], "size": [8, 19, 8], "uv": [105, 256]},
						{"origin": [-13, 24, -2.25], "size": [8, 5, 5], "uv": [46, 255]}
					]
				},
				{
					"name": "right_feet",
					"parent": "right_leg2",
					"pivot": [-9, 4, 3.76019],
					"cubes": [
						{"origin": [-13, 1, -1.25], "size": [8, 3, 10], "inflate": -0.01, "uv": [259, 74]},
						{"origin": [-15, 0, -2.25], "size": [12, 4, 14], "uv": [35, 269]},
						{"origin": [-9, 0, -9.25], "size": [6, 4, 8], "pivot": [-7, 4, -2.25], "rotation": [0, -10, 0], "uv": [67, 287]},
						{"origin": [-15, 0, -9.25], "size": [6, 4, 8], "pivot": [-11, 4, -2.25], "rotation": [0, 10, 0], "uv": [27, 287]}
					]
				},
				{
					"name": "left_leg",
					"parent": "lower_endoskeleton",
					"pivot": [6, 51, 2.75],
					"cubes": [
						{"origin": [6, 27, 2.75], "size": [6, 24, 4], "uv": [230, 38]},
						{"origin": [3, 27, -0.25], "size": [12, 20, 13], "uv": [114, 222]}
					]
				},
				{
					"name": "left_leg2",
					"parent": "left_leg",
					"pivot": [9, 22, 3.74167],
					"cubes": [
						{"origin": [6, 4, 3.75], "size": [6, 23, 4], "uv": [252, 39]},
						{"origin": [5, 5, 1.75], "size": [8, 19, 8], "uv": [73, 256]},
						{"origin": [5, 24, -2.25], "size": [8, 5, 5], "uv": [138, 255]}
					]
				},
				{
					"name": "left_feet",
					"parent": "left_leg2",
					"pivot": [9, 4, 3.76019],
					"cubes": [
						{"origin": [5, 1, -1.25], "size": [8, 3, 10], "inflate": -0.01, "uv": [286, 69]},
						{"origin": [3, 0, -2.25], "size": [12, 4, 14], "uv": [123, 269]},
						{"origin": [4, 0, -9.25], "size": [6, 4, 8], "pivot": [7, 4, 3.75], "rotation": [0, 10, 0], "uv": [115, 287]},
						{"origin": [9, 0, -9.25], "size": [6, 4, 8], "pivot": [11, 4, -2.25], "rotation": [0, -10, 0], "uv": [155, 287]}
					]
				}
			]
		}
	]
}