{
	"format_version": "1.12.0",
	"minecraft:geometry": [
		{
			"description": {
				"identifier": "geometry.landorustherian",
				"texture_width": 80,
				"texture_height": 80,
				"visible_bounds_width": 4,
				"visible_bounds_height": 3.5,
				"visible_bounds_offset": [0, 1.25, 0]
			},
			"bones": [
				{
					"name": "root",
					"pivot": [0, -1, -0.5]
				},
				{
					"name": "body",
					"parent": "root",
					"pivot": [0, 16.5, -0.33333],
					"cubes": [
						{"origin": [-3, 13, -8.5], "size": [6, 5, 16], "uv": [0, 0]},
						{"origin": [-2, 18, -8.5], "size": [4, 1, 3], "uv": [54, 45]}
					]
				},
				{
					"name": "head",
					"parent": "body",
					"pivot": [0, 17.53783, -8.07749],
					"cubes": [
						{"origin": [-2, 15.13783, -9.27749], "size": [4, 1, 2], "uv": [45, 31]},
						{"origin": [-2.5, 16.13783, -12.27749], "size": [5, 4, 5], "uv": [19, 36]},
						{"origin": [-2.5, 20.13783, -12.27749], "size": [5, 1, 3], "uv": [44, 16]},
						{"origin": [-2.5, 21.13783, -12.27749], "size": [1, 1, 3], "uv": [22, 45]},
						{"origin": [1.5, 21.13783, -12.27749], "size": [1, 1, 3], "uv": [10, 39]}
					]
				},
				{
					"name": "head_piece",
					"parent": "head",
					"pivot": [-0.25, 6.13783, -8.52749],
					"cubes": [
						{"origin": [-4.25, 20.63783, -10.02749], "size": [9, 3, 3], "inflate": 0.01, "uv": [0, 33]},
						{"origin": [-4.25, 23.63783, -10.52749], "size": [9, 1, 4], "uv": [28, 11]},
						{"origin": [-4.25, 24.13783, -9.52749], "size": [9, 1, 2], "inflate": -0.01, "uv": [39, 39]},
						{"origin": [-4.25, 19.13783, -9.52749], "size": [9, 1, 2], "inflate": -0.01, "uv": [34, 36]},
						{"origin": [2.45, 19.13783, -10.02749], "size": [1, 1, 1], "inflate": -0.01, "uv": [0, 39]},
						{"origin": [2.45, 17.23783, -10.52749], "size": [1, 2, 1], "uv": [0, 9]},
						{"origin": [2.45, 17.23783, -11.52749], "size": [1, 1, 1], "uv": [28, 13]},
						{"origin": [2.45, 16.23783, -12.52749], "size": [1, 1, 2], "uv": [42, 65]},
						{"origin": [-3.55, 19.13783, -10.02749], "size": [1, 1, 1], "inflate": -0.01, "uv": [21, 23]},
						{"origin": [-3.55, 17.23783, -10.52749], "size": [1, 2, 1], "uv": [0, 0]},
						{"origin": [-3.55, 17.23783, -11.52749], "size": [1, 1, 1], "uv": [28, 11]},
						{"origin": [-3.55, 16.23783, -12.52749], "size": [1, 1, 2], "uv": [64, 36]},
						{"origin": [-3.05, 16.23783, -12.72749], "size": [6, 1, 1], "uv": [0, 31]},
						{"origin": [-0.55, 16.98783, -12.72749], "size": [1, 1, 1], "inflate": -0.01, "uv": [0, 23]},
						{"origin": [0.45, 16.48783, -12.72749], "size": [2, 1, 1], "inflate": -0.01, "uv": [53, 23]},
						{"origin": [0.95, 15.48783, -12.72749], "size": [1, 1, 1], "inflate": -0.01, "uv": [11, 2]},
						{"origin": [-2.05, 15.48783, -12.72749], "size": [1, 1, 1], "inflate": -0.01, "uv": [11, 0]},
						{"origin": [2.45, 16.38783, -12.72749], "size": [1, 1, 1], "inflate": -0.01, "uv": [21, 21]},
						{"origin": [2.45, 16.73783, -12.52749], "size": [1, 1, 1], "inflate": -0.01, "uv": [12, 11]},
						{"origin": [-3.55, 16.73783, -12.52749], "size": [1, 1, 1], "inflate": -0.01, "uv": [12, 9]},
						{"origin": [-3.55, 16.38783, -12.72749], "size": [1, 1, 1], "inflate": -0.01, "uv": [0, 21]},
						{"origin": [-2.55, 16.48783, -12.72749], "size": [2, 1, 1], "inflate": -0.01, "uv": [34, 39]},
						{"origin": [-4.25, 19.63783, -10.52749], "size": [9, 1, 4], "uv": [21, 21]},
						{"origin": [-4.25, 20.13783, -7.02749], "size": [9, 4, 1], "uv": [42, 0]},
						{"origin": [-4.25, 20.13783, -11.02749], "size": [9, 4, 1], "uv": [40, 26]},
						{"origin": [-4.25, 21.13783, -11.52749], "size": [9, 2, 1], "inflate": -0.01, "uv": [43, 20]},
						{"origin": [-4.25, 21.13783, -6.52749], "size": [9, 2, 1], "inflate": -0.01, "uv": [39, 42]}
					]
				},
				{
					"name": "eyes",
					"parent": "head",
					"pivot": [0, -1.36217, -3.27749],
					"cubes": [
						{"origin": [-2.25, 18.63783, -12.32749], "size": [2, 1, 3], "uv": [7, 59]},
						{"origin": [-2.25, 19.38783, -12.37749], "size": [2, 1, 1], "inflate": 0.01, "pivot": [-1.25, 19.88783, -11.87749], "rotation": [0, 0, 15], "uv": [14, 31]},
						{"origin": [0.25, 19.38783, -12.37749], "size": [2, 1, 1], "inflate": 0.01, "pivot": [1.25, 19.88783, -11.87749], "rotation": [0, 0, -15], "uv": [28, 4]},
						{"origin": [0.25, 18.63783, -12.32749], "size": [2, 1, 3], "uv": [17, 59]}
					]
				},
				{
					"name": "headspikes",
					"parent": "head",
					"pivot": [0, -0.86217, -3.27749]
				},
				{
					"name": "headspike1",
					"parent": "headspikes",
					"pivot": [0, 22.13783, -11.27749],
					"cubes": [
						{"origin": [-0.5, 20.20725, -12.47855], "size": [1, 2, 2], "inflate": -0.01, "pivot": [0, 20.70725, -11.72855], "rotation": [-10, 0, 0], "uv": [63, 19]},
						{"origin": [-0.5, 21.13783, -12.27749], "size": [1, 2, 2], "pivot": [0, 22.13783, -11.27749], "rotation": [-17.5, 0, 0], "uv": [63, 28]}
					]
				},
				{
					"name": "headspike2",
					"parent": "headspikes",
					"pivot": [0, -0.86217, -3.02749],
					"cubes": [
						{"origin": [0.5, 20.42254, -12.25302], "size": [1, 2, 2], "pivot": [1, 21.42254, -11.25302], "rotation": [-17.35932, 2.24944, 7.15656], "uv": [49, 58]}
					]
				},
				{
					"name": "headspike3",
					"parent": "headspikes",
					"pivot": [0, -0.86217, -3.27749],
					"cubes": [
						{"origin": [-1.5, 20.42254, -12.25302], "size": [1, 2, 2], "pivot": [-1, 21.42254, -11.25302], "rotation": [-17.35932, -2.24944, -7.15656], "uv": [38, 45]}
					]
				},
				{
					"name": "legs",
					"parent": "body",
					"pivot": [0, -1, -4.5]
				},
				{
					"name": "back_left_leg",
					"parent": "legs",
					"pivot": [2.50714, 16.32143, 5.17857],
					"cubes": [
						{"origin": [1, 12, 3.5], "size": [3, 5, 3], "uv": [11, 51]},
						{"origin": [1.05, 13.25, 4], "size": [3, 3, 2], "uv": [62, 8]},
						{"origin": [1, 12, 6.5], "size": [3, 1, 1], "uv": [43, 23]}
					]
				},
				{
					"name": "knee3",
					"parent": "back_left_leg",
					"pivot": [1.49, 12.5, 4.9],
					"cubes": [
						{"origin": [-4.05, 13.5, -7], "size": [3, 3, 2], "uv": [60, 23]},
						{"origin": [1, 11, 4.5], "size": [3, 1, 3], "uv": [56, 49]},
						{"origin": [1, 8, 5.5], "size": [3, 3, 3], "uv": [57, 13]},
						{"origin": [0.5, 7.25, 5], "size": [4, 2, 4], "inflate": -0.01, "uv": [0, 9]},
						{"origin": [2, 7.75, 6], "size": [1, 1, 4], "inflate": 0.01, "uv": [42, 45]}
					]
				},
				{
					"name": "claw",
					"parent": "knee3",
					"pivot": [2.5, 11.375, 6],
					"cubes": [
						{"origin": [3.15, 7.375, 4], "size": [1, 1, 2], "uv": [28, 64]},
						{"origin": [2, 7.375, 4], "size": [1, 1, 2], "inflate": 0.01, "uv": [16, 64]},
						{"origin": [0.85, 7.375, 4], "size": [1, 1, 2], "uv": [22, 64]}
					]
				},
				{
					"name": "back_right_leg",
					"parent": "legs",
					"pivot": [-2.50714, 16.32143, 5.17857],
					"cubes": [
						{"origin": [-4, 12, 3.5], "size": [3, 5, 3], "uv": [50, 5]},
						{"origin": [-4.05, 13.25, 4], "size": [3, 3, 2], "uv": [61, 53]},
						{"origin": [-4, 8, 5.5], "size": [3, 3, 3], "uv": [59, 2]},
						{"origin": [-4, 12, 6.5], "size": [3, 1, 1], "uv": [15, 39]}
					]
				},
				{
					"name": "knee4",
					"parent": "back_right_leg",
					"pivot": [-2.5, 12.75, 5],
					"cubes": [
						{"origin": [-4, 11, 4.5], "size": [3, 1, 3], "uv": [58, 39]},
						{"origin": [-4.5, 7.25, 5], "size": [4, 2, 4], "inflate": -0.01, "uv": [10, 45]},
						{"origin": [-3, 7.75, 6], "size": [1, 1, 4], "inflate": 0.01, "uv": [42, 45]}
					]
				},
				{
					"name": "claw4",
					"parent": "knee4",
					"pivot": [-2.5, 11.375, 6],
					"cubes": [
						{"origin": [-1.85, 7.375, 4], "size": [1, 1, 2], "uv": [32, 51]},
						{"origin": [-3, 7.375, 4], "size": [1, 1, 2], "inflate": 0.01, "uv": [20, 51]},
						{"origin": [-4.15, 7.375, 4], "size": [1, 1, 2], "uv": [49, 23]}
					]
				},
				{
					"name": "front_left_leg",
					"parent": "legs",
					"pivot": [2.50833, 16.41667, -6],
					"cubes": [
						{"origin": [1, 12, -7.5], "size": [3, 5, 3], "uv": [35, 51]},
						{"origin": [1.05, 13.5, -7], "size": [3, 3, 2], "uv": [27, 59]},
						{"origin": [1, 12, -4.5], "size": [3, 1, 1], "uv": [50, 13]}
					]
				},
				{
					"name": "knee",
					"parent": "front_left_leg",
					"pivot": [2.5, 12.625, -6],
					"cubes": [
						{"origin": [1, 8, -6.5], "size": [3, 4, 3], "uv": [54, 31]},
						{"origin": [0.5, 7.25, -7], "size": [4, 2, 4], "inflate": -0.01, "uv": [42, 45]},
						{"origin": [2, 7.75, -6], "size": [1, 1, 4], "inflate": 0.01, "uv": [42, 45]}
					]
				},
				{
					"name": "claw2",
					"parent": "knee",
					"pivot": [2.5, 11.375, -6],
					"cubes": [
						{"origin": [0.85, 7.375, -8], "size": [1, 1, 2], "uv": [55, 62]},
						{"origin": [2, 7.375, -8], "size": [1, 1, 2], "inflate": 0.01, "uv": [63, 60]},
						{"origin": [3.15, 7.375, -8], "size": [1, 1, 2], "uv": [10, 64]}
					]
				},
				{
					"name": "front_right_leg",
					"parent": "legs",
					"pivot": [-2.50833, 16.41667, -6],
					"cubes": [
						{"origin": [-4, 12, -7.5], "size": [3, 5, 3], "uv": [23, 51]},
						{"origin": [-4, 12, -4.5], "size": [3, 1, 1], "uv": [45, 34]}
					]
				},
				{
					"name": "knee2",
					"parent": "front_right_leg",
					"pivot": [-2.5, 12.75, -6],
					"cubes": [
						{"origin": [-3, 7.75, -6], "size": [1, 1, 4], "inflate": 0.01, "uv": [42, 45]},
						{"origin": [-4.5, 7.25, -7], "size": [4, 2, 4], "inflate": -0.01, "uv": [26, 45]},
						{"origin": [-4, 8, -6.5], "size": [3, 4, 3], "uv": [47, 51]}
					]
				},
				{
					"name": "claw3",
					"parent": "knee2",
					"pivot": [-2.5, 11.375, -6],
					"cubes": [
						{"origin": [-1.85, 7.375, -8], "size": [1, 1, 2], "uv": [37, 59]},
						{"origin": [-3, 7.375, -8], "size": [1, 1, 2], "inflate": 0.01, "uv": [14, 59]},
						{"origin": [-4.15, 7.375, -8], "size": [1, 1, 2], "uv": [44, 51]}
					]
				},
				{
					"name": "tail",
					"parent": "body",
					"pivot": [0, 17, 6.5],
					"cubes": [
						{"origin": [-1, 16.5, 6.5], "size": [2, 2, 3], "uv": [34, 62]}
					]
				},
				{
					"name": "tail2",
					"parent": "tail",
					"pivot": [-0.375, 17.5, 9.25],
					"rotation": [10, 0, 0],
					"cubes": [
						{"origin": [-1, 16.5, 9.5], "size": [2, 2, 3], "inflate": 0.01, "uv": [0, 62]},
						{"origin": [-1.25, 17, 10], "size": [1, 1, 1], "inflate": -0.01, "uv": [0, 3]}
					]
				},
				{
					"name": "tail3",
					"parent": "tail2",
					"pivot": [0, 17.5, 12],
					"rotation": [27.62353, -7.24305, -1.95155],
					"cubes": [
						{"origin": [-1.5, 16, 12.5], "size": [3, 3, 4], "uv": [0, 47]},
						{"origin": [0.75, 16.5, 13.5], "size": [1, 2, 2], "inflate": 0.01, "uv": [28, 0]}
					]
				},
				{
					"name": "tail4",
					"parent": "tail3",
					"pivot": [0, 17.5, 16.25],
					"rotation": [37.51153, -2.4407, -0.54143],
					"cubes": [
						{"origin": [-1.5, 15.5, 16.5], "size": [3, 4, 4], "uv": [0, 39]},
						{"origin": [-1.75, 16.5, 17], "size": [1, 2, 3], "inflate": 0.01, "uv": [58, 62]}
					]
				},
				{
					"name": "tail5",
					"parent": "tail4",
					"pivot": [0, 17.5, 20],
					"rotation": [50.21362, 6.49053, 3.76613],
					"cubes": [
						{"origin": [1, 16, 21.5], "size": [1, 3, 3], "inflate": 0.01, "uv": [50, 62]},
						{"origin": [-1.5, 15.5, 20.5], "size": [3, 4, 5], "inflate": 0.01, "uv": [0, 0]}
					]
				},
				{
					"name": "tail6",
					"parent": "tail5",
					"pivot": [0, 17.5, 25],
					"rotation": [35.01754, 2.34914, 0.85553],
					"cubes": [
						{"origin": [-2, 15, 25.5], "size": [4, 5, 6], "uv": [28, 0]},
						{"origin": [-2.25, 16.25, 26.5], "size": [1, 3, 4], "inflate": 0.01, "uv": [43, 58]}
					]
				},
				{
					"name": "tail7",
					"parent": "tail6",
					"pivot": [0, 17.5, 31.5],
					"rotation": [30.44582, 11.73507, 4.3361],
					"cubes": [
						{"origin": [-3.5, 15, 31.5], "size": [7, 5, 5], "uv": [21, 26]}
					]
				},
				{
					"name": "tail8",
					"parent": "tail7",
					"pivot": [0, 17.5, 36.5],
					"rotation": [15, 0, 0],
					"cubes": [
						{"origin": [3.25, 15.5, 37], "size": [1, 4, 4], "inflate": 0.01, "uv": [55, 54]},
						{"origin": [-4.25, 15.5, 37], "size": [1, 4, 4], "inflate": 0.01, "uv": [0, 54]},
						{"origin": [-4, 15, 36.5], "size": [8, 5, 5], "uv": [0, 21]}
					]
				}
			]
		}
	]
}