{
  "species": "cobblemon:charmander",
  "order": 0,
  "variations": [
    {
      "aspects": [],
      "poser": "cobblemon:charmander2",
      "model": "cobblemon:charmander2.geo",
      "texture": "cobblemon:textures/pokemon/0004_charmander2/charmander2.png",
      "layers": [
        {
          "name": "glow",
          "texture": "cobblemon:textures/pokemon/0004_charmander2/charmander2_emissive.png",
          "emissive": true
        }
      ]
    },
    {
      "aspects": [
        "shiny"
      ],
      "texture": "cobblemon:textures/pokemon/0004_charmander2/charmander2_shiny.png",
      "layers": [
        {
          "name": "glow",
          "texture": "cobblemon:textures/pokemon/0004_charmander2/charmander2_emissive.png",
          "emissive": true,
          "translucent": true
        }
      ]
    }
  ]
}