{
	"format_version": "1.8.0",
	"animations": {
		"animation.hawlucha.ground_idle": {
			"loop": true,
			"animation_length": 2,
			"bones": {
				"torso": {
					"rotation": ["math.cos(q.anim_time*90*2)", "math.cos(q.anim_time*90*2+45)", 0],
					"position": [0, "-1/4-math.cos(q.anim_time*90*2-22.5)/4", 0]
				},
				"arm_left": {
					"rotation": [0, "-22.5+math.cos(q.anim_time*90*2-45)*2", 45]
				},
				"arm_left2": {
					"rotation": [0, "45+math.cos(q.anim_time*90*2-90)*3", 0],
					"position": [-1, 0, 1]
				},
				"hand_left": {
					"rotation": [0, "5+math.cos(q.anim_time*90*2-90-45)*3", 22.5]
				},
				"arm_right": {
					"rotation": [0, "22.5+math.cos(q.anim_time*90*2-45)*2", -45]
				},
				"arm_right2": {
					"rotation": [0, "-45+math.cos(q.anim_time*90*2-90)*3", 0],
					"position": [1, 0, 1]
				},
				"hand_right": {
					"rotation": [0, "-5+math.cos(q.anim_time*90*2-90-45)*3", -22.5]
				},
				"leg_left": {
					"rotation": [15, -45, -5],
					"position": ["math.cos(q.anim_time*90*2)/5", "-math.cos(q.anim_time*90*2)/16", "1-math.cos(q.anim_time*90*2)/6"]
				},
				"leg_left2": {
					"rotation": ["math.cos(q.anim_time*90*2)*3", 0, 0]
				},
				"foot_left": {
					"rotation": ["-math.cos(q.anim_time*90*2)*3", 0, 0]
				},
				"leg_right": {
					"rotation": [10, 22.5, 2.5],
					"position": ["-0.5-math.cos(q.anim_time*90*2-45)/9", "0.125-math.cos(q.anim_time*90*2-45)/15", "-0.5-math.cos(q.anim_time*90*2-45)/4"]
				},
				"leg_right2": {
					"rotation": ["math.cos(q.anim_time*90*2-45)*3", 0, 0]
				},
				"foot_right": {
					"rotation": ["-math.cos(q.anim_time*90*2-45)*3", 0, 0]
				}
			}
		},
		"animation.hawlucha.battle_idle": {
			"loop": true,
			"bones": {
				"torso": {
					"rotation": ["math.cos(q.anim_time*90*2)", "math.cos(q.anim_time*90*2+45)", 0],
					"position": [0, "-1/4-math.cos(q.anim_time*90*2-22.5)/4", 0]
				},
				"arm_left": {
					"rotation": [11.70462, "-19.0776+math.cos(q.anim_time*90*2-45)*2", 10.67521]
				},
				"arm_left2": {
					"rotation": [-44.33725, "57.0694+math.cos(q.anim_time*90*2-90)*3", -63.60677],
					"position": [-2, -1, 1]
				},
				"hand_left": {
					"rotation": [0, "5+math.cos(q.anim_time*90*2-90-45)*3", 22.5]
				},
				"arm_right": {
					"rotation": [18.76218, "13.6894+math.cos(q.anim_time*90*2-45)*2", 7.50942]
				},
				"arm_right2": {
					"rotation": [-26.56504, "-37.7613+math.cos(q.anim_time*90*2-90)*3", 39.23152],
					"position": [3, -1, 1]
				},
				"hand_right": {
					"rotation": [-5.35153, "0.8263+math.cos(q.anim_time*90*2-90-45)*3", -18.41585]
				},
				"leg_left": {
					"rotation": [51.68995, -41.71253, -26.35193],
					"position": ["math.cos(q.anim_time*90*2)/5", "-math.cos(q.anim_time*90*2)/16", "-math.cos(q.anim_time*90*2)/6"]
				},
				"leg_left2": {
					"rotation": ["-16.2407+math.cos(q.anim_time*90*2)*3", 6.60796, 21.55613],
					"position": [-0.5, -0.4, -0.5]
				},
				"foot_left": {
					"rotation": ["-5-math.cos(q.anim_time*90*2)*3", 0, 0]
				},
				"leg_right": {
					"rotation": [10, 22.5, 2.5],
					"position": ["0-math.cos(q.anim_time*90*2-45)/9", "0.125-math.cos(q.anim_time*90*2-45)/15", "-0.5-math.cos(q.anim_time*90*2-45)/4"]
				},
				"leg_right2": {
					"rotation": ["math.cos(q.anim_time*90*2-45)*3", 0, 0]
				},
				"foot_right": {
					"rotation": ["-math.cos(q.anim_time*90*2-45)*3", 0, 0]
				},
				"head": {
					"rotation": [7.5, 0, 0]
				}
			}
		},
		"animation.hawlucha.ground_walk": {
			"loop": true,
			"animation_length": 1,
			"bones": {
				"torso": {
					"rotation": ["math.cos(q.anim_time*90*4*2)", "-math.cos(q.anim_time*90*4)*5", "math.cos(q.anim_time*90*4)*2"],
					"position": [0, "-1/3.5+math.cos(q.anim_time*90*4*2-45)/3.5", 0]
				},
				"arm_left": {
					"rotation": [0, "-22.5-math.cos(q.anim_time*90*4-45)*10", 45]
				},
				"arm_left2": {
					"rotation": [0, "45-math.cos(q.anim_time*90*4-90)*10", 0],
					"position": [-1, 0, 1]
				},
				"hand_left": {
					"rotation": [0, "15-math.cos(q.anim_time*90*4-90-45)*10", 22.5]
				},
				"arm_right": {
					"rotation": [0, "22.5-math.cos(q.anim_time*90*4-45)*10", -45]
				},
				"arm_right2": {
					"rotation": [0, "-45-math.cos(q.anim_time*90*4-90)*10", 0],
					"position": [1, 0, 1]
				},
				"hand_right": {
					"rotation": [0, "-15-math.cos(q.anim_time*90*4-90-45)*10", -22.5]
				},
				"leg_left": {
					"rotation": {
						"0.0": [7.5, -22.5, -2.5],
						"0.25": [7.5, -22.5, -2.5],
						"0.375": {
							"pre": [25, -22.5, -2.5],
							"post": [25, -22.5, -2.5],
							"lerp_mode": "catmullrom"
						},
						"0.5": [13.13, -22.5, -2.5],
						"0.625": {
							"pre": [0, -22.5, -2.5],
							"post": [0, -22.5, -2.5],
							"lerp_mode": "catmullrom"
						},
						"0.75": [7.5, -22.5, -2.5],
						"1.0": [7.5, -22.5, -2.5]
					},
					"position": {
						"0.0": [0, 0, 0],
						"0.25": [0, 0, 2],
						"0.375": [0, 1, 1],
						"0.4167": [0, 1.25, 0.67],
						"0.5": [0, 1.5, 0],
						"0.5833": [0, 1.25, -0.67],
						"0.625": [0, 1, -1],
						"0.75": [0, 0, -2],
						"1.0": [0, 0, 0]
					}
				},
				"leg_right": {
					"rotation": {
						"0.0": [13.13, 22.5, 2.5],
						"0.125": {
							"pre": [0, 22.5, 2.5],
							"post": [0, 22.5, 2.5],
							"lerp_mode": "catmullrom"
						},
						"0.25": [7.5, 22.5, 2.5],
						"0.5": [7.5, 22.5, 2.5],
						"0.75": [7.5, 22.5, 2.5],
						"0.875": {
							"pre": [25, 22.5, 2.5],
							"post": [25, 22.5, 2.5],
							"lerp_mode": "catmullrom"
						},
						"1.0": [13.13, 22.5, 2.5]
					},
					"position": {
						"0.0": [0, 1.5, 0],
						"0.0833": [0, 1.25, -0.67],
						"0.125": [0, 1, -1],
						"0.25": [0, 0, -2],
						"0.5": [0, 0, 0],
						"0.75": [0, 0, 2],
						"0.875": [0, 1, 1],
						"0.9167": [0, 1.25, 0.67],
						"1.0": [0, 1.5, 0]
					}
				},
				"head": {
					"rotation": ["math.cos(q.anim_time*90*4*2+90)", "-math.cos(q.anim_time*90*4+90)", "math.cos(q.anim_time*90*4+45)*2"]
				},
				"leg_left2": {
					"rotation": {
						"0.0": [0, 0, 0],
						"0.125": [0, 0, 0],
						"0.25": {
							"pre": [22.5, 0, 0],
							"post": [22.5, 0, 0],
							"lerp_mode": "catmullrom"
						},
						"0.5": [-0.28, 0, 0],
						"0.625": {
							"pre": [-10, 0, 0],
							"post": [-10, 0, 0],
							"lerp_mode": "catmullrom"
						},
						"0.75": [0, 0, 0],
						"1.0": [0, 0, 0]
					}
				},
				"foot_left": {
					"rotation": {
						"0.0": [0, 0, 0],
						"0.3333": [0, 0, 0],
						"0.5": [45, 0, 0],
						"0.625": [-22.5, 0, 0],
						"0.75": [0, 0, 0],
						"1.0": [0, 0, 0]
					},
					"position": {
						"0.5": [0, 0, 0],
						"0.625": [0, -0.5, 0],
						"0.75": [0, 0, 0],
						"1.0": [0, 0, 0]
					}
				},
				"leg_right2": {
					"rotation": {
						"0.0": [-0.28, 0, 0],
						"0.125": {
							"pre": [-10, 0, 0],
							"post": [-10, 0, 0],
							"lerp_mode": "catmullrom"
						},
						"0.25": [0, 0, 0],
						"0.5": [0, 0, 0],
						"0.625": [0, 0, 0],
						"0.75": {
							"pre": [22.5, 0, 0],
							"post": [22.5, 0, 0],
							"lerp_mode": "catmullrom"
						},
						"1.0": [-0.28, 0, 0]
					}
				},
				"foot_right": {
					"rotation": {
						"0.0": [45, 0, 0],
						"0.125": [-22.5, 0, 0],
						"0.25": [0, 0, 0],
						"0.5": [0, 0, 0],
						"0.8333": [0, 0, 0],
						"1.0": [45, 0, 0]
					},
					"position": {
						"0.0": [0, 0, 0],
						"0.125": [0, -0.5, 0],
						"0.25": [0, 0, 0],
						"0.5": [0, 0, 0],
						"1.0": [0, 0, 0]
					}
				}
			}
		},
		"animation.hawlucha.ground_run": {
			"loop": true,
			"animation_length": 0.75,
			"bones": {
				"body": {
					"position": {
						"0.0": [0, 1.5, 0],
						"0.0833": [0, 0, 0],
						"0.1667": {
							"pre": [0, 2, 0],
							"post": [0, 2, 0],
							"lerp_mode": "catmullrom"
						},
						"0.375": [0, 1.5, 0],
						"0.4583": [0, 0, 0],
						"0.5417": {
							"pre": [0, 2, 0],
							"post": [0, 2, 0],
							"lerp_mode": "catmullrom"
						},
						"0.75": {
							"post": [0, 1.5, 0],
							"lerp_mode": "catmullrom"
						}
					}
				},
				"torso": {
					"rotation": ["30-math.cos(q.anim_time*90*5*2.125)*3", "-math.cos(q.anim_time*90*5)*2", "math.cos(q.anim_time*90*5)*2"]
				},
				"arm_left": {
					"rotation": [-45, -66.00747, 62.47097]
				},
				"arm_left2": {
					"rotation": [0, 0, 0]
				},
				"arm_right": {
					"rotation": [-45, 66.00747, -62.47097]
				},
				"head": {
					"rotation": ["-15-math.cos(q.anim_time*90*5*2.125+90)*3", 0, 0]
				},
				"leg_left": {
					"rotation": {
						"0.0": [80, 0, 0],
						"0.125": {
							"pre": [-20, 0, 0],
							"post": [-20, 0, 0],
							"lerp_mode": "catmullrom"
						},
						"0.375": {
							"post": [-20, 0, 0],
							"lerp_mode": "catmullrom"
						},
						"0.5": {
							"post": [80, 0, 0],
							"lerp_mode": "catmullrom"
						},
						"0.75": [80, 0, 0]
					}
				},
				"leg_left2": {
					"rotation": {
						"0.0": [0, 0, 0],
						"0.0833": [67.5, 0, 0],
						"0.25": {
							"pre": [-30, 0, 0],
							"post": [-30, 0, 0],
							"lerp_mode": "catmullrom"
						},
						"0.375": {
							"post": [-21.09, 0, 0],
							"lerp_mode": "catmullrom"
						},
						"0.5": {
							"post": [0, 0, 0],
							"lerp_mode": "catmullrom"
						},
						"0.75": {
							"post": [0, 0, 0],
							"lerp_mode": "catmullrom"
						}
					}
				},
				"foot_left": {
					"rotation": {
						"0.0": [0, 0, 0],
						"0.0833": [45, 0, 0],
						"0.2083": [45, 0, 0],
						"0.3333": [0, 0, 0],
						"0.375": [0, 0, 0],
						"0.4167": [0, 0, 0],
						"0.4583": [-15, 0, 0],
						"0.5833": [0, 0, 0],
						"0.75": [0, 0, 0]
					}
				},
				"leg_right": {
					"rotation": {
						"0.0": [-20, 0, 0],
						"0.125": {
							"pre": [80, 0, 0],
							"post": [80, 0, 0],
							"lerp_mode": "catmullrom"
						},
						"0.375": [80, 0, 0],
						"0.5": {
							"pre": [-20, 0, 0],
							"post": [-20, 0, 0],
							"lerp_mode": "catmullrom"
						},
						"0.75": {
							"post": [-20, 0, 0],
							"lerp_mode": "catmullrom"
						}
					}
				},
				"leg_right2": {
					"rotation": {
						"0.0": {
							"post": [-21.09, 0, 0],
							"lerp_mode": "catmullrom"
						},
						"0.125": {
							"post": [0, 0, 0],
							"lerp_mode": "catmullrom"
						},
						"0.375": {
							"post": [0, 0, 0],
							"lerp_mode": "catmullrom"
						},
						"0.4583": [67.5, 0, 0],
						"0.625": {
							"pre": [-30, 0, 0],
							"post": [-30, 0, 0],
							"lerp_mode": "catmullrom"
						},
						"0.75": {
							"post": [-21.09, 0, 0],
							"lerp_mode": "catmullrom"
						}
					}
				},
				"foot_right": {
					"rotation": {
						"0.0": [0, 0, 0],
						"0.0417": [0, 0, 0],
						"0.0833": [-15, 0, 0],
						"0.2083": [0, 0, 0],
						"0.375": [0, 0, 0],
						"0.4583": [45, 0, 0],
						"0.5833": [45, 0, 0],
						"0.7083": [0, 0, 0],
						"0.75": [0, 0, 0]
					}
				},
				"arm_right2": {
					"position": [0, 0, 0]
				}
			}
		},
		"animation.hawlucha.air_glide": {
			"loop": true,
			"animation_length": 4,
			"bones": {
				"body": {
					"rotation": ["40-math.sin(q.anim_time*90)", 0, "math.cos(q.anim_time*90*4)/2"],
					"position": ["math.cos(q.anim_time*90*4*2-45)/5", "math.cos(q.anim_time*90*2)/2", -5]
				},
				"torso": {
					"rotation": [15, 0, 0]
				},
				"arm_left": {
					"rotation": [10, 0, "-math.sin(q.anim_time*90)*3"]
				},
				"arm_left2": {
					"rotation": [0, 0, 0]
				},
				"hand_left": {
					"rotation": [0, 0, 0]
				},
				"arm_right": {
					"rotation": [10, 0, 0]
				},
				"arm_right2": {
					"rotation": [0, 0, 0]
				},
				"hand_right": {
					"rotation": [0, 0, 0]
				},
				"head": {
					"rotation": [-37.5, 0, 0],
					"position": [0, -1.5, 0]
				},
				"leg_left": {
					"rotation": ["50+math.cos(q.anim_time*90*2)*2", 0, 0]
				},
				"leg_left2": {
					"rotation": [-20, 0, 0]
				},
				"foot_left": {
					"rotation": [45, 0, 0]
				},
				"leg_right": {
					"rotation": ["-17.5+math.cos(q.anim_time*90*2)*2", 0, 0]
				},
				"leg_right2": {
					"rotation": [47.5, 0, 0]
				},
				"foot_right": {
					"rotation": [45, 0, 0]
				}
			}
		},
		"animation.hawlucha.air_quirk": {
			"animation_length": 2,
			"bones": {
				"body": {
					"rotation": {
						"0.0": {
							"post": [0, 0, 0],
							"lerp_mode": "catmullrom"
						},
						"0.125": {
							"post": [0, 0, 0],
							"lerp_mode": "catmullrom"
						},
						"0.3333": {
							"post": [-20, 0, 0],
							"lerp_mode": "catmullrom"
						},
						"0.5": {
							"post": [-20, 0, 0],
							"lerp_mode": "catmullrom"
						},
						"0.5833": {
							"post": [21, 0, 0],
							"lerp_mode": "catmullrom"
						},
						"1.0": {
							"post": [21, 0, 0],
							"lerp_mode": "catmullrom"
						},
						"1.375": {
							"post": [0, 0, 0],
							"lerp_mode": "catmullrom"
						},
						"2.0": {
							"post": [0, 0, 0],
							"lerp_mode": "catmullrom"
						}
					},
					"position": {
						"0.0417": {
							"pre": [0, 0, 0],
							"post": [0, 0, 0],
							"lerp_mode": "catmullrom"
						},
						"0.1667": {
							"post": [0, 0, 0],
							"lerp_mode": "catmullrom"
						},
						"0.25": {
							"post": [0, 0.5, 2.88],
							"lerp_mode": "catmullrom"
						},
						"0.4583": {
							"post": [0, 5, 9],
							"lerp_mode": "catmullrom"
						},
						"0.5417": {
							"post": [0, 0, -2],
							"lerp_mode": "catmullrom"
						},
						"0.9583": {
							"post": [0, 0, -2],
							"lerp_mode": "catmullrom"
						},
						"1.3333": {
							"post": [0, 0, 0],
							"lerp_mode": "catmullrom"
						},
						"2.0": {
							"post": [0, 0, 0],
							"lerp_mode": "catmullrom"
						}
					}
				},
				"arm_left": {
					"rotation": {
						"0.0": [0, 0, 0],
						"0.375": {
							"pre": [0, -45, -22],
							"post": [0, -45, -22],
							"lerp_mode": "catmullrom"
						},
						"0.5": {
							"post": [-20, -45, -22],
							"lerp_mode": "catmullrom"
						},
						"0.5833": {
							"post": [40, 22.5, 22],
							"lerp_mode": "catmullrom"
						},
						"0.875": {
							"post": [40, 22.5, 22],
							"lerp_mode": "catmullrom"
						},
						"1.5": {
							"post": [0, 0, 0],
							"lerp_mode": "catmullrom"
						},
						"2.0": {
							"post": [0, 0, 0],
							"lerp_mode": "catmullrom"
						}
					}
				},
				"arm_left2": {
					"rotation": {
						"0.0417": [0, 0, 0],
						"0.4167": {
							"pre": [0, -45, -22],
							"post": [0, -45, -22],
							"lerp_mode": "catmullrom"
						},
						"0.5417": {
							"post": [0, -45, -22],
							"lerp_mode": "catmullrom"
						},
						"0.625": {
							"post": [0, 22.5, 22],
							"lerp_mode": "catmullrom"
						},
						"0.9167": {
							"post": [0, 22.5, 22],
							"lerp_mode": "catmullrom"
						},
						"1.5": {
							"post": [0, 0, 0],
							"lerp_mode": "catmullrom"
						},
						"2.0": {
							"post": [0, 0, 0],
							"lerp_mode": "catmullrom"
						}
					}
				},
				"hand_left": {
					"rotation": {
						"0.0833": [0, 0, 0],
						"0.4583": {
							"pre": [0, -45, -22],
							"post": [0, -45, -22],
							"lerp_mode": "catmullrom"
						},
						"0.5833": {
							"post": [0, -45, -22],
							"lerp_mode": "catmullrom"
						},
						"0.6667": {
							"post": [0, 22.5, 22],
							"lerp_mode": "catmullrom"
						},
						"0.9583": {
							"post": [0, 22.5, 22],
							"lerp_mode": "catmullrom"
						},
						"1.5": {
							"post": [0, 0, 0],
							"lerp_mode": "catmullrom"
						},
						"2.0": {
							"post": [0, 0, 0],
							"lerp_mode": "catmullrom"
						}
					}
				},
				"arm_right": {
					"rotation": {
						"0.0": [0, 0, 0],
						"0.375": {
							"pre": [0, 45, 22],
							"post": [0, 45, 22],
							"lerp_mode": "catmullrom"
						},
						"0.5": {
							"post": [-20, 45, 22],
							"lerp_mode": "catmullrom"
						},
						"0.5833": {
							"post": [40, -22.5, -22],
							"lerp_mode": "catmullrom"
						},
						"0.875": {
							"post": [40, -22.5, -22],
							"lerp_mode": "catmullrom"
						},
						"1.5": {
							"post": [0, 0, 0],
							"lerp_mode": "catmullrom"
						}
					}
				},
				"arm_right2": {
					"rotation": {
						"0.0417": [0, 0, 0],
						"0.4167": {
							"pre": [0, 45, 22],
							"post": [0, 45, 22],
							"lerp_mode": "catmullrom"
						},
						"0.5417": {
							"post": [0, 45, 22],
							"lerp_mode": "catmullrom"
						},
						"0.625": {
							"post": [0, -22.5, -22],
							"lerp_mode": "catmullrom"
						},
						"0.9167": {
							"post": [0, -22.5, -22],
							"lerp_mode": "catmullrom"
						},
						"1.5": {
							"post": [0, 0, 0],
							"lerp_mode": "catmullrom"
						}
					}
				},
				"hand_right": {
					"rotation": {
						"0.0833": [0, 0, 0],
						"0.4583": {
							"pre": [0, 45, 22],
							"post": [0, 45, 22],
							"lerp_mode": "catmullrom"
						},
						"0.5833": {
							"post": [0, 45, 22],
							"lerp_mode": "catmullrom"
						},
						"0.6667": {
							"post": [0, -22.5, -22],
							"lerp_mode": "catmullrom"
						},
						"0.9583": {
							"post": [0, -22.5, -22],
							"lerp_mode": "catmullrom"
						},
						"1.5": {
							"post": [0, 0, 0],
							"lerp_mode": "catmullrom"
						}
					}
				}
			}
		}
	}
}