{
	"format_version": "1.8.0",
	"animations": {
		"animation.deoxysattack.pose": {
			"animation_length": 2.5,
			"bones": {
				"body": {
					"rotation": [15, 0, 0],
					"position": [0, 2, 0]
				},
				"hips": {
					"rotation": [-5, 0, 0]
				},
				"right_arm": {
					"rotation": [5.4171, 5.69813, -2.34598]
				},
				"leftleg": {
					"rotation": [-35.16007, -6.62852, 3.58367],
					"position": [-1.75, -2, 3.5]
				},
				"left_thigh": {
					"rotation": [0, 27.5, 0],
					"position": [1, 2, 0]
				},
				"left_calf": {
					"rotation": [32.44174, -11.92883, 17.63951]
				},
				"rightleg": {
					"rotation": [-49.19213, -18.49544, 22.72087],
					"position": [-0.25, 1.75, 1.25]
				},
				"right_calf": {
					"rotation": [29.83788, 1.90434, -36.80765]
				},
				"left_blue": {
					"rotation": [-58.46495, -18.59872, 8.58288]
				},
				"right_red": {
					"rotation": [-67.84796, -0.22702, 0.97891]
				},
				"right_blue": {
					"rotation": [-88.07162, 2.67832, -17.10313]
				},
				"head": {
					"rotation": [20.42065, -2.86091, 3.42886]
				},
				"Lblue2": {
					"rotation": [0, -5, 25]
				},
				"Lblue3": {
					"rotation": [-7.56397, -7.43547, 33.48448]
				},
				"Lblue4": {
					"rotation": [-10.00294, -2.24422, 30.42462]
				},
				"Lblue5": {
					"rotation": [-5.019, 4.98093, 29.56312]
				},
				"Lblue6": {
					"rotation": [-7.49631, -2.26084, 27.82132]
				},
				"Lblue7": {
					"rotation": [0, -5, -7.5]
				},
				"Lblue8": {
					"rotation": [0.66963, -14.98539, -22.58807]
				},
				"Lred8": {
					"rotation": [0, 0, -20]
				},
				"Lred7": {
					"rotation": [0, 0, -22.5]
				},
				"Lred6": {
					"rotation": [0, 0, 25]
				},
				"Lred5": {
					"rotation": [0, 0, 30]
				},
				"Lred4": {
					"rotation": [0, 0, 37.5]
				},
				"Lred3": {
					"rotation": [-7.5, 0, 30]
				},
				"Lred2": {
					"rotation": [-5, 0, 15]
				},
				"left_red": {
					"rotation": [-55, 5, -10]
				},
				"Rblue8": {
					"rotation": [0, 0, 10]
				},
				"Rblue7": {
					"rotation": [0, 0, 15]
				},
				"Rblue6": {
					"rotation": [0, 0, -12.5]
				},
				"Rblue5": {
					"rotation": [0, 0, -27.5]
				},
				"Rblue4": {
					"rotation": [0, 0, -32.5]
				},
				"Rblue3": {
					"rotation": [0, 0, -32.5]
				},
				"Rblue2": {
					"rotation": [0, 0, -30]
				},
				"Rred2": {
					"rotation": [0, -5, -15]
				},
				"Rred3": {
					"rotation": [0, 0, -20]
				},
				"Rred4": {
					"rotation": [0, 0, -32.5]
				},
				"Rred5": {
					"rotation": [0, 0, -40]
				},
				"Rred6": {
					"rotation": [0, 0, -25]
				},
				"Rred7": {
					"rotation": [0, 0, 10]
				},
				"Rred8": {
					"rotation": [0, 0, 15]
				},
				"Rred1": {
					"rotation": [0, -15, -7.5]
				},
				"Rblue1": {
					"rotation": [14.78217, -2.57594, 9.6658]
				}
			}
		},
		"animation.deoxysattack.ground_idle": {
			"loop": true,
			"animation_length": 2.5,
			"bones": {
				"body": {
					"rotation": ["5-math.sin((query.anim_time)*144)*2", 0, 0],
					"position": [0, "-3-math.sin((query.anim_time)*144)*0.3", 0]
				},
				"hips": {
					"rotation": [-5, 0, 0]
				},
				"left_red": {
					"rotation": [0, 10, 0]
				},
				"Lred1": {
					"rotation": [0, 0, 5],
					"position": [0, 0, 0]
				},
				"Lred2": {
					"rotation": ["0-math.sin((query.anim_time)*144)*2", 0, "22.5-math.sin((query.anim_time-0.1)*144)*2"]
				},
				"Lred3": {
					"rotation": ["0-math.sin((query.anim_time-0.1)*144)*2", 0, "27.5-math.sin((query.anim_time-0.2)*144)*1"]
				},
				"Lred4": {
					"rotation": ["0-math.sin((query.anim_time-0.2)*144)*2", "0+math.sin((query.anim_time-0.6)*144)*3", "27.5-math.sin((query.anim_time-0.3)*144)*2"]
				},
				"Lred5": {
					"rotation": ["5-math.sin((query.anim_time-0.3)*144)*2", "0+math.sin((query.anim_time-0.6)*144)*4", "15-math.sin((query.anim_time-0.4)*144)*4"]
				},
				"Lred6": {
					"rotation": [
						"7.4914-math.sin((query.anim_time-0.4)*144)*2",
						"0.3991+math.sin((query.anim_time-0.6)*144)*5",
						"-19.968-math.sin((query.anim_time-0.5)*144)*2"
					]
				},
				"Lred7": {
					"rotation": [
						"-0.2204-math.sin((query.anim_time-0.5)*144)*2",
						"5.0782+math.sin((query.anim_time-0.6)*144)*5",
						"-40.0085-math.sin((query.anim_time-0.6)*144)*2"
					]
				},
				"Lred8": {
					"rotation": [
						"-0.2204-math.sin((query.anim_time-0.6)*144)*2",
						"5.0823+math.sin((query.anim_time-0.6)*144)*5",
						"-32.5083-math.sin((query.anim_time-0.7)*144)*2"
					]
				},
				"left_blue": {
					"rotation": [0.88963, -17.44726, 2.43535],
					"position": [0, 0.5, -1]
				},
				"Lblue2": {
					"rotation": ["0-math.sin((query.anim_time)*144)*2", 0, "25-math.sin((query.anim_time-0.1)*144)*2"]
				},
				"Lblue3": {
					"rotation": ["0-math.sin((query.anim_time-0.1)*144)*2", 0, "35-math.sin((query.anim_time-0.2)*144)*1"]
				},
				"Lblue4": {
					"rotation": ["-12.5-math.sin((query.anim_time-0.2)*144)*2", "0+math.sin((query.anim_time-0.6)*144)*3", "22.5-math.sin((query.anim_time-0.3)*144)*2"]
				},
				"Lblue5": {
					"rotation": ["-12.5-math.sin((query.anim_time-0.3)*144)*8", "0+math.sin((query.anim_time-0.6)*144)*3", "5-math.sin((query.anim_time-0.4)*144)*4"]
				},
				"Lblue6": {
					"rotation": [
						"-7.4366-math.sin((query.anim_time-0.4)*144)*2",
						"-0.9762+math.sin((query.anim_time-0.7)*144)*3",
						"-22.4366-math.sin((query.anim_time-0.5)*144)*2"
					]
				},
				"Lblue7": {
					"rotation": [
						"1.6322-math.sin((query.anim_time-0.5)*144)*2",
						"-7.3212+math.sin((query.anim_time-0.8)*144)*3",
						"-40.1044-math.sin((query.anim_time-0.6)*144)*2"
					]
				},
				"Lblue8": {
					"rotation": ["0-math.sin((query.anim_time-0.6)*144)*2", "0+math.sin((query.anim_time-1)*144)*8", "-30-math.sin((query.anim_time-0.7)*144)*2"]
				},
				"right_red": {
					"rotation": [0, -10, 0]
				},
				"Rred1": {
					"rotation": [0, 0, -5]
				},
				"Rred2": {
					"rotation": ["0+math.sin((query.anim_time)*144)*2", 0, "-22.5+math.sin((query.anim_time-0.2)*144)*3"]
				},
				"Rred3": {
					"rotation": ["0+math.sin((query.anim_time-0.1)*144)*2", 0, "-27.5+math.sin((query.anim_time-0.2)*144)*1"]
				},
				"Rred4": {
					"rotation": ["0+math.sin((query.anim_time-0.2)*144)*2", "0-math.sin((query.anim_time-0.6)*144)*3", "-27.5+math.sin((query.anim_time-0.3)*144)*2"]
				},
				"Rred5": {
					"rotation": ["5+math.sin((query.anim_time-0.3)*144)*2", "0-math.sin((query.anim_time-0.6)*144)*4", "-15+math.sin((query.anim_time-0.4)*144)*4"]
				},
				"Rred6": {
					"rotation": ["7.5+math.sin((query.anim_time-0.4)*144)*2", "0-math.sin((query.anim_time-0.6)*144)*5", "17.5+math.sin((query.anim_time-0.5)*144)*2"]
				},
				"Rred7": {
					"rotation": ["0+math.sin((query.anim_time-0.5)*144)*2", "5.0782-math.sin((query.anim_time-0.6)*144)*5", "37.5+math.sin((query.anim_time-0.6)*144)*2"]
				},
				"Rred8": {
					"rotation": ["0+math.sin((query.anim_time-0.6)*144)*2", "-5-math.sin((query.anim_time-0.6)*144)*5", "30+math.sin((query.anim_time-0.7)*144)*2"]
				},
				"right_blue": {
					"rotation": [2.25001, 17.32824, 8.04401],
					"position": [0, 0.5, -1]
				},
				"Rblue1": {
					"rotation": [0, 0, -10]
				},
				"Rblue2": {
					"rotation": ["0+math.sin((query.anim_time)*144)*2", 0, "-25+math.sin((query.anim_time-0.7)*144)*3"]
				},
				"Rblue3": {
					"rotation": ["0+math.sin((query.anim_time-0.1)*144)*2", 0, "-35+math.sin((query.anim_time-0.2)*144)*1"]
				},
				"Rblue4": {
					"rotation": ["-12.5+math.sin((query.anim_time-0.2)*144)*2", "0-math.sin((query.anim_time-0.6)*144)*3", "-22.5+math.sin((query.anim_time-0.3)*144)*2"]
				},
				"Rblue5": {
					"rotation": ["-12.5+math.sin((query.anim_time-0.3)*144)*8", "0-math.sin((query.anim_time-0.6)*144)*3", "-5+math.sin((query.anim_time-0.4)*144)*4"]
				},
				"Rblue6": {
					"rotation": [
						"-7.4366+math.sin((query.anim_time-0.4)*144)*2",
						"0.9762-math.sin((query.anim_time-0.7)*144)*3",
						"22.4366+math.sin((query.anim_time-0.5)*144)*2"
					]
				},
				"Rblue7": {
					"rotation": [
						"1.6322+math.sin((query.anim_time-0.5)*144)*2",
						"7.3212-math.sin((query.anim_time-0.8)*144)*3",
						"40.1044+math.sin((query.anim_time-0.6)*144)*2"
					]
				},
				"Rblue8": {
					"rotation": ["0+math.sin((query.anim_time-0.6)*144)*2", "0-math.sin((query.anim_time-1)*144)*8", "30+math.sin((query.anim_time-0.7)*144)*2"]
				},
				"head": {
					"rotation": ["7.5+math.sin((query.anim_time-0.2)*144)*2.5", 0, 0]
				},
				"leftleg": {
					"rotation": ["-17.1005-math.sin((query.anim_time)*144)*2", 20.67214, "-17.7329-math.sin((query.anim_time)*144)*2"],
					"position": [0, "-2.5-math.sin((query.anim_time)*144)*0.3", 0.5]
				},
				"left_calf": {
					"rotation": ["12.4539+math.sin((query.anim_time)*144)*3", 1.08089, "12.6179+math.sin((query.anim_time)*144)*3.5"]
				},
				"rightleg": {
					"rotation": ["1.435-math.sin((query.anim_time)*144)*2", -9.53609, "17.7443+math.sin((query.anim_time)*144)*2"],
					"position": [1.25, "-2.5-math.sin((query.anim_time)*144)*0.3", -1.25]
				},
				"right_calf": {
					"rotation": ["7.2333+math.sin((query.anim_time)*144)*2", 7.75745, "-16.5167-math.sin((query.anim_time)*144)*3"]
				},
				"left_arm": {
					"position": [0, "0.5-math.sin((query.anim_time)*144)*0.3", 0]
				},
				"right_arm": {
					"position": [0, "0.5-math.sin((query.anim_time-0.1)*144)*0.3", 0]
				}
			}
		},
		"animation.deoxysattack.battle_stance": {
			"loop": true,
			"animation_length": 2.5,
			"bones": {
				"body": {
					"rotation": ["10-math.sin((query.anim_time)*144)*2", 0, 0],
					"position": [0, "-3.75-math.sin((query.anim_time)*144)*0.3", -2]
				},
				"hips": {
					"rotation": ["-10+math.sin((query.anim_time-0.3)*144)*2", 0, 0]
				},
				"left_red": {
					"rotation": [-10, 10, 0]
				},
				"Lred1": {
					"rotation": [0, 0, 2.5]
				},
				"Lred2": {
					"rotation": ["0-math.sin((query.anim_time)*144)*2", 0, "22.5-math.sin((query.anim_time)*144)*3"]
				},
				"Lred3": {
					"rotation": ["0-math.sin((query.anim_time-0.1)*144)*2", 0, "27.5-math.sin((query.anim_time-0.2)*144)*1"]
				},
				"Lred4": {
					"rotation": ["0-math.sin((query.anim_time-0.2)*144)*2", "0+math.sin((query.anim_time-0.6)*144)*3", "27.5-math.sin((query.anim_time-0.3)*144)*2"]
				},
				"Lred5": {
					"rotation": ["5-math.sin((query.anim_time-0.3)*144)*2", "0+math.sin((query.anim_time-0.6)*144)*4", "15-math.sin((query.anim_time-0.4)*144)*4"]
				},
				"Lred6": {
					"rotation": [
						"7.4914-math.sin((query.anim_time-0.4)*144)*2",
						"0.3991+math.sin((query.anim_time-0.6)*144)*5",
						"-19.968-math.sin((query.anim_time-0.5)*144)*2"
					]
				},
				"Lred7": {
					"rotation": [
						"-0.2204-math.sin((query.anim_time-0.5)*144)*2",
						"5.0782+math.sin((query.anim_time-0.6)*144)*5",
						"-40.0085-math.sin((query.anim_time-0.6)*144)*2"
					]
				},
				"Lred8": {
					"rotation": [
						"-0.2204-math.sin((query.anim_time-0.6)*144)*2",
						"5.0823+math.sin((query.anim_time-0.6)*144)*5",
						"-32.5083-math.sin((query.anim_time-0.7)*144)*2"
					]
				},
				"left_blue": {
					"rotation": [10.88963, -17.44726, 2.43535],
					"position": [0, 0.5, -1]
				},
				"Lblue2": {
					"rotation": ["0-math.sin((query.anim_time)*144)*2", 0, "25+math.sin((query.anim_time)*144)*3"]
				},
				"Lblue3": {
					"rotation": ["0-math.sin((query.anim_time-0.1)*144)*2", 0, "35-math.sin((query.anim_time-0.2)*144)*1"]
				},
				"Lblue4": {
					"rotation": ["-12.5-math.sin((query.anim_time-0.2)*144)*2", "0+math.sin((query.anim_time-0.6)*144)*3", "22.5-math.sin((query.anim_time-0.3)*144)*2"]
				},
				"Lblue5": {
					"rotation": ["-12.5-math.sin((query.anim_time-0.3)*144)*8", "0+math.sin((query.anim_time-0.6)*144)*3", "5-math.sin((query.anim_time-0.4)*144)*4"]
				},
				"Lblue6": {
					"rotation": [
						"-7.4366-math.sin((query.anim_time-0.4)*144)*2",
						"-0.9762+math.sin((query.anim_time-0.7)*144)*3",
						"-22.4366-math.sin((query.anim_time-0.5)*144)*2"
					]
				},
				"Lblue7": {
					"rotation": [
						"1.6322-math.sin((query.anim_time-0.5)*144)*2",
						"-7.3212+math.sin((query.anim_time-0.8)*144)*3",
						"-40.1044-math.sin((query.anim_time-0.6)*144)*2"
					]
				},
				"Lblue8": {
					"rotation": ["0-math.sin((query.anim_time-0.6)*144)*2", "0+math.sin((query.anim_time-1)*144)*8", "-30-math.sin((query.anim_time-0.7)*144)*2"]
				},
				"right_red": {
					"rotation": [-12.91802, -9.44991, 2.4743]
				},
				"Rred1": {
					"rotation": [0, 0, -5]
				},
				"Rred2": {
					"rotation": ["0+math.sin((query.anim_time)*144)*2", 0, "-22.5+math.sin((query.anim_time-0.2)*144)*3"]
				},
				"Rred3": {
					"rotation": ["0+math.sin((query.anim_time-0.1)*144)*2", 0, "-27.5+math.sin((query.anim_time-0.2)*144)*1"]
				},
				"Rred4": {
					"rotation": ["0+math.sin((query.anim_time-0.2)*144)*2", "0-math.sin((query.anim_time-0.6)*144)*3", "-27.5+math.sin((query.anim_time-0.3)*144)*2"]
				},
				"Rred5": {
					"rotation": ["5+math.sin((query.anim_time-0.3)*144)*2", "0-math.sin((query.anim_time-0.6)*144)*4", "-15+math.sin((query.anim_time-0.4)*144)*4"]
				},
				"Rred6": {
					"rotation": ["7.5+math.sin((query.anim_time-0.4)*144)*2", "0-math.sin((query.anim_time-0.6)*144)*5", "17.5+math.sin((query.anim_time-0.5)*144)*2"]
				},
				"Rred7": {
					"rotation": ["0+math.sin((query.anim_time-0.5)*144)*2", "5.0782-math.sin((query.anim_time-0.6)*144)*5", "37.5+math.sin((query.anim_time-0.6)*144)*2"]
				},
				"Rred8": {
					"rotation": ["0+math.sin((query.anim_time-0.6)*144)*2", "-5-math.sin((query.anim_time-0.6)*144)*5", "30+math.sin((query.anim_time-0.7)*144)*2"]
				},
				"right_blue": {
					"rotation": [11.90211, 13.16168, 7.28397],
					"position": [0, 0, -1]
				},
				"Rblue1": {
					"rotation": [0, 0, -10]
				},
				"Rblue2": {
					"rotation": ["0+math.sin((query.anim_time)*144)*2", 0, "-25+math.sin((query.anim_time-0.7)*144)*3"]
				},
				"Rblue3": {
					"rotation": ["0+math.sin((query.anim_time-0.1)*144)*2", 0, "-35+math.sin((query.anim_time-0.2)*144)*1"]
				},
				"Rblue4": {
					"rotation": ["-12.5+math.sin((query.anim_time-0.2)*144)*2", "0-math.sin((query.anim_time-0.6)*144)*3", "-22.5+math.sin((query.anim_time-0.3)*144)*2"]
				},
				"Rblue5": {
					"rotation": ["-12.5+math.sin((query.anim_time-0.3)*144)*8", "0-math.sin((query.anim_time-0.6)*144)*3", "-5+math.sin((query.anim_time-0.4)*144)*4"]
				},
				"Rblue6": {
					"rotation": [
						"-7.4366+math.sin((query.anim_time-0.4)*144)*2",
						"0.9762-math.sin((query.anim_time-0.7)*144)*3",
						"22.4366+math.sin((query.anim_time-0.5)*144)*2"
					]
				},
				"Rblue7": {
					"rotation": [
						"1.6322+math.sin((query.anim_time-0.5)*144)*2",
						"7.3212-math.sin((query.anim_time-0.8)*144)*3",
						"40.1044+math.sin((query.anim_time-0.6)*144)*2"
					]
				},
				"Rblue8": {
					"rotation": ["0+math.sin((query.anim_time-0.6)*144)*2", "0-math.sin((query.anim_time-1)*144)*8", "30+math.sin((query.anim_time-0.7)*144)*2"]
				},
				"head": {
					"rotation": ["-2.5+math.sin((query.anim_time-0.2)*144)*2.5", 0, 0]
				},
				"leftleg": {
					"rotation": ["-33.0481-math.sin((query.anim_time)*144)*2", 8.79957, "-28.3725-math.sin((query.anim_time)*144)*2"],
					"position": [-0.25, "-5.5-math.sin((query.anim_time)*144)*0.3", -1]
				},
				"left_calf": {
					"rotation": ["29.3481+math.sin((query.anim_time)*144)", -6.3721, "25.6585+math.sin((query.anim_time)*144)*3.6"]
				},
				"rightleg": {
					"rotation": ["7.908-math.sin((query.anim_time)*144)*2", -17.0721, "24.3063+math.sin((query.anim_time)*144)*2"],
					"position": [1.5, "-4.25-math.sin((query.anim_time)*144)*0.3", -1.25]
				},
				"right_calf": {
					"rotation": ["6.159+math.sin((query.anim_time)*144)*2", 8.63326, "-24.0425-math.sin((query.anim_time)*144)*3"]
				},
				"left_arm": {
					"position": [0, "0.5-math.sin((query.anim_time)*144)*0.3", 0]
				},
				"right_arm": {
					"position": [0, "0.5-math.sin((query.anim_time-0.1)*144)*0.3", 0]
				},
				"Lblue1": {
					"rotation": [0, 0, 0]
				}
			}
		},
		"animation.deoxysattack.ground_walk": {
			"loop": true,
			"animation_length": 2.5,
			"bones": {
				"body": {
					"rotation": ["20-math.sin((query.anim_time)*144)*2", 0, 0],
					"position": [0, "-2+math.sin((query.anim_time)*144)*1.5", -5]
				},
				"hips": {
					"rotation": [5, 0, 0]
				},
				"left_red": {
					"rotation": [0, 10, 0]
				},
				"Lred1": {
					"rotation": [0, 0, "5-math.sin((query.anim_time)*144)*3"],
					"position": [0, 0, 0]
				},
				"Lred2": {
					"rotation": ["0-math.sin((query.anim_time)*144)*3", 0, "22.5-math.sin((query.anim_time-0.1)*144)*3"]
				},
				"Lred3": {
					"rotation": ["0-math.sin((query.anim_time-0.1)*144)*2", 0, "27.5-math.sin((query.anim_time-0.2)*144)*1"]
				},
				"Lred4": {
					"rotation": ["0-math.sin((query.anim_time-0.2)*144)*2", "0+math.sin((query.anim_time-0.6)*144)*3", "27.5-math.sin((query.anim_time-0.3)*144)*2"]
				},
				"Lred5": {
					"rotation": [
						"5.1673-math.sin((query.anim_time-0.3)*144)*2",
						"0.281+math.sin((query.anim_time-0.6)*144)*4",
						"12.5102-math.sin((query.anim_time-0.4)*144)*5"
					]
				},
				"Lred6": {
					"rotation": [
						"7.2846-math.sin((query.anim_time-0.4)*144)*2",
						"0.0046+math.sin((query.anim_time-0.6)*144)*5",
						"-17.4907-math.sin((query.anim_time-0.5)*144)*4"
					]
				},
				"Lred7": {
					"rotation": [
						"-1.1186-math.sin((query.anim_time-0.5)*144)*2",
						"-0.2829+math.sin((query.anim_time-0.6)*144)*5",
						"-25.1194-math.sin((query.anim_time-0.6)*144)*5"
					]
				},
				"Lred8": {
					"rotation": [
						"-1.1202-math.sin((query.anim_time-0.6)*144)*2",
						"-0.3032+math.sin((query.anim_time-0.6)*144)*5",
						"-17.6278-math.sin((query.anim_time-0.7)*144)*5"
					]
				},
				"left_blue": {
					"rotation": [0.88963, -17.44726, 2.43535],
					"position": [0, 0.5, -1]
				},
				"Lblue2": {
					"rotation": ["0-math.sin((query.anim_time)*144)*2", 0, "25-math.sin((query.anim_time-0.1)*144)*2"]
				},
				"Lblue3": {
					"rotation": ["0-math.sin((query.anim_time-0.1)*144)*2", 0, "35-math.sin((query.anim_time-0.2)*144)*1"]
				},
				"Lblue4": {
					"rotation": ["-12.5-math.sin((query.anim_time-0.2)*144)*2", "0+math.sin((query.anim_time-0.6)*144)*3", "22.5-math.sin((query.anim_time-0.3)*144)*2"]
				},
				"Lblue5": {
					"rotation": ["-12.5-math.sin((query.anim_time-0.3)*144)*8", "0+math.sin((query.anim_time-0.6)*144)*3", "5-math.sin((query.anim_time-0.4)*144)*4"]
				},
				"Lblue6": {
					"rotation": [
						"-7.4366-math.sin((query.anim_time-0.4)*144)*2",
						"-0.9762+math.sin((query.anim_time-0.7)*144)*3",
						"-22.4366-math.sin((query.anim_time-0.5)*144)*2"
					]
				},
				"Lblue7": {
					"rotation": [
						"0.736-math.sin((query.anim_time-0.5)*144)*2",
						"-7.5905+math.sin((query.anim_time-0.8)*144)*3",
						"-35.0319-math.sin((query.anim_time-0.6)*144)*2"
					]
				},
				"Lblue8": {
					"rotation": [
						"-0.8486-math.sin((query.anim_time-0.6)*144)*2",
						"-0.275+math.sin((query.anim_time-1)*144)*8",
						"-19.9679-math.sin((query.anim_time-0.7)*144)*2"
					]
				},
				"right_red": {
					"rotation": [0, -10, 0]
				},
				"Rred1": {
					"rotation": [0, 0, "-5+math.sin((query.anim_time-0.2)*144)*3"]
				},
				"Rred2": {
					"rotation": ["0+math.sin((query.anim_time)*144)*3", 0, "-22.5+math.sin((query.anim_time-0.1)*144)*3"]
				},
				"Rred3": {
					"rotation": ["0+math.sin((query.anim_time-0.1)*144)*2", 0, "-27.5+math.sin((query.anim_time-0.2)*144)*1"]
				},
				"Rred4": {
					"rotation": ["0+math.sin((query.anim_time-0.2)*144)*2", "0-math.sin((query.anim_time-0.6)*144)*3", "-27.5+math.sin((query.anim_time-0.3)*144)*2"]
				},
				"Rred5": {
					"rotation": [
						"4.9924+math.sin((query.anim_time-0.3)*144)*2",
						"-2.495-math.sin((query.anim_time-0.6)*144)*4",
						"-15.1583-math.sin((query.anim_time-0.4)*144)*5"
					]
				},
				"Rred6": {
					"rotation": [
						"7.0267+math.sin((query.anim_time-0.4)*144)*2",
						"-2.0024-math.sin((query.anim_time-0.6)*144)*5",
						"12.2693+math.sin((query.anim_time-0.5)*144)*4"
					]
				},
				"Rred7": {
					"rotation": [
						"-1.6951+math.sin((query.anim_time-0.5)*144)*2",
						"-0.3963-math.sin((query.anim_time-0.6)*144)*5",
						"27.6804+math.sin((query.anim_time-0.6)*144)*5"
					]
				},
				"Rred8": {
					"rotation": [
						"0.0183+math.sin((query.anim_time-0.6)*144)*2",
						"-5.2604-math.sin((query.anim_time-0.6)*144)*5",
						"22.5045+math.sin((query.anim_time-0.7)*144)*10"
					]
				},
				"right_blue": {
					"rotation": [-0.8896, 17.4473, -2.4354],
					"position": [0, 0, -1]
				},
				"Rblue1": {
					"rotation": [0, 0, "-10+math.sin((query.anim_time-0.7)*144)*3"],
					"position": [0, 1, 0]
				},
				"Rblue2": {
					"rotation": ["0+math.sin((query.anim_time)*144)*2", 0, "-25+math.sin((query.anim_time-0.1)*144)*2"]
				},
				"Rblue3": {
					"rotation": ["0+math.sin((query.anim_time-0.1)*144)*2", 0, "-35+math.sin((query.anim_time-0.2)*144)*1"]
				},
				"Rblue4": {
					"rotation": ["-12.5+math.sin((query.anim_time-0.2)*144)*2", "0-math.sin((query.anim_time-0.6)*144)*3", "-22.5+math.sin((query.anim_time-0.3)*144)*2"]
				},
				"Rblue5": {
					"rotation": ["-12.5+math.sin((query.anim_time-0.3)*144)*8", "0-math.sin((query.anim_time-0.6)*144)*3", "-5+math.sin((query.anim_time-0.4)*144)*4"]
				},
				"Rblue6": {
					"rotation": [
						"-7.4366+math.sin((query.anim_time-0.4)*144)*2",
						"0.9762-math.sin((query.anim_time-0.7)*144)*3",
						"22.4366+math.sin((query.anim_time-0.5)*144)*2"
					]
				},
				"Rblue7": {
					"rotation": [
						"0.7496+math.sin((query.anim_time-0.5)*144)*2",
						"7.2591-math.sin((query.anim_time-0.8)*144)*3",
						"35.0275+math.sin((query.anim_time-0.6)*144)*2"
					]
				},
				"Rblue8": {
					"rotation": [
						"-0.7872+math.sin((query.anim_time-0.6)*144)*2",
						"-0.418-math.sin((query.anim_time-1)*144)*8",
						"19.9779+math.sin((query.anim_time-0.7)*144)*2"
					]
				},
				"head": {
					"rotation": ["-7.5+math.sin((query.anim_time-0.2)*144)*2.5", 0, 0]
				},
				"leftleg": {
					"rotation": ["24.0638-math.sin((query.anim_time)*144)*2", 18.73906, "0.2209+math.sin((query.anim_time)*144)*1"],
					"position": [-0.5, "-1.5+math.sin((query.anim_time)*144)*1.5", -3.5]
				},
				"left_calf": {
					"rotation": ["14.9859-math.sin((query.anim_time)*144)*2", 0.43502, "15.0333+math.sin((query.anim_time)*144)*2"]
				},
				"rightleg": {
					"rotation": ["35.2816-math.sin((query.anim_time-0.3)*144)*2", -12.10335, "3.6115-math.sin((query.anim_time-0.3)*144)*1"],
					"position": [0.75, "-1.5+math.sin((query.anim_time)*144)*1.5", -3.25]
				},
				"right_calf": {
					"rotation": ["7.2333-math.sin((query.anim_time)*144)*3", 7.75745, "-16.5167-math.sin((query.anim_time)*144)*2"]
				},
				"left_arm": {
					"rotation": [29.97911, -1.05627, 2.26603],
					"position": [0, "0.5-math.sin((query.anim_time)*144)*0.3", 0]
				},
				"right_arm": {
					"rotation": [29.97911, 1.05627, -2.26603],
					"position": [0, "0.5-math.sin((query.anim_time-0.1)*144)*0.3", 0]
				}
			}
		},
		"animation.deoxysattack.sleep": {
			"loop": true,
			"animation_length": 2.5,
			"bones": {
				"body": {
					"rotation": ["20-math.sin((query.anim_time)*144)*2", 0, 0],
					"position": [0, "2+math.sin((query.anim_time)*144)*1", -5]
				},
				"hips": {
					"rotation": [-12.5, 0, 0]
				},
				"left_red": {
					"rotation": [0, 10, 0]
				},
				"Lred1": {
					"rotation": [0, 0, "5-math.sin((query.anim_time)*144)*2"],
					"position": [0, 0, 0]
				},
				"Lred2": {
					"rotation": ["0-math.sin((query.anim_time)*144)*2", 0, "27.5-math.sin((query.anim_time-0.1)*144)*2"]
				},
				"Lred3": {
					"rotation": ["0-math.sin((query.anim_time-0.1)*144)*2", 0, "27.5-math.sin((query.anim_time-0.2)*144)*1"]
				},
				"Lred4": {
					"rotation": ["0-math.sin((query.anim_time-0.2)*144)*2", "0+math.sin((query.anim_time-0.6)*144)*2", "27.5-math.sin((query.anim_time-0.3)*144)*2"]
				},
				"Lred5": {
					"rotation": [
						"5.1673-math.sin((query.anim_time-0.3)*144)*2",
						"0.281+math.sin((query.anim_time-0.6)*144)*2",
						"12.5102-math.sin((query.anim_time-0.4)*144)*2"
					]
				},
				"Lred6": {
					"rotation": [
						"7.2846-math.sin((query.anim_time-0.4)*144)*2",
						"0.0046+math.sin((query.anim_time-0.6)*144)*2",
						"-17.4907-math.sin((query.anim_time-0.5)*144)*2"
					]
				},
				"Lred7": {
					"rotation": [
						"-1.1186-math.sin((query.anim_time-0.5)*144)*2",
						"-0.2829+math.sin((query.anim_time-0.6)*144)*2",
						"-25.1194-math.sin((query.anim_time-0.6)*144)*2"
					]
				},
				"Lred8": {
					"rotation": [
						"-1.1202-math.sin((query.anim_time-0.6)*144)*2",
						"-0.3032+math.sin((query.anim_time-0.6)*144)*2",
						"-17.6278-math.sin((query.anim_time-0.7)*144)*2"
					]
				},
				"left_blue": {
					"rotation": [0.88963, -17.44726, 2.43535],
					"position": [0, 0.5, -1]
				},
				"Lblue2": {
					"rotation": ["0-math.sin((query.anim_time)*144)*2", 0, "25-math.sin((query.anim_time-0.1)*144)*2"]
				},
				"Lblue3": {
					"rotation": ["0-math.sin((query.anim_time-0.1)*144)*2", 0, "35-math.sin((query.anim_time-0.2)*144)*1"]
				},
				"Lblue4": {
					"rotation": ["-12.5-math.sin((query.anim_time-0.2)*144)*2", "0+math.sin((query.anim_time-0.6)*144)*2", "22.5-math.sin((query.anim_time-0.3)*144)*2"]
				},
				"Lblue5": {
					"rotation": ["-12.5-math.sin((query.anim_time-0.3)*144)*2", "0+math.sin((query.anim_time-0.6)*144)*2", "5-math.sin((query.anim_time-0.4)*144)*2"]
				},
				"Lblue6": {
					"rotation": [
						"-7.4366-math.sin((query.anim_time-0.4)*144)*2",
						"-0.9762+math.sin((query.anim_time-0.7)*144)*2",
						"-22.4366-math.sin((query.anim_time-0.5)*144)*2"
					]
				},
				"Lblue7": {
					"rotation": [
						"0.736-math.sin((query.anim_time-0.5)*144)*2",
						"-7.5905+math.sin((query.anim_time-0.8)*144)*2",
						"-35.0319-math.sin((query.anim_time-0.6)*144)*2"
					]
				},
				"Lblue8": {
					"rotation": [
						"-0.8486-math.sin((query.anim_time-0.6)*144)*2",
						"-0.275+math.sin((query.anim_time-1)*144)*2",
						"-19.9679-math.sin((query.anim_time-0.7)*144)*2"
					]
				},
				"right_red": {
					"rotation": [0, -10, 0]
				},
				"Rred1": {
					"rotation": [0, 0, "-5+math.sin((query.anim_time-0.2)*144)*2"]
				},
				"Rred2": {
					"rotation": ["math.sin((query.anim_time)*144)*2", 0, "-25+math.sin((query.anim_time-0.1)*144)*2"]
				},
				"Rred3": {
					"rotation": ["0+math.sin((query.anim_time-0.1)*144)*2", 0, "-27.5+math.sin((query.anim_time-0.2)*144)*1"]
				},
				"Rred4": {
					"rotation": ["0+math.sin((query.anim_time-0.2)*144)*2", "0-math.sin((query.anim_time-0.6)*144)*2", "-27.5+math.sin((query.anim_time-0.3)*144)*2"]
				},
				"Rred5": {
					"rotation": [
						"4.9924+math.sin((query.anim_time-0.3)*144)*2",
						"-2.495-math.sin((query.anim_time-0.6)*144)*2",
						"-15.1583-math.sin((query.anim_time-0.4)*144)*2"
					]
				},
				"Rred6": {
					"rotation": [
						"7.0267+math.sin((query.anim_time-0.4)*144)*2",
						"-2.0024-math.sin((query.anim_time-0.6)*144)*2",
						"12.2693+math.sin((query.anim_time-0.5)*144)*2"
					]
				},
				"Rred7": {
					"rotation": [
						"-1.6951+math.sin((query.anim_time-0.5)*144)*2",
						"-0.3963-math.sin((query.anim_time-0.6)*144)*2",
						"27.6804+math.sin((query.anim_time-0.6)*144)*2"
					]
				},
				"Rred8": {
					"rotation": [
						"0.0183+math.sin((query.anim_time-0.6)*144)*2",
						"-5.2604-math.sin((query.anim_time-0.6)*144)*2",
						"22.5045+math.sin((query.anim_time-0.7)*144)*2"
					]
				},
				"right_blue": {
					"rotation": [-0.8896, 17.4473, -2.4354],
					"position": [0, 0, -1]
				},
				"Rblue1": {
					"rotation": [0, 0, "-10+math.sin((query.anim_time-0.7)*144)*2"],
					"position": [0, 1, 0]
				},
				"Rblue2": {
					"rotation": ["0+math.sin((query.anim_time)*144)*2", 0, "-25+math.sin((query.anim_time-0.1)*144)*2"]
				},
				"Rblue3": {
					"rotation": ["0+math.sin((query.anim_time-0.1)*144)*2", 0, "-35+math.sin((query.anim_time-0.2)*144)*1"]
				},
				"Rblue4": {
					"rotation": ["-12.5+math.sin((query.anim_time-0.2)*144)*2", "0-math.sin((query.anim_time-0.6)*144)*2", "-22.5+math.sin((query.anim_time-0.3)*144)*2"]
				},
				"Rblue5": {
					"rotation": ["-12.5+math.sin((query.anim_time-0.3)*144)*2", "0-math.sin((query.anim_time-0.6)*144)*2", "-5+math.sin((query.anim_time-0.4)*144)*2"]
				},
				"Rblue6": {
					"rotation": [
						"-7.4366+math.sin((query.anim_time-0.4)*144)*2",
						"0.9762-math.sin((query.anim_time-0.7)*144)*2",
						"22.4366+math.sin((query.anim_time-0.5)*144)*2"
					]
				},
				"Rblue7": {
					"rotation": [
						"0.7496+math.sin((query.anim_time-0.5)*144)*2",
						"7.2591-math.sin((query.anim_time-0.8)*144)*2",
						"35.0275+math.sin((query.anim_time-0.6)*144)*2"
					]
				},
				"Rblue8": {
					"rotation": [
						"-0.7872+math.sin((query.anim_time-0.6)*144)*2",
						"-0.418-math.sin((query.anim_time-1)*144)*2",
						"19.9779+math.sin((query.anim_time-0.7)*144)*2"
					]
				},
				"head": {
					"rotation": ["17.5+math.sin((query.anim_time-0.2)*144)*2.5", 0, 0]
				},
				"leftleg": {
					"rotation": ["-43.1826-math.sin((query.anim_time)*144)*0.5", 23.4093, "-34.3087+math.sin((query.anim_time)*144)*0.5"],
					"position": [-0.5, "1+math.sin((query.anim_time)*144)*1", -3.5]
				},
				"left_calf": {
					"rotation": ["40.6784-math.sin((query.anim_time)*144)*2", -20.22665, "56.1097+math.sin((query.anim_time)*144)*2"]
				},
				"rightleg": {
					"rotation": ["-32.764-math.sin((query.anim_time-0.3)*144)*0.5", -19.55116, "29.2224-math.sin((query.anim_time-0.3)*144)*0.5"],
					"position": [0.75, "1+math.sin((query.anim_time)*144)*1", -3.25]
				},
				"right_calf": {
					"rotation": ["37.7195-math.sin((query.anim_time)*144)*3", 15.80897, "-57.3296-math.sin((query.anim_time)*144)*2"]
				},
				"left_arm": {
					"rotation": [-15.02089, -1.05627, 2.26603],
					"position": [0, "0.5-math.sin((query.anim_time)*144)*0.3", 0]
				},
				"right_arm": {
					"rotation": [-15.02089, 1.05627, -2.26603],
					"position": [0, "0.5-math.sin((query.anim_time-0.1)*144)*0.3", 0]
				},
				"lefteye": {
					"position": [0, 0, 1]
				},
				"righteye6": {
					"position": [0, 0, 1]
				},
				"righteyelid": {
					"position": [0, 0, -1]
				},
				"lefteyelid": {
					"position": [0, 0, -1]
				}
			}
		},
		"animation.deoxysattack.faint": {
			"loop": true,
			"animation_length": 3,
			"bones": {
				"body": {
					"rotation": {
						"0.0": [10, 0, 0],
						"0.5": {
							"pre": [9.99067, 0.43399, -2.46207],
							"post": [9.99067, 0.43399, -2.46207],
							"lerp_mode": "catmullrom"
						},
						"0.75": {
							"post": [9.99067, -0.43399, 2.46207],
							"lerp_mode": "catmullrom"
						},
						"0.9167": {
							"post": [9.91615, -1.29876, 7.38733],
							"lerp_mode": "catmullrom"
						},
						"1.5417": {
							"post": [10.23188, -5.78514, 4.04744],
							"lerp_mode": "catmullrom"
						},
						"1.75": [21.00479, -9.3177, -4.31076],
						"1.9583": {
							"pre": [15.72021, -18.17385, -5.78108],
							"post": [15.72021, -18.17385, -5.78108],
							"lerp_mode": "catmullrom"
						},
						"2.125": {
							"post": [11.57514, -10.42633, -1.37116],
							"lerp_mode": "catmullrom"
						},
						"2.5": [26.55797, 1.26358, 7.68161]
					},
					"position": {
						"0.0": [0, -4.75, -2],
						"0.5": {
							"pre": [0, -4.75, 0.25],
							"post": [0, -4.75, 0.25],
							"lerp_mode": "catmullrom"
						},
						"0.75": {
							"post": [0.5, -4.75, 0.25],
							"lerp_mode": "catmullrom"
						},
						"0.9167": {
							"post": [1.5, -4.75, 0.25],
							"lerp_mode": "catmullrom"
						},
						"1.5417": {
							"post": [0.25, -4.75, -1.75],
							"lerp_mode": "catmullrom"
						},
						"1.75": [-1.75, -5.25, -3.75],
						"1.9583": [-2.96, -6.38, -2.63],
						"2.5": [2.25, -14.5, -6]
					}
				},
				"hips": {
					"rotation": {
						"0.0": [-10, 0, 0],
						"0.5": {
							"pre": [-9.96271, -0.86717, -4.92442],
							"post": [-9.96271, -0.86717, -4.92442],
							"lerp_mode": "catmullrom"
						},
						"0.75": {
							"post": [-10, 0, 0],
							"lerp_mode": "catmullrom"
						},
						"1.5417": {
							"post": [-10.08453, -7.38542, 1.30962],
							"lerp_mode": "catmullrom"
						},
						"1.9583": {
							"post": [-10.74602, -8.94007, 6.73295],
							"lerp_mode": "catmullrom"
						},
						"2.5": [-10.61798, -1.56968, 5.33786]
					}
				},
				"left_red": {
					"rotation": [-10, 10, 0]
				},
				"Lred1": {
					"rotation": [0, 0, 2.5],
					"position": [0, 0, 0],
					"scale": 1
				},
				"Lred2": {
					"rotation": {
						"0.0": [0, 0, 22.5],
						"0.5833": {
							"pre": [0, 7.5, -0.78189],
							"post": [0, 7.5, -0.78189],
							"lerp_mode": "catmullrom"
						},
						"0.875": {
							"post": [-7.5, 2.5, -10],
							"lerp_mode": "catmullrom"
						},
						"1.5833": {
							"post": [0, 0, -20],
							"lerp_mode": "catmullrom"
						},
						"2.2083": {
							"post": [0, 0, 7.5],
							"lerp_mode": "catmullrom"
						},
						"2.375": {
							"post": [0, 0, 25],
							"lerp_mode": "catmullrom"
						},
						"2.7083": [0, 0, 55]
					}
				},
				"Lred3": {
					"rotation": {
						"0.0": [0, 0, 27.5],
						"1.5833": {
							"pre": [0, 0, 17.5],
							"post": [0, 0, 17.5],
							"lerp_mode": "catmullrom"
						},
						"1.875": {
							"post": [0, 0, 10],
							"lerp_mode": "catmullrom"
						},
						"2.2083": {
							"post": [0, 0, -2.5],
							"lerp_mode": "catmullrom"
						},
						"2.3333": [0, 0, -7.5]
					}
				},
				"Lred4": {
					"rotation": {
						"0.0": [0, 0, 27.5],
						"0.5": {
							"pre": [0, 0, 37.5],
							"post": [0, 0, 37.5],
							"lerp_mode": "catmullrom"
						},
						"0.875": {
							"post": [0, 0, 35],
							"lerp_mode": "catmullrom"
						},
						"1.5833": {
							"post": [0, 0, 22.5],
							"lerp_mode": "catmullrom"
						},
						"2.2083": {
							"post": [0, 0, -5],
							"lerp_mode": "catmullrom"
						},
						"2.3333": {
							"post": [0, 0, -17.5],
							"lerp_mode": "catmullrom"
						},
						"2.5417": [0, 0, -12.5]
					}
				},
				"Lred5": {
					"rotation": {
						"0.0": [5, 0, 15],
						"0.5833": {
							"pre": [4.98501, -5.56227, 21.23162],
							"post": [4.98501, -5.56227, 21.23162],
							"lerp_mode": "catmullrom"
						},
						"0.875": {
							"post": [4.88206, -1.08089, 27.45392],
							"lerp_mode": "catmullrom"
						},
						"1.5833": {
							"post": [4.92442, -0.86717, 24.96271],
							"lerp_mode": "catmullrom"
						},
						"1.875": {
							"post": [4.99527, 0.21782, 12.5095],
							"lerp_mode": "catmullrom"
						},
						"2.2083": {
							"post": [4.69986, 1.70818, -4.9299],
							"lerp_mode": "catmullrom"
						},
						"2.375": {
							"post": [4.43745, 2.30644, -12.41063],
							"lerp_mode": "catmullrom"
						},
						"2.75": [4.69986, 1.70818, -4.9299]
					}
				},
				"Lred6": {
					"rotation": {
						"0.0": [7.4914, 0.3991, -19.968],
						"0.5": {
							"pre": [7.26749, -1.86594, -2.61264],
							"post": [7.26749, -1.86594, -2.61264],
							"lerp_mode": "catmullrom"
						},
						"0.875": {
							"post": [5.59441, -5.00617, 24.76112],
							"lerp_mode": "catmullrom"
						},
						"1.5833": {
							"post": [5.80692, -4.75781, 22.26443],
							"lerp_mode": "catmullrom"
						},
						"1.875": {
							"post": [6.19819, -4.23461, 17.2765],
							"lerp_mode": "catmullrom"
						},
						"2.0833": {
							"post": [6.96409, -2.79632, 4.83569],
							"lerp_mode": "catmullrom"
						},
						"2.2083": {
							"post": [7.44759, -0.90414, -10.05297],
							"lerp_mode": "catmullrom"
						},
						"2.3333": {
							"post": [7.4977, -0.25347, -15.01074],
							"lerp_mode": "catmullrom"
						},
						"2.5417": {
							"post": [7.13634, 2.31948, -34.84947],
							"lerp_mode": "catmullrom"
						},
						"2.7083": [7.4914, 0.3991, -19.968]
					}
				},
				"Lred7": {
					"rotation": {
						"0.0": [-0.2204, 5.0782, -40.0085],
						"0.5": {
							"pre": [1.53395, 4.84656, -19.93381],
							"post": [1.53395, 4.84656, -19.93381],
							"lerp_mode": "catmullrom"
						},
						"0.875": {
							"post": [4.1684, 2.91135, 17.60725],
							"lerp_mode": "catmullrom"
						},
						"1.5833": {
							"post": [4.29119, 2.72693, 20.10346],
							"lerp_mode": "catmullrom"
						},
						"1.875": {
							"post": [4.03766, 3.09025, 15.11023],
							"lerp_mode": "catmullrom"
						},
						"2.0833": {
							"post": [3.60026, 3.5905, 7.61415],
							"lerp_mode": "catmullrom"
						},
						"2.2083": {
							"post": [2.15451, 4.60485, -12.41209],
							"lerp_mode": "catmullrom"
						},
						"2.3333": [1.7443, 4.77504, -17.42599]
					}
				},
				"Lred8": {
					"rotation": {
						"0.0": [-0.2204, 5.0823, -32.5083],
						"0.5": {
							"pre": [1.10584, 4.96572, -17.45057],
							"post": [1.10584, 4.96572, -17.45057],
							"lerp_mode": "catmullrom"
						},
						"0.875": {
							"post": [3.75648, 3.43278, 17.61409],
							"lerp_mode": "catmullrom"
						},
						"1.5833": {
							"post": [3.60329, 3.59326, 15.11454],
							"lerp_mode": "catmullrom"
						},
						"1.875": {
							"post": [3.36896, 3.54526, 13.64017],
							"lerp_mode": "catmullrom"
						},
						"2.0833": {
							"post": [7.42986, 2.58474, 2.45228],
							"lerp_mode": "catmullrom"
						},
						"2.2083": {
							"post": [0.4466, 5.06747, -24.97876],
							"lerp_mode": "catmullrom"
						},
						"2.3333": [0.00208, 5.08706, -29.99843]
					}
				},
				"left_blue": {
					"rotation": [10.88963, -17.44726, 2.43535],
					"position": [0, 0.5, -1]
				},
				"Lblue2": {
					"rotation": {
						"0.0": [0, 0, 25],
						"0.5833": {
							"pre": [0, 7.5, 10],
							"post": [0, 7.5, 10],
							"lerp_mode": "catmullrom"
						},
						"0.875": {
							"post": [0, 0, 5],
							"lerp_mode": "catmullrom"
						},
						"1.5833": {
							"post": [0, -2.5, -5.32609],
							"lerp_mode": "catmullrom"
						},
						"2.1667": {
							"post": [0.57528, 3.259, 7.92998],
							"lerp_mode": "catmullrom"
						},
						"2.375": {
							"post": [0.13558, 17.711, 38.21476],
							"lerp_mode": "catmullrom"
						},
						"2.625": [0, 30, 70]
					}
				},
				"Lblue3": {
					"rotation": {
						"0.0": [0, 0, 35],
						"1.375": {
							"pre": [0, 0, 20],
							"post": [0, 0, 20],
							"lerp_mode": "catmullrom"
						},
						"1.7917": {
							"post": [0, 0, 6.68],
							"lerp_mode": "catmullrom"
						},
						"2.0417": {
							"post": [-0.98448, -7.43547, -4.93603],
							"lerp_mode": "catmullrom"
						},
						"2.2083": [0, -7.5, -12.5]
					}
				},
				"Lblue4": {
					"rotation": {
						"0.0": [-12.5, 0, 22.5],
						"0.5833": {
							"pre": [-12.2127, 2.68507, 34.7127],
							"post": [-12.2127, 2.68507, 34.7127],
							"lerp_mode": "catmullrom"
						},
						"0.875": {
							"post": [-12.51423, 0.16495, 23.27395],
							"lerp_mode": "catmullrom"
						},
						"1.375": {
							"post": [-12.48848, 0.54094, 24.94081],
							"lerp_mode": "catmullrom"
						},
						"1.7917": {
							"post": [-12.08681, -3.21132, 7.84007],
							"lerp_mode": "catmullrom"
						},
						"2.0417": {
							"post": [-10.86815, -6.21271, -6.90842],
							"lerp_mode": "catmullrom"
						},
						"2.2083": [-10.59061, -6.6782, -9.38034]
					}
				},
				"Lblue5": {
					"rotation": {
						"0.0": [-12.5, 0, 5],
						"0.5833": {
							"pre": [-12.39638, 1.61888, 12.32417],
							"post": [-12.39638, 1.61888, 12.32417],
							"lerp_mode": "catmullrom"
						},
						"0.875": {
							"post": [-12.31594, 2.15393, 14.76758],
							"lerp_mode": "catmullrom"
						},
						"1.5833": {
							"post": [-11.78977, 4.13067, 24.04323],
							"lerp_mode": "catmullrom"
						},
						"1.7917": {
							"post": [-12.48848, 0.54094, 7.44081],
							"lerp_mode": "catmullrom"
						},
						"2.0833": {
							"post": [-12.31594, -2.15393, -4.76758],
							"lerp_mode": "catmullrom"
						},
						"2.25": [-12.08681, -3.21132, -9.65993]
					}
				},
				"Lblue6": {
					"rotation": {
						"0.0": [-7.4366, -0.9762, -22.4366],
						"0.5833": {
							"pre": [-7.1566, 2.24945, 2.35927],
							"post": [-7.1566, 2.24945, 2.35927],
							"lerp_mode": "catmullrom"
						},
						"0.875": {
							"post": [-5.75893, 4.81284, 24.75774],
							"lerp_mode": "catmullrom"
						},
						"1.5833": {
							"post": [-5.5634, 4.83937, 24.77308],
							"lerp_mode": "catmullrom"
						},
						"1.7917": {
							"post": [-6.64666, 2.84131, 8.31455],
							"lerp_mode": "catmullrom"
						},
						"1.9583": {
							"post": [-6.78695, 2.02331, 9.31834],
							"lerp_mode": "catmullrom"
						},
						"2.0833": {
							"post": [-7.05634, -0.94887, -8.01585],
							"lerp_mode": "catmullrom"
						},
						"2.375": [-7.49298, -0.32621, -17.47868],
						"2.75": [-7.47182, 0.65183, -10.04261]
					}
				},
				"Lblue7": {
					"rotation": {
						"0.0": [1.6322, -7.3212, -40.1044],
						"0.5833": {
							"pre": [-0.98446, -7.43544, -19.936],
							"post": [-0.98446, -7.43544, -19.936],
							"lerp_mode": "catmullrom"
						},
						"0.875": {
							"post": [-4.5581, -0.95969, 9.83905],
							"lerp_mode": "catmullrom"
						},
						"1.375": {
							"post": [-5.48244, 7.42859, 18.83059],
							"lerp_mode": "catmullrom"
						},
						"1.5833": {
							"post": [-4.71748, 6.25005, 26.68408],
							"lerp_mode": "catmullrom"
						},
						"1.8333": {
							"post": [-4.93233, 1.99969, 14.15588],
							"lerp_mode": "catmullrom"
						},
						"2.0": {
							"post": [-3.18036, -0.34091, 1.76468],
							"lerp_mode": "catmullrom"
						},
						"2.2083": {
							"post": [-1.67727, -2.75098, -15.79301],
							"lerp_mode": "catmullrom"
						},
						"2.375": {
							"post": [-0.98446, -7.43544, -20.936],
							"lerp_mode": "catmullrom"
						},
						"2.5833": [-1.95153, -7.24302, -12.37644]
					}
				},
				"Lblue8": {
					"rotation": {
						"0.0": [0, 0, -30],
						"0.5833": {
							"pre": [0, 0, -17.5],
							"post": [0, 0, -17.5],
							"lerp_mode": "catmullrom"
						},
						"0.875": {
							"post": [0, 0, 25],
							"lerp_mode": "catmullrom"
						},
						"1.875": {
							"post": [0, 0, 11.71],
							"lerp_mode": "catmullrom"
						},
						"2.0417": {
							"post": [0, 0, 2.91],
							"lerp_mode": "catmullrom"
						},
						"2.1667": {
							"post": [0, 0, -25],
							"lerp_mode": "catmullrom"
						},
						"2.375": {
							"post": [0, 0, -31.24],
							"lerp_mode": "catmullrom"
						},
						"2.5833": [0, 0, -10]
					}
				},
				"right_red": {
					"rotation": [-12.91802, -9.44991, 2.4743]
				},
				"Rred1": {
					"rotation": [0, 0, -5],
					"scale": 1
				},
				"Rred2": {
					"rotation": {
						"0.0": [0, 0, -22.5],
						"0.875": [0, 0, 0],
						"2.0": [0, 0, 12.5],
						"2.25": [0, 0, -5],
						"2.4167": [0, 0, -27.5],
						"2.625": [0, 0, -62.5]
					}
				},
				"Rred3": {
					"rotation": {
						"0.0": [0, 0, -27.5],
						"0.875": [0, 0, -32.5],
						"2.0": [0, 0, -12.5],
						"2.25": [0, 0, 0]
					}
				},
				"Rred4": {
					"rotation": {
						"0.0": [0, 0, -27.5],
						"0.875": [0, 0, -32.5],
						"2.0": [0, 0, -12.5],
						"2.25": [0, 0, 5]
					}
				},
				"Rred5": {
					"rotation": {
						"0.0": [5, 0, -15],
						"0.875": [4.83045, 1.29256, -29.94548],
						"2.0": [4.99527, -0.21782, -12.5095],
						"2.25": [4.62111, -1.91134, 7.42287],
						"2.625": [4.33287, -2.49762, 14.9055],
						"2.75": [4.69986, -1.70818, 4.9299]
					}
				},
				"Rred6": {
					"rotation": {
						"0.0": [7.5, 0, 17.5],
						"0.875": [6.50446, 3.74196, -12.28729],
						"2.0": [6.53447, 3.55021, -10.93643],
						"2.25": [7.38733, 1.29876, 7.58385],
						"2.625": [7.47178, 0.65182, 12.54256],
						"2.75": [7.5, 0, 17.5]
					}
				},
				"Rred7": {
					"rotation": {
						"0.0": [0, 5.0782, 37.5],
						"0.875": [-4.40073, 2.53661, -22.59748],
						"2.0": [-4.1634, 2.91017, -17.6058],
						"2.25": [-2.5441, 4.39641, 7.40233],
						"2.625": [-1.74087, 4.77121, 17.42747],
						"2.75": [-1.53069, 4.84259, 19.93527]
					}
				},
				"Rred8": {
					"rotation": {
						"0.0": [0, -5, 30],
						"0.875": [3.54002, -3.53329, -15.10922],
						"2.0": [3.21873, -3.82821, -10.1076],
						"2.25": [1.29717, -4.82922, 14.9453]
					}
				},
				"right_blue": {
					"rotation": [9.1104, 17.4473, -2.4354],
					"position": [0, 0, -1]
				},
				"Rblue1": {
					"rotation": [0, 0, -10],
					"position": [0, 1, 0],
					"scale": 1
				},
				"Rblue2": {
					"rotation": {
						"0.0": [0, 0, -25],
						"0.875": {
							"pre": [0, 0, 7.5],
							"post": [0, 0, 7.5],
							"lerp_mode": "catmullrom"
						},
						"1.75": {
							"post": [-0.16792, 1.27524, 10.24438],
							"lerp_mode": "catmullrom"
						},
						"2.125": {
							"post": [0, 0, 12.5],
							"lerp_mode": "catmullrom"
						},
						"2.75": [0, -17.5, -62.5]
					}
				},
				"Rblue3": {
					"rotation": {
						"0.0": [0, 0, -35],
						"1.75": [0, 0, -12.5],
						"2.125": [0, 0, 5],
						"2.75": [0, 0, 2.5]
					}
				},
				"Rblue4": {
					"rotation": {
						"0.0": [-12.5, 0, -22.5],
						"0.875": {
							"pre": [-12.45392, -1.08089, -27.38206],
							"post": [-12.45392, -1.08089, -27.38206],
							"lerp_mode": "catmullrom"
						},
						"1.75": {
							"post": [-12.31594, 2.15393, -12.73242],
							"lerp_mode": "catmullrom"
						},
						"2.125": [-11.12501, 5.73576, 4.44093],
						"2.75": [-11.36081, 5.24826, 1.97761]
					}
				},
				"Rblue5": {
					"rotation": {
						"0.0": [-12.5, 0, -5],
						"0.875": {
							"pre": [-12.08681, -3.21132, -19.65993],
							"post": [-12.08681, -3.21132, -19.65993],
							"lerp_mode": "catmullrom"
						},
						"1.75": {
							"post": [-12.45392, -1.08089, -9.88206],
							"lerp_mode": "catmullrom"
						},
						"2.125": [-12.08681, 3.21132, 9.65993],
						"2.75": [-12.31594, 2.15393, 4.76758]
					}
				},
				"Rblue6": {
					"rotation": {
						"0.0": [-7.4366, 0.9762, 22.4366],
						"0.875": {
							"pre": [-5.96278, -4.55752, -22.26247],
							"post": [-5.96278, -4.55752, -22.26247],
							"lerp_mode": "catmullrom"
						},
						"1.75": {
							"post": [-6.50449, -3.74199, -14.78725],
							"lerp_mode": "catmullrom"
						},
						"2.125": {
							"post": [-7.49298, -0.32622, 12.5214],
							"lerp_mode": "catmullrom"
						},
						"2.625": [-7.47183, 0.65181, 19.95748],
						"2.75": [-7.47182, -0.65183, 10.04261]
					}
				},
				"Rblue7": {
					"rotation": {
						"0.0": [1.6322, 7.3212, 40.1044],
						"0.875": {
							"pre": [-5.54398, 5.05903, -20.24514],
							"post": [-5.54398, 5.05903, -20.24514],
							"lerp_mode": "catmullrom"
						},
						"1.75": {
							"post": [-4.58214, 5.94381, -10.23804],
							"lerp_mode": "catmullrom"
						},
						"2.125": {
							"post": [-1.3096, 7.38539, 17.41545],
							"lerp_mode": "catmullrom"
						},
						"2.625": [-0.98446, 7.43544, 19.936]
					}
				},
				"Rblue8": {
					"rotation": {
						"0.0": [0, 0, 30],
						"0.875": {
							"pre": [0, 0, -27.5],
							"post": [0, 0, -27.5],
							"lerp_mode": "catmullrom"
						},
						"1.75": {
							"post": [0, 0, -12.5],
							"lerp_mode": "catmullrom"
						},
						"2.125": [0, 0, 17.5]
					}
				},
				"head": {
					"rotation": {
						"0.0": [-2.5, 0, 0],
						"0.25": {
							"pre": [-7.47864, -0.32621, -7.49294],
							"post": [-7.47864, -0.32621, -7.49294],
							"lerp_mode": "catmullrom"
						},
						"0.6667": {
							"post": [-11.49021, -1.18074, -17.46046],
							"lerp_mode": "catmullrom"
						},
						"0.875": {
							"post": [-2.5, 0, 0],
							"lerp_mode": "catmullrom"
						},
						"1.0833": {
							"post": [-2.46207, 0.43399, 9.99067],
							"lerp_mode": "catmullrom"
						},
						"1.375": {
							"post": [-19.88443, 0.75155, 17.48436],
							"lerp_mode": "catmullrom"
						},
						"1.625": {
							"post": [-29.73322, 3.23828, 21.8251],
							"lerp_mode": "catmullrom"
						},
						"1.8333": {
							"post": [37.09312, 3.50587, -3.09018],
							"lerp_mode": "catmullrom"
						},
						"2.25": {
							"post": [10.18102, 19.81357, -22.34695],
							"lerp_mode": "catmullrom"
						},
						"2.6667": [34.82199, -9.20293, 5.67547]
					},
					"position": {
						"0.0": [0, 0, 0],
						"0.6667": {
							"pre": [-0.75, 0, 0],
							"post": [-0.75, 0, 0],
							"lerp_mode": "catmullrom"
						},
						"1.375": {
							"post": [0.5, 0, 0],
							"lerp_mode": "catmullrom"
						},
						"1.625": {
							"post": [0.74, 0, 1.61],
							"lerp_mode": "catmullrom"
						},
						"1.8333": {
							"post": [-1, 0, -2.5],
							"lerp_mode": "catmullrom"
						},
						"2.25": {
							"post": [-1, 0.5, -0.5],
							"lerp_mode": "catmullrom"
						},
						"2.6667": [0, 0.5, -1.25]
					}
				},
				"leftleg": {
					"rotation": {
						"0.0": [-33.0481, 8.79957, -28.3725],
						"0.5": {
							"pre": [-36.09025, 8.97488, -35.91276],
							"post": [-36.09025, 8.97488, -35.91276],
							"lerp_mode": "catmullrom"
						},
						"0.7083": {
							"post": [-13.42783, 16.10086, -30.13014],
							"lerp_mode": "catmullrom"
						},
						"1.375": {
							"post": [-13.42783, 16.10086, -30.13014],
							"lerp_mode": "catmullrom"
						},
						"1.75": {
							"post": [-13.42783, 16.10086, -30.13014],
							"lerp_mode": "catmullrom"
						},
						"2.5": [-28.75589, 33.09499, -30.54327]
					},
					"position": {
						"0.0": [-0.25, -5.5, -1],
						"0.7083": [-0.25, -5.75, 1],
						"1.375": [-0.42, -5.59, 1.08],
						"1.75": [-0.92, -5.59, 1.08],
						"1.9583": [-1.25, -5.5, 1],
						"2.5": [0.75, -15.5, -3]
					}
				},
				"left_calf": {
					"rotation": {
						"0.0": [29.3481, -6.3721, 25.6585],
						"0.5": {
							"pre": [45.39294, -16.26468, 43.10703],
							"post": [45.39294, -16.26468, 43.10703],
							"lerp_mode": "catmullrom"
						},
						"0.7083": {
							"post": [30.88086, -2.5643, 33.84631],
							"lerp_mode": "catmullrom"
						},
						"1.75": {
							"post": [30.88086, -2.5643, 33.84631],
							"lerp_mode": "catmullrom"
						},
						"1.9583": [33.45285, -1.27967, 31.70036],
						"2.125": [46.82085, -6.79147, 39.34731],
						"2.5": [68.77385, -19.19303, 56.55294]
					}
				},
				"rightleg": {
					"rotation": {
						"0.0": [7.908, -17.0721, 24.3063],
						"0.5": {
							"pre": [0.55427, -17.95261, 32.11707],
							"post": [0.55427, -17.95261, 32.11707],
							"lerp_mode": "catmullrom"
						},
						"1.0": {
							"post": [7.908, -17.0721, 24.3063],
							"lerp_mode": "catmullrom"
						},
						"1.5833": {
							"post": [-30.29755, -13.57621, 44.26678],
							"lerp_mode": "catmullrom"
						},
						"1.75": [-30.08665, -17.18525, 42.58387],
						"1.9583": [-30.08665, -17.18525, 42.58387],
						"2.5": [-47.64472, 6.95826, 65.62332]
					},
					"position": {
						"0.0": [1.5, -4.25, -1.25],
						"0.5": {
							"pre": [2.5, -5.25, -1.25],
							"post": [2.5, -5.25, -1.25],
							"lerp_mode": "catmullrom"
						},
						"1.0": {
							"post": [1.5, -4.25, -1.25],
							"lerp_mode": "catmullrom"
						},
						"1.75": [0.75, -6.75, -2.5],
						"1.9583": [0.75, -6.75, -2.5],
						"2.5": [0.75, -15.75, -3.5]
					}
				},
				"right_calf": {
					"rotation": {
						"0.0": [6.159, 8.63326, -24.0425],
						"0.5": {
							"pre": [12.47531, 9.5781, -31.57145],
							"post": [12.47531, 9.5781, -31.57145],
							"lerp_mode": "catmullrom"
						},
						"1.0": {
							"post": [6.159, 8.63326, -24.0425],
							"lerp_mode": "catmullrom"
						},
						"1.375": {
							"post": [41.66335, 1.86677, -51.8555],
							"lerp_mode": "catmullrom"
						},
						"1.5833": {
							"post": [33.63453, 18.38655, -40.39156],
							"lerp_mode": "catmullrom"
						},
						"1.75": [8.27537, 9.00142, -26.54482],
						"1.9583": [8.27537, 9.00142, -26.54482],
						"2.5": [31.29823, 17.38466, -71.51991]
					}
				},
				"left_arm": {
					"position": [0, 0.5, 0]
				},
				"right_arm": {
					"position": [0, 0.5, 0]
				},
				"lefteye": {
					"position": {
						"0.0": [0, 0, 0],
						"0.4583": [0, 0, 0],
						"0.5": [0, 0, 1],
						"0.5417": [0, 0, 0],
						"0.9167": [0, 0, 0],
						"0.9583": [0, 0, 1],
						"1.0": [0, 0, 0],
						"1.3333": [0, 0, 0],
						"1.375": [0, 0, 1]
					}
				},
				"righteye6": {
					"position": {
						"0.0": [0, 0, 0],
						"0.4583": [0, 0, 0],
						"0.5": [0, 0, 1],
						"0.5417": [0, 0, 0],
						"0.9167": [0, 0, 0],
						"0.9583": [0, 0, 1],
						"1.0": [0, 0, 0],
						"1.3333": [0, 0, 0],
						"1.375": [0, 0, 1]
					}
				},
				"eyelids": {
					"position": {
						"0.0": [0, 0, 0],
						"0.4583": [0, 0, 0],
						"0.5": [0, 0, -1],
						"0.5417": [0, 0, 0],
						"0.9167": [0, 0, 0],
						"0.9583": [0, 0, -1],
						"1.0": [0, 0, 0],
						"1.3333": [0, 0, 0],
						"1.375": [0, 0, -1]
					}
				},
				"Lblue1": {
					"scale": 1
				}
			}
		},
		"animation.deoxysattack.battlestancebase": {
			"loop": true,
			"animation_length": 2.5,
			"bones": {
				"body": {
					"rotation": [10, 0, 0],
					"position": [0, -3.75, -2]
				},
				"hips": {
					"rotation": [-10, 0, 0]
				},
				"left_red": {
					"rotation": [-10, 10, 0]
				},
				"Lred1": {
					"rotation": [0, 0, 2.5],
					"position": [0, 0, 0]
				},
				"Lred2": {
					"rotation": [0, 0, 22.5]
				},
				"Lred3": {
					"rotation": [0, 0, 27.5]
				},
				"Lred4": {
					"rotation": [0, 0, 27.5]
				},
				"Lred5": {
					"rotation": [5, 0, 15]
				},
				"Lred6": {
					"rotation": [7.4914, 0.3991, -19.968]
				},
				"Lred7": {
					"rotation": [-0.2204, 5.0782, -40.0085]
				},
				"Lred8": {
					"rotation": [-0.2204, 5.0823, -32.5083]
				},
				"left_blue": {
					"rotation": [10.88963, -17.44726, 2.43535],
					"position": [0, 0.5, -1]
				},
				"Lblue2": {
					"rotation": [0, 0, 25]
				},
				"Lblue3": {
					"rotation": [0, 0, 35]
				},
				"Lblue4": {
					"rotation": [-12.5, 0, 22.5]
				},
				"Lblue5": {
					"rotation": [-12.5, 0, 5]
				},
				"Lblue6": {
					"rotation": [-7.4366, -0.9762, -22.4366]
				},
				"Lblue7": {
					"rotation": [1.6322, -7.3212, -40.1044]
				},
				"Lblue8": {
					"rotation": [0, 0, -30]
				},
				"right_red": {
					"rotation": [-12.91802, -9.44991, 2.4743]
				},
				"Rred1": {
					"rotation": [0, 0, -5]
				},
				"Rred2": {
					"rotation": [0, 0, -22.5]
				},
				"Rred3": {
					"rotation": [0, 0, -27.5]
				},
				"Rred4": {
					"rotation": [0, 0, -27.5]
				},
				"Rred5": {
					"rotation": [5, 0, -15]
				},
				"Rred6": {
					"rotation": [7.5, 0, 17.5]
				},
				"Rred7": {
					"rotation": [0, 5.0782, 37.5]
				},
				"Rred8": {
					"rotation": [0, -5, 30]
				},
				"right_blue": {
					"rotation": [9.1104, 17.4473, -2.4354],
					"position": [0, 0, -1]
				},
				"Rblue1": {
					"rotation": [0, 0, -10],
					"position": [0, 1, 0]
				},
				"Rblue2": {
					"rotation": [0, 0, -25]
				},
				"Rblue3": {
					"rotation": [0, 0, -35]
				},
				"Rblue4": {
					"rotation": [-12.5, 0, -22.5]
				},
				"Rblue5": {
					"rotation": [-12.5, 0, -5]
				},
				"Rblue6": {
					"rotation": [-7.4366, 0.9762, 22.4366]
				},
				"Rblue7": {
					"rotation": [1.6322, 7.3212, 40.1044]
				},
				"Rblue8": {
					"rotation": [0, 0, 30]
				},
				"head": {
					"rotation": [-2.5, 0, 0]
				},
				"leftleg": {
					"rotation": [-33.0481, 8.79957, -28.3725],
					"position": [-0.25, -5.5, -1]
				},
				"left_calf": {
					"rotation": [29.3481, -6.3721, 25.6585]
				},
				"rightleg": {
					"rotation": [7.908, -17.0721, 24.3063],
					"position": [1.5, -4.25, -1.25]
				},
				"right_calf": {
					"rotation": [6.159, 8.63326, -24.0425]
				},
				"left_arm": {
					"position": [-1, 0.5, 0]
				},
				"right_arm": {
					"position": [1, 0.5, 0]
				}
			}
		}
	}
}