{
	"format_version": "1.8.0",
	"animations": {
		"animation.sneasler.ground_idle": {
			"loop": true,
			"bones": {
				"body": {
					"position": [0, -0.7, 0]
				},
				"waist": {
					"rotation": [0, 0, 9],
					"position": [0, -0.2, 0]
				},
				"torso": {
					"rotation": ["Math.cos((query.anim_time-0.2) * 90 * 1) * 3", 0, -9]
				},
				"head": {
					"rotation": ["Math.cos((query.anim_time-0.6) * 90 * 1) * -6", 0, 0]
				},
				"feather": {
					"rotation": ["-47.5+Math.cos((query.anim_time-0.8) * 90 * 1) * -1", 22.5, 0]
				},
				"feather2": {
					"rotation": ["-35+Math.cos((query.anim_time-0.8) * 90 * 1+50) * -12", 0, 0]
				},
				"feather3": {
					"rotation": ["-50+Math.cos((query.anim_time-1) * 90 * 1) * -3", 0, 0]
				},
				"feather4": {
					"rotation": ["-32.5+Math.cos((query.anim_time-1.4) * 90 * 1) * -8", 0, 0]
				},
				"arm_right": {
					"rotation": [30, 22.5, -46.5]
				},
				"arm_right2": {
					"rotation": [45, -90, 0]
				},
				"hand_right": {
					"rotation": [10, 5, -15]
				},
				"arm_claw_back_right": {
					"rotation": [0, 0, -30]
				},
				"arm_claw_middle_right": {
					"rotation": [0, 0, -20]
				},
				"arm_claw_front_right": {
					"rotation": [0, 0, -10]
				},
				"arm_left": {
					"rotation": [0, "-5+Math.cos((query.anim_time-0.6) * 90 * 1) * 6", 70]
				},
				"arm_left2": {
					"rotation": [0, "10+Math.cos((query.anim_time-0.9) * 90 * 1) * 3", 0]
				},
				"arm_claw_middle_left": {
					"rotation": [0, 0, 5]
				},
				"arm_claw_front_left": {
					"rotation": [0, 0, 10]
				},
				"tail": {
					"rotation": [-20, 0, 0]
				},
				"leg_right": {
					"rotation": [1.5, 5, 8],
					"position": [0, 0.4, 0]
				},
				"leg_right2": {
					"rotation": [3, 0, 0]
				},
				"foot_right": {
					"rotation": [-3.5, 0, 0]
				},
				"feather5": {
					"rotation": ["-27.5+Math.cos((query.anim_time-1.4) * 90 * 1-60) * -5", 0, 0]
				},
				"feather6": {
					"rotation": ["Math.cos((query.anim_time-1.6) * 90 * 2) * 15", 0, 0]
				},
				"feather7": {
					"rotation": [22.5, 0, 0]
				},
				"feather8": {
					"rotation": [25, 0, 0]
				},
				"leg_left": {
					"rotation": [-15, -15, -8],
					"position": [0, -0.8, 0]
				},
				"leg_right3": {
					"rotation": [0, 0, -8]
				},
				"leg_left2": {
					"rotation": [25, 0, 0]
				},
				"leg_left3": {
					"rotation": [0, 0, 8]
				},
				"foot_left": {
					"rotation": [-8, 0, 0]
				}
			}
		},
		"animation.sneasler.mouth_test": {
			"animation_length": 2,
			"bones": {
				"fang": {
					"rotation": {
						"0.0": [0, 0, 0],
						"0.6667": {"pre": [0, 0, 0], "post": [0, 0, 0]},
						"0.7083": {"pre": [0, 0, 0], "post": [0, 0, 11.5]},
						"1.5": {"pre": [0, 0, 11.5], "post": [0, 0, 11.5]},
						"1.5417": {"pre": [0, 0, 11.5], "post": [0, 0, 0]}
					},
					"position": {
						"0.0": [0, 0, 0],
						"0.6667": {"pre": [0, 0, 0], "post": [0, 0, 0]},
						"0.7083": {"pre": [0, 0, 0], "post": [0, 0.7, 0.4]},
						"1.5": {"pre": [0, 0.7, 0.4], "post": [0, 0.7, 0.4]},
						"1.5417": {"pre": [0, 0.7, 0.4], "post": [0, 0, 0]}
					}
				},
				"jaw": {
					"position": {
						"0.0": [0, 0, 0],
						"0.6667": {"pre": [0, 0, 0], "post": [0, 0, 0]},
						"0.7083": {"pre": [0, 0, 0], "post": [0, 0, 0.61]},
						"1.5": {"pre": [0, 0, 0.61], "post": [0, 0, 0.61]},
						"1.5417": {"pre": [0, 0, 0.61], "post": [0, 0, 0]}
					}
				}
			}
		},
		"animation.sneasler.blink": {
			"animation_length": 0.16667,
			"bones": {
				"eyelid_right": {
					"position": {
						"0.0": [0, 0, -0.1],
						"0.125": [0, 0, -0.1],
						"0.1667": [0, 0, 0]
					}
				},
				"eyelid_left": {
					"position": {
						"0.0": [0, 0, -0.1],
						"0.125": [0, 0, -0.1],
						"0.1667": [0, 0, 0]
					}
				}
			}
		},
		"animation.sneasler.cry": {
			"animation_length": 1,
			"bones": {
				"head": {
					"rotation": {
						"0.0": [0, 0, 0],
						"0.0833": [-0.9, 0, 0],
						"0.1667": [0.8, 0, 0],
						"0.25": [-1.37, 0, 0],
						"0.2917": [-1.6, 0, 0],
						"0.3333": [-1.37, 0, 0],
						"0.4167": [0.3, 0, 0],
						"0.5": [0, 0, 0]
					}
				},
				"fang": {
					"rotation": {
						"0.0": [0, 0, 0],
						"0.0417": {"pre": [0, 0, 0], "post": [0, 0, 11.5]},
						"0.1667": {"pre": [0, 0, 11.5], "post": [0, 0, 11.5]},
						"0.2083": {"pre": [0, 0, 11.5], "post": [0, 0, 0]},
						"0.25": {"pre": [0, 0, 0], "post": [0, 0, 11.5]},
						"0.4583": {"pre": [0, 0, 11.5], "post": [0, 0, 11.5]},
						"0.5": {"pre": [0, 0, 11.5], "post": [0, 0, 0]}
					},
					"position": {
						"0.0": [0, 0, 0],
						"0.0417": {"pre": [0, 0, 0], "post": [0, 0.7, 0.4]},
						"0.1667": {"pre": [0, 0.7, 0.4], "post": [0, 0.7, 0.4]},
						"0.2083": {"pre": [0, 0.7, 0.4], "post": [0, 0, 0]},
						"0.25": {"pre": [0, 0, 0], "post": [0, 0.7, 0.4]},
						"0.4583": {"pre": [0, 0.7, 0.4], "post": [0, 0.7, 0.4]},
						"0.5": {"pre": [0, 0.7, 0.4], "post": [0, 0, 0]}
					}
				},
				"feather": {
					"rotation": {
						"0.0": [0, 0, 0],
						"0.0833": [0.9, 0, 0],
						"0.1667": [-0.8, 0, 0],
						"0.25": [1.37, 0, 0],
						"0.2917": [1.6, 0, 0],
						"0.3333": [1.37, 0, 0],
						"0.4167": [-0.3, 0, 0],
						"0.5": [0, 0, 0]
					}
				},
				"jaw": {
					"position": {
						"0.0": [0, 0, 0],
						"0.0417": {"pre": [0, 0, 0], "post": [0, 0, 0.61]},
						"0.1667": {"pre": [0, 0, 0.61], "post": [0, 0, 0.61]},
						"0.2083": {"pre": [0, 0, 0.61], "post": [0, 0, 0]},
						"0.25": {"pre": [0, 0, 0], "post": [0, 0, 0.61]},
						"0.4583": {"pre": [0, 0, 0.61], "post": [0, 0, 0.61]},
						"0.5": {"pre": [0, 0, 0.61], "post": [0, 0, 0]}
					}
				}
			},
			"sound_effects": {
				"0.0": {
					"effect": "pokemon.sneasler.cry"
				}
			}
		},
		"animation.sneasler.ground_walk": {
			"loop": true,
			"bones": {
				"waist": {
					"rotation": ["12.5+math.sin(q.anim_time*90*8)*1", 0.5, 0],
					"position": [0, "-0.3+math.sin(q.anim_time*90*8)*0.3", 0]
				},
				"head": {
					"rotation": ["-7.5-math.sin(q.anim_time*90*8-50)*3", 0, 0]
				},
				"feather": {
					"rotation": [-47.5, 22.5, 0]
				},
				"feather2": {
					"rotation": ["-35+math.sin(q.anim_time*90*8)*4", 0, 0]
				},
				"feather3": {
					"rotation": ["-50+math.sin(q.anim_time*90*8-90)*4", 0, 0]
				},
				"feather4": {
					"rotation": ["-32.5+math.sin(q.anim_time*90*8-90)*6", 0, 0]
				},
				"feather5": {
					"rotation": [-27.5, 0, 0]
				},
				"feather6": {
					"rotation": [15, 0, 0]
				},
				"feather7": {
					"rotation": [22.5, 0, 0]
				},
				"feather8": {
					"rotation": [25, 0, 0]
				},
				"arm_right": {
					"rotation": [0, -47.5, 0]
				},
				"arm_right2": {
					"rotation": [0, -102.5, 0]
				},
				"arm_claw_back_right": {
					"rotation": [0, 0, -15]
				},
				"arm_claw_front_right": {
					"rotation": [0, 0, 15]
				},
				"arm_left": {
					"rotation": [0, "-25+math.sin(q.anim_time*90*8)*2.5", 67.5]
				},
				"arm_left2": {
					"rotation": [0, 25, 0]
				},
				"hand_left": {
					"rotation": [0, 22.5, 15]
				},
				"arm_claw_back_left": {
					"rotation": [0, 0, 10]
				},
				"arm_claw_front_left": {
					"rotation": [0, 0, -5]
				},
				"tail": {
					"rotation": [-5, "math.sin(q.anim_time*90*4-90)*5", "math.sin(q.anim_time*90*4-90)*1"]
				},
				"leg_right": {
					"rotation": ["5+math.sin(q.anim_time*90*4+90)*25", 0, 0],
					"position": [0, "math.clamp(math.sin(q.anim_time*90*4+90*0)*2,0,180)", -0.25]
				},
				"leg_right2": {
					"rotation": ["math.clamp(-math.sin(q.anim_time*90*4-180)*35,-5,180)", 0, 0]
				},
				"leg_right3": {
					"rotation": ["math.clamp(-math.sin(q.anim_time*90*4-180)*35,-5,180)", 0, 0]
				},
				"leg_left": {
					"rotation": ["5+math.sin(q.anim_time*90*4-90)*25", 0, 0],
					"position": [0, "math.clamp(-math.sin(q.anim_time*90*4+90*0)*2,0,180)", -0.25]
				},
				"leg_left2": {
					"rotation": ["math.clamp(math.sin(q.anim_time*90*4-180)*35,-5,180)", 0, 0]
				},
				"leg_left3": {
					"rotation": ["math.clamp(math.sin(q.anim_time*90*4-180)*25,0,90)", 0, 0]
				}
			}
		},
		"animation.sneasler.battle_idle": {
			"loop": true,
			"bones": {
				"arm_right": {
					"rotation": [-28.78978, 40.05297, -62.85767]
				},
				"arm_right2": {
					"rotation": [0, -55, 0]
				},
				"arm_left": {
					"rotation": [0, 27.5, 0]
				},
				"arm_left2": {
					"rotation": [0, 72.5, 0]
				},
				"hand_left": {
					"rotation": [0, 50, 0]
				},
				"body": {
					"position": [0, -2, 0]
				},
				"waist": {
					"rotation": ["7.5+Math.cos((query.anim_time) * 90 * 1) * 3", 0, 0]
				},
				"torso": {
					"rotation": ["20+Math.cos((query.anim_time-0.2) * 90 * 1) * 1", 0, 0]
				},
				"head": {
					"rotation": ["-25+Math.cos((query.anim_time-0.5) * 90 * 1) * -4", 0, 0]
				},
				"feather": {
					"rotation": ["-47.5+math.cos((query.anim_time)*90*2)*5", 22.5, 0]
				},
				"feather2": {
					"rotation": ["-35+math.cos((query.anim_time)*90*2-90)*12", 0, 0]
				},
				"feather3": {
					"rotation": ["-45+math.cos((query.anim_time)*90*2-180)*15", 0, 0]
				},
				"feather4": {
					"rotation": ["-30+math.cos((query.anim_time)*90*2-225)*12", 0, 0]
				},
				"feather5": {
					"rotation": ["-25+math.cos((query.anim_time)*90*2-270)*15", 0, 0]
				},
				"feather6": {
					"rotation": ["15+math.cos((query.anim_time)*90*2-315)*15", 0, 0]
				},
				"feather7": {
					"rotation": ["20+math.cos((query.anim_time)*90*2-350)*25", 0, 0]
				},
				"feather8": {
					"rotation": [15, 0, 0]
				},
				"arm_claw_back_right": {
					"rotation": [0, 0, "-15+Math.cos((query.anim_time-0.2) * 90 * 1) * 1"]
				},
				"arm_claw_middle_right": {
					"rotation": [0, 0, "Math.cos((query.anim_time-0.2) * 90 * 1) * 1"]
				},
				"arm_claw_front_right": {
					"rotation": [0, 0, "15+Math.cos((query.anim_time-0.2) * 90 * 1) * 1"]
				},
				"arm_claw_back_left": {
					"rotation": [1.30321, -7.32857, "-15.1117+Math.cos((query.anim_time-1.3) * 90 * 1) * 2"]
				},
				"arm_claw_middle_left": {
					"rotation": [0, 0, "Math.cos((query.anim_time-1.3) * 90 * 1) * 2"]
				},
				"arm_claw_front_left": {
					"rotation": [1.50701, 4.76804, "17.5627+Math.cos((query.anim_time-1.3) * 90 * 1) * 2"]
				},
				"leg_right": {
					"rotation": [17.7721, -11.9464, 11.80131],
					"position": [0, 1, 0]
				},
				"leg_right2": {
					"rotation": [-5, 0, -12.5]
				},
				"leg_right3": {
					"rotation": [-7.5, 7.5, -2.5]
				},
				"foot_right": {
					"rotation": [-7.5, 0, 0]
				},
				"leg_left": {
					"rotation": [-29.22333, -25.53714, -11.79906]
				},
				"leg_left2": {
					"rotation": [32.5, 0, 0]
				},
				"leg_left3": {
					"rotation": [4.57935, 21.9986, 13.48632]
				},
				"foot_left": {
					"rotation": [0, 0, -2.5]
				}
			}
		}
	}
}