{
	"format_version": "1.8.0",
	"animations": {
		"animation.regigigas.ground_walk": {
			"loop": true,
			"animation_length": 4,
			"bones": {
				"torso": {
					"rotation": {
						"0.0": {
							"post": [0, 0, 0],
							"lerp_mode": "catmullrom"
						},
						"1.0": {
							"post": [7.57828, -14.99023, -0.44928],
							"lerp_mode": "catmullrom"
						},
						"2.0": {
							"post": [0, 0, 0],
							"lerp_mode": "catmullrom"
						},
						"3.0": {
							"post": [7.57013, 14.75967, 3.46078],
							"lerp_mode": "catmullrom"
						},
						"4.0": {
							"post": [0, 0, 0],
							"lerp_mode": "catmullrom"
						}
					}
				},
				"arm_right": {
					"rotation": {
						"0.0": {
							"post": [0, 0, -70],
							"lerp_mode": "catmullrom"
						},
						"1.0": {
							"post": [0, -35, -60],
							"lerp_mode": "catmullrom"
						},
						"2.0": {
							"post": [0, 0, -60],
							"lerp_mode": "catmullrom"
						},
						"3.0": {
							"post": [0, 35, -60],
							"lerp_mode": "catmullrom"
						},
						"4.0": {
							"post": [0, 0, -70],
							"lerp_mode": "catmullrom"
						}
					}
				},
				"arm_right2": {
					"rotation": {
						"0.0": {
							"post": [0, -20, 0],
							"lerp_mode": "catmullrom"
						},
						"1.0": {
							"post": [0, -25, 0],
							"lerp_mode": "catmullrom"
						},
						"2.0": {
							"post": [0, -50, 0],
							"lerp_mode": "catmullrom"
						},
						"3.0": {
							"post": [0, -25, 0],
							"lerp_mode": "catmullrom"
						},
						"4.0": {
							"post": [0, -20, 0],
							"lerp_mode": "catmullrom"
						}
					}
				},
				"arm_left": {
					"rotation": {
						"0.0": {
							"post": [0, 0, 70],
							"lerp_mode": "catmullrom"
						},
						"1.0": {
							"post": [0, -35, 60],
							"lerp_mode": "catmullrom"
						},
						"2.0": {
							"post": [0, 0, 60],
							"lerp_mode": "catmullrom"
						},
						"3.0": {
							"post": [0, 35, 60],
							"lerp_mode": "catmullrom"
						},
						"4.0": {
							"post": [0, 0, 70],
							"lerp_mode": "catmullrom"
						}
					}
				},
				"arm_left2": {
					"rotation": {
						"0.0": {
							"post": [0, 20, 0],
							"lerp_mode": "catmullrom"
						},
						"1.0": {
							"post": [0, 25, 0],
							"lerp_mode": "catmullrom"
						},
						"2.0": {
							"post": [0, 50, 0],
							"lerp_mode": "catmullrom"
						},
						"3.0": {
							"post": [0, 25, 0],
							"lerp_mode": "catmullrom"
						},
						"4.0": {
							"post": [0, 20, 0],
							"lerp_mode": "catmullrom"
						}
					}
				},
				"leg_left": {
					"rotation": {
						"0.0": {
							"post": [0, 0, 0],
							"lerp_mode": "catmullrom"
						},
						"1.0": {
							"post": [25, 0, 0],
							"lerp_mode": "catmullrom"
						},
						"2.0": {
							"post": [0, 0, 0],
							"lerp_mode": "catmullrom"
						},
						"3.0": {
							"post": [-50, 0, 0],
							"lerp_mode": "catmullrom"
						},
						"3.5": {
							"post": [0, 0, 0],
							"lerp_mode": "catmullrom"
						}
					}
				},
				"leg_left2": {
					"rotation": {
						"0.0": {
							"post": [0, 0, 0],
							"lerp_mode": "catmullrom"
						},
						"1.0": {
							"post": [17.5, 0, 0],
							"lerp_mode": "catmullrom"
						},
						"2.0": {
							"post": [0, 0, 0],
							"lerp_mode": "catmullrom"
						},
						"3.0": {
							"post": [17.5, 0, 0],
							"lerp_mode": "catmullrom"
						},
						"3.5": {
							"post": [0, 0, 0],
							"lerp_mode": "catmullrom"
						}
					},
					"position": {
						"0.0": {
							"post": [0, 0, 0],
							"lerp_mode": "catmullrom"
						},
						"1.0": {
							"post": [0, 7, 4],
							"lerp_mode": "catmullrom"
						},
						"2.0": {
							"post": [0, 0, 0],
							"lerp_mode": "catmullrom"
						},
						"3.0": {
							"post": [0, 7, 4],
							"lerp_mode": "catmullrom"
						},
						"3.5": {
							"post": [0, 0, 0],
							"lerp_mode": "catmullrom"
						}
					}
				},
				"leg_right": {
					"rotation": {
						"0.0": {
							"post": [0, 0, 0],
							"lerp_mode": "catmullrom"
						},
						"1.0": {
							"post": [-50, 0, 0],
							"lerp_mode": "catmullrom"
						},
						"2.0": {
							"post": [0, 0, 0],
							"lerp_mode": "catmullrom"
						},
						"3.0": {
							"post": [25, 0, 0],
							"lerp_mode": "catmullrom"
						},
						"3.5": {
							"post": [0, 0, 0],
							"lerp_mode": "catmullrom"
						}
					}
				},
				"leg_right2": {
					"rotation": {
						"0.0": {
							"post": [0, 0, 0],
							"lerp_mode": "catmullrom"
						},
						"1.0": {
							"post": [35, 0, 0],
							"lerp_mode": "catmullrom"
						},
						"2.0": {
							"post": [0, 0, 0],
							"lerp_mode": "catmullrom"
						},
						"3.0": {
							"post": [17.5, 0, 0],
							"lerp_mode": "catmullrom"
						},
						"3.5": {
							"post": [0, 0, 0],
							"lerp_mode": "catmullrom"
						}
					},
					"position": {
						"0.0": {
							"post": [0, 0, 0],
							"lerp_mode": "catmullrom"
						},
						"1.0": {
							"post": [0, 7, 10],
							"lerp_mode": "catmullrom"
						},
						"2.0": {
							"post": [0, 0, 0],
							"lerp_mode": "catmullrom"
						},
						"3.0": {
							"post": [0, 7, 4],
							"lerp_mode": "catmullrom"
						},
						"3.5": {
							"post": [0, 0, 0],
							"lerp_mode": "catmullrom"
						}
					}
				}
			}
		},
		"animation.regigigas.ground_idle": {
			"loop": true,
			"animation_length": 5,
			"bones": {
				"torso": {
					"rotation": {
						"0.0": {
							"post": [0, 0, 0],
							"lerp_mode": "catmullrom"
						},
						"1.25": {
							"post": [2.47983, -7.45, 0.00263],
							"lerp_mode": "catmullrom"
						},
						"3.75": {
							"post": [2.4971, 10.03375, 0.7597],
							"lerp_mode": "catmullrom"
						},
						"4.9583": {
							"post": [0, 0, 0],
							"lerp_mode": "catmullrom"
						}
					}
				},
				"arm_right": {
					"rotation": {
						"0.0": {
							"post": [0, 0, -75],
							"lerp_mode": "catmullrom"
						},
						"2.5": {
							"post": [0, -15, -75],
							"lerp_mode": "catmullrom"
						},
						"5.0": {
							"post": [0, 0, -75],
							"lerp_mode": "catmullrom"
						}
					}
				},
				"arm_right2": {
					"rotation": {
						"0.0": {
							"post": [0, 0, -25],
							"lerp_mode": "catmullrom"
						},
						"1.25": {
							"post": [0, -17.5, 0],
							"lerp_mode": "catmullrom"
						},
						"3.75": {
							"post": [0, -17.5, 0],
							"lerp_mode": "catmullrom"
						},
						"5.0": {
							"post": [0, 0, -25],
							"lerp_mode": "catmullrom"
						}
					}
				},
				"finger_right2": {
					"rotation": [0, 0, 0]
				},
				"finger_right5": {
					"rotation": [0, 0, -20],
					"position": [1.225, -1.2, 0]
				},
				"finger_right6": {
					"rotation": [0, 20, 0],
					"position": [1.225, 0, 1.025]
				},
				"finger_right7": {
					"rotation": [0, -20, 0],
					"position": [1.125, 0, -0.325]
				},
				"arm_left": {
					"rotation": {
						"0.0": {
							"post": [0, 0, 75],
							"lerp_mode": "catmullrom"
						},
						"2.5": {
							"post": [0, 15, 75],
							"lerp_mode": "catmullrom"
						},
						"5.0": {
							"post": [0, 0, 75],
							"lerp_mode": "catmullrom"
						}
					}
				},
				"arm_left2": {
					"rotation": {
						"0.0": {
							"post": [0, 0, 22.5],
							"lerp_mode": "catmullrom"
						},
						"1.25": {
							"post": [0, 17.5, 0],
							"lerp_mode": "catmullrom"
						},
						"3.75": {
							"post": [0, 17.5, 0],
							"lerp_mode": "catmullrom"
						},
						"5.0": {
							"post": [0, 0, 22.5],
							"lerp_mode": "catmullrom"
						}
					}
				},
				"finger_left5": {
					"rotation": [0, 0, 27.5],
					"position": [-1.95, -1.975, 0]
				},
				"finger_left6": {
					"rotation": [0, -20, 0],
					"position": [-1.325, 0, 1.725]
				},
				"finger_left7": {
					"rotation": [0, 22.5, 0],
					"position": [-1.75, 0, -2.25]
				},
				"leg_left": {
					"rotation": [0, -22.5, 0]
				},
				"leg_right": {
					"rotation": [0, 22.5, 0]
				}
			}
		},
		"animation.regigigas.faint": {
			"animation_length": 3,
			"bones": {
				"arm_right": {
					"rotation": {
						"0.0": {
							"post": [0, 0, -60],
							"lerp_mode": "catmullrom"
						},
						"1.5": {
							"post": [0, 0, -90],
							"lerp_mode": "catmullrom"
						},
						"3.0": {
							"post": [0, 0, -90],
							"lerp_mode": "catmullrom"
						}
					}
				},
				"arm_right2": {
					"rotation": {
						"0.0": {
							"post": [0, -45, 0],
							"lerp_mode": "catmullrom"
						},
						"1.5": {
							"post": [0, -20, 0],
							"lerp_mode": "catmullrom"
						},
						"3.0": {
							"post": [0, -20, 0],
							"lerp_mode": "catmullrom"
						}
					}
				},
				"arm_left": {
					"rotation": {
						"0.0": {
							"post": [0, 0, 60],
							"lerp_mode": "catmullrom"
						},
						"1.5": {
							"post": [0, 0, 90],
							"lerp_mode": "catmullrom"
						},
						"3.0": {
							"post": [0, 0, 90],
							"lerp_mode": "catmullrom"
						}
					}
				},
				"arm_left2": {
					"rotation": {
						"0.0": {
							"post": [0, 45, 0],
							"lerp_mode": "catmullrom"
						},
						"1.5": {
							"post": [0, 20, 0],
							"lerp_mode": "catmullrom"
						},
						"3.0": {
							"post": [0, 20, 0],
							"lerp_mode": "catmullrom"
						}
					}
				},
				"torso": {
					"rotation": {
						"0.0": {
							"post": [0, 0, 0],
							"lerp_mode": "catmullrom"
						},
						"1.5": {
							"post": [10, 0, 0],
							"lerp_mode": "catmullrom"
						},
						"3.0": {
							"post": [10, 0, 0],
							"lerp_mode": "catmullrom"
						}
					}
				}
			}
		}
	}
}