{
	"format_version": "1.8.0",
	"animations": {
		"animation.pawniard.ground_idle": {
			"loop": true,
			"bones": {
				"torso": {
					"position": [0, "0.1*(math.sin(q.anim_time*90*3-30)*1.3+0.8)", 0]
				},
				"head": {
					"rotation": ["math.sin(query.anim_time*90*2)*2", "math.sin(query.anim_time*90)*1", 0]
				},
				"arm_right": {
					"rotation": [0, "(math.sin(q.anim_time*90*3-30)*1.3+1.8)", "-52.5+(math.sin(q.anim_time*90*3-30)*1.3+1.8)"]
				},
				"forearm_right": {
					"rotation": [0, -27.5, 0]
				},
				"arm_left": {
					"rotation": [0, "-(math.sin(q.anim_time*90*3-30)*1.3+1.8)", "52.5-(math.sin(q.anim_time*90*3-30)*1.3+1.8)"]
				},
				"forearm_left": {
					"rotation": [0, 27.5, 0]
				},
				"leg_right": {
					"position": [0, "0.1*(math.sin(q.anim_time*90*3-30)*1.3+0.8)", 0]
				},
				"foot_right": {
					"rotation": ["1.5*(math.sin(q.anim_time*90*3-30)*1.3+0.8) ", 0, 0],
					"position": [0, "-0.1*(math.sin(q.anim_time*90*3-30)*1.3+0.8)", 0]
				},
				"leg_left": {
					"position": [0, "0.1*(math.sin(q.anim_time*90*3-30)*1.3+0.8)", 0]
				},
				"foot_left": {
					"rotation": ["1.5*(math.sin(q.anim_time*90*3-30)*1.3+0.8) ", 0, 0],
					"position": [0, "-0.1*(math.sin(q.anim_time*90*3-30)*1.3+0.8)", 0]
				}
			}
		},
		"animation.pawniard.blink": {
			"animation_length": 0.16667,
			"bones": {
				"eyelid_right": {
					"position": {
						"0.0": [-0.1, 0, -0.1],
						"0.125": [0, 0, 0],
						"0.1667": [0.1, 0, -0.1]
					}
				},
				"eyelid_left": {
					"position": {
						"0.0": [0.1, 0, -0.1],
						"0.125": [0, 0, 0],
						"0.1667": [0.1, 0, -0.1]
					}
				}
			}
		},
		"animation.pawniard.ground_walk": {
			"loop": true,
			"animation_length": 0.75,
			"bones": {
				"torso": {
					"rotation": {
						"0.0": [0, 0, -5],
						"0.375": [0, 0, 2.5],
						"0.75": [0, 0, -5]
					}
				},
				"head": {
					"rotation": {
						"0.0": [0, 0, -5],
						"0.4167": [0, 0, 5],
						"0.75": [0, 0, -5]
					}
				},
				"arm_right": {
					"rotation": {
						"0.0": [0, -35, -12.5],
						"0.4167": [0, 20, -12.5],
						"0.75": [0, -35, -12.5]
					}
				},
				"forearm_right": {
					"rotation": {
						"0.0": [0, -42.5, 0],
						"0.4167": [0, -22.5, 0],
						"0.75": [0, -42.5, 0]
					}
				},
				"arm_left": {
					"rotation": {
						"0.0": [0, -35, 12.5],
						"0.4167": [0, 35, 12.5],
						"0.75": [0, -35, 12.5]
					}
				},
				"forearm_left": {
					"rotation": {
						"0.0": [0, 20, 0],
						"0.4167": [0, 40, 0],
						"0.75": [0, 20, 0]
					}
				},
				"leg_right": {
					"rotation": {
						"0.0": [-2.5, 0, 0],
						"0.125": [-10, 0, 0],
						"0.25": [-7.5, 0, 0],
						"0.7083": [-2.5, 0, 0]
					},
					"position": {
						"0.0": [0, 0.4, 0],
						"0.125": [0, 0.4, -0.7],
						"0.25": [0, 0, -0.7],
						"0.5417": [0, 0, 0],
						"0.7083": [0, 0.4, 0]
					}
				},
				"leg_right2": {
					"rotation": {
						"0.0": [40, 0, 0],
						"0.125": [27.5, 0, 0],
						"0.25": [7.5, 0, 0],
						"0.5": [12.5, 0, 0],
						"0.75": [40, 0, 0]
					}
				},
				"foot_right": {
					"rotation": {
						"0.0": [25, 0, 0],
						"0.125": [5, 0, 0],
						"0.25": [2.5, 0, 0],
						"0.5": [5, 0, 0],
						"0.75": [25, 0, 0]
					}
				},
				"leg_left": {
					"rotation": {
						"0.0": [-10, 0, 0],
						"0.125": [-2.5, 0, 0],
						"0.5": [25, 0, 0],
						"0.75": [-10, 0, 0]
					},
					"position": {
						"0.0": [0, 0.4, -0.7],
						"0.125": [0, 0, -0.2],
						"0.25": [0, 0, 0],
						"0.5": [0, 0.5, -0.1],
						"0.75": [0, 0.4, -0.7]
					}
				},
				"leg_left2": {
					"rotation": {
						"0.0": [10, 0, 0],
						"0.125": [2.5, 0, 0],
						"0.25": [17.5, 0, 0],
						"0.5": [7.5, 0, 0],
						"0.75": [10, 0, 0]
					}
				}
			}
		},
		"animation.pawniard.faint": {
			"loop": true
		}
	}
}