{
	"format_version": "1.12.0",
	"minecraft:geometry": [
		{
			"description": {
				"identifier": "geometry.charmeleon",
				"texture_width": 128,
				"texture_height": 128,
				"visible_bounds_width": 4,
				"visible_bounds_height": 3.5,
				"visible_bounds_offset": [0, 1.25, 0]
			},
			"bones": [
				{
					"name": "body",
					"pivot": [0, 0, 2]
				},
				{
					"name": "torso",
					"parent": "body",
					"pivot": [0, 0, 2],
					"cubes": [
						{"origin": [-3.5, 4.5, -0.5], "size": [7, 8, 7], "pivot": [0, 0, 2], "rotation": [15, 0, 0], "uv": [0, 0]}
					]
				},
				{
					"name": "chest",
					"parent": "torso",
					"pivot": [0, 1, 2],
					"cubes": [
						{"origin": [-3, 11, -3], "size": [6, 6, 6], "uv": [72, 4]}
					]
				},
				{
					"name": "neck",
					"parent": "chest",
					"pivot": [0, 17, 2],
					"cubes": [
						{"origin": [-2, 17, -2], "size": [4, 3, 4], "uv": [46, 11]}
					]
				},
				{
					"name": "head",
					"parent": "neck",
					"pivot": [0, 20, 2],
					"cubes": [
						{"origin": [-3, 18.5, 1], "size": [6, 7, 7], "pivot": [0, 1, 2], "rotation": [15, 0, 0], "uv": [0, 15]},
						{"origin": [-2, 19.5, -3.5], "size": [4, 2, 4], "pivot": [0, 1, 2], "rotation": [10, 0, 0], "uv": [46, 40]},
						{"origin": [-1.5, 22, 10.8], "size": [3, 2, 6], "pivot": [0, 1, 2], "rotation": [30, 0, 0], "uv": [40, 3]}
					]
				},
				{
					"name": "jaw",
					"parent": "head",
					"pivot": [0, 19, -3],
					"rotation": [10, 0, 0],
					"cubes": [
						{"origin": [-1.5, 16.65846, -9.31116], "size": [3, 1, 3], "inflate": -0.0001, "pivot": [0, 1.15846, 2.18884], "rotation": [-10, 0, 0], "uv": [54, 23]}
					]
				},
				{
					"name": "bone17",
					"parent": "head",
					"pivot": [0, 1, 2],
					"cubes": [
						{"origin": [2, 22, 1], "size": [1, 2, 1], "inflate": 0.002, "pivot": [0, 1, 2], "rotation": [15, 0, 0], "uv": [0, 15]},
						{"origin": [2, 23.5, 4.95], "size": [1, 1, 3], "inflate": 0.003, "pivot": [0, 1, 2], "rotation": [25, 0, 0], "uv": [28, 44]},
						{"origin": [2, 21.5, 1], "size": [1, 3, 2], "inflate": 0.001, "pivot": [0, 1, 2], "rotation": [15, 0, 0], "uv": [0, 0]},
						{"origin": [3, 21.5, 1.5], "size": [0, 2, 2], "inflate": 0.0005, "pivot": [0, 1, 2], "rotation": [15, 0, 0], "uv": [0, 3]}
					]
				},
				{
					"name": "bone18",
					"parent": "head",
					"pivot": [0, 1, 2],
					"cubes": [
						{"origin": [-3, 22, 1], "size": [1, 2, 1], "inflate": 0.002, "pivot": [0, 1, 2], "rotation": [15, 0, 0], "uv": [0, 15], "mirror": true},
						{"origin": [-3, 23.5, 4.95], "size": [1, 1, 3], "inflate": 0.003, "pivot": [0, 1, 2], "rotation": [25, 0, 0], "uv": [28, 44], "mirror": true},
						{"origin": [-3, 21.5, 1], "size": [1, 3, 2], "inflate": 0.001, "pivot": [0, 1, 2], "rotation": [15, 0, 0], "uv": [0, 0], "mirror": true},
						{"origin": [-3, 21.5, 1.5], "size": [0, 2, 2], "inflate": 0.0005, "pivot": [0, 1, 2], "rotation": [15, 0, 0], "uv": [0, 3], "mirror": true}
					]
				},
				{
					"name": "arm_right",
					"parent": "chest",
					"pivot": [-3, 17, 0],
					"cubes": [
						{"origin": [-0.5, 14, -1.5], "size": [2, 3, 3], "pivot": [0, 1, 0], "rotation": [0, 0, -15], "uv": [25, 51]}
					]
				},
				{
					"name": "arm_right2",
					"parent": "arm_right",
					"pivot": [-4, 15, 0],
					"cubes": [
						{"origin": [-1.9, 14, -1], "size": [4, 2, 2], "pivot": [0, 1, 0], "rotation": [0, 0, -25], "uv": [21, 0]}
					]
				},
				{
					"name": "hand_right",
					"parent": "arm_right2",
					"pivot": [-8, 14, 0],
					"cubes": [
						{"origin": [-8.4, 14, -1], "size": [2, 2, 0], "pivot": [0, 1, 0], "rotation": [0, 0, -25], "uv": [21, 4]},
						{"origin": [-8.4, 14, 1], "size": [2, 2, 0], "pivot": [0, 1, 0], "rotation": [0, 0, -25], "uv": [0, 20]},
						{"origin": [-8.4, 14, 0], "size": [2, 2, 0], "pivot": [0, 1, 0], "rotation": [0, 0, -25], "uv": [0, 18]},
						{"origin": [-6.9, 14, -1.5], "size": [5, 2, 3], "pivot": [0, 1, 0], "rotation": [0, 0, -25], "uv": [48, 18]}
					]
				},
				{
					"name": "arm_left",
					"parent": "chest",
					"pivot": [3, 17, 0],
					"cubes": [
						{"origin": [-1.5, 14, -1.5], "size": [2, 3, 3], "pivot": [0, 1, 0], "rotation": [0, 0, 15], "uv": [35, 52]}
					]
				},
				{
					"name": "arm_left2",
					"parent": "arm_left",
					"pivot": [4, 15, 0],
					"cubes": [
						{"origin": [-2.1, 14, -1], "size": [4, 2, 2], "pivot": [0, 1, 0], "rotation": [0, 0, 25], "uv": [0, 54]}
					]
				},
				{
					"name": "hand_left",
					"parent": "arm_left2",
					"pivot": [8, 14, 0],
					"cubes": [
						{"origin": [6.4, 14, -1], "size": [2, 2, 0], "pivot": [0, 1, 0], "rotation": [0, 0, 25], "uv": [35, 20]},
						{"origin": [6.4, 14, 1], "size": [2, 2, 0], "pivot": [0, 1, 0], "rotation": [0, 0, 25], "uv": [26, 26]},
						{"origin": [6.4, 14, 0], "size": [2, 2, 0], "pivot": [0, 1, 0], "rotation": [0, 0, 25], "uv": [30, 26]},
						{"origin": [1.9, 14, -1.5], "size": [5, 2, 3], "pivot": [0, 1, 0], "rotation": [0, 0, 25], "uv": [0, 49]}
					]
				},
				{
					"name": "tail",
					"parent": "torso",
					"pivot": [0, 10, 4],
					"cubes": [
						{"origin": [-2.5, 4.5, 1], "size": [5, 5, 6], "uv": [28, 33]}
					]
				},
				{
					"name": "tail2",
					"parent": "tail",
					"pivot": [0, 5, 7],
					"cubes": [
						{"origin": [-2, 5, 7], "size": [4, 4, 5], "uv": [28, 0]}
					]
				},
				{
					"name": "tail3",
					"parent": "tail2",
					"pivot": [0, 5, 12],
					"cubes": [
						{"origin": [-1.5, 5.5, 12], "size": [3, 3, 3], "uv": [52, 0]}
					]
				},
				{
					"name": "tail4",
					"parent": "tail3",
					"pivot": [0, 6, 15],
					"cubes": [
						{"origin": [-1, 4.5, 15], "size": [2, 2, 3], "pivot": [0, 0, -1], "rotation": [5, 0, 0], "uv": [55, 46]}
					]
				},
				{
					"name": "fire",
					"parent": "tail4",
					"pivot": [0, 8, 17],
					"cubes": [
						{"origin": [-1, 13, 17], "size": [2, 2, 2], "uv": [43, 56]},
						{"origin": [0, 7, 13.5], "size": [0, 10, 9], "uv": [0, 20]},
						{"origin": [19, 7, -5.5], "size": [0, 10, 8], "pivot": [0, 0, -1], "rotation": [0, -90, 0], "uv": [18, 21]},
						{"origin": [-1.5, 10, 16.5], "size": [3, 3, 3], "uv": [26, 20]},
						{"origin": [-2, 6, 16], "size": [4, 4, 4], "uv": [33, 44]}
					]
				},
				{
					"name": "leg_left",
					"parent": "body",
					"pivot": [3, 7, 2],
					"rotation": [0, -25, 0],
					"cubes": [
						{"origin": [1.75154, 3.5, 3.39], "size": [4, 4, 6], "pivot": [4.75154, 0, 3.39], "rotation": [45, 0, 0], "uv": [0, 39]}
					]
				},
				{
					"name": "leg_left2",
					"parent": "leg_left",
					"pivot": [3.75154, 4, -0.61],
					"cubes": [
						{"origin": [2.25154, 2, 1.39], "size": [3, 4, 3], "pivot": [4.75154, 0, 3.39], "rotation": [25, 0, 0], "uv": [13, 51]}
					]
				},
				{
					"name": "foot_left",
					"parent": "leg_left2",
					"pivot": [3.75154, 2, 2.39],
					"cubes": [
						{"origin": [2.25154, 0, -3.61], "size": [0, 2, 5], "uv": [40, 8]},
						{"origin": [3.75154, 0, -3.61], "size": [0, 2, 5], "uv": [40, 6]},
						{"origin": [5.25154, 0, -3.61], "size": [0, 2, 5], "uv": [14, 36]},
						{"origin": [1.75154, 0, -1.61], "size": [4, 2, 5], "uv": [44, 30]}
					]
				},
				{
					"name": "leg_right",
					"parent": "body",
					"pivot": [-3, 7, 2],
					"rotation": [0, 25, 0],
					"cubes": [
						{"origin": [-5.75154, 3.5, 3.39], "size": [4, 4, 6], "pivot": [-4.75154, 0, 3.39], "rotation": [45, 0, 0], "uv": [34, 20]}
					]
				},
				{
					"name": "leg_right2",
					"parent": "leg_right",
					"pivot": [-3.75154, 4, -0.61],
					"cubes": [
						{"origin": [-5.25154, 2, 1.39], "size": [3, 4, 3], "pivot": [-4.75154, 0, 3.39], "rotation": [25, 0, 0], "uv": [46, 49]}
					]
				},
				{
					"name": "foot_right",
					"parent": "leg_right2",
					"pivot": [-3.75154, 2, 2.39],
					"cubes": [
						{"origin": [-2.25154, 0, -3.61], "size": [0, 2, 5], "uv": [34, 25]},
						{"origin": [-3.75154, 0, -3.61], "size": [0, 2, 5], "uv": [14, 34]},
						{"origin": [-5.25154, 0, -3.61], "size": [0, 2, 5], "uv": [19, 15]},
						{"origin": [-5.75154, 0, -1.61], "size": [4, 2, 5], "uv": [15, 44]}
					]
				}
			]
		}
	]
}