{
	"format_version": "1.12.0",
	"minecraft:geometry": [
		{
			"description": {
				"identifier": "geometry.megaswampert",
				"texture_width": 210,
				"texture_height": 190,
				"visible_bounds_width": 6,
				"visible_bounds_height": 4.5,
				"visible_bounds_offset": [0, 1.75, 0]
			},
			"bones": [
				{
					"name": "megaswampert",
					"pivot": [0, 0, 0]
				},
				{
					"name": "body",
					"parent": "megaswampert",
					"pivot": [0, 10, 5.25],
					"cubes": [
						{"origin": [-9, 17.75, -2.25], "size": [18, 13, 13], "uv": [73, 106]},
						{"origin": [-8, 25.75, 5.75], "size": [3, 6, 6], "inflate": -0.02, "uv": [68, 107]},
						{"origin": [5, 25.75, 5.75], "size": [3, 6, 6], "inflate": -0.02, "uv": [122, 107]},
						{"origin": [-5, 30.75, 2.5], "size": [10, 6, 8], "inflate": -0.001, "uv": [86, 92]},
						{"origin": [-6, 6.75, 1.25], "size": [12, 11, 8], "uv": [85, 132]}
					]
				},
				{
					"name": "head",
					"parent": "body",
					"pivot": [0, 30.75, 0.25],
					"cubes": [
						{"origin": [-5, 30.75, -5.5], "size": [10, 8, 9], "uv": [85, 70]},
						{"origin": [4, 33.75, -5], "size": [0, 22, 9], "pivot": [4, 41.75, -0.5], "rotation": [-10, 7.5, 15], "uv": [114, 47]},
						{"origin": [4, 23.75, 4], "size": [0, 32, 24], "pivot": [4, 41.75, -0.5], "rotation": [-10, 7.5, 15], "uv": [132, 27]},
						{"origin": [-4, 33.75, -5], "size": [0, 22, 9], "pivot": [-4, 41.75, -0.5], "rotation": [-10, -7.5, -15], "uv": [76, 47]},
						{"origin": [0, 33.75, -6], "size": [0, 10, 10], "inflate": -0.002, "pivot": [-4, 41.75, -0.5], "rotation": [-10, 0, 0], "uv": [94, 46]},
						{"origin": [-4, 23.75, 4], "size": [0, 32, 24], "pivot": [-4, 41.75, -0.5], "rotation": [-10, -7.5, -15], "uv": [28, 27]}
					]
				},
				{
					"name": "eye_left",
					"parent": "head",
					"pivot": [2.75, 35, -5.525],
					"cubes": [
						{"origin": [1.75, 33.5, -5.525], "size": [2, 3, 0], "inflate": 0.02, "pivot": [2.75, 35, -5.525], "rotation": [0, 0, -2.5], "uv": [110, 67]}
					]
				},
				{
					"name": "eye_right",
					"parent": "head",
					"pivot": [-2.75, 35, -5.525],
					"cubes": [
						{"origin": [-3.75, 33.5, -5.525], "size": [2, 3, 0], "inflate": 0.02, "pivot": [-2.75, 35, -5.525], "rotation": [0, 0, 2.5], "uv": [94, 67]}
					]
				},
				{
					"name": "eyelid_left",
					"parent": "head",
					"pivot": [2.75, 35, -4.925],
					"cubes": [
						{"origin": [1.75, 33.5, -5.425], "size": [2, 3, 1], "inflate": 0.04, "pivot": [2.75, 35, -5.425], "rotation": [0, 0, -2.5], "uv": [104, 66]}
					]
				},
				{
					"name": "eyelid_right",
					"parent": "head",
					"pivot": [-2.75, 35, -4.925],
					"cubes": [
						{"origin": [-3.75, 33.5, -5.425], "size": [2, 3, 1], "inflate": 0.04, "pivot": [-2.75, 35, -5.425], "rotation": [0, 0, 2.5], "uv": [98, 66]}
					]
				},
				{
					"name": "antennas",
					"parent": "head",
					"pivot": [0, 30.75, 0.25]
				},
				{
					"name": "right_antenna",
					"parent": "antennas",
					"pivot": [-5.25, 33.15, -0.55],
					"rotation": [22.5, 0, 0],
					"cubes": [
						{"origin": [-5.75, 31.15, -4.55], "size": [1, 5, 9], "uv": [74, 78]}
					]
				},
				{
					"name": "atenna_right_back",
					"parent": "right_antenna",
					"pivot": [-5.5, 33.275, -0.3],
					"rotation": [31.63333, 30.9629, 25.61873],
					"cubes": [
						{"origin": [-16.75882, 32.35919, 0.66225], "size": [11, 4, 0], "pivot": [-8.75882, 33.35919, 0.66225], "rotation": [-90, 0, 0], "uv": [61, 83]}
					]
				},
				{
					"name": "atenna_right_middle",
					"parent": "right_antenna",
					"pivot": [-5.75, 33.275, -0.55],
					"rotation": [27.5, 0, 12.5],
					"cubes": [
						{"origin": [-14.55, 31.775, -0.55], "size": [9, 2, 0], "pivot": [-6.55, 33.275, -0.55], "rotation": [-90, 0, 0], "uv": [56, 87]}
					]
				},
				{
					"name": "atenna_right_front",
					"parent": "right_antenna",
					"pivot": [-5.5, 32.525, -2.85],
					"rotation": [6.94714, -14.21826, -12.70881],
					"cubes": [
						{"origin": [-9.5, 31.525, -2.85], "size": [4, 2, 0], "pivot": [-8.5, 32.525, -2.85], "rotation": [-90, 0, 0], "uv": [66, 89]}
					]
				},
				{
					"name": "left_antenna",
					"parent": "antennas",
					"pivot": [5.25, 33.15, -0.55],
					"rotation": [22.5, 0, 0],
					"cubes": [
						{"origin": [4.75, 31.15, -4.55], "size": [1, 5, 9], "uv": [114, 78]}
					]
				},
				{
					"name": "atenna_left_back",
					"parent": "left_antenna",
					"pivot": [5.5, 33.275, -0.3],
					"rotation": [31.63333, -30.9629, -25.61873],
					"cubes": [
						{"origin": [5.75882, 32.35919, 0.66225], "size": [11, 4, 0], "pivot": [8.75882, 33.35919, 0.66225], "rotation": [-90, 0, 0], "uv": [125, 83]}
					]
				},
				{
					"name": "atenna_left_middle",
					"parent": "left_antenna",
					"pivot": [5.75, 33.275, -0.55],
					"rotation": [27.5, 0, -12.5],
					"cubes": [
						{"origin": [5.55, 31.775, -0.55], "size": [9, 2, 0], "pivot": [6.55, 33.275, -0.55], "rotation": [-90, 0, 0], "uv": [134, 87]}
					]
				},
				{
					"name": "atenna_left_front",
					"parent": "left_antenna",
					"pivot": [5.5, 32.525, -2.85],
					"rotation": [6.94714, 14.21826, 12.70881],
					"cubes": [
						{"origin": [5.5, 31.525, -2.85], "size": [4, 2, 0], "pivot": [8.5, 32.525, -2.85], "rotation": [-90, 0, 0], "uv": [134, 89]}
					]
				},
				{
					"name": "arms",
					"parent": "body",
					"pivot": [0, 10, -18]
				},
				{
					"name": "arm_right",
					"parent": "arms",
					"pivot": [-4, 30.75, 5.75],
					"cubes": [
						{"origin": [-21, 25.75, 2.75], "size": [17, 5, 6], "inflate": -0.001, "uv": [21, 106]}
					]
				},
				{
					"name": "forearm_right",
					"parent": "arm_right",
					"pivot": [-17, 30.75, 5.75],
					"cubes": [
						{"origin": [-31, 24.5, 0.25], "size": [14, 8, 11], "uv": [19, 117]},
						{"origin": [-28.75, 32, 4.25], "size": [9, 2, 3], "uv": [32, 136]},
						{"origin": [-27.75, 30.25, -0.25], "size": [7, 3, 3], "uv": [66, 133]},
						{"origin": [-27.75, 30.25, 8.75], "size": [7, 3, 3], "uv": [2, 133]}
					]
				},
				{
					"name": "fingers_right",
					"parent": "forearm_right",
					"pivot": [-20, 30.75, 5.75]
				},
				{
					"name": "finger_right_side2",
					"parent": "fingers_right",
					"pivot": [-31, 30, 8.25],
					"cubes": [
						{"origin": [-34.5, 28, 7.25], "size": [4, 2, 3], "uv": [20, 138]}
					]
				},
				{
					"name": "finger_right_side",
					"parent": "fingers_right",
					"pivot": [-31, 30, 2.75],
					"cubes": [
						{"origin": [-34.5, 28, 1.25], "size": [4, 2, 3], "uv": [55, 138]}
					]
				},
				{
					"name": "finger_right_middle",
					"parent": "fingers_right",
					"pivot": [-31, 30.25, 6.25],
					"cubes": [
						{"origin": [-35, 28.25, 4.25], "size": [4, 2, 3], "uv": [37, 141]}
					]
				},
				{
					"name": "arm_left",
					"parent": "arms",
					"pivot": [4, 30.75, 5.75],
					"cubes": [
						{"origin": [4, 25.75, 2.75], "size": [17, 5, 6], "inflate": -0.001, "uv": [141, 106]}
					]
				},
				{
					"name": "forearm_left",
					"parent": "arm_left",
					"pivot": [17, 30.75, 5.75],
					"cubes": [
						{"origin": [17, 24.5, 0.25], "size": [14, 8, 11], "uv": [139, 117]},
						{"origin": [19.75, 32, 4.25], "size": [9, 2, 3], "uv": [152, 136]},
						{"origin": [20.75, 30.25, -0.25], "size": [7, 3, 3], "uv": [122, 133]},
						{"origin": [20.75, 30.25, 8.75], "size": [7, 3, 3], "uv": [186, 133]}
					]
				},
				{
					"name": "fingers_left",
					"parent": "forearm_left",
					"pivot": [20, 30.75, 5.75]
				},
				{
					"name": "finger_left_side2",
					"parent": "fingers_left",
					"pivot": [31, 30, 8.25],
					"cubes": [
						{"origin": [30.5, 28, 7.25], "size": [4, 2, 3], "uv": [174, 138]}
					]
				},
				{
					"name": "finger_left_side",
					"parent": "fingers_left",
					"pivot": [31, 30, 2.75],
					"cubes": [
						{"origin": [30.5, 28, 1.25], "size": [4, 2, 3], "uv": [140, 138]}
					]
				},
				{
					"name": "finger_left_middle",
					"parent": "fingers_left",
					"pivot": [31, 30.25, 6.25],
					"cubes": [
						{"origin": [31, 28.25, 4.25], "size": [4, 2, 3], "uv": [157, 141]}
					]
				},
				{
					"name": "tail",
					"parent": "body",
					"pivot": [0, 8, 7],
					"cubes": [
						{"origin": [-3, 6.25, 5], "size": [6, 5, 7], "pivot": [0, 8.25, 7], "rotation": [-20, 0, 0], "uv": [92, 151]},
						{"origin": [0, 3, -1.25], "size": [0, 42, 31], "pivot": [0, 9, 9.25], "rotation": [5, 0, 0], "uv": [73, -22]}
					]
				},
				{
					"name": "leg_left",
					"parent": "megaswampert",
					"pivot": [5.75, 8.5, 5],
					"cubes": [
						{"origin": [3.75, 3, 1.5], "size": [5, 9, 7], "uv": [118, 144]},
						{"origin": [3.75, 2, 2.5], "size": [5, 1, 5], "uv": [119, 160]},
						{"origin": [7.5, 3.5, 2.75], "size": [2, 8, 4], "pivot": [8, 6.5, 4.75], "rotation": [-2.5, 2.5, 0], "uv": [142, 154]}
					]
				},
				{
					"name": "foot_left",
					"parent": "leg_left",
					"pivot": [5.75, 2, 5.5],
					"cubes": [
						{"origin": [3.75, 0, 1], "size": [5, 2, 7], "uv": [117, 166]},
						{"origin": [4.25, 0, 1], "size": [4, 2, 3], "inflate": 0.02, "uv": [122, 175]}
					]
				},
				{
					"name": "leg_right",
					"parent": "megaswampert",
					"pivot": [-5.75, 8.5, 5],
					"cubes": [
						{"origin": [-8.75, 3, 1.5], "size": [5, 9, 7], "uv": [68, 144]},
						{"origin": [-8.75, 2, 2.5], "size": [5, 1, 5], "uv": [71, 160]},
						{"origin": [-9.5, 3.5, 2.75], "size": [2, 8, 4], "pivot": [-8, 6.5, 4.75], "rotation": [-2.5, -2.5, 0], "uv": [56, 154]}
					]
				},
				{
					"name": "foot_right",
					"parent": "leg_right",
					"pivot": [-5.75, 2, 5.5],
					"cubes": [
						{"origin": [-8.75, 0, 1], "size": [5, 2, 7], "uv": [69, 166]},
						{"origin": [-8.25, 0, 1], "size": [4, 2, 3], "inflate": 0.02, "uv": [74, 175]}
					]
				}
			]
		}
	]
}