{
	"format_version": "1.8.0",
	"animations": {
		"animation.munkidori.ground_idle": {
			"loop": true,
			"bones": {
				"torso": {
					"position": [0, "math.sin(q.anim_time*90)*0.25", 0]
				},
				"head": {
					"rotation": [0, "math.sin(q.anim_time*90)*2.5", 0]
				},
				"jaw": {
					"rotation": ["math.sin(q.anim_time*90)*5", 0, 0]
				},
				"arm_right": {
					"rotation": [0, 0, -45]
				},
				"arm_right2": {
					"rotation": [0, "-67.5+math.cos(q.anim_time*90)*5", 0]
				},
				"arm_left": {
					"rotation": [0, 0, 45]
				},
				"arm_left2": {
					"rotation": [0, "67.5+math.cos(q.anim_time*90)*5", 0]
				},
				"hair": {
					"rotation": ["math.sin(q.anim_time*90)*2.5", 0, 0]
				}
			}
		}
	}
}