{
	"format_version": "1.12.0",
	"minecraft:geometry": [
		{
			"description": {
				"identifier": "geometry.fazbear",
				"texture_width": 404,
				"texture_height": 205,
				"visible_bounds_width": 11,
				"visible_bounds_height": 10.5,
				"visible_bounds_offset": [0, 4.75, 0]
			},
			"bones": [
				{
					"name": "fazbear",
					"pivot": [0, 0, 0]
				},
				{
					"name": "body",
					"parent": "fazbear",
					"pivot": [0, 0, 0]
				},
				{
					"name": "torso",
					"parent": "body",
					"pivot": [0, 54, 4]
				},
				{
					"name": "head",
					"parent": "torso",
					"pivot": [0, 106.08108, 5.40726],
					"cubes": [
						{"origin": [-3, 104, 3.75], "size": [6, 2, 2], "uv": [47, 95]},
						{"origin": [-4, 106, 2.75], "size": [8, 3, 4], "uv": [47, 86]},
						{"origin": [-13, 106, -5.25], "size": [26, 21, 21], "uv": [207, 0]},
						{"origin": [-9, 127.025, -4.25], "size": [18, 3, 19], "uv": [62, 54]},
						{"origin": [-7, 130.025, -2.25], "size": [14, 10, 15], "uv": [0, 51]},
						{"origin": [-10, 119, -5.25], "size": [7, 2, 0], "pivot": [-6.5, 121, -5.25], "rotation": [-27.5, 0, 0], "uv": [54, 58]},
						{"origin": [3, 119, -5.25], "size": [7, 2, 0], "pivot": [6.5, 121, -5.25], "rotation": [-27.5, 0, 0], "uv": [54, 52]},
						{"origin": [-16, 106, -5.25], "size": [3, 8, 11], "uv": [189, 32]},
						{"origin": [13, 106, -5.25], "size": [3, 8, 11], "uv": [291, 32]},
						{"origin": [-10, 104.75, -10.25], "size": [20, 7, 5], "uv": [230, 43]},
						{"origin": [-3, 108.75, -11.25], "size": [6, 4, 3], "uv": [61, 115]}
					]
				},
				{
					"name": "jaw",
					"parent": "head",
					"pivot": [0, 0, 0],
					"cubes": [
						{"origin": [-9, 105, -7.25], "size": [18, 3, 6], "pivot": [0, 106, 8.75], "rotation": [12.5, 0, 0], "uv": [231, 91]},
						{"origin": [-12, 99, -10.25], "size": [24, 7, 19], "pivot": [0, 106, 8.75], "rotation": [12.5, 0, 0], "uv": [212, 60]}
					]
				},
				{
					"name": "eyes",
					"parent": "head",
					"pivot": [0, 10, 5.75]
				},
				{
					"name": "right_eye",
					"parent": "eyes",
					"pivot": [0, 9, 1],
					"cubes": [
						{"origin": [-10, 112, -4.25], "size": [7, 7, 6], "uv": [286, 56]},
						{"origin": [-7.5, 114.25, -4.35], "size": [2, 2, 0], "uv": [296, 53]}
					]
				},
				{
					"name": "left_eye",
					"parent": "eyes",
					"pivot": [0, 9, 1],
					"cubes": [
						{"origin": [3, 112, -4.25], "size": [7, 7, 6], "uv": [197, 56]},
						{"origin": [5.5, 114.25, -4.35], "size": [2, 2, 0], "uv": [207, 53]}
					]
				},
				{
					"name": "ears",
					"parent": "head",
					"pivot": [0, 0, 0]
				},
				{
					"name": "right_ear",
					"parent": "ears",
					"pivot": [-13, 118, 0.75],
					"rotation": [0, 0, 35],
					"cubes": [
						{"origin": [-18, 118, 0.75], "size": [5, 3, 0], "uv": [81, 197]},
						{"origin": [-27, 115, -1.25], "size": [9, 9, 4], "uv": [200, 6]}
					]
				},
				{
					"name": "left_ear",
					"parent": "ears",
					"pivot": [13, 118, 0.75],
					"rotation": [0, 0, -35],
					"cubes": [
						{"origin": [13, 118, 0.75], "size": [5, 3, 0], "uv": [80, 190]},
						{"origin": [18, 115, -1.25], "size": [9, 9, 4], "uv": [282, 6]}
					]
				},
				{
					"name": "upper_endoskeleton",
					"parent": "torso",
					"pivot": [0, 0, 0],
					"cubes": [
						{"origin": [-13, 84, -5.25], "size": [26, 12, 20], "uv": [280, 77]},
						{"origin": [-15, 54, -5.25], "size": [30, 30, 20], "uv": [130, 70]},
						{"origin": [-3, 56, 2.75], "size": [6, 34, 4], "uv": [0, 78]},
						{"origin": [-3, 94, 4.75], "size": [6, 13, 0], "uv": [40, 102]},
						{"origin": [-17, 90, 2.75], "size": [34, 4, 4], "uv": [0, 192]},
						{"origin": [-9, 56, 4.75], "size": [6, 11, 0], "uv": [21, 93]},
						{"origin": [-5, 67, 4.75], "size": [2, 6, 0], "uv": [34, 102]},
						{"origin": [-12, 77, 4.75], "size": [3, 14, 0], "pivot": [-11, 90, 4.75], "rotation": [0, 0, -45], "uv": [21, 78]},
						{"origin": [-8.975, 94, 4.75], "size": [3, 14, 0], "pivot": [-8.975, 94, 4.75], "rotation": [0, 0, 26.5], "uv": [52, 102]},
						{"origin": [5.975, 94, 4.75], "size": [3, 14, 0], "pivot": [8.975, 94, 4.75], "rotation": [0, 0, -26.5], "uv": [39, 85]},
						{"origin": [3, 56, 4.75], "size": [6, 11, 0], "uv": [21, 105]},
						{"origin": [3, 67, 4.75], "size": [2, 6, 0], "uv": [34, 110]},
						{"origin": [9, 77, 4.75], "size": [3, 14, 0], "pivot": [11, 90, 4.75], "rotation": [0, 0, 45], "uv": [28, 78]},
						{"origin": [-15, 47, -3.25], "size": [30, 7, 16], "uv": [312, 12]}
					]
				},
				{
					"name": "bowtie",
					"parent": "upper_endoskeleton",
					"pivot": [0, 0, 0],
					"cubes": [
						{"origin": [-8, 88, -7.25], "size": [6, 6, 0], "uv": [29, 43]},
						{"origin": [-2, 89, -8.25], "size": [4, 4, 3], "uv": [94, 45]},
						{"origin": [2, 88, -7.25], "size": [6, 6, 0], "uv": [17, 43]}
					]
				},
				{
					"name": "arms",
					"parent": "torso",
					"pivot": [0, 92, 0]
				},
				{
					"name": "right_arm",
					"parent": "arms",
					"pivot": [-13, 94, 4.75],
					"cubes": [
						{"origin": [-21, 89, 1.75], "size": [4, 6, 6], "uv": [77, 79]},
						{"origin": [-23, 87, -0.25], "size": [8, 10, 10], "uv": [136, 180]},
						{"origin": [-39, 90, 2.75], "size": [18, 4, 4], "uv": [0, 182]},
						{"origin": [-40, 86, -0.25], "size": [15, 12, 10], "uv": [173, 178]}
					]
				},
				{
					"name": "bone",
					"parent": "right_arm",
					"pivot": [-37.98333, 94, 4.75],
					"cubes": [
						{"origin": [-55, 87, -0.25], "size": [13, 10, 10], "uv": [225, 180]},
						{"origin": [-44, 89, 1.75], "size": [6, 6, 6], "uv": [75, 92]},
						{"origin": [-56, 90, 2.75], "size": [12, 4, 4], "uv": [46, 173]}
					]
				},
				{
					"name": "bone2",
					"parent": "bone",
					"pivot": [-55.91667, 94.09167, 4.75],
					"cubes": [
						{"origin": [-66, 90, -0.25], "size": [10, 4, 10], "uv": [45, 157]},
						{"origin": [-67, 87, -1.25], "size": [11, 9, 12], "uv": [273, 179]},
						{"origin": [-74, 87, -1.25], "size": [7, 9, 12], "uv": [321, 168]},
						{"origin": [-73, 89, -13.25], "size": [5, 5, 27], "uv": [61, 117]},
						{"origin": [-79, 84, -15.5], "size": [17, 15, 0], "uv": [94, 153]},
						{"origin": [-76, 86, -21.25], "size": [11, 11, 12], "uv": [0, 16]}
					]
				},
				{
					"name": "left_arm",
					"parent": "arms",
					"pivot": [13, 94, 4.75],
					"cubes": [
						{"origin": [17, 89, 1.75], "size": [4, 6, 6], "uv": [104, 79]},
						{"origin": [15, 87, -0.25], "size": [8, 10, 10], "uv": [136, 158]},
						{"origin": [21, 90, 2.75], "size": [18, 4, 4], "uv": [0, 173]},
						{"origin": [25, 86, -0.25], "size": [15, 12, 10], "uv": [173, 155]}
					]
				},
				{
					"name": "bone3",
					"parent": "left_arm",
					"pivot": [37.98333, 94, 4.75],
					"cubes": [
						{"origin": [42, 87, -0.25], "size": [13, 10, 10], "uv": [225, 159]},
						{"origin": [38, 89, 1.75], "size": [6, 6, 6], "uv": [102, 92]},
						{"origin": [44, 90, 2.75], "size": [12, 4, 4], "uv": [46, 182]}
					]
				},
				{
					"name": "bone4",
					"parent": "bone3",
					"pivot": [55.91667, 94.09167, 4.75],
					"cubes": [
						{"origin": [56, 90, -0.25], "size": [10, 4, 10], "uv": [2, 157]},
						{"origin": [56, 87, -1.25], "size": [11, 9, 12], "uv": [273, 158]},
						{"origin": [67, 91, -1.25], "size": [7, 5, 4], "pivot": [67, 96, 2.75], "rotation": [1.91757, 4.61854, 22.57734], "uv": [324, 191]},
						{"origin": [60, 89, -3.25], "size": [7, 5, 4], "pivot": [60, 91.5, 0.75], "rotation": [8.58445, 59.62449, 9.92499], "uv": [324, 191]},
						{"origin": [67, 91, 6.75], "size": [7, 5, 4], "pivot": [67, 96, 6.75], "rotation": [-2.26708, -7.15102, 17.64168], "uv": [324, 191]},
						{"origin": [67, 91, 2.75], "size": [7, 5, 4], "pivot": [67, 96, 4.75], "rotation": [0, 0, 15], "uv": [324, 191]}
					]
				},
				{
					"name": "lower_endoskeleton",
					"parent": "body",
					"pivot": [0, 54, 4.75],
					"cubes": [
						{"origin": [-10, 51, 2.75], "size": [20, 5, 4], "uv": [0, 117]}
					]
				},
				{
					"name": "right_leg",
					"parent": "lower_endoskeleton",
					"pivot": [-6, 51, 2.75],
					"cubes": [
						{"origin": [-12, 27, 2.75], "size": [6, 24, 4], "uv": [113, 172]},
						{"origin": [-15, 27, -0.25], "size": [12, 20, 13], "uv": [229, 125]}
					]
				},
				{
					"name": "right_leg2",
					"parent": "right_leg",
					"pivot": [-9, 22, 3.74167],
					"cubes": [
						{"origin": [-12, 4, 3.75], "size": [6, 23, 4], "uv": [20, 129]},
						{"origin": [-15, 5, -0.25], "size": [12, 19, 12], "uv": [179, 121]},
						{"origin": [-13, 24, -2.25], "size": [8, 5, 5], "uv": [100, 120]}
					]
				},
				{
					"name": "right_feet",
					"parent": "right_leg2",
					"pivot": [-9, 4, 3.76019],
					"cubes": [
						{"origin": [-13, 1, -1.25], "size": [8, 3, 10], "uv": [331, 116]},
						{"origin": [-15, 0, -2.25], "size": [12, 4, 14], "uv": [318, 146]},
						{"origin": [-11.5, 0, -9.25], "size": [5, 4, 7], "uv": [371, 159]},
						{"origin": [-7, 0, -9.25], "size": [4, 4, 7], "pivot": [-7, 4, -2.25], "rotation": [0, -10, 0], "uv": [372, 115]},
						{"origin": [-15, 0, -9.25], "size": [4, 4, 7], "pivot": [-11, 4, -2.25], "rotation": [0, 10, 0], "uv": [372, 148]}
					]
				},
				{
					"name": "left_leg",
					"parent": "lower_endoskeleton",
					"pivot": [6, 51, 2.75],
					"cubes": [
						{"origin": [6, 27, 2.75], "size": [6, 24, 4], "uv": [92, 172]},
						{"origin": [3, 27, -0.25], "size": [12, 20, 13], "uv": [280, 124]}
					]
				},
				{
					"name": "left_leg2",
					"parent": "left_leg",
					"pivot": [9, 22, 3.74167],
					"cubes": [
						{"origin": [6, 4, 3.75], "size": [6, 23, 4], "uv": [0, 129]},
						{"origin": [3, 5, -0.25], "size": [12, 19, 12], "uv": [130, 121]},
						{"origin": [5, 24, -2.25], "size": [8, 5, 5], "uv": [99, 133]}
					]
				},
				{
					"name": "left_feet",
					"parent": "left_leg2",
					"pivot": [9, 4, 3.76019],
					"cubes": [
						{"origin": [5, 1, -1.25], "size": [8, 3, 10], "uv": [331, 131]},
						{"origin": [3, 0, -2.25], "size": [12, 4, 14], "uv": [347, 182]},
						{"origin": [6.5, 0, -9.25], "size": [5, 4, 7], "uv": [371, 170]},
						{"origin": [4, 0, -9.25], "size": [4, 4, 7], "pivot": [7, 4, 3.75], "rotation": [0, 10, 0], "uv": [372, 137]},
						{"origin": [11, 0, -9.25], "size": [4, 4, 7], "pivot": [11, 4, -2.25], "rotation": [0, -10, 0], "uv": [372, 126]}
					]
				}
			]
		}
	]
}