{
	"format_version": "1.8.0",
	"animations": {
		"animation.togepi.ground_idle": {
			"loop": true,
			"bones": {
				"togepi": {
					"position": [0, -0.2, 0]
				},
				"torso": {
					"rotation": [0, "math.sin(q.anim_time*90*2.6125)*1.5", "math.sin(q.anim_time*90*2.6125)*1"],
					"position": ["0+math.sin(q.anim_time*90*2.6125)*0.1", "0.25+math.sin(q.anim_time*90*5.25)*0.20", 0]
				},
				"head_tuff_triangle": {
					"rotation": [0, 0, "0+math.sin(q.anim_time*90*2.6125)*1"]
				},
				"head_tuff_triangle2": {
					"rotation": [0, 0, "0+math.sin(q.anim_time*90*2.6125)*1"]
				},
				"head_tuff_triangle3": {
					"rotation": [0, 0, "0+math.sin(q.anim_time*90*2.6125)*1"]
				},
				"head_tuff_triangle4": {
					"rotation": [0, 0, "0+math.sin(q.anim_time*90*2.6125)*1"]
				},
				"head_tuff_triangle5": {
					"rotation": [0, 0, "0+math.sin(q.anim_time*90*2.6125)*1"]
				},
				"leg_right": {
					"rotation": ["math.sin(q.anim_time*90*5.25)*6", 0, "0+math.sin(q.anim_time*90*2.6125)*1.5"],
					"position": [0, "0.25+math.sin(q.anim_time*90*5.25)*0.20", 0]
				},
				"leg_left": {
					"rotation": ["math.sin(q.anim_time*90*5.25)*6", 0, "0+math.sin(q.anim_time*90*2.6125)*1.5"],
					"position": [0, "0.25+math.sin(q.anim_time*90*5.25)*0.20", 0]
				},
				"arm_right": {
					"rotation": ["3.3191+math.sin(q.anim_time*90*2.6125+90)*3", "14.6364+math.sin(q.anim_time*90*2.6125)*3", "12.9264+math.sin(q.anim_time*90*5.5)*3"],
					"position": [-0.75, 0, -0.25]
				},
				"arm_left": {
					"rotation": ["3.3191+math.sin(q.anim_time*90*2.6125+90)*3", "-14.6364-math.sin(q.anim_time*90*2.6125)*3", "-12.9264-math.sin(q.anim_time*90*5.5)*3"],
					"position": [0.5, 0, -0.25]
				}
			}
		},
		"animation.togepi.ground_walk": {
			"loop": true,
			"bones": {
				"togepi": {
					"position": [0, "-0.2+math.clamp(math.sin(q.anim_time*90*5.25+90)*2,0,2)", 0]
				},
				"torso": {
					"rotation": ["math.sin(q.anim_time*90*5.25+90)*2", 0, 0],
					"position": ["0+math.sin(q.anim_time*90*2.6125)*0.1", "0.25+math.sin(q.anim_time*90*5.25)*0.20", 0]
				},
				"head_tuff_triangle": {
					"rotation": [0, 0, "0+math.sin(q.anim_time*90*2.6125)*1"]
				},
				"head_tuff_triangle2": {
					"rotation": [0, 0, "0+math.sin(q.anim_time*90*2.6125)*1"]
				},
				"head_tuff_triangle3": {
					"rotation": [0, 0, "0+math.sin(q.anim_time*90*2.6125)*1"]
				},
				"head_tuff_triangle4": {
					"rotation": [0, 0, "0+math.sin(q.anim_time*90*2.6125)*1"]
				},
				"head_tuff_triangle5": {
					"rotation": [0, 0, "0+math.sin(q.anim_time*90*2.6125)*1"]
				},
				"leg_right": {
					"rotation": ["0-math.sin(q.anim_time*90*5.25)*9", 0, "0+math.sin(q.anim_time*90*2.6125)*1.5"],
					"position": [0, "0.25+math.sin(q.anim_time*90*5.25)*0.20", "0-math.sin(q.anim_time*90*5.25)*0.5"]
				},
				"leg_left": {
					"rotation": ["0-math.sin(q.anim_time*90*5.25)*6", 0, "0+math.sin(q.anim_time*90*2.6125)*1.5"],
					"position": [0, "0.25+math.sin(q.anim_time*90*5.25)*0.20", "0-math.sin(q.anim_time*90*5.25)*0.5"]
				},
				"arm_right": {
					"rotation": ["0-math.sin(q.anim_time*90*5.25)*6", "14.6364+math.sin(q.anim_time*90*2.6125)*3", "12.9264+math.sin(q.anim_time*90*5.5)*3"]
				},
				"arm_left": {
					"rotation": ["3.3191+math.sin(q.anim_time*90*2.6125+90)*3", "-14.6364-math.sin(q.anim_time*90*2.6125)*3", "-12.9264-math.sin(q.anim_time*90*5.5)*3"]
				},
				"mouth_closed": {
					"position": [0, 0, -0.1]
				}
			}
		},
		"animation.togepi.sleep": {
			"loop": true,
			"bones": {
				"togepi": {
					"position": [0, -0.2, 0]
				},
				"torso": {
					"rotation": [0, "math.sin(q.anim_time*90*2.6125)*0.25", "math.sin(q.anim_time*90*2.6125)*0.17"],
					"position": ["0+math.sin(q.anim_time*90*2.6125)*0.017", "0.25+math.sin(q.anim_time*90*5.25)*0.03", 0]
				},
				"head_tuff_triangle": {
					"rotation": [0, 0, "0+math.sin(q.anim_time*90*2.6125)*0.17"]
				},
				"head_tuff_triangle2": {
					"rotation": [0, 0, "0+math.sin(q.anim_time*90*2.6125)*0.17"]
				},
				"head_tuff_triangle3": {
					"rotation": [0, 0, "0+math.sin(q.anim_time*90*2.6125)*0.17"]
				},
				"head_tuff_triangle4": {
					"rotation": [0, 0, "0+math.sin(q.anim_time*90*2.6125)*0.17"]
				},
				"head_tuff_triangle5": {
					"rotation": [0, 0, "0+math.sin(q.anim_time*90*2.6125)*0.17"]
				},
				"leg_right": {
					"rotation": ["math.sin(q.anim_time*90*5.25)*1", 0, "0+math.sin(q.anim_time*90*2.6125)*0.25"],
					"position": [0, "0.25+math.sin(q.anim_time*90*5.25)*0.03", 0]
				},
				"leg_left": {
					"rotation": ["math.sin(q.anim_time*90*5.25)*1", 0, "0+math.sin(q.anim_time*90*2.6125)*0.25"],
					"position": [0, "0.25+math.sin(q.anim_time*90*5.25)*0.03", 0]
				},
				"arm_right": {
					"rotation": ["3.3191+math.sin(q.anim_time*90*2.6125+90)*0.5", "14.6364+math.sin(q.anim_time*90*2.6125)*0.5", "12.9264+math.sin(q.anim_time*90*5.5)*0.5"]
				},
				"arm_left": {
					"rotation": [
						"3.3191+math.sin(q.anim_time*90*2.6125+90)*0.5",
						"-14.6364-math.sin(q.anim_time*90*2.6125)*0.5",
						"-12.9264-math.sin(q.anim_time*90*5.5)*0.5"
					]
				},
				"mouth_closed": {
					"position": [0, 0, -0.1]
				},
				"eyelid_right": {
					"position": [0, 0, -0.1]
				},
				"eyelid_left": {
					"position": [0, 0, -0.1]
				}
			}
		},
		"animation.togepi.blink": {
			"animation_length": 0.16667,
			"bones": {
				"eyelid_right": {
					"position": {
						"0.0": [0, 0, -0.1],
						"0.125": [0, 0, -0.1],
						"0.1667": [0, 0, 0]
					}
				},
				"eyelid_left": {
					"position": {
						"0.0": [0, 0, -0.1],
						"0.125": [0, 0, -0.1],
						"0.1667": [0, 0, 0]
					}
				},
				"arm_right": {
					"rotation": [3.3191, 14.6364, 12.9264]
				},
				"arm_left": {
					"rotation": [3.3191, -14.6364, -12.9264]
				}
			}
		}
	},
	"geckolib_format_version": 2
}