{
	"format_version": "1.8.0",
	"animations": {
		"animation.lunala.faint": {
			"loop": true
		},
		"animation.lunala.ground_idle": {
			"loop": true,
			"animation_length": 2,
			"bones": {
				"full_body": {
					"position": {
						"0.0": [0, 0, 0],
						"1.0": [0, 5, 0],
						"2.0": [0, 0, 0]
					}
				},
				"head": {
					"rotation": [12.5, 0, 0]
				},
				"wingleft": {
					"rotation": {
						"0.0": [0, -25, 0],
						"1.0": [0, -10, -7.5],
						"2.0": [0, -25, 0]
					}
				},
				"wingright": {
					"rotation": {
						"0.0": [0, -22.5, 0],
						"1.0": [0, -10, 7.5],
						"2.0": [0, -22.5, 0]
					}
				}
			}
		},
		"animation.lunala.ground_walk": {
			"loop": true,
			"animation_length": 2,
			"bones": {
				"full_body": {
					"position": {
						"0.0": [0, 4, 0],
						"1.0": [0, 2, 0],
						"2.0": [0, 4, 0]
					}
				},
				"head": {
					"rotation": [10, 0, 0]
				},
				"wingleft": {
					"rotation": {
						"0.0": [0, 20, 0],
						"1.0": [0, 30, 0],
						"2.0": [0, 20, 0]
					}
				},
				"wingright": {
					"rotation": {
						"0.0": [0, 20, 0],
						"1.0": [0, 30, 0],
						"2.0": [0, 20, 0]
					}
				},
				"tail": {
					"rotation": [32.5, 0, 0]
				}
			}
		}
	},
	"geckolib_format_version": 2
}