{
	"format_version": "1.8.0",
	"animations": {
		"animation.rotomfrost.ground_idle": {
			"loop": true,
			"animation_length": 5.58333,
			"bones": {
				"body": {
					"rotation": {
						"0.0": {
							"post": [0, 0, 0],
							"lerp_mode": "catmullrom"
						},
						"0.3333": {
							"post": [0, -3, 0],
							"lerp_mode": "catmullrom"
						},
						"0.7083": {
							"post": [0, 0, 0],
							"lerp_mode": "catmullrom"
						},
						"1.0833": {
							"post": [0, 3, 0],
							"lerp_mode": "catmullrom"
						},
						"1.4167": {
							"post": [0, 0, 0],
							"lerp_mode": "catmullrom"
						},
						"1.75": {
							"post": [0, -3, 0],
							"lerp_mode": "catmullrom"
						},
						"2.0833": {
							"post": [0, 0, 0],
							"lerp_mode": "catmullrom"
						},
						"2.4167": {
							"post": [0, 3, 0],
							"lerp_mode": "catmullrom"
						},
						"2.75": {
							"post": [0, 0, 0],
							"lerp_mode": "catmullrom"
						},
						"3.0833": {
							"post": [0, -2.5, 0],
							"lerp_mode": "catmullrom"
						},
						"3.4583": {
							"post": [0, 0, 0],
							"lerp_mode": "catmullrom"
						},
						"3.8333": {
							"post": [0, 2.5, 0],
							"lerp_mode": "catmullrom"
						},
						"4.1667": {
							"post": [0, 0, 0],
							"lerp_mode": "catmullrom"
						},
						"4.5": {
							"post": [0, -2.5, 0],
							"lerp_mode": "catmullrom"
						},
						"4.875": {
							"post": [0, 0, 0],
							"lerp_mode": "catmullrom"
						},
						"5.25": {
							"post": [0, 2.5, 0],
							"lerp_mode": "catmullrom"
						},
						"5.5833": {
							"post": [0, 0, 0],
							"lerp_mode": "catmullrom"
						}
					},
					"position": {
						"0.0": {
							"post": [0, 0, 0],
							"lerp_mode": "catmullrom"
						},
						"0.3333": {
							"post": [-0.5, 0.5, 0],
							"lerp_mode": "catmullrom"
						},
						"0.7083": {
							"post": [0, 0, 0],
							"lerp_mode": "catmullrom"
						},
						"1.0833": {
							"post": [0.5, 0.5, 0],
							"lerp_mode": "catmullrom"
						},
						"1.4167": {
							"post": [0, 0, 0],
							"lerp_mode": "catmullrom"
						},
						"1.75": {
							"post": [-0.5, 0.5, 0],
							"lerp_mode": "catmullrom"
						},
						"2.0833": {
							"post": [0, 0, 0],
							"lerp_mode": "catmullrom"
						},
						"2.4167": {
							"post": [0.5, 0.5, 0],
							"lerp_mode": "catmullrom"
						},
						"2.75": {
							"post": [0, 0, 0],
							"lerp_mode": "catmullrom"
						},
						"3.0833": {
							"post": [-0.5, 0.5, 0],
							"lerp_mode": "catmullrom"
						},
						"3.4583": {
							"post": [0, 0, 0],
							"lerp_mode": "catmullrom"
						},
						"3.8333": {
							"post": [0.5, 0.5, 0],
							"lerp_mode": "catmullrom"
						},
						"4.1667": {
							"post": [0, 0, 0],
							"lerp_mode": "catmullrom"
						},
						"4.5": {
							"post": [-0.5, 0.5, 0],
							"lerp_mode": "catmullrom"
						},
						"4.875": {
							"post": [0, 0, 0],
							"lerp_mode": "catmullrom"
						},
						"5.25": {
							"post": [0.5, 0.5, 0],
							"lerp_mode": "catmullrom"
						},
						"5.5833": {
							"post": [0, 0, 0],
							"lerp_mode": "catmullrom"
						}
					}
				},
				"left": {
					"scale": {
						"0.0": {
							"post": [1, 1, 1],
							"lerp_mode": "catmullrom"
						},
						"0.0833": {
							"post": [1, 1.4, 1],
							"lerp_mode": "catmullrom"
						},
						"0.1667": {
							"post": [1.5, 1.2, 1],
							"lerp_mode": "catmullrom"
						},
						"0.2083": {
							"post": [1, 1, 1],
							"lerp_mode": "catmullrom"
						},
						"0.2917": {
							"post": [1, 1.4, 1],
							"lerp_mode": "catmullrom"
						},
						"0.375": {
							"post": [1.5, 1.2, 1],
							"lerp_mode": "catmullrom"
						},
						"0.4167": {
							"post": [1, 1, 1],
							"lerp_mode": "catmullrom"
						},
						"0.5": {
							"post": [1, 1.4, 1],
							"lerp_mode": "catmullrom"
						},
						"0.5833": {
							"post": [1.5, 1.2, 1],
							"lerp_mode": "catmullrom"
						},
						"0.625": {
							"post": [1, 1, 1],
							"lerp_mode": "catmullrom"
						},
						"0.7083": {
							"post": [1, 1.4, 1],
							"lerp_mode": "catmullrom"
						},
						"0.7917": {
							"post": [1.5, 1.2, 1],
							"lerp_mode": "catmullrom"
						},
						"0.8333": {
							"post": [1, 1, 1],
							"lerp_mode": "catmullrom"
						},
						"0.9167": {
							"post": [1, 1.4, 1],
							"lerp_mode": "catmullrom"
						},
						"1.0": {
							"post": [1.5, 1.2, 1],
							"lerp_mode": "catmullrom"
						},
						"1.0417": {
							"post": [1, 1, 1],
							"lerp_mode": "catmullrom"
						},
						"1.125": {
							"post": [1, 1.4, 1],
							"lerp_mode": "catmullrom"
						},
						"1.2083": {
							"post": [1.5, 1.2, 1],
							"lerp_mode": "catmullrom"
						},
						"1.25": {
							"post": [1, 1, 1],
							"lerp_mode": "catmullrom"
						},
						"1.3333": {
							"post": [1, 1.4, 1],
							"lerp_mode": "catmullrom"
						},
						"1.4167": {
							"post": [1.5, 1.2, 1],
							"lerp_mode": "catmullrom"
						},
						"1.4583": {
							"post": [1, 1, 1],
							"lerp_mode": "catmullrom"
						},
						"1.5417": {
							"post": [1, 1.4, 1],
							"lerp_mode": "catmullrom"
						},
						"1.625": {
							"post": [1.5, 1.2, 1],
							"lerp_mode": "catmullrom"
						},
						"1.6667": {
							"post": [1, 1, 1],
							"lerp_mode": "catmullrom"
						},
						"1.75": {
							"post": [1, 1.4, 1],
							"lerp_mode": "catmullrom"
						},
						"1.8333": {
							"post": [1.5, 1.2, 1],
							"lerp_mode": "catmullrom"
						},
						"1.875": {
							"post": [1, 1, 1],
							"lerp_mode": "catmullrom"
						},
						"1.9583": {
							"post": [1, 1.4, 1],
							"lerp_mode": "catmullrom"
						},
						"2.0417": {
							"post": [1.5, 1.2, 1],
							"lerp_mode": "catmullrom"
						},
						"2.0833": {
							"post": [1, 1, 1],
							"lerp_mode": "catmullrom"
						},
						"2.1667": {
							"post": [1, 1.4, 1],
							"lerp_mode": "catmullrom"
						},
						"2.25": {
							"post": [1.5, 1.2, 1],
							"lerp_mode": "catmullrom"
						},
						"2.2917": {
							"post": [1, 1, 1],
							"lerp_mode": "catmullrom"
						},
						"2.375": {
							"post": [1, 1.4, 1],
							"lerp_mode": "catmullrom"
						},
						"2.4583": {
							"post": [1.5, 1.2, 1],
							"lerp_mode": "catmullrom"
						},
						"2.5": {
							"post": [1, 1, 1],
							"lerp_mode": "catmullrom"
						},
						"2.5833": {
							"post": [1, 1.4, 1],
							"lerp_mode": "catmullrom"
						},
						"2.6667": {
							"post": [1.5, 1.2, 1],
							"lerp_mode": "catmullrom"
						},
						"2.7083": {
							"post": [1, 1, 1],
							"lerp_mode": "catmullrom"
						},
						"2.7917": {
							"post": [1, 1.4, 1],
							"lerp_mode": "catmullrom"
						},
						"2.875": {
							"post": [1.5, 1.2, 1],
							"lerp_mode": "catmullrom"
						},
						"2.9167": {
							"post": [1, 1, 1],
							"lerp_mode": "catmullrom"
						},
						"3.0": {
							"post": [1, 1.4, 1],
							"lerp_mode": "catmullrom"
						},
						"3.0833": {
							"post": [1.5, 1.2, 1],
							"lerp_mode": "catmullrom"
						},
						"3.125": {
							"post": [1, 1, 1],
							"lerp_mode": "catmullrom"
						},
						"3.2083": {
							"post": [1, 1.4, 1],
							"lerp_mode": "catmullrom"
						},
						"3.2917": {
							"post": [1.5, 1.2, 1],
							"lerp_mode": "catmullrom"
						},
						"3.3333": {
							"post": [1, 1, 1],
							"lerp_mode": "catmullrom"
						},
						"3.4167": {
							"post": [1, 1.4, 1],
							"lerp_mode": "catmullrom"
						},
						"3.5": {
							"post": [1.5, 1.2, 1],
							"lerp_mode": "catmullrom"
						},
						"3.5417": {
							"post": [1, 1, 1],
							"lerp_mode": "catmullrom"
						},
						"3.625": {
							"post": [1, 1.4, 1],
							"lerp_mode": "catmullrom"
						},
						"3.7083": {
							"post": [1.5, 1.2, 1],
							"lerp_mode": "catmullrom"
						},
						"3.75": {
							"post": [1, 1, 1],
							"lerp_mode": "catmullrom"
						},
						"3.8333": {
							"post": [1, 1.4, 1],
							"lerp_mode": "catmullrom"
						},
						"3.9167": {
							"post": [1.5, 1.2, 1],
							"lerp_mode": "catmullrom"
						},
						"3.9583": {
							"post": [1, 1, 1],
							"lerp_mode": "catmullrom"
						},
						"4.0417": {
							"post": [1, 1.4, 1],
							"lerp_mode": "catmullrom"
						},
						"4.125": {
							"post": [1.5, 1.2, 1],
							"lerp_mode": "catmullrom"
						},
						"4.1667": {
							"post": [1, 1, 1],
							"lerp_mode": "catmullrom"
						},
						"4.25": {
							"post": [1, 1.4, 1],
							"lerp_mode": "catmullrom"
						},
						"4.3333": {
							"post": [1.5, 1.2, 1],
							"lerp_mode": "catmullrom"
						},
						"4.375": {
							"post": [1, 1, 1],
							"lerp_mode": "catmullrom"
						},
						"4.4583": {
							"post": [1, 1.4, 1],
							"lerp_mode": "catmullrom"
						},
						"4.5417": {
							"post": [1.5, 1.2, 1],
							"lerp_mode": "catmullrom"
						},
						"4.5833": {
							"post": [1, 1, 1],
							"lerp_mode": "catmullrom"
						},
						"4.6667": {
							"post": [1, 1.4, 1],
							"lerp_mode": "catmullrom"
						},
						"4.75": {
							"post": [1.5, 1.2, 1],
							"lerp_mode": "catmullrom"
						},
						"4.7917": {
							"post": [1, 1, 1],
							"lerp_mode": "catmullrom"
						},
						"4.875": {
							"post": [1, 1.4, 1],
							"lerp_mode": "catmullrom"
						},
						"4.9583": {
							"post": [1.5, 1.2, 1],
							"lerp_mode": "catmullrom"
						},
						"5.0": {
							"post": [1, 1, 1],
							"lerp_mode": "catmullrom"
						},
						"5.0833": {
							"post": [1, 1.4, 1],
							"lerp_mode": "catmullrom"
						},
						"5.1667": {
							"post": [1.5, 1.2, 1],
							"lerp_mode": "catmullrom"
						},
						"5.2083": {
							"post": [1, 1, 1],
							"lerp_mode": "catmullrom"
						},
						"5.2917": {
							"post": [1, 1.4, 1],
							"lerp_mode": "catmullrom"
						},
						"5.375": {
							"post": [1.5, 1.2, 1],
							"lerp_mode": "catmullrom"
						},
						"5.4167": {
							"post": [1, 1, 1],
							"lerp_mode": "catmullrom"
						},
						"5.5": {
							"post": [1, 1.4, 1],
							"lerp_mode": "catmullrom"
						},
						"5.5417": {
							"post": [1, 1.4, 1],
							"lerp_mode": "catmullrom"
						}
					}
				},
				"right": {
					"scale": {
						"0.0": {
							"post": [1, 1, 1],
							"lerp_mode": "catmullrom"
						},
						"0.0833": {
							"post": [1, 1.4, 1],
							"lerp_mode": "catmullrom"
						},
						"0.1667": {
							"post": [1.5, 1.2, 1],
							"lerp_mode": "catmullrom"
						},
						"0.2083": {
							"post": [1, 1, 1],
							"lerp_mode": "catmullrom"
						},
						"0.2917": {
							"post": [1, 1.4, 1],
							"lerp_mode": "catmullrom"
						},
						"0.375": {
							"post": [1.5, 1.2, 1],
							"lerp_mode": "catmullrom"
						},
						"0.4167": {
							"post": [1, 1, 1],
							"lerp_mode": "catmullrom"
						},
						"0.5": {
							"post": [1, 1.4, 1],
							"lerp_mode": "catmullrom"
						},
						"0.5833": {
							"post": [1.5, 1.2, 1],
							"lerp_mode": "catmullrom"
						},
						"0.625": {
							"post": [1, 1, 1],
							"lerp_mode": "catmullrom"
						},
						"0.7083": {
							"post": [1, 1.4, 1],
							"lerp_mode": "catmullrom"
						},
						"0.7917": {
							"post": [1.5, 1.2, 1],
							"lerp_mode": "catmullrom"
						},
						"0.8333": {
							"post": [1, 1, 1],
							"lerp_mode": "catmullrom"
						},
						"0.9167": {
							"post": [1, 1.4, 1],
							"lerp_mode": "catmullrom"
						},
						"1.0": {
							"post": [1.5, 1.2, 1],
							"lerp_mode": "catmullrom"
						},
						"1.0417": {
							"post": [1, 1, 1],
							"lerp_mode": "catmullrom"
						},
						"1.125": {
							"post": [1, 1.4, 1],
							"lerp_mode": "catmullrom"
						},
						"1.2083": {
							"post": [1.5, 1.2, 1],
							"lerp_mode": "catmullrom"
						},
						"1.25": {
							"post": [1, 1, 1],
							"lerp_mode": "catmullrom"
						},
						"1.3333": {
							"post": [1, 1.4, 1],
							"lerp_mode": "catmullrom"
						},
						"1.4167": {
							"post": [1.5, 1.2, 1],
							"lerp_mode": "catmullrom"
						},
						"1.4583": {
							"post": [1, 1, 1],
							"lerp_mode": "catmullrom"
						},
						"1.5417": {
							"post": [1, 1.4, 1],
							"lerp_mode": "catmullrom"
						},
						"1.625": {
							"post": [1.5, 1.2, 1],
							"lerp_mode": "catmullrom"
						},
						"1.6667": {
							"post": [1, 1, 1],
							"lerp_mode": "catmullrom"
						},
						"1.75": {
							"post": [1, 1.4, 1],
							"lerp_mode": "catmullrom"
						},
						"1.8333": {
							"post": [1.5, 1.2, 1],
							"lerp_mode": "catmullrom"
						},
						"1.875": {
							"post": [1, 1, 1],
							"lerp_mode": "catmullrom"
						},
						"1.9583": {
							"post": [1, 1.4, 1],
							"lerp_mode": "catmullrom"
						},
						"2.0417": {
							"post": [1.5, 1.2, 1],
							"lerp_mode": "catmullrom"
						},
						"2.0833": {
							"post": [1, 1, 1],
							"lerp_mode": "catmullrom"
						},
						"2.1667": {
							"post": [1, 1.4, 1],
							"lerp_mode": "catmullrom"
						},
						"2.25": {
							"post": [1.5, 1.2, 1],
							"lerp_mode": "catmullrom"
						},
						"2.2917": {
							"post": [1, 1, 1],
							"lerp_mode": "catmullrom"
						},
						"2.375": {
							"post": [1, 1.4, 1],
							"lerp_mode": "catmullrom"
						},
						"2.4583": {
							"post": [1.5, 1.2, 1],
							"lerp_mode": "catmullrom"
						},
						"2.5": {
							"post": [1, 1, 1],
							"lerp_mode": "catmullrom"
						},
						"2.5833": {
							"post": [1, 1.4, 1],
							"lerp_mode": "catmullrom"
						},
						"2.6667": {
							"post": [1.5, 1.2, 1],
							"lerp_mode": "catmullrom"
						},
						"2.7083": {
							"post": [1, 1, 1],
							"lerp_mode": "catmullrom"
						},
						"2.7917": {
							"post": [1, 1.4, 1],
							"lerp_mode": "catmullrom"
						},
						"2.875": {
							"post": [1.5, 1.2, 1],
							"lerp_mode": "catmullrom"
						},
						"2.9167": {
							"post": [1, 1, 1],
							"lerp_mode": "catmullrom"
						},
						"3.0": {
							"post": [1, 1.4, 1],
							"lerp_mode": "catmullrom"
						},
						"3.0833": {
							"post": [1.5, 1.2, 1],
							"lerp_mode": "catmullrom"
						},
						"3.125": {
							"post": [1, 1, 1],
							"lerp_mode": "catmullrom"
						},
						"3.2083": {
							"post": [1, 1.4, 1],
							"lerp_mode": "catmullrom"
						},
						"3.2917": {
							"post": [1.5, 1.2, 1],
							"lerp_mode": "catmullrom"
						},
						"3.3333": {
							"post": [1, 1, 1],
							"lerp_mode": "catmullrom"
						},
						"3.4167": {
							"post": [1, 1.4, 1],
							"lerp_mode": "catmullrom"
						},
						"3.5": {
							"post": [1.5, 1.2, 1],
							"lerp_mode": "catmullrom"
						},
						"3.5417": {
							"post": [1, 1, 1],
							"lerp_mode": "catmullrom"
						},
						"3.625": {
							"post": [1, 1.4, 1],
							"lerp_mode": "catmullrom"
						},
						"3.7083": {
							"post": [1.5, 1.2, 1],
							"lerp_mode": "catmullrom"
						},
						"3.75": {
							"post": [1, 1, 1],
							"lerp_mode": "catmullrom"
						},
						"3.8333": {
							"post": [1, 1.4, 1],
							"lerp_mode": "catmullrom"
						},
						"3.9167": {
							"post": [1.5, 1.2, 1],
							"lerp_mode": "catmullrom"
						},
						"3.9583": {
							"post": [1, 1, 1],
							"lerp_mode": "catmullrom"
						},
						"4.0417": {
							"post": [1, 1.4, 1],
							"lerp_mode": "catmullrom"
						},
						"4.125": {
							"post": [1.5, 1.2, 1],
							"lerp_mode": "catmullrom"
						},
						"4.1667": {
							"post": [1, 1, 1],
							"lerp_mode": "catmullrom"
						},
						"4.25": {
							"post": [1, 1.4, 1],
							"lerp_mode": "catmullrom"
						},
						"4.3333": {
							"post": [1.5, 1.2, 1],
							"lerp_mode": "catmullrom"
						},
						"4.375": {
							"post": [1, 1, 1],
							"lerp_mode": "catmullrom"
						},
						"4.4583": {
							"post": [1, 1.4, 1],
							"lerp_mode": "catmullrom"
						},
						"4.5417": {
							"post": [1.5, 1.2, 1],
							"lerp_mode": "catmullrom"
						},
						"4.5833": {
							"post": [1, 1, 1],
							"lerp_mode": "catmullrom"
						},
						"4.6667": {
							"post": [1, 1.4, 1],
							"lerp_mode": "catmullrom"
						},
						"4.75": {
							"post": [1.5, 1.2, 1],
							"lerp_mode": "catmullrom"
						},
						"4.7917": {
							"post": [1, 1, 1],
							"lerp_mode": "catmullrom"
						},
						"4.875": {
							"post": [1, 1.4, 1],
							"lerp_mode": "catmullrom"
						},
						"4.9583": {
							"post": [1.5, 1.2, 1],
							"lerp_mode": "catmullrom"
						},
						"5.0": {
							"post": [1, 1, 1],
							"lerp_mode": "catmullrom"
						},
						"5.0833": {
							"post": [1, 1.4, 1],
							"lerp_mode": "catmullrom"
						},
						"5.1667": {
							"post": [1.5, 1.2, 1],
							"lerp_mode": "catmullrom"
						},
						"5.2083": {
							"post": [1, 1, 1],
							"lerp_mode": "catmullrom"
						},
						"5.2917": {
							"post": [1, 1.4, 1],
							"lerp_mode": "catmullrom"
						},
						"5.375": {
							"post": [1.5, 1.2, 1],
							"lerp_mode": "catmullrom"
						},
						"5.4167": {
							"post": [1, 1, 1],
							"lerp_mode": "catmullrom"
						},
						"5.5": {
							"post": [1, 1.4, 1],
							"lerp_mode": "catmullrom"
						},
						"5.5417": {
							"post": [1, 1.4, 1],
							"lerp_mode": "catmullrom"
						}
					}
				},
				"rightdoor": {
					"rotation": {
						"0.0": {
							"post": [0, 0, 0],
							"lerp_mode": "catmullrom"
						},
						"2.7917": {
							"post": [0, 0, 0],
							"lerp_mode": "catmullrom"
						},
						"3.2917": {
							"post": [0, 90, 0],
							"lerp_mode": "catmullrom"
						},
						"3.375": {
							"post": [0, 92, 0],
							"lerp_mode": "catmullrom"
						},
						"3.4583": {
							"post": [0, 90, 0],
							"lerp_mode": "catmullrom"
						},
						"4.7083": {
							"post": [0, 90, 0],
							"lerp_mode": "catmullrom"
						},
						"4.8333": {
							"post": [0, 0, 0],
							"lerp_mode": "catmullrom"
						},
						"4.9167": {
							"post": [0, 2, 0],
							"lerp_mode": "catmullrom"
						},
						"5.0": {
							"post": [0, 0, 0],
							"lerp_mode": "catmullrom"
						}
					},
					"position": {
						"0.0": {
							"post": [0, 0, 0],
							"lerp_mode": "catmullrom"
						},
						"2.7917": {
							"post": [0, 0, 0],
							"lerp_mode": "catmullrom"
						},
						"4.8333": {
							"post": [0, 0, 0],
							"lerp_mode": "catmullrom"
						},
						"4.9167": {
							"post": [0, 0, 0],
							"lerp_mode": "catmullrom"
						},
						"5.0": {
							"post": [0, 0, 0],
							"lerp_mode": "catmullrom"
						}
					}
				},
				"leftdoor": {
					"rotation": {
						"0.0": {
							"post": [0, 0, 0],
							"lerp_mode": "catmullrom"
						},
						"2.7917": {
							"post": [0, 0, 0],
							"lerp_mode": "catmullrom"
						},
						"3.2917": {
							"post": [0, -90, 0],
							"lerp_mode": "catmullrom"
						},
						"3.375": {
							"post": [0, -92, 0],
							"lerp_mode": "catmullrom"
						},
						"3.4583": {
							"post": [0, -90, 0],
							"lerp_mode": "catmullrom"
						},
						"4.7083": {
							"post": [0, -90, 0],
							"lerp_mode": "catmullrom"
						},
						"4.8333": {
							"post": [0, 0, 0],
							"lerp_mode": "catmullrom"
						},
						"4.9167": {
							"post": [0, -2, 0],
							"lerp_mode": "catmullrom"
						},
						"5.0": {
							"post": [0, 0, 0],
							"lerp_mode": "catmullrom"
						}
					},
					"position": {
						"0.0": {
							"post": [0, 0, 0],
							"lerp_mode": "catmullrom"
						},
						"2.7917": {
							"post": [0, 0, 0],
							"lerp_mode": "catmullrom"
						},
						"4.8333": {
							"post": [0, 0, 0],
							"lerp_mode": "catmullrom"
						},
						"4.9167": {
							"post": [0, 0, 0],
							"lerp_mode": "catmullrom"
						},
						"5.0": {
							"post": [0, 0, 0],
							"lerp_mode": "catmullrom"
						}
					}
				}
			}
		},
		"animation.rotomfrost.ground_walk": {
			"loop": true,
			"animation_length": 5.58333,
			"bones": {
				"body": {
					"rotation": {
						"0.0": {
							"post": [0, 0, 0],
							"lerp_mode": "catmullrom"
						},
						"0.3333": {
							"post": [0, -3, 0],
							"lerp_mode": "catmullrom"
						},
						"0.7083": {
							"post": [0, 0, 0],
							"lerp_mode": "catmullrom"
						},
						"1.0833": {
							"post": [0, 3, 0],
							"lerp_mode": "catmullrom"
						},
						"1.4167": {
							"post": [0, 0, 0],
							"lerp_mode": "catmullrom"
						},
						"1.75": {
							"post": [0, -3, 0],
							"lerp_mode": "catmullrom"
						},
						"2.0833": {
							"post": [0, 0, 0],
							"lerp_mode": "catmullrom"
						},
						"2.4167": {
							"post": [0, 3, 0],
							"lerp_mode": "catmullrom"
						},
						"2.75": {
							"post": [0, 0, 0],
							"lerp_mode": "catmullrom"
						},
						"3.0833": {
							"post": [0, -2.5, 0],
							"lerp_mode": "catmullrom"
						},
						"3.4583": {
							"post": [0, 0, 0],
							"lerp_mode": "catmullrom"
						},
						"3.8333": {
							"post": [0, 2.5, 0],
							"lerp_mode": "catmullrom"
						},
						"4.1667": {
							"post": [0, 0, 0],
							"lerp_mode": "catmullrom"
						},
						"4.5": {
							"post": [0, -2.5, 0],
							"lerp_mode": "catmullrom"
						},
						"4.875": {
							"post": [0, 0, 0],
							"lerp_mode": "catmullrom"
						},
						"5.25": {
							"post": [0, 2.5, 0],
							"lerp_mode": "catmullrom"
						},
						"5.5833": {
							"post": [0, 0, 0],
							"lerp_mode": "catmullrom"
						}
					},
					"position": {
						"0.0": {
							"post": [0, 0, 0],
							"lerp_mode": "catmullrom"
						},
						"0.3333": {
							"post": [-0.5, 0.5, 0],
							"lerp_mode": "catmullrom"
						},
						"0.7083": {
							"post": [0, 0, 0],
							"lerp_mode": "catmullrom"
						},
						"1.0833": {
							"post": [0.5, 0.5, 0],
							"lerp_mode": "catmullrom"
						},
						"1.4167": {
							"post": [0, 0, 0],
							"lerp_mode": "catmullrom"
						},
						"1.75": {
							"post": [-0.5, 0.5, 0],
							"lerp_mode": "catmullrom"
						},
						"2.0833": {
							"post": [0, 0, 0],
							"lerp_mode": "catmullrom"
						},
						"2.4167": {
							"post": [0.5, 0.5, 0],
							"lerp_mode": "catmullrom"
						},
						"2.75": {
							"post": [0, 0, 0],
							"lerp_mode": "catmullrom"
						},
						"3.0833": {
							"post": [-0.5, 0.5, 0],
							"lerp_mode": "catmullrom"
						},
						"3.4583": {
							"post": [0, 0, 0],
							"lerp_mode": "catmullrom"
						},
						"3.8333": {
							"post": [0.5, 0.5, 0],
							"lerp_mode": "catmullrom"
						},
						"4.1667": {
							"post": [0, 0, 0],
							"lerp_mode": "catmullrom"
						},
						"4.5": {
							"post": [-0.5, 0.5, 0],
							"lerp_mode": "catmullrom"
						},
						"4.875": {
							"post": [0, 0, 0],
							"lerp_mode": "catmullrom"
						},
						"5.25": {
							"post": [0.5, 0.5, 0],
							"lerp_mode": "catmullrom"
						},
						"5.5833": {
							"post": [0, 0, 0],
							"lerp_mode": "catmullrom"
						}
					}
				},
				"left": {
					"scale": {
						"0.0": {
							"post": [1, 1, 1],
							"lerp_mode": "catmullrom"
						},
						"0.0833": {
							"post": [1, 1.4, 1],
							"lerp_mode": "catmullrom"
						},
						"0.1667": {
							"post": [1.5, 1.2, 1],
							"lerp_mode": "catmullrom"
						},
						"0.2083": {
							"post": [1, 1, 1],
							"lerp_mode": "catmullrom"
						},
						"0.2917": {
							"post": [1, 1.4, 1],
							"lerp_mode": "catmullrom"
						},
						"0.375": {
							"post": [1.5, 1.2, 1],
							"lerp_mode": "catmullrom"
						},
						"0.4167": {
							"post": [1, 1, 1],
							"lerp_mode": "catmullrom"
						},
						"0.5": {
							"post": [1, 1.4, 1],
							"lerp_mode": "catmullrom"
						},
						"0.5833": {
							"post": [1.5, 1.2, 1],
							"lerp_mode": "catmullrom"
						},
						"0.625": {
							"post": [1, 1, 1],
							"lerp_mode": "catmullrom"
						},
						"0.7083": {
							"post": [1, 1.4, 1],
							"lerp_mode": "catmullrom"
						},
						"0.7917": {
							"post": [1.5, 1.2, 1],
							"lerp_mode": "catmullrom"
						},
						"0.8333": {
							"post": [1, 1, 1],
							"lerp_mode": "catmullrom"
						},
						"0.9167": {
							"post": [1, 1.4, 1],
							"lerp_mode": "catmullrom"
						},
						"1.0": {
							"post": [1.5, 1.2, 1],
							"lerp_mode": "catmullrom"
						},
						"1.0417": {
							"post": [1, 1, 1],
							"lerp_mode": "catmullrom"
						},
						"1.125": {
							"post": [1, 1.4, 1],
							"lerp_mode": "catmullrom"
						},
						"1.2083": {
							"post": [1.5, 1.2, 1],
							"lerp_mode": "catmullrom"
						},
						"1.25": {
							"post": [1, 1, 1],
							"lerp_mode": "catmullrom"
						},
						"1.3333": {
							"post": [1, 1.4, 1],
							"lerp_mode": "catmullrom"
						},
						"1.4167": {
							"post": [1.5, 1.2, 1],
							"lerp_mode": "catmullrom"
						},
						"1.4583": {
							"post": [1, 1, 1],
							"lerp_mode": "catmullrom"
						},
						"1.5417": {
							"post": [1, 1.4, 1],
							"lerp_mode": "catmullrom"
						},
						"1.625": {
							"post": [1.5, 1.2, 1],
							"lerp_mode": "catmullrom"
						},
						"1.6667": {
							"post": [1, 1, 1],
							"lerp_mode": "catmullrom"
						},
						"1.75": {
							"post": [1, 1.4, 1],
							"lerp_mode": "catmullrom"
						},
						"1.8333": {
							"post": [1.5, 1.2, 1],
							"lerp_mode": "catmullrom"
						},
						"1.875": {
							"post": [1, 1, 1],
							"lerp_mode": "catmullrom"
						},
						"1.9583": {
							"post": [1, 1.4, 1],
							"lerp_mode": "catmullrom"
						},
						"2.0417": {
							"post": [1.5, 1.2, 1],
							"lerp_mode": "catmullrom"
						},
						"2.0833": {
							"post": [1, 1, 1],
							"lerp_mode": "catmullrom"
						},
						"2.1667": {
							"post": [1, 1.4, 1],
							"lerp_mode": "catmullrom"
						},
						"2.25": {
							"post": [1.5, 1.2, 1],
							"lerp_mode": "catmullrom"
						},
						"2.2917": {
							"post": [1, 1, 1],
							"lerp_mode": "catmullrom"
						},
						"2.375": {
							"post": [1, 1.4, 1],
							"lerp_mode": "catmullrom"
						},
						"2.4583": {
							"post": [1.5, 1.2, 1],
							"lerp_mode": "catmullrom"
						},
						"2.5": {
							"post": [1, 1, 1],
							"lerp_mode": "catmullrom"
						},
						"2.5833": {
							"post": [1, 1.4, 1],
							"lerp_mode": "catmullrom"
						},
						"2.6667": {
							"post": [1.5, 1.2, 1],
							"lerp_mode": "catmullrom"
						},
						"2.7083": {
							"post": [1, 1, 1],
							"lerp_mode": "catmullrom"
						},
						"2.7917": {
							"post": [1, 1.4, 1],
							"lerp_mode": "catmullrom"
						},
						"2.875": {
							"post": [1.5, 1.2, 1],
							"lerp_mode": "catmullrom"
						},
						"2.9167": {
							"post": [1, 1, 1],
							"lerp_mode": "catmullrom"
						},
						"3.0": {
							"post": [1, 1.4, 1],
							"lerp_mode": "catmullrom"
						},
						"3.0833": {
							"post": [1.5, 1.2, 1],
							"lerp_mode": "catmullrom"
						},
						"3.125": {
							"post": [1, 1, 1],
							"lerp_mode": "catmullrom"
						},
						"3.2083": {
							"post": [1, 1.4, 1],
							"lerp_mode": "catmullrom"
						},
						"3.2917": {
							"post": [1.5, 1.2, 1],
							"lerp_mode": "catmullrom"
						},
						"3.3333": {
							"post": [1, 1, 1],
							"lerp_mode": "catmullrom"
						},
						"3.4167": {
							"post": [1, 1.4, 1],
							"lerp_mode": "catmullrom"
						},
						"3.5": {
							"post": [1.5, 1.2, 1],
							"lerp_mode": "catmullrom"
						},
						"3.5417": {
							"post": [1, 1, 1],
							"lerp_mode": "catmullrom"
						},
						"3.625": {
							"post": [1, 1.4, 1],
							"lerp_mode": "catmullrom"
						},
						"3.7083": {
							"post": [1.5, 1.2, 1],
							"lerp_mode": "catmullrom"
						},
						"3.75": {
							"post": [1, 1, 1],
							"lerp_mode": "catmullrom"
						},
						"3.8333": {
							"post": [1, 1.4, 1],
							"lerp_mode": "catmullrom"
						},
						"3.9167": {
							"post": [1.5, 1.2, 1],
							"lerp_mode": "catmullrom"
						},
						"3.9583": {
							"post": [1, 1, 1],
							"lerp_mode": "catmullrom"
						},
						"4.0417": {
							"post": [1, 1.4, 1],
							"lerp_mode": "catmullrom"
						},
						"4.125": {
							"post": [1.5, 1.2, 1],
							"lerp_mode": "catmullrom"
						},
						"4.1667": {
							"post": [1, 1, 1],
							"lerp_mode": "catmullrom"
						},
						"4.25": {
							"post": [1, 1.4, 1],
							"lerp_mode": "catmullrom"
						},
						"4.3333": {
							"post": [1.5, 1.2, 1],
							"lerp_mode": "catmullrom"
						},
						"4.375": {
							"post": [1, 1, 1],
							"lerp_mode": "catmullrom"
						},
						"4.4583": {
							"post": [1, 1.4, 1],
							"lerp_mode": "catmullrom"
						},
						"4.5417": {
							"post": [1.5, 1.2, 1],
							"lerp_mode": "catmullrom"
						},
						"4.5833": {
							"post": [1, 1, 1],
							"lerp_mode": "catmullrom"
						},
						"4.6667": {
							"post": [1, 1.4, 1],
							"lerp_mode": "catmullrom"
						},
						"4.75": {
							"post": [1.5, 1.2, 1],
							"lerp_mode": "catmullrom"
						},
						"4.7917": {
							"post": [1, 1, 1],
							"lerp_mode": "catmullrom"
						},
						"4.875": {
							"post": [1, 1.4, 1],
							"lerp_mode": "catmullrom"
						},
						"4.9583": {
							"post": [1.5, 1.2, 1],
							"lerp_mode": "catmullrom"
						},
						"5.0": {
							"post": [1, 1, 1],
							"lerp_mode": "catmullrom"
						},
						"5.0833": {
							"post": [1, 1.4, 1],
							"lerp_mode": "catmullrom"
						},
						"5.1667": {
							"post": [1.5, 1.2, 1],
							"lerp_mode": "catmullrom"
						},
						"5.2083": {
							"post": [1, 1, 1],
							"lerp_mode": "catmullrom"
						},
						"5.2917": {
							"post": [1, 1.4, 1],
							"lerp_mode": "catmullrom"
						},
						"5.375": {
							"post": [1.5, 1.2, 1],
							"lerp_mode": "catmullrom"
						},
						"5.4167": {
							"post": [1, 1, 1],
							"lerp_mode": "catmullrom"
						},
						"5.5": {
							"post": [1, 1.4, 1],
							"lerp_mode": "catmullrom"
						},
						"5.5417": {
							"post": [1, 1.4, 1],
							"lerp_mode": "catmullrom"
						}
					}
				},
				"right": {
					"scale": {
						"0.0": {
							"post": [1, 1, 1],
							"lerp_mode": "catmullrom"
						},
						"0.0833": {
							"post": [1, 1.4, 1],
							"lerp_mode": "catmullrom"
						},
						"0.1667": {
							"post": [1.5, 1.2, 1],
							"lerp_mode": "catmullrom"
						},
						"0.2083": {
							"post": [1, 1, 1],
							"lerp_mode": "catmullrom"
						},
						"0.2917": {
							"post": [1, 1.4, 1],
							"lerp_mode": "catmullrom"
						},
						"0.375": {
							"post": [1.5, 1.2, 1],
							"lerp_mode": "catmullrom"
						},
						"0.4167": {
							"post": [1, 1, 1],
							"lerp_mode": "catmullrom"
						},
						"0.5": {
							"post": [1, 1.4, 1],
							"lerp_mode": "catmullrom"
						},
						"0.5833": {
							"post": [1.5, 1.2, 1],
							"lerp_mode": "catmullrom"
						},
						"0.625": {
							"post": [1, 1, 1],
							"lerp_mode": "catmullrom"
						},
						"0.7083": {
							"post": [1, 1.4, 1],
							"lerp_mode": "catmullrom"
						},
						"0.7917": {
							"post": [1.5, 1.2, 1],
							"lerp_mode": "catmullrom"
						},
						"0.8333": {
							"post": [1, 1, 1],
							"lerp_mode": "catmullrom"
						},
						"0.9167": {
							"post": [1, 1.4, 1],
							"lerp_mode": "catmullrom"
						},
						"1.0": {
							"post": [1.5, 1.2, 1],
							"lerp_mode": "catmullrom"
						},
						"1.0417": {
							"post": [1, 1, 1],
							"lerp_mode": "catmullrom"
						},
						"1.125": {
							"post": [1, 1.4, 1],
							"lerp_mode": "catmullrom"
						},
						"1.2083": {
							"post": [1.5, 1.2, 1],
							"lerp_mode": "catmullrom"
						},
						"1.25": {
							"post": [1, 1, 1],
							"lerp_mode": "catmullrom"
						},
						"1.3333": {
							"post": [1, 1.4, 1],
							"lerp_mode": "catmullrom"
						},
						"1.4167": {
							"post": [1.5, 1.2, 1],
							"lerp_mode": "catmullrom"
						},
						"1.4583": {
							"post": [1, 1, 1],
							"lerp_mode": "catmullrom"
						},
						"1.5417": {
							"post": [1, 1.4, 1],
							"lerp_mode": "catmullrom"
						},
						"1.625": {
							"post": [1.5, 1.2, 1],
							"lerp_mode": "catmullrom"
						},
						"1.6667": {
							"post": [1, 1, 1],
							"lerp_mode": "catmullrom"
						},
						"1.75": {
							"post": [1, 1.4, 1],
							"lerp_mode": "catmullrom"
						},
						"1.8333": {
							"post": [1.5, 1.2, 1],
							"lerp_mode": "catmullrom"
						},
						"1.875": {
							"post": [1, 1, 1],
							"lerp_mode": "catmullrom"
						},
						"1.9583": {
							"post": [1, 1.4, 1],
							"lerp_mode": "catmullrom"
						},
						"2.0417": {
							"post": [1.5, 1.2, 1],
							"lerp_mode": "catmullrom"
						},
						"2.0833": {
							"post": [1, 1, 1],
							"lerp_mode": "catmullrom"
						},
						"2.1667": {
							"post": [1, 1.4, 1],
							"lerp_mode": "catmullrom"
						},
						"2.25": {
							"post": [1.5, 1.2, 1],
							"lerp_mode": "catmullrom"
						},
						"2.2917": {
							"post": [1, 1, 1],
							"lerp_mode": "catmullrom"
						},
						"2.375": {
							"post": [1, 1.4, 1],
							"lerp_mode": "catmullrom"
						},
						"2.4583": {
							"post": [1.5, 1.2, 1],
							"lerp_mode": "catmullrom"
						},
						"2.5": {
							"post": [1, 1, 1],
							"lerp_mode": "catmullrom"
						},
						"2.5833": {
							"post": [1, 1.4, 1],
							"lerp_mode": "catmullrom"
						},
						"2.6667": {
							"post": [1.5, 1.2, 1],
							"lerp_mode": "catmullrom"
						},
						"2.7083": {
							"post": [1, 1, 1],
							"lerp_mode": "catmullrom"
						},
						"2.7917": {
							"post": [1, 1.4, 1],
							"lerp_mode": "catmullrom"
						},
						"2.875": {
							"post": [1.5, 1.2, 1],
							"lerp_mode": "catmullrom"
						},
						"2.9167": {
							"post": [1, 1, 1],
							"lerp_mode": "catmullrom"
						},
						"3.0": {
							"post": [1, 1.4, 1],
							"lerp_mode": "catmullrom"
						},
						"3.0833": {
							"post": [1.5, 1.2, 1],
							"lerp_mode": "catmullrom"
						},
						"3.125": {
							"post": [1, 1, 1],
							"lerp_mode": "catmullrom"
						},
						"3.2083": {
							"post": [1, 1.4, 1],
							"lerp_mode": "catmullrom"
						},
						"3.2917": {
							"post": [1.5, 1.2, 1],
							"lerp_mode": "catmullrom"
						},
						"3.3333": {
							"post": [1, 1, 1],
							"lerp_mode": "catmullrom"
						},
						"3.4167": {
							"post": [1, 1.4, 1],
							"lerp_mode": "catmullrom"
						},
						"3.5": {
							"post": [1.5, 1.2, 1],
							"lerp_mode": "catmullrom"
						},
						"3.5417": {
							"post": [1, 1, 1],
							"lerp_mode": "catmullrom"
						},
						"3.625": {
							"post": [1, 1.4, 1],
							"lerp_mode": "catmullrom"
						},
						"3.7083": {
							"post": [1.5, 1.2, 1],
							"lerp_mode": "catmullrom"
						},
						"3.75": {
							"post": [1, 1, 1],
							"lerp_mode": "catmullrom"
						},
						"3.8333": {
							"post": [1, 1.4, 1],
							"lerp_mode": "catmullrom"
						},
						"3.9167": {
							"post": [1.5, 1.2, 1],
							"lerp_mode": "catmullrom"
						},
						"3.9583": {
							"post": [1, 1, 1],
							"lerp_mode": "catmullrom"
						},
						"4.0417": {
							"post": [1, 1.4, 1],
							"lerp_mode": "catmullrom"
						},
						"4.125": {
							"post": [1.5, 1.2, 1],
							"lerp_mode": "catmullrom"
						},
						"4.1667": {
							"post": [1, 1, 1],
							"lerp_mode": "catmullrom"
						},
						"4.25": {
							"post": [1, 1.4, 1],
							"lerp_mode": "catmullrom"
						},
						"4.3333": {
							"post": [1.5, 1.2, 1],
							"lerp_mode": "catmullrom"
						},
						"4.375": {
							"post": [1, 1, 1],
							"lerp_mode": "catmullrom"
						},
						"4.4583": {
							"post": [1, 1.4, 1],
							"lerp_mode": "catmullrom"
						},
						"4.5417": {
							"post": [1.5, 1.2, 1],
							"lerp_mode": "catmullrom"
						},
						"4.5833": {
							"post": [1, 1, 1],
							"lerp_mode": "catmullrom"
						},
						"4.6667": {
							"post": [1, 1.4, 1],
							"lerp_mode": "catmullrom"
						},
						"4.75": {
							"post": [1.5, 1.2, 1],
							"lerp_mode": "catmullrom"
						},
						"4.7917": {
							"post": [1, 1, 1],
							"lerp_mode": "catmullrom"
						},
						"4.875": {
							"post": [1, 1.4, 1],
							"lerp_mode": "catmullrom"
						},
						"4.9583": {
							"post": [1.5, 1.2, 1],
							"lerp_mode": "catmullrom"
						},
						"5.0": {
							"post": [1, 1, 1],
							"lerp_mode": "catmullrom"
						},
						"5.0833": {
							"post": [1, 1.4, 1],
							"lerp_mode": "catmullrom"
						},
						"5.1667": {
							"post": [1.5, 1.2, 1],
							"lerp_mode": "catmullrom"
						},
						"5.2083": {
							"post": [1, 1, 1],
							"lerp_mode": "catmullrom"
						},
						"5.2917": {
							"post": [1, 1.4, 1],
							"lerp_mode": "catmullrom"
						},
						"5.375": {
							"post": [1.5, 1.2, 1],
							"lerp_mode": "catmullrom"
						},
						"5.4167": {
							"post": [1, 1, 1],
							"lerp_mode": "catmullrom"
						},
						"5.5": {
							"post": [1, 1.4, 1],
							"lerp_mode": "catmullrom"
						},
						"5.5417": {
							"post": [1, 1.4, 1],
							"lerp_mode": "catmullrom"
						}
					}
				},
				"rightdoor": {
					"rotation": {
						"0.0": {
							"post": [0, 0, 0],
							"lerp_mode": "catmullrom"
						}
					},
					"position": {
						"0.0": {
							"post": [0, 0, 0],
							"lerp_mode": "catmullrom"
						}
					}
				},
				"leftdoor": {
					"rotation": {
						"0.0": {
							"post": [0, 0, 0],
							"lerp_mode": "catmullrom"
						}
					},
					"position": {
						"0.0": {
							"post": [0, 0, 0],
							"lerp_mode": "catmullrom"
						}
					}
				}
			}
		},
		"animation.rotomfrost.faint": {
			"loop": true,
			"animation_length": 5.58333,
			"bones": {
				"body": {
					"rotation": {
						"0.0": {
							"post": [0, 0, 0],
							"lerp_mode": "catmullrom"
						},
						"0.3333": {
							"post": [0, -3, 0],
							"lerp_mode": "catmullrom"
						},
						"0.7083": {
							"post": [0, 0, 0],
							"lerp_mode": "catmullrom"
						},
						"1.0833": {
							"post": [0, 3, 0],
							"lerp_mode": "catmullrom"
						},
						"1.4167": {
							"post": [0, 0, 0],
							"lerp_mode": "catmullrom"
						},
						"1.75": {
							"post": [0, -3, 0],
							"lerp_mode": "catmullrom"
						},
						"2.0833": {
							"post": [0, 0, 0],
							"lerp_mode": "catmullrom"
						},
						"2.4167": {
							"post": [0, 3, 0],
							"lerp_mode": "catmullrom"
						},
						"2.75": {
							"post": [0, 0, 0],
							"lerp_mode": "catmullrom"
						},
						"3.0833": {
							"post": [0, -2.5, 0],
							"lerp_mode": "catmullrom"
						},
						"3.4583": {
							"post": [0, 0, 0],
							"lerp_mode": "catmullrom"
						},
						"3.8333": {
							"post": [0, 2.5, 0],
							"lerp_mode": "catmullrom"
						},
						"4.1667": {
							"post": [0, 0, 0],
							"lerp_mode": "catmullrom"
						},
						"4.5": {
							"post": [0, -2.5, 0],
							"lerp_mode": "catmullrom"
						},
						"4.875": {
							"post": [0, 0, 0],
							"lerp_mode": "catmullrom"
						},
						"5.25": {
							"post": [0, 2.5, 0],
							"lerp_mode": "catmullrom"
						},
						"5.5833": {
							"post": [0, 0, 0],
							"lerp_mode": "catmullrom"
						}
					},
					"position": {
						"0.0": {
							"post": [0, 0, 0],
							"lerp_mode": "catmullrom"
						},
						"0.3333": {
							"post": [-0.5, 0.5, 0],
							"lerp_mode": "catmullrom"
						},
						"0.7083": {
							"post": [0, 0, 0],
							"lerp_mode": "catmullrom"
						},
						"1.0833": {
							"post": [0.5, 0.5, 0],
							"lerp_mode": "catmullrom"
						},
						"1.4167": {
							"post": [0, 0, 0],
							"lerp_mode": "catmullrom"
						},
						"1.75": {
							"post": [-0.5, 0.5, 0],
							"lerp_mode": "catmullrom"
						},
						"2.0833": {
							"post": [0, 0, 0],
							"lerp_mode": "catmullrom"
						},
						"2.4167": {
							"post": [0.5, 0.5, 0],
							"lerp_mode": "catmullrom"
						},
						"2.75": {
							"post": [0, 0, 0],
							"lerp_mode": "catmullrom"
						},
						"3.0833": {
							"post": [-0.5, 0.5, 0],
							"lerp_mode": "catmullrom"
						},
						"3.4583": {
							"post": [0, 0, 0],
							"lerp_mode": "catmullrom"
						},
						"3.8333": {
							"post": [0.5, 0.5, 0],
							"lerp_mode": "catmullrom"
						},
						"4.1667": {
							"post": [0, 0, 0],
							"lerp_mode": "catmullrom"
						},
						"4.5": {
							"post": [-0.5, 0.5, 0],
							"lerp_mode": "catmullrom"
						},
						"4.875": {
							"post": [0, 0, 0],
							"lerp_mode": "catmullrom"
						},
						"5.25": {
							"post": [0.5, 0.5, 0],
							"lerp_mode": "catmullrom"
						},
						"5.5833": {
							"post": [0, 0, 0],
							"lerp_mode": "catmullrom"
						}
					}
				},
				"left": {
					"scale": {
						"0.0": {
							"post": [1, 1, 1],
							"lerp_mode": "catmullrom"
						},
						"0.0833": {
							"post": [1, 1.4, 1],
							"lerp_mode": "catmullrom"
						},
						"0.1667": {
							"post": [1.5, 1.2, 1],
							"lerp_mode": "catmullrom"
						},
						"0.2083": {
							"post": [1, 1, 1],
							"lerp_mode": "catmullrom"
						},
						"0.2917": {
							"post": [1, 1.4, 1],
							"lerp_mode": "catmullrom"
						},
						"0.375": {
							"post": [1.5, 1.2, 1],
							"lerp_mode": "catmullrom"
						},
						"0.4167": {
							"post": [1, 1, 1],
							"lerp_mode": "catmullrom"
						},
						"0.5": {
							"post": [1, 1.4, 1],
							"lerp_mode": "catmullrom"
						},
						"0.5833": {
							"post": [1.5, 1.2, 1],
							"lerp_mode": "catmullrom"
						},
						"0.625": {
							"post": [1, 1, 1],
							"lerp_mode": "catmullrom"
						},
						"0.7083": {
							"post": [1, 1.4, 1],
							"lerp_mode": "catmullrom"
						},
						"0.7917": {
							"post": [1.5, 1.2, 1],
							"lerp_mode": "catmullrom"
						},
						"0.8333": {
							"post": [1, 1, 1],
							"lerp_mode": "catmullrom"
						},
						"0.9167": {
							"post": [1, 1.4, 1],
							"lerp_mode": "catmullrom"
						},
						"1.0": {
							"post": [1.5, 1.2, 1],
							"lerp_mode": "catmullrom"
						},
						"1.0417": {
							"post": [1, 1, 1],
							"lerp_mode": "catmullrom"
						},
						"1.125": {
							"post": [1, 1.4, 1],
							"lerp_mode": "catmullrom"
						},
						"1.2083": {
							"post": [1.5, 1.2, 1],
							"lerp_mode": "catmullrom"
						},
						"1.25": {
							"post": [1, 1, 1],
							"lerp_mode": "catmullrom"
						},
						"1.3333": {
							"post": [1, 1.4, 1],
							"lerp_mode": "catmullrom"
						},
						"1.4167": {
							"post": [1.5, 1.2, 1],
							"lerp_mode": "catmullrom"
						},
						"1.4583": {
							"post": [1, 1, 1],
							"lerp_mode": "catmullrom"
						},
						"1.5417": {
							"post": [1, 1.4, 1],
							"lerp_mode": "catmullrom"
						},
						"1.625": {
							"post": [1.5, 1.2, 1],
							"lerp_mode": "catmullrom"
						},
						"1.6667": {
							"post": [1, 1, 1],
							"lerp_mode": "catmullrom"
						},
						"1.75": {
							"post": [1, 1.4, 1],
							"lerp_mode": "catmullrom"
						},
						"1.8333": {
							"post": [1.5, 1.2, 1],
							"lerp_mode": "catmullrom"
						},
						"1.875": {
							"post": [1, 1, 1],
							"lerp_mode": "catmullrom"
						},
						"1.9583": {
							"post": [1, 1.4, 1],
							"lerp_mode": "catmullrom"
						},
						"2.0417": {
							"post": [1.5, 1.2, 1],
							"lerp_mode": "catmullrom"
						},
						"2.0833": {
							"post": [1, 1, 1],
							"lerp_mode": "catmullrom"
						},
						"2.1667": {
							"post": [1, 1.4, 1],
							"lerp_mode": "catmullrom"
						},
						"2.25": {
							"post": [1.5, 1.2, 1],
							"lerp_mode": "catmullrom"
						},
						"2.2917": {
							"post": [1, 1, 1],
							"lerp_mode": "catmullrom"
						},
						"2.375": {
							"post": [1, 1.4, 1],
							"lerp_mode": "catmullrom"
						},
						"2.4583": {
							"post": [1.5, 1.2, 1],
							"lerp_mode": "catmullrom"
						},
						"2.5": {
							"post": [1, 1, 1],
							"lerp_mode": "catmullrom"
						},
						"2.5833": {
							"post": [1, 1.4, 1],
							"lerp_mode": "catmullrom"
						},
						"2.6667": {
							"post": [1.5, 1.2, 1],
							"lerp_mode": "catmullrom"
						},
						"2.7083": {
							"post": [1, 1, 1],
							"lerp_mode": "catmullrom"
						},
						"2.7917": {
							"post": [1, 1.4, 1],
							"lerp_mode": "catmullrom"
						},
						"2.875": {
							"post": [1.5, 1.2, 1],
							"lerp_mode": "catmullrom"
						},
						"2.9167": {
							"post": [1, 1, 1],
							"lerp_mode": "catmullrom"
						},
						"3.0": {
							"post": [1, 1.4, 1],
							"lerp_mode": "catmullrom"
						},
						"3.0833": {
							"post": [1.5, 1.2, 1],
							"lerp_mode": "catmullrom"
						},
						"3.125": {
							"post": [1, 1, 1],
							"lerp_mode": "catmullrom"
						},
						"3.2083": {
							"post": [1, 1.4, 1],
							"lerp_mode": "catmullrom"
						},
						"3.2917": {
							"post": [1.5, 1.2, 1],
							"lerp_mode": "catmullrom"
						},
						"3.3333": {
							"post": [1, 1, 1],
							"lerp_mode": "catmullrom"
						},
						"3.4167": {
							"post": [1, 1.4, 1],
							"lerp_mode": "catmullrom"
						},
						"3.5": {
							"post": [1.5, 1.2, 1],
							"lerp_mode": "catmullrom"
						},
						"3.5417": {
							"post": [1, 1, 1],
							"lerp_mode": "catmullrom"
						},
						"3.625": {
							"post": [1, 1.4, 1],
							"lerp_mode": "catmullrom"
						},
						"3.7083": {
							"post": [1.5, 1.2, 1],
							"lerp_mode": "catmullrom"
						},
						"3.75": {
							"post": [1, 1, 1],
							"lerp_mode": "catmullrom"
						},
						"3.8333": {
							"post": [1, 1.4, 1],
							"lerp_mode": "catmullrom"
						},
						"3.9167": {
							"post": [1.5, 1.2, 1],
							"lerp_mode": "catmullrom"
						},
						"3.9583": {
							"post": [1, 1, 1],
							"lerp_mode": "catmullrom"
						},
						"4.0417": {
							"post": [1, 1.4, 1],
							"lerp_mode": "catmullrom"
						},
						"4.125": {
							"post": [1.5, 1.2, 1],
							"lerp_mode": "catmullrom"
						},
						"4.1667": {
							"post": [1, 1, 1],
							"lerp_mode": "catmullrom"
						},
						"4.25": {
							"post": [1, 1.4, 1],
							"lerp_mode": "catmullrom"
						},
						"4.3333": {
							"post": [1.5, 1.2, 1],
							"lerp_mode": "catmullrom"
						},
						"4.375": {
							"post": [1, 1, 1],
							"lerp_mode": "catmullrom"
						},
						"4.4583": {
							"post": [1, 1.4, 1],
							"lerp_mode": "catmullrom"
						},
						"4.5417": {
							"post": [1.5, 1.2, 1],
							"lerp_mode": "catmullrom"
						},
						"4.5833": {
							"post": [1, 1, 1],
							"lerp_mode": "catmullrom"
						},
						"4.6667": {
							"post": [1, 1.4, 1],
							"lerp_mode": "catmullrom"
						},
						"4.75": {
							"post": [1.5, 1.2, 1],
							"lerp_mode": "catmullrom"
						},
						"4.7917": {
							"post": [1, 1, 1],
							"lerp_mode": "catmullrom"
						},
						"4.875": {
							"post": [1, 1.4, 1],
							"lerp_mode": "catmullrom"
						},
						"4.9583": {
							"post": [1.5, 1.2, 1],
							"lerp_mode": "catmullrom"
						},
						"5.0": {
							"post": [1, 1, 1],
							"lerp_mode": "catmullrom"
						},
						"5.0833": {
							"post": [1, 1.4, 1],
							"lerp_mode": "catmullrom"
						},
						"5.1667": {
							"post": [1.5, 1.2, 1],
							"lerp_mode": "catmullrom"
						},
						"5.2083": {
							"post": [1, 1, 1],
							"lerp_mode": "catmullrom"
						},
						"5.2917": {
							"post": [1, 1.4, 1],
							"lerp_mode": "catmullrom"
						},
						"5.375": {
							"post": [1.5, 1.2, 1],
							"lerp_mode": "catmullrom"
						},
						"5.4167": {
							"post": [1, 1, 1],
							"lerp_mode": "catmullrom"
						},
						"5.5": {
							"post": [1, 1.4, 1],
							"lerp_mode": "catmullrom"
						},
						"5.5417": {
							"post": [1, 1.4, 1],
							"lerp_mode": "catmullrom"
						}
					}
				},
				"right": {
					"scale": {
						"0.0": {
							"post": [1, 1, 1],
							"lerp_mode": "catmullrom"
						},
						"0.0833": {
							"post": [1, 1.4, 1],
							"lerp_mode": "catmullrom"
						},
						"0.1667": {
							"post": [1.5, 1.2, 1],
							"lerp_mode": "catmullrom"
						},
						"0.2083": {
							"post": [1, 1, 1],
							"lerp_mode": "catmullrom"
						},
						"0.2917": {
							"post": [1, 1.4, 1],
							"lerp_mode": "catmullrom"
						},
						"0.375": {
							"post": [1.5, 1.2, 1],
							"lerp_mode": "catmullrom"
						},
						"0.4167": {
							"post": [1, 1, 1],
							"lerp_mode": "catmullrom"
						},
						"0.5": {
							"post": [1, 1.4, 1],
							"lerp_mode": "catmullrom"
						},
						"0.5833": {
							"post": [1.5, 1.2, 1],
							"lerp_mode": "catmullrom"
						},
						"0.625": {
							"post": [1, 1, 1],
							"lerp_mode": "catmullrom"
						},
						"0.7083": {
							"post": [1, 1.4, 1],
							"lerp_mode": "catmullrom"
						},
						"0.7917": {
							"post": [1.5, 1.2, 1],
							"lerp_mode": "catmullrom"
						},
						"0.8333": {
							"post": [1, 1, 1],
							"lerp_mode": "catmullrom"
						},
						"0.9167": {
							"post": [1, 1.4, 1],
							"lerp_mode": "catmullrom"
						},
						"1.0": {
							"post": [1.5, 1.2, 1],
							"lerp_mode": "catmullrom"
						},
						"1.0417": {
							"post": [1, 1, 1],
							"lerp_mode": "catmullrom"
						},
						"1.125": {
							"post": [1, 1.4, 1],
							"lerp_mode": "catmullrom"
						},
						"1.2083": {
							"post": [1.5, 1.2, 1],
							"lerp_mode": "catmullrom"
						},
						"1.25": {
							"post": [1, 1, 1],
							"lerp_mode": "catmullrom"
						},
						"1.3333": {
							"post": [1, 1.4, 1],
							"lerp_mode": "catmullrom"
						},
						"1.4167": {
							"post": [1.5, 1.2, 1],
							"lerp_mode": "catmullrom"
						},
						"1.4583": {
							"post": [1, 1, 1],
							"lerp_mode": "catmullrom"
						},
						"1.5417": {
							"post": [1, 1.4, 1],
							"lerp_mode": "catmullrom"
						},
						"1.625": {
							"post": [1.5, 1.2, 1],
							"lerp_mode": "catmullrom"
						},
						"1.6667": {
							"post": [1, 1, 1],
							"lerp_mode": "catmullrom"
						},
						"1.75": {
							"post": [1, 1.4, 1],
							"lerp_mode": "catmullrom"
						},
						"1.8333": {
							"post": [1.5, 1.2, 1],
							"lerp_mode": "catmullrom"
						},
						"1.875": {
							"post": [1, 1, 1],
							"lerp_mode": "catmullrom"
						},
						"1.9583": {
							"post": [1, 1.4, 1],
							"lerp_mode": "catmullrom"
						},
						"2.0417": {
							"post": [1.5, 1.2, 1],
							"lerp_mode": "catmullrom"
						},
						"2.0833": {
							"post": [1, 1, 1],
							"lerp_mode": "catmullrom"
						},
						"2.1667": {
							"post": [1, 1.4, 1],
							"lerp_mode": "catmullrom"
						},
						"2.25": {
							"post": [1.5, 1.2, 1],
							"lerp_mode": "catmullrom"
						},
						"2.2917": {
							"post": [1, 1, 1],
							"lerp_mode": "catmullrom"
						},
						"2.375": {
							"post": [1, 1.4, 1],
							"lerp_mode": "catmullrom"
						},
						"2.4583": {
							"post": [1.5, 1.2, 1],
							"lerp_mode": "catmullrom"
						},
						"2.5": {
							"post": [1, 1, 1],
							"lerp_mode": "catmullrom"
						},
						"2.5833": {
							"post": [1, 1.4, 1],
							"lerp_mode": "catmullrom"
						},
						"2.6667": {
							"post": [1.5, 1.2, 1],
							"lerp_mode": "catmullrom"
						},
						"2.7083": {
							"post": [1, 1, 1],
							"lerp_mode": "catmullrom"
						},
						"2.7917": {
							"post": [1, 1.4, 1],
							"lerp_mode": "catmullrom"
						},
						"2.875": {
							"post": [1.5, 1.2, 1],
							"lerp_mode": "catmullrom"
						},
						"2.9167": {
							"post": [1, 1, 1],
							"lerp_mode": "catmullrom"
						},
						"3.0": {
							"post": [1, 1.4, 1],
							"lerp_mode": "catmullrom"
						},
						"3.0833": {
							"post": [1.5, 1.2, 1],
							"lerp_mode": "catmullrom"
						},
						"3.125": {
							"post": [1, 1, 1],
							"lerp_mode": "catmullrom"
						},
						"3.2083": {
							"post": [1, 1.4, 1],
							"lerp_mode": "catmullrom"
						},
						"3.2917": {
							"post": [1.5, 1.2, 1],
							"lerp_mode": "catmullrom"
						},
						"3.3333": {
							"post": [1, 1, 1],
							"lerp_mode": "catmullrom"
						},
						"3.4167": {
							"post": [1, 1.4, 1],
							"lerp_mode": "catmullrom"
						},
						"3.5": {
							"post": [1.5, 1.2, 1],
							"lerp_mode": "catmullrom"
						},
						"3.5417": {
							"post": [1, 1, 1],
							"lerp_mode": "catmullrom"
						},
						"3.625": {
							"post": [1, 1.4, 1],
							"lerp_mode": "catmullrom"
						},
						"3.7083": {
							"post": [1.5, 1.2, 1],
							"lerp_mode": "catmullrom"
						},
						"3.75": {
							"post": [1, 1, 1],
							"lerp_mode": "catmullrom"
						},
						"3.8333": {
							"post": [1, 1.4, 1],
							"lerp_mode": "catmullrom"
						},
						"3.9167": {
							"post": [1.5, 1.2, 1],
							"lerp_mode": "catmullrom"
						},
						"3.9583": {
							"post": [1, 1, 1],
							"lerp_mode": "catmullrom"
						},
						"4.0417": {
							"post": [1, 1.4, 1],
							"lerp_mode": "catmullrom"
						},
						"4.125": {
							"post": [1.5, 1.2, 1],
							"lerp_mode": "catmullrom"
						},
						"4.1667": {
							"post": [1, 1, 1],
							"lerp_mode": "catmullrom"
						},
						"4.25": {
							"post": [1, 1.4, 1],
							"lerp_mode": "catmullrom"
						},
						"4.3333": {
							"post": [1.5, 1.2, 1],
							"lerp_mode": "catmullrom"
						},
						"4.375": {
							"post": [1, 1, 1],
							"lerp_mode": "catmullrom"
						},
						"4.4583": {
							"post": [1, 1.4, 1],
							"lerp_mode": "catmullrom"
						},
						"4.5417": {
							"post": [1.5, 1.2, 1],
							"lerp_mode": "catmullrom"
						},
						"4.5833": {
							"post": [1, 1, 1],
							"lerp_mode": "catmullrom"
						},
						"4.6667": {
							"post": [1, 1.4, 1],
							"lerp_mode": "catmullrom"
						},
						"4.75": {
							"post": [1.5, 1.2, 1],
							"lerp_mode": "catmullrom"
						},
						"4.7917": {
							"post": [1, 1, 1],
							"lerp_mode": "catmullrom"
						},
						"4.875": {
							"post": [1, 1.4, 1],
							"lerp_mode": "catmullrom"
						},
						"4.9583": {
							"post": [1.5, 1.2, 1],
							"lerp_mode": "catmullrom"
						},
						"5.0": {
							"post": [1, 1, 1],
							"lerp_mode": "catmullrom"
						},
						"5.0833": {
							"post": [1, 1.4, 1],
							"lerp_mode": "catmullrom"
						},
						"5.1667": {
							"post": [1.5, 1.2, 1],
							"lerp_mode": "catmullrom"
						},
						"5.2083": {
							"post": [1, 1, 1],
							"lerp_mode": "catmullrom"
						},
						"5.2917": {
							"post": [1, 1.4, 1],
							"lerp_mode": "catmullrom"
						},
						"5.375": {
							"post": [1.5, 1.2, 1],
							"lerp_mode": "catmullrom"
						},
						"5.4167": {
							"post": [1, 1, 1],
							"lerp_mode": "catmullrom"
						},
						"5.5": {
							"post": [1, 1.4, 1],
							"lerp_mode": "catmullrom"
						},
						"5.5417": {
							"post": [1, 1.4, 1],
							"lerp_mode": "catmullrom"
						}
					}
				},
				"rightdoor": {
					"rotation": {
						"0.0": {
							"post": [0, 0, 0],
							"lerp_mode": "catmullrom"
						},
						"2.7917": {
							"post": [0, 0, 0],
							"lerp_mode": "catmullrom"
						},
						"3.2917": {
							"post": [0, 90, 0],
							"lerp_mode": "catmullrom"
						},
						"3.375": {
							"post": [0, 92, 0],
							"lerp_mode": "catmullrom"
						},
						"3.4583": {
							"post": [0, 90, 0],
							"lerp_mode": "catmullrom"
						},
						"4.7083": {
							"post": [0, 90, 0],
							"lerp_mode": "catmullrom"
						},
						"4.8333": {
							"post": [0, 0, 0],
							"lerp_mode": "catmullrom"
						},
						"4.9167": {
							"post": [0, 2, 0],
							"lerp_mode": "catmullrom"
						},
						"5.0": {
							"post": [0, 0, 0],
							"lerp_mode": "catmullrom"
						}
					},
					"position": {
						"0.0": {
							"post": [0, 0, 0],
							"lerp_mode": "catmullrom"
						},
						"2.7917": {
							"post": [0, 0, 0],
							"lerp_mode": "catmullrom"
						},
						"4.8333": {
							"post": [0, 0, 0],
							"lerp_mode": "catmullrom"
						},
						"4.9167": {
							"post": [0, 0, 0],
							"lerp_mode": "catmullrom"
						},
						"5.0": {
							"post": [0, 0, 0],
							"lerp_mode": "catmullrom"
						}
					}
				},
				"leftdoor": {
					"rotation": {
						"0.0": {
							"post": [0, 0, 0],
							"lerp_mode": "catmullrom"
						},
						"2.7917": {
							"post": [0, 0, 0],
							"lerp_mode": "catmullrom"
						},
						"3.2917": {
							"post": [0, -90, 0],
							"lerp_mode": "catmullrom"
						},
						"3.375": {
							"post": [0, -92, 0],
							"lerp_mode": "catmullrom"
						},
						"3.4583": {
							"post": [0, -90, 0],
							"lerp_mode": "catmullrom"
						},
						"4.7083": {
							"post": [0, -90, 0],
							"lerp_mode": "catmullrom"
						},
						"4.8333": {
							"post": [0, 0, 0],
							"lerp_mode": "catmullrom"
						},
						"4.9167": {
							"post": [0, -2, 0],
							"lerp_mode": "catmullrom"
						},
						"5.0": {
							"post": [0, 0, 0],
							"lerp_mode": "catmullrom"
						}
					},
					"position": {
						"0.0": {
							"post": [0, 0, 0],
							"lerp_mode": "catmullrom"
						},
						"2.7917": {
							"post": [0, 0, 0],
							"lerp_mode": "catmullrom"
						},
						"4.8333": {
							"post": [0, 0, 0],
							"lerp_mode": "catmullrom"
						},
						"4.9167": {
							"post": [0, 0, 0],
							"lerp_mode": "catmullrom"
						},
						"5.0": {
							"post": [0, 0, 0],
							"lerp_mode": "catmullrom"
						}
					}
				}
			}
		}
	}
}