{
	"format_version": "1.12.0",
	"minecraft:geometry": [
		{
			"description": {
				"identifier": "geometry.megagallade",
				"texture_width": 144,
				"texture_height": 96,
				"visible_bounds_width": 5,
				"visible_bounds_height": 4.5,
				"visible_bounds_offset": [0, 1.75, 0]
			},
			"bones": [
				{
					"name": "gallade",
					"pivot": [0, 0, 0]
				},
				{
					"name": "body",
					"parent": "gallade",
					"pivot": [0, 20, 0]
				},
				{
					"name": "torso",
					"parent": "body",
					"pivot": [0, 16.5, 0],
					"cubes": [
						{"origin": [-4, 16.5, -4], "size": [8, 4, 8], "inflate": 0.01, "uv": [47, 23]}
					]
				},
				{
					"name": "waist",
					"parent": "torso",
					"pivot": [0, 20.5, 0],
					"cubes": [
						{"origin": [-1.5, 20, -1.5], "size": [3, 3, 3], "uv": [30, 25]}
					]
				},
				{
					"name": "chest",
					"parent": "waist",
					"pivot": [0, 22.5, 0],
					"cubes": [
						{"origin": [-1.5, 22.5, -1.5], "size": [3, 5, 3], "inflate": 0.01, "uv": [62, 14]}
					]
				},
				{
					"name": "cape",
					"parent": "chest",
					"pivot": [0, 27.5, 1.5],
					"rotation": [65, 0, 0]
				},
				{
					"name": "right_cape",
					"parent": "cape",
					"pivot": [0, 27.5, 1.5],
					"cubes": [
						{"origin": [-14, 12.5, 1.5], "size": [14, 15, 0], "pivot": [0, 27.5, 1.5], "rotation": [0.02686, 1.60667, 1.91561], "uv": [49, 54]}
					]
				},
				{
					"name": "right_cape2",
					"parent": "right_cape",
					"pivot": [-9.74336, 12.8133, 1.75937],
					"cubes": [
						{"origin": [-17.49741, -2.34959, 1.62621], "size": [17, 15, 0], "pivot": [-4.74802, 12.64622, 1.6227], "rotation": [0, 1.60667, 1.91561], "uv": [46, 69]}
					]
				},
				{
					"name": "left_cape",
					"parent": "cape",
					"pivot": [0, 27.5, 1.5],
					"cubes": [
						{"origin": [0, 12.5, 1.5], "size": [14, 15, 0], "pivot": [0, 27.5, 1.5], "rotation": [0.02686, -1.60667, -1.91561], "uv": [15, 54]}
					]
				},
				{
					"name": "left_cape2",
					"parent": "left_cape",
					"pivot": [9.24383, 12.79659, 1.74535],
					"cubes": [
						{"origin": [0.49741, -2.34959, 1.62621], "size": [17, 15, 0], "pivot": [4.74802, 12.64622, 1.6227], "rotation": [0, -1.60667, -1.91561], "uv": [12, 69], "mirror": true}
					]
				},
				{
					"name": "chest_spike",
					"parent": "chest",
					"pivot": [0, 26.2, -1.5],
					"cubes": [
						{"origin": [0, 22.2, -4], "size": [0, 4, 9], "uv": [12, 16]}
					]
				},
				{
					"name": "arms",
					"parent": "chest",
					"pivot": [0, 27.5, 0]
				},
				{
					"name": "arm_left",
					"parent": "arms",
					"pivot": [1.5, 27.5, 0],
					"cubes": [
						{"origin": [1.5, 26.5, -0.5], "size": [9, 1, 1], "uv": [74, 12]}
					]
				},
				{
					"name": "arm_left2",
					"parent": "arm_left",
					"pivot": [10, 27, -0.5],
					"rotation": [0, 90, 0],
					"cubes": [
						{"origin": [8, 25.8, -0.5], "size": [10, 2, 3], "inflate": 0.01, "uv": [39, 12]},
						{"origin": [10, 27.8, 0], "size": [5, 1, 2], "inflate": 0.01, "uv": [43, 20]},
						{"origin": [7, 26.2, -0.5], "size": [1, 1, 3], "inflate": 0.01, "uv": [26, 16]}
					]
				},
				{
					"name": "arm_blade_left",
					"parent": "arm_left2",
					"pivot": [8, 26.9, 1.5],
					"cubes": [
						{"origin": [3, 26.2, -0.5], "size": [5, 1, 3], "uv": [74, 26]}
					]
				},
				{
					"name": "arm_blade_left2",
					"parent": "arm_blade_left",
					"pivot": [3, 26.8, 1.5],
					"cubes": [
						{"origin": [-9.5, 26.8, -0.5], "size": [26, 0, 6], "uv": [75, 72], "mirror": true}
					]
				},
				{
					"name": "hand_left",
					"parent": "arm_left2",
					"pivot": [18, 27.8, 0.5]
				},
				{
					"name": "finger_front_left",
					"parent": "hand_left",
					"pivot": [18, 25.8, -0.5],
					"cubes": [
						{"origin": [18, 25.8, 0], "size": [2, 2, 0], "uv": [28, 33]}
					]
				},
				{
					"name": "finger_center_left",
					"parent": "hand_left",
					"pivot": [18, 25.8, 0.5],
					"cubes": [
						{"origin": [17.5, 25.8, 1], "size": [4, 2, 0], "uv": [62, 12]}
					]
				},
				{
					"name": "finger_back_left",
					"parent": "hand_left",
					"pivot": [18, 25.8, 1.5],
					"cubes": [
						{"origin": [18, 25.8, 2], "size": [2, 2, 0], "uv": [28, 31]}
					]
				},
				{
					"name": "arm_right",
					"parent": "arms",
					"pivot": [-1.5, 27.5, 0],
					"cubes": [
						{"origin": [-10.5, 26.5, -0.5], "size": [9, 1, 1], "uv": [74, 10]}
					]
				},
				{
					"name": "arm_right2",
					"parent": "arm_right",
					"pivot": [-10, 27, -0.5],
					"rotation": [0, -90, 0],
					"cubes": [
						{"origin": [-18, 25.8, -0.5], "size": [10, 2, 3], "inflate": 0.01, "uv": [12, 20]},
						{"origin": [-15, 27.8, 0], "size": [5, 1, 2], "inflate": 0.01, "uv": [40, 17]},
						{"origin": [-8, 26.2, -0.5], "size": [1, 1, 3], "inflate": 0.01, "uv": [26, 12]}
					]
				},
				{
					"name": "arm_blade_right",
					"parent": "arm_right2",
					"pivot": [-8, 26.9, 1.5],
					"cubes": [
						{"origin": [-8, 26.2, -0.5], "size": [5, 1, 3], "uv": [74, 22]}
					]
				},
				{
					"name": "arm_blade_right2",
					"parent": "arm_blade_right",
					"pivot": [-3, 26.8, 1.5],
					"cubes": [
						{"origin": [-16.5, 26.8, -0.5], "size": [26, 0, 6], "uv": [75, 78]}
					]
				},
				{
					"name": "hand_right",
					"parent": "arm_right2",
					"pivot": [-18, 27.8, 0.5]
				},
				{
					"name": "finger_front_right",
					"parent": "hand_right",
					"pivot": [-18, 25.8, -0.5],
					"cubes": [
						{"origin": [-20, 25.8, 0], "size": [2, 2, 0], "uv": [70, 12]}
					]
				},
				{
					"name": "finger_center_right",
					"parent": "hand_right",
					"pivot": [-18, 25.8, 0.5],
					"cubes": [
						{"origin": [-21.5, 25.8, 1], "size": [4, 2, 0], "uv": [12, 18]}
					]
				},
				{
					"name": "finger_back_right",
					"parent": "hand_right",
					"pivot": [-18, 25.8, 1.5],
					"cubes": [
						{"origin": [-20, 25.8, 2], "size": [2, 2, 0], "uv": [35, 20]}
					]
				},
				{
					"name": "neck",
					"parent": "chest",
					"pivot": [0, 27.5, 0],
					"cubes": [
						{"origin": [-0.5, 26.75, -0.5], "size": [1, 3, 1], "uv": [35, 13]}
					]
				},
				{
					"name": "Head",
					"parent": "neck",
					"pivot": [0, 28.5, 0],
					"cubes": [
						{"origin": [-1.8, 28.5, -2.7], "size": [6, 6, 6], "pivot": [0, 28.5, 1.5], "rotation": [0, 45, 0], "uv": [65, 41]}
					]
				},
				{
					"name": "mouth_open",
					"parent": "Head",
					"pivot": [0, 28.6, 1.6],
					"cubes": [
						{"origin": [3.2, 28.6, -2.6], "size": [1, 1, 1], "inflate": 0.01, "pivot": [0, 28.6, 1.6], "rotation": [0, 45, 0], "uv": [20, 18]}
					]
				},
				{
					"name": "hair",
					"parent": "Head",
					"pivot": [0, 32.25, -0.7],
					"rotation": [7.5, 0, 0],
					"cubes": [
						{"origin": [-1.8, 29.25, -3.4], "size": [6, 6, 6], "pivot": [0, 29.25, 0.8], "rotation": [0, 45, 0], "uv": [47, 35]}
					]
				},
				{
					"name": "eyes",
					"parent": "Head",
					"pivot": [0, 31.5, 3.5]
				},
				{
					"name": "eye_left",
					"parent": "eyes",
					"pivot": [2.75, 31.25, -1.7],
					"rotation": [0, -45, 0]
				},
				{
					"name": "eye_left_rotation",
					"parent": "eye_left",
					"pivot": [2.5, 31.25, -1.7],
					"rotation": [0, 0, -5],
					"cubes": [
						{"origin": [0.75, 29.5, -1.71], "size": [3, 3, 0], "uv": [47, 38]},
						{"origin": [1, 30, -1.72], "size": [2, 3, 0], "uv": [21, 10]}
					]
				},
				{
					"name": "pupil_left",
					"parent": "eye_left_rotation",
					"pivot": [2, 31.5, -1.73],
					"cubes": [
						{"origin": [1.5, 30.5, -1.73], "size": [1, 2, 0], "uv": [26, 16]}
					]
				},
				{
					"name": "eye_shine_left",
					"parent": "eye_left_rotation",
					"pivot": [1.5, 32, -1.74],
					"cubes": [
						{"origin": [1, 31.5, -1.74], "size": [1, 1, 0], "uv": [26, 18]}
					]
				},
				{
					"name": "eyelid_left",
					"parent": "eye_left_rotation",
					"pivot": [2.25, 31, -1.1],
					"cubes": [
						{"origin": [0.75, 29.5, -1.64], "size": [3, 3, 1], "inflate": 0.01, "uv": [47, 27]}
					]
				},
				{
					"name": "eye_right",
					"parent": "eyes",
					"pivot": [-2.75, 31.25, -1.7],
					"rotation": [0, 45, 0]
				},
				{
					"name": "eye_right_rotation",
					"parent": "eye_right",
					"pivot": [-2.5, 31.25, -1.7],
					"rotation": [0, 0, 5],
					"cubes": [
						{"origin": [-3.75, 29.5, -1.71], "size": [3, 3, 0], "uv": [47, 35]},
						{"origin": [-3, 30, -1.72], "size": [2, 3, 0], "uv": [35, 17]}
					]
				},
				{
					"name": "pupil_right",
					"parent": "eye_right_rotation",
					"pivot": [-2, 31.5, -1.73],
					"cubes": [
						{"origin": [-2.5, 30.5, -1.73], "size": [1, 2, 0], "uv": [26, 12]}
					]
				},
				{
					"name": "eye_shine_right",
					"parent": "eye_right_rotation",
					"pivot": [-1.5, 32, -1.74],
					"cubes": [
						{"origin": [-2, 31.5, -1.74], "size": [1, 1, 0], "uv": [26, 14]}
					]
				},
				{
					"name": "eyelid_right",
					"parent": "eye_right_rotation",
					"pivot": [-2.25, 31, -1.1],
					"cubes": [
						{"origin": [-3.75, 29.5, -1.64], "size": [3, 3, 1], "inflate": 0.01, "uv": [47, 23]}
					]
				},
				{
					"name": "hair_blade",
					"parent": "Head",
					"pivot": [0, 35.15, -1.15],
					"cubes": [
						{"origin": [0, 29.65, -2.15], "size": [0, 14, 8], "uv": [12, 30]},
						{"origin": [0, 29.55, -6.35], "size": [0, 6, 6], "inflate": 0.01, "pivot": [0, 34.4, -5.5], "rotation": [7.5, 0, 0], "uv": [65, 29]}
					]
				},
				{
					"name": "head_side_left",
					"parent": "Head",
					"pivot": [3.5, 29.2, -1],
					"rotation": [22.5, 47.5, 0],
					"cubes": [
						{"origin": [3.47, 29.15, -0.95], "size": [0, 3, 5], "uv": [83, 38]},
						{"origin": [3.45, 29.4, -0.2], "size": [0, 1, 2], "pivot": [3.45, 29.15, -0.95], "rotation": [-10, 0, 0], "uv": [83, 44]}
					]
				},
				{
					"name": "head_side_right",
					"parent": "Head",
					"pivot": [-3.5, 29.2, -1],
					"rotation": [22.5, -47.5, 0],
					"cubes": [
						{"origin": [-3.47, 29.15, -0.95], "size": [0, 3, 5], "uv": [83, 35]},
						{"origin": [-3.45, 29.4, -0.2], "size": [0, 1, 2], "pivot": [-3.45, 29.15, -0.95], "rotation": [-10, 0, 0], "uv": [77, 38]}
					]
				},
				{
					"name": "legs",
					"parent": "body",
					"pivot": [0, 16.5, 0]
				},
				{
					"name": "leg_right",
					"parent": "legs",
					"pivot": [-2, 16.5, 0],
					"cubes": [
						{"origin": [-3, 9.5, -1], "size": [2, 7, 2], "uv": [20, 29]}
					]
				},
				{
					"name": "leg_right2",
					"parent": "leg_right",
					"pivot": [-2, 10, -1],
					"cubes": [
						{"origin": [-3.5, 5, -1.5], "size": [3, 5, 3], "uv": [74, 14]}
					]
				},
				{
					"name": "foot_right",
					"parent": "leg_right2",
					"pivot": [-2, 5, 0],
					"cubes": [
						{"origin": [-4, 0, -2], "size": [4, 6, 4], "uv": [28, 41]}
					]
				},
				{
					"name": "leg_left",
					"parent": "legs",
					"pivot": [2, 16.5, 0],
					"cubes": [
						{"origin": [1, 9.5, -1], "size": [2, 7, 2], "uv": [12, 29]}
					]
				},
				{
					"name": "leg_left2",
					"parent": "leg_left",
					"pivot": [2, 10, -1],
					"cubes": [
						{"origin": [0.5, 5, -1.5], "size": [3, 5, 3], "uv": [12, 10]}
					]
				},
				{
					"name": "foot_left",
					"parent": "leg_left2",
					"pivot": [2, 5, 0],
					"cubes": [
						{"origin": [0, 0, -2], "size": [4, 6, 4], "uv": [28, 31]}
					]
				}
			]
		}
	]
}