{
	"format_version": "1.12.0",
	"minecraft:geometry": [
		{
			"description": {
				"identifier": "geometry.unknown",
				"texture_width": 32,
				"texture_height": 32,
				"visible_bounds_width": 3,
				"visible_bounds_height": 2.5,
				"visible_bounds_offset": [0, 0.75, 0]
			},
			"bones": [
				{
					"name": "pikipek",
					"pivot": [0, 0, 0]
				},
				{
					"name": "full_body",
					"parent": "pikipek",
					"pivot": [0, 0, 0],
					"rotation": [0, -90, 0]
				},
				{
					"name": "body",
					"parent": "full_body",
					"pivot": [-0.5, 3.5, 0.5],
					"rotation": [0, 0, -62.5],
					"cubes": [
						{"origin": [-1, -1, -1], "size": [4, 6, 3], "inflate": 0.1, "uv": [0, 12]},
						{"origin": [1, 3, -1], "size": [2, 3, 3], "inflate": -0.1, "pivot": [2, 4.5, 0.5], "rotation": [0, 0, 57.5], "uv": [14, 17]}
					]
				},
				{
					"name": "tail",
					"parent": "body",
					"pivot": [1, -1, 0.5],
					"rotation": [0, 0, -50],
					"cubes": [
						{"origin": [1, -7, -1], "size": [0, 6, 3], "uv": [8, 18]}
					]
				},
				{
					"name": "left_wing",
					"parent": "body",
					"pivot": [1.75, 4.25, -1.25],
					"rotation": [0, 0, 10],
					"cubes": [
						{"origin": [0, -1, -2], "size": [3, 6, 1], "uv": [0, 21]},
						{"origin": [2, -1, -1.5], "size": [2, 1, 0], "uv": [14, 3]}
					]
				},
				{
					"name": "right_wing",
					"parent": "body",
					"pivot": [1.75, 4.25, 2.75],
					"rotation": [0, 0, 10],
					"cubes": [
						{"origin": [0, -1, 2], "size": [3, 6, 1], "uv": [18, 0]},
						{"origin": [2, -1, 2.5], "size": [2, 1, 0], "uv": [11, 13]}
					]
				},
				{
					"name": "feathers",
					"parent": "body",
					"pivot": [1.5, 5.1, 0.5],
					"cubes": [
						{"origin": [-1, 5.1, -1], "size": [3, 0, 3], "pivot": [1.5, 5.1, 0.5], "rotation": [0, 0, 12.5], "uv": [15, 7]}
					]
				},
				{
					"name": "head",
					"parent": "full_body",
					"pivot": [0, 9.5, 1.5],
					"rotation": [0, 0, -15],
					"cubes": [
						{"origin": [-4, 7, -1.5], "size": [5, 4, 4], "uv": [0, 0]},
						{"origin": [-7, 8, -0.5], "size": [8, 2, 2], "inflate": -0.3, "uv": [0, 8]},
						{"origin": [-8, 8.5, 0.5], "size": [2, 1, 0], "uv": [20, 10]},
						{"origin": [0, 8, -0.5], "size": [5, 3, 2], "pivot": [1, 9, 0.5], "rotation": [0, 0, -42.5], "uv": [14, 12]}
					]
				},
				{
					"name": "left_leg",
					"parent": "full_body",
					"pivot": [0, 0, 0],
					"cubes": [
						{"origin": [0, 0, -0.9], "size": [1, 4, 1], "uv": [18, 23]},
						{"origin": [0, 2, -0.9], "size": [1, 1, 1], "inflate": 0.1, "uv": [0, 2]}
					]
				},
				{
					"name": "foot2",
					"parent": "left_leg",
					"pivot": [0, 0, 0],
					"cubes": [
						{"origin": [-2, 0, -0.9], "size": [2, 0, 1], "pivot": [0, 0, -0.4], "rotation": [0, 27.5, 0], "uv": [13, 1]},
						{"origin": [-2, 0, -0.9], "size": [2, 0, 1], "pivot": [0, 0, -0.4], "rotation": [0, -27.5, 0], "uv": [13, 2]},
						{"origin": [1, 0, -0.9], "size": [1, 0, 1], "uv": [0, 13]}
					]
				},
				{
					"name": "right_leg",
					"parent": "full_body",
					"pivot": [0, 0, 0],
					"cubes": [
						{"origin": [0, 0, 0.9], "size": [1, 4, 1], "uv": [14, 23]},
						{"origin": [0, 2, 0.9], "size": [1, 1, 1], "inflate": 0.1, "uv": [0, 0]}
					]
				},
				{
					"name": "foot3",
					"parent": "right_leg",
					"pivot": [0, 0, 2],
					"cubes": [
						{"origin": [-2, 0, 0.9], "size": [2, 0, 1], "pivot": [0, 0, 1.6], "rotation": [0, 27.5, 0], "uv": [13, 0]},
						{"origin": [-2, 0, 0.9], "size": [2, 0, 1], "pivot": [0, 0, 1.6], "rotation": [0, -27.5, 0], "uv": [10, 12]},
						{"origin": [1, 0, 0.9], "size": [1, 0, 1], "uv": [0, 12]}
					]
				}
			]
		}
	]
}