{
	"format_version": "1.8.0",
	"animations": {
		"animation.tapukoko.faint": {
			"loop": true
		},
		"animation.tapukoko.ground_idle": {
			"loop": true,
			"animation_length": 2,
			"bones": {
				"full_body": {
					"position": {
						"0.0": [-2, 0, 0],
						"0.1333": [0, 2, 0],
						"0.2667": [2, 0, 0],
						"0.3667": [0, 1, 0],
						"0.5": [-2, 0, 0],
						"0.6333": [0, 2, 0],
						"0.7667": [2, 0, 0],
						"0.8667": [0, 1, 0],
						"1.0": [-2, 0, 0],
						"1.1333": [0, 2, 0],
						"1.2667": [2, 0, 0],
						"1.3667": [0, 1, 0],
						"1.5": [-2, 0, 0],
						"1.6333": [0, 2, 0],
						"1.7667": [2, 0, 0],
						"1.8667": [0, 1, 0],
						"2.0": [-2, 0, 0]
					}
				},
				"leftarm": {
					"rotation": {
						"0.0": [0, 0, 0],
						"0.5": [0, 0, 7.5],
						"1.0": [0, 0, 0],
						"1.5": [0, 0, 7.5],
						"2.0": [0, 0, 0]
					}
				},
				"leftarm2": {
					"rotation": {
						"0.0": [0, 0, 0],
						"0.5": [0, 0, -7.5],
						"1.0": [0, 0, 0],
						"1.5": [0, 0, -7.5],
						"2.0": [0, 0, 0]
					}
				},
				"bone": {
					"position": [0, 0, 0]
				},
				"shell": {
					"position": [1, 0, 2]
				},
				"shell2": {
					"position": [-2, 0, 0]
				},
				"head": {
					"rotation": {
						"0.0": [0, 0, -5],
						"0.2667": [0, 0, 0],
						"0.5": [0, 0, 5],
						"0.7667": [0, 0, 0],
						"1.0": [0, 0, -5],
						"1.2667": [0, 0, 0],
						"1.5": [0, 0, 5],
						"1.7667": [0, 0, 0],
						"2.0": [0, 0, -5]
					}
				},
				"bone6": {
					"rotation": {
						"0.0": [-7.5, 0, 0],
						"0.2667": [0, 0, 0],
						"0.5": [-7.5, 0, 0],
						"0.7667": [0, 0, 0],
						"1.0": [-7.5, 0, 0],
						"1.2667": [0, 0, 0],
						"1.5": [-7.5, 0, 0],
						"1.7667": [0, 0, 0],
						"2.0": [-7.5, 0, 0]
					}
				},
				"bone7": {
					"rotation": {
						"0.0": [0, 0, 15],
						"0.2667": [0, 0, -12.5],
						"0.5": [0, 0, 15],
						"0.7667": [0, 0, -15],
						"1.0": [0, 0, 15],
						"1.2667": [0, 0, -15],
						"1.5": [0, 0, 15],
						"1.7667": [0, 0, -15],
						"2.0": [0, 0, 15]
					}
				},
				"bone9": {
					"rotation": {
						"0.0": [0, 0, -10],
						"0.2667": [0, 0, 0],
						"0.5": [0, 0, -10],
						"0.7667": [0, 0, 0],
						"1.0": [0, 0, -10],
						"1.2667": [0, 0, 0],
						"1.5": [0, 0, -10],
						"1.7667": [0, 0, 0],
						"2.0": [0, 0, -10]
					}
				},
				"bone8": {
					"rotation": {
						"0.0": [0, 0, 10],
						"0.2667": [0, 0, 0],
						"0.5": [0, 0, 10],
						"0.7667": [0, 0, 0],
						"1.0": [0, 0, 10],
						"1.2667": [0, 0, 0],
						"1.5": [0, 0, 10],
						"1.7667": [0, 0, 0],
						"2.0": [0, 0, 10]
					}
				}
			}
		},
		"animation.tapukoko.ground_walk": {
			"loop": true,
			"animation_length": 2,
			"bones": {
				"full_body": {
					"rotation": [10, 0, 0],
					"position": {
						"0.0": [-2, 0, 0],
						"0.1333": [0, 2, 0],
						"0.2667": [2, 0, 0],
						"0.3667": [0, 1, 0],
						"0.5": [-2, 0, 0],
						"0.6333": [0, 2, 0],
						"0.7667": [2, 0, 0],
						"0.8667": [0, 1, 0],
						"1.0": [-2, 0, 0],
						"1.1333": [0, 2, 0],
						"1.2667": [2, 0, 0],
						"1.3667": [0, 1, 0],
						"1.5": [-2, 0, 0],
						"1.6333": [0, 2, 0],
						"1.7667": [2, 0, 0],
						"1.8667": [0, 1, 0],
						"2.0": [-2, 0, 0]
					}
				},
				"leftarm": {
					"rotation": {
						"0.0": [0, 0, 0],
						"0.5": [0, 0, 7.5],
						"1.0": [0, 0, 0],
						"1.5": [0, 0, 7.5],
						"2.0": [0, 0, 0]
					}
				},
				"leftarm2": {
					"rotation": {
						"0.0": [0, 0, 0],
						"0.5": [0, 0, -7.5],
						"1.0": [0, 0, 0],
						"1.5": [0, 0, -7.5],
						"2.0": [0, 0, 0]
					}
				},
				"bone": {
					"position": [0, 0, 0]
				},
				"shell": {
					"position": [1, 0, 2]
				},
				"shell2": {
					"position": [-2, 0, 0]
				},
				"head": {
					"rotation": {
						"0.0": [-17.5, 0, -5],
						"0.2667": [-17.5, 0, 0],
						"0.5": [-17.5, 0, 5],
						"0.7667": ["-17.5", 0, 0],
						"1.0": [-17.5, 0, -5],
						"1.2667": [-17.5, 0, 0],
						"1.5": [-17.5, 0, 5],
						"1.7667": [-17.5, 0, 0],
						"2.0": [-17.5, 0, -5]
					}
				},
				"bone6": {
					"rotation": {
						"0.0": [-7.5, 0, 0],
						"0.2667": [0, 0, 0],
						"0.5": [-7.5, 0, 0],
						"0.7667": [0, 0, 0],
						"1.0": [-7.5, 0, 0],
						"1.2667": [0, 0, 0],
						"1.5": [-7.5, 0, 0],
						"1.7667": [0, 0, 0],
						"2.0": [-7.5, 0, 0]
					}
				},
				"bone7": {
					"rotation": {
						"0.0": [0, 0, 15],
						"0.2667": [0, 0, -12.5],
						"0.5": [0, 0, 15],
						"0.7667": [0, 0, -15],
						"1.0": [0, 0, 15],
						"1.2667": [0, 0, -15],
						"1.5": [0, 0, 15],
						"1.7667": [0, 0, -15],
						"2.0": [0, 0, 15]
					}
				},
				"bone9": {
					"rotation": {
						"0.0": [0, 0, -10],
						"0.2667": [0, 0, 0],
						"0.5": [0, 0, -10],
						"0.7667": [0, 0, 0],
						"1.0": [0, 0, -10],
						"1.2667": [0, 0, 0],
						"1.5": [0, 0, -10],
						"1.7667": [0, 0, 0],
						"2.0": [0, 0, -10]
					}
				},
				"bone8": {
					"rotation": {
						"0.0": [0, 0, 10],
						"0.2667": [0, 0, 0],
						"0.5": [0, 0, 10],
						"0.7667": [0, 0, 0],
						"1.0": [0, 0, 10],
						"1.2667": [0, 0, 0],
						"1.5": [0, 0, 10],
						"1.7667": [0, 0, 0],
						"2.0": [0, 0, 10]
					}
				},
				"body": {
					"rotation": [15, 0, 0],
					"position": [0, 0, -4]
				}
			}
		}
	},
	"geckolib_format_version": 2
}