{
	"format_version": "1.8.0",
	"animations": {
		"animation.absol.ground_walk": {
			"loop": true,
			"animation_length": 1.3333,
			"bones": {
				"body": {
					"rotation": ["-1.6251+(math.sin((q.anim_time - 0) * 360 / (2/3)) * 1)", 0, "(math.sin((q.anim_time - 0) * 360 / (4/3)) * 1)"],
					"position": [
						"-(math.sin((q.anim_time - 0) * 360 / (4/3)) * 0.5)",
						"0.4688-(math.cos((q.anim_time - 0) * 360 / (2/3)) * 0.2)",
						"-0.5-(math.sin((q.anim_time - 1) * 360 / (2/3)) * 0.5)"
					]
				},
				"left_leg_front": {
					"rotation": {
						"0.0": {
							"post": [29.32031, 5, 1.71394],
							"lerp_mode": "catmullrom"
						},
						"0.3333": {
							"post": [7.3125, -2.1, -1.78125],
							"lerp_mode": "catmullrom"
						},
						"0.5": [-24.9025, -4.15625, -0.59375],
						"0.6667": [-21.4565, -5, 2.62438],
						"1.0": {
							"pre": [2.96875, 1.9, 2.65625],
							"post": [2.96875, 1.9, 2.65625],
							"lerp_mode": "catmullrom"
						},
						"1.3333": {
							"post": [29.32031, 5, 1.71394],
							"lerp_mode": "catmullrom"
						}
					},
					"position": {
						"0.0": {
							"post": [-0.2, -0.5125, 0.3],
							"lerp_mode": "catmullrom"
						},
						"0.3333": {
							"post": [-0.2, 0.10375, -1.05],
							"lerp_mode": "catmullrom"
						},
						"0.5": {
							"post": [0, -1.1975, -2.25],
							"lerp_mode": "catmullrom"
						},
						"0.6667": {
							"post": [0, -1.6, -1.53125],
							"lerp_mode": "catmullrom"
						},
						"0.875": {
							"post": [0, -0.93375, -0.29375],
							"lerp_mode": "catmullrom"
						},
						"1.0": {
							"post": [0, -0.5625, 0.1],
							"lerp_mode": "catmullrom"
						},
						"1.1667": {
							"post": [0, -0.77875, 0.2],
							"lerp_mode": "catmullrom"
						},
						"1.3333": {
							"post": [-0.2, -0.5125, 0.3],
							"lerp_mode": "catmullrom"
						}
					}
				},
				"left_leg_front2": {
					"rotation": {
						"0.0": {
							"post": [-8, 0, 0],
							"lerp_mode": "catmullrom"
						},
						"0.125": {
							"post": [-31.95875, 0, 0.3],
							"lerp_mode": "catmullrom"
						},
						"0.3333": {
							"post": [-45, 0, 0.3],
							"lerp_mode": "catmullrom"
						},
						"0.5": {
							"post": [-25, 0, 0],
							"lerp_mode": "catmullrom"
						},
						"0.6667": [-3.80098, -0.00969, -2.40956],
						"0.875": {
							"pre": [-4.6275, 0, -2.8125],
							"post": [-4.6275, 0, -2.8125],
							"lerp_mode": "catmullrom"
						},
						"1.0": {
							"post": [-3.875, 0, -2.75],
							"lerp_mode": "catmullrom"
						},
						"1.3333": {
							"post": [-8, 0, 0],
							"lerp_mode": "catmullrom"
						}
					}
				},
				"right_leg_front": {
					"rotation": {
						"0.0": [-21.4565, 5, -2.62438],
						"0.3333": {
							"pre": [2.96875, -1.9, -2.65625],
							"post": [2.96875, -1.9, -2.65625],
							"lerp_mode": "catmullrom"
						},
						"0.6667": {
							"post": [29.32031, -5, -1.71394],
							"lerp_mode": "catmullrom"
						},
						"1.0": {
							"post": [7.3125, 2.1, 1.78125],
							"lerp_mode": "catmullrom"
						},
						"1.1667": [-24.9025, 4.15625, 0.59375],
						"1.3333": [-21.4565, 5, -2.62438]
					},
					"position": {
						"0.0": [0, -1.6, -1.53125],
						"0.2083": [0, -0.93375, -0.29375],
						"0.3333": {
							"pre": [0, -0.5625, 0.1],
							"post": [0, -0.5625, 0.1],
							"lerp_mode": "catmullrom"
						},
						"0.5": {
							"post": [0, -0.77875, 0.2],
							"lerp_mode": "catmullrom"
						},
						"0.6667": {
							"post": [0.2, -0.5125, 0.3],
							"lerp_mode": "catmullrom"
						},
						"1.0": {
							"post": [0.2, 0.10375, -1.05],
							"lerp_mode": "catmullrom"
						},
						"1.1667": [0, -1.1975, -2.25],
						"1.3333": [0, -1.6, -1.53125]
					}
				},
				"right_leg_front2": {
					"rotation": {
						"0.0": [-3.80098, 0.00969, 2.40956],
						"0.2083": {
							"pre": [-4.6275, 0, 2.8125],
							"post": [-4.6275, 0, 2.8125],
							"lerp_mode": "catmullrom"
						},
						"0.3333": {
							"post": [-3.875, 0, 2.75],
							"lerp_mode": "catmullrom"
						},
						"0.6667": {
							"post": [-8, 0, 0],
							"lerp_mode": "catmullrom"
						},
						"0.7917": {
							"post": [-31.95875, 0, -0.3],
							"lerp_mode": "catmullrom"
						},
						"1.0": {
							"post": [-45, 0, -0.3],
							"lerp_mode": "catmullrom"
						},
						"1.1667": {
							"post": [-25, 0, 0],
							"lerp_mode": "catmullrom"
						},
						"1.3333": [-3.80098, 0.00969, 2.40956]
					}
				},
				"left_leg_back": {
					"rotation": {
						"0.0": {
							"post": [8.34375, 0, 0],
							"lerp_mode": "catmullrom"
						},
						"0.1667": {
							"post": [-14.5, 0, 0],
							"lerp_mode": "catmullrom"
						},
						"0.375": {
							"post": [-25.495, 0, 0],
							"lerp_mode": "catmullrom"
						},
						"0.5417": {
							"post": [-18.9375, 0, 0],
							"lerp_mode": "catmullrom"
						},
						"0.6667": [-3.22, 0, 0],
						"0.75": [1.255, 0, 0],
						"0.875": [6.46875, 0, 0],
						"1.125": [15.75, 0, 0],
						"1.3333": [8.34375, 0, 0]
					},
					"position": {
						"0.0": {
							"post": [0, 0.94375, -0.25625],
							"lerp_mode": "catmullrom"
						},
						"0.125": {
							"post": [0, 1.8725, -0.4275],
							"lerp_mode": "catmullrom"
						},
						"0.2917": {
							"post": [0, 2.06625, -1.055],
							"lerp_mode": "catmullrom"
						},
						"0.4167": {
							"post": [0, 1.6575, -1.39375],
							"lerp_mode": "catmullrom"
						},
						"0.5417": {
							"post": [0, 0.65, -1.5],
							"lerp_mode": "catmullrom"
						},
						"0.6667": {
							"post": [0, 1.37625, -1.1],
							"lerp_mode": "catmullrom"
						},
						"0.75": [0, 1.58375, -1],
						"0.875": [0, 1.46875, -0.9],
						"1.125": [0, 0.86, -0.59],
						"1.1667": [0, 0.66, -0.47],
						"1.2083": [0, 0.5575, -0.36],
						"1.3333": [0, 0.94375, -0.25625]
					}
				},
				"left_leg_back2": {
					"rotation": {
						"0.0": {
							"post": [-6.1875, 0, 0],
							"lerp_mode": "catmullrom"
						},
						"0.2083": {
							"post": [-5.21875, 0, 0],
							"lerp_mode": "catmullrom"
						},
						"0.4167": {
							"post": [0.63, 0, 0],
							"lerp_mode": "catmullrom"
						},
						"0.5417": {
							"post": [3, 0, 0],
							"lerp_mode": "catmullrom"
						},
						"0.6667": [1.82, 0, 0],
						"0.75": [1.0275, 0, 0],
						"1.2083": {
							"pre": [9.10875, 0, 0],
							"post": [9.10875, 0, 0],
							"lerp_mode": "catmullrom"
						},
						"1.3333": {
							"post": [-6.1875, 0, 0],
							"lerp_mode": "catmullrom"
						}
					}
				},
				"right_leg_back": {
					"rotation": {
						"0.0": [-3.22, 0, 0],
						"0.0833": [1.255, 0, 0],
						"0.2083": [6.46875, 0, 0],
						"0.4583": [15.75, 0, 0],
						"0.6667": {
							"pre": [8.34375, 0, 0],
							"post": [8.34375, 0, 0],
							"lerp_mode": "catmullrom"
						},
						"0.8333": {
							"post": [-14.5, 0, 0],
							"lerp_mode": "catmullrom"
						},
						"1.0417": {
							"post": [-25.495, 0, 0],
							"lerp_mode": "catmullrom"
						},
						"1.2083": {
							"post": [-18.9375, 0, 0],
							"lerp_mode": "catmullrom"
						},
						"1.3333": [-3.22, 0, 0]
					},
					"position": {
						"0.0": [0, 1.37625, -1.2],
						"0.0833": [0, 1.58375, -1.1],
						"0.2083": [0, 1.46875, -1],
						"0.4583": [0, 0.86, -0.69],
						"0.5": [0, 0.66, -0.57],
						"0.5833": [0, 0.4575, -0.46],
						"0.6667": {
							"pre": [0, 0.94375, -0.35625],
							"post": [0, 0.94375, -0.35625],
							"lerp_mode": "catmullrom"
						},
						"0.7917": {
							"post": [0, 1.8725, -0.5275],
							"lerp_mode": "catmullrom"
						},
						"0.9583": {
							"post": [0, 2.06625, -1.155],
							"lerp_mode": "catmullrom"
						},
						"1.0833": {
							"post": [0, 1.6575, -1.49375],
							"lerp_mode": "catmullrom"
						},
						"1.2083": {
							"post": [0, 0.65, -1.6],
							"lerp_mode": "catmullrom"
						},
						"1.3333": {
							"post": [0, 1.37625, -1.2],
							"lerp_mode": "catmullrom"
						}
					}
				},
				"right_leg_back2": {
					"rotation": {
						"0.0": [1.82, 0, 0],
						"0.0833": [1.0275, 0, 0],
						"0.4167": {
							"pre": [9.08125, 0, 0],
							"post": [9.08125, 0, 0],
							"lerp_mode": "catmullrom"
						},
						"0.5417": {
							"post": [11.60875, 0, 0],
							"lerp_mode": "catmullrom"
						},
						"0.6667": {
							"post": [-6.1875, 0, 0],
							"lerp_mode": "catmullrom"
						},
						"0.875": {
							"post": [-5.21875, 0, 0],
							"lerp_mode": "catmullrom"
						},
						"1.0833": {
							"post": [0.63, 0, 0],
							"lerp_mode": "catmullrom"
						},
						"1.2083": {
							"post": [3, 0, 0],
							"lerp_mode": "catmullrom"
						},
						"1.3333": [1.82, 0, 0]
					}
				},
				"tail": {
					"rotation": ["-0.5 + (math.sin((q.anim_time - 0.2) * 360 / (2/3)) * 1)", "(math.cos((q.anim_time - 0.2) * 360 / (4/3)) * 4)", 0]
				},
				"head": {
					"rotation": ["2 - (math.cos((q.anim_time - 0.2) * 360 / (2/3)) * 2)", 0, 0]
				},
				"left_foot_front": {
					"rotation": {
						"0.0": [39.58888, -3.31295, 1.23373],
						"0.25": {
							"pre": [126.79, -2.71, -1.24],
							"post": [126.79, -2.71, -1.24],
							"lerp_mode": "catmullrom"
						},
						"0.375": {
							"post": [139.79924, -2.17349, -2.06833],
							"lerp_mode": "catmullrom"
						},
						"0.5": {
							"post": [117.0625, 0, 0],
							"lerp_mode": "catmullrom"
						},
						"0.625": {
							"post": [54.6102, 0.13584, 0.12927],
							"lerp_mode": "catmullrom"
						},
						"0.6667": {
							"post": [23.0625, 0, 0],
							"lerp_mode": "catmullrom"
						},
						"1.1667": [21.68767, -2.22367, 1.19506],
						"1.3333": [39.58888, -3.31295, 1.23373]
					},
					"position": {
						"0.0": {
							"post": [0, 0.51, -0.4],
							"lerp_mode": "catmullrom"
						},
						"0.375": {
							"post": [0, 0.86, -0.6],
							"lerp_mode": "catmullrom"
						},
						"0.5": {
							"post": [0, 0.88125, -0.9],
							"lerp_mode": "catmullrom"
						},
						"0.5833": {
							"post": [0, 0.88, -0.54],
							"lerp_mode": "catmullrom"
						},
						"0.6667": {
							"post": [0, 0.88125, 0],
							"lerp_mode": "catmullrom"
						},
						"1.1667": {
							"post": [0, 0.82, 0.04],
							"lerp_mode": "catmullrom"
						},
						"1.3333": {
							"post": [0, 0.51, -0.4],
							"lerp_mode": "catmullrom"
						}
					}
				},
				"right_foot_front": {
					"rotation": {
						"0.0": [23.0625, 0, 0],
						"0.5": [21.68767, 2.22367, -1.19506],
						"0.6667": [39.58888, 3.31295, -1.23373],
						"0.9167": {
							"pre": [126.79, 2.71, 1.24],
							"post": [126.79, 2.71, 1.24],
							"lerp_mode": "catmullrom"
						},
						"1.0417": {
							"post": [139.79924, 2.17349, 2.06833],
							"lerp_mode": "catmullrom"
						},
						"1.1667": {
							"post": [117.0625, 0, 0],
							"lerp_mode": "catmullrom"
						},
						"1.2917": {
							"post": [54.6102, -0.13584, -0.12927],
							"lerp_mode": "catmullrom"
						},
						"1.3333": {
							"post": [23.0625, 0, 0],
							"lerp_mode": "catmullrom"
						}
					},
					"position": {
						"0.0": {
							"post": [0, 0.88125, 0],
							"lerp_mode": "catmullrom"
						},
						"0.5": {
							"post": [0, 0.82, 0.04],
							"lerp_mode": "catmullrom"
						},
						"0.6667": {
							"post": [0, 0.51, -0.4],
							"lerp_mode": "catmullrom"
						},
						"1.0417": {
							"post": [0, 0.86, -0.6],
							"lerp_mode": "catmullrom"
						},
						"1.1667": {
							"post": [0, 0.88125, -0.9],
							"lerp_mode": "catmullrom"
						},
						"1.25": {
							"post": [0, 0.88, -0.54],
							"lerp_mode": "catmullrom"
						},
						"1.3333": {
							"post": [0, 0.88125, 0],
							"lerp_mode": "catmullrom"
						}
					}
				},
				"left_foot_back": {
					"rotation": {
						"0.0": {
							"post": [21.40625, 0, 0],
							"lerp_mode": "catmullrom"
						},
						"0.2083": {
							"post": [48.03125, 0, 0],
							"lerp_mode": "catmullrom"
						},
						"0.4167": {
							"post": [30.50375, 0, 0],
							"lerp_mode": "catmullrom"
						},
						"0.5417": {
							"post": [41.75, 0, 0],
							"lerp_mode": "catmullrom"
						},
						"0.6667": {
							"post": [28.29, 0, 0],
							"lerp_mode": "catmullrom"
						},
						"0.875": {
							"post": [9.15625, 0, 0],
							"lerp_mode": "catmullrom"
						},
						"1.125": {
							"post": [0, 0, 0],
							"lerp_mode": "catmullrom"
						},
						"1.3333": {
							"post": [21.40625, 0, 0],
							"lerp_mode": "catmullrom"
						}
					},
					"position": {
						"0.0": [0, -0.6875, -0.1],
						"0.2083": [0, -0.15625, -0.5],
						"0.4167": [0, -0.43, -0.24125],
						"0.5417": [0, -0.28125, -0.3375],
						"0.6667": [0, -0.53, -0.18],
						"0.75": [0, -0.68875, -0.0775],
						"0.875": [0, -0.565, -0.14875],
						"1.125": [0, -0.53375, 0.0075],
						"1.2083": [0, -0.63, -0.0625],
						"1.25": [0, -0.71, -0.0725],
						"1.2917": [0, -0.795, -0.06],
						"1.3333": [0, -0.6875, -0.1]
					}
				},
				"right_foot_back": {
					"rotation": {
						"0.0": {
							"post": [0, 0, 0],
							"lerp_mode": "catmullrom"
						},
						"0.2083": {
							"post": [0, 0, 0],
							"lerp_mode": "catmullrom"
						},
						"0.3333": {
							"post": [-2.38875, 0, 0],
							"lerp_mode": "catmullrom"
						},
						"0.4583": [-8.84375, 0, 0],
						"0.5417": [-20.81625, 0, 0],
						"0.6667": [16, 0, 0],
						"0.875": {
							"pre": [78.4375, 0, 0],
							"post": [78.4375, 0, 0],
							"lerp_mode": "catmullrom"
						},
						"1.0833": {
							"post": [46.7825, 0, 0],
							"lerp_mode": "catmullrom"
						},
						"1.2083": {
							"post": [20, 0, 0],
							"lerp_mode": "catmullrom"
						},
						"1.3333": {
							"post": [0, 0, 0],
							"lerp_mode": "catmullrom"
						}
					},
					"position": {
						"0.0": {
							"post": [0, 0, 0],
							"lerp_mode": "catmullrom"
						},
						"0.5417": {
							"post": [0, 0, 0],
							"lerp_mode": "catmullrom"
						},
						"0.9167": {
							"post": [0, 0.6, -0.4],
							"lerp_mode": "catmullrom"
						},
						"1.3333": {
							"post": [0, 0, 0],
							"lerp_mode": "catmullrom"
						}
					}
				}
			}
		},
		"animation.absol.ground_idle": {
			"loop": true,
			"bones": {
				"body": {
					"rotation": ["math.sin(query.anim_time*90*2)*0.5+math.cos(query.anim_time*90*2)*0.5", 0, 0],
					"position": [0, "math.sin(query.anim_time*90*2)*0.1", 0]
				},
				"left_leg_front": {
					"position": [0, "math.sin(query.anim_time*90*2)*0.1", 0]
				},
				"left_leg_front2": {
					"position": [0, "-math.sin(query.anim_time*90*2)*0.1", 0]
				},
				"right_leg_front": {
					"position": [0, "math.sin(query.anim_time*90*2)*0.1", 0]
				},
				"right_leg_front2": {
					"position": [0, "-math.sin(query.anim_time*90*2)*0.1", 0]
				},
				"left_leg_back": {
					"position": [0, "math.sin(query.anim_time*90*2)*0.1", 0]
				},
				"left_leg_back2": {
					"position": [0, "-math.sin(query.anim_time*90*2)*0.1", 0]
				},
				"right_leg_back": {
					"position": [0, "math.sin(query.anim_time*90*2)*0.1", 0]
				},
				"right_leg_back2": {
					"position": [0, "-math.sin(query.anim_time*90*2)*0.1", 0]
				},
				"tail": {
					"rotation": [0, "-math.sin(query.anim_time*90*2)*4", 0]
				}
			}
		},
		"animation.absol.blink": {
			"animation_length": 0.1667,
			"bones": {
				"left_eyelid": {
					"position": {
						"0.0": [0.1, 0, -0.1],
						"0.125": [0, 0, 0],
						"0.1667": [0.1, 0, -0.1]
					}
				},
				"right_eyelid": {
					"position": {
						"0.0": [-0.1, 0, -0.1],
						"0.125": [0, 0, 0],
						"0.1667": [-0.1, 0, -0.1]
					}
				}
			}
		},
		"animation.absol.cry": {
			"animation_length": 0.7917,
			"bones": {
				"head": {
					"rotation": {
						"0.0": [0, 0, 0],
						"0.0833": [-12.5, 0, 0],
						"0.4167": {
							"pre": [2.5, 0, 0],
							"post": [2.5, 0, 0],
							"lerp_mode": "catmullrom"
						},
						"0.4583": {
							"post": [0, 0, 0],
							"lerp_mode": "catmullrom"
						}
					}
				},
				"jaw": {
					"rotation": {
						"0.0": [0, 0, 0],
						"0.0833": [42.5, 0, 0],
						"0.5": {
							"pre": [33.11, 0, 0],
							"post": [33.11, 0, 0],
							"lerp_mode": "catmullrom"
						},
						"0.5833": {
							"post": [0, 0, 0],
							"lerp_mode": "catmullrom"
						}
					}
				}
			},
			"sound_effects": {
				"0.0833": {
					"effect": "pokemon.absol.cry"
				}
			}
		}
	}
}