{
	"format_version": "1.12.0",
	"minecraft:geometry": [
		{
			"description": {
				"identifier": "geometry.Wugtrio",
				"texture_width": 128,
				"texture_height": 128,
				"visible_bounds_width": 4,
				"visible_bounds_height": 4,
				"visible_bounds_offset": [0, 1, 0]
			},
			"bones": [
				{
					"name": "Wugtrio",
					"pivot": [-1, 0, -3]
				},
				{
					"name": "Rock",
					"parent": "Wugtrio",
					"pivot": [-1, 0, -3],
					"cubes": [
						{"origin": [-9, -11, -10], "size": [16, 23, 19], "uv": [0, 0]},
						{"origin": [-8, -9, -16], "size": [14, 18, 14], "uv": [0, 76]},
						{"origin": [-8, -8, 0], "size": [14, 16, 15], "uv": [55, 27]},
						{"origin": [3, -8, -10], "size": [10, 15, 19], "uv": [0, 42]},
						{"origin": [-14, -9, -10], "size": [9, 19, 17], "uv": [58, 58]}
					]
				},
				{
					"name": "Wuglett1",
					"parent": "Rock",
					"pivot": [-8, -1, -10.5]
				},
				{
					"name": "LowerTorso",
					"parent": "Wuglett1",
					"pivot": [-8, -1, -10],
					"cubes": [
						{"origin": [-17, -1, -19], "size": [9, 10, 9], "uv": [51, 0]}
					]
				},
				{
					"name": "MediumTorso",
					"parent": "LowerTorso",
					"pivot": [-12.5, 9, -14.5],
					"cubes": [
						{"origin": [-17, 9, -19], "size": [9, 10, 9], "uv": [87, 0]}
					]
				},
				{
					"name": "UpperTorso",
					"parent": "MediumTorso",
					"pivot": [-12.5, 19, -14.5],
					"cubes": [
						{"origin": [-15.98, 21, -21], "size": [7, 4, 7], "uv": [93, 58]},
						{"origin": [-17, 19, -19], "size": [9, 10, 9], "uv": [56, 94]}
					]
				},
				{
					"name": "Eyelids",
					"parent": "UpperTorso",
					"pivot": [-13, 23, -8],
					"cubes": [
						{"origin": [-16, 25.025, -18.76], "size": [7, 2, 0], "uv": [13, 37]}
					]
				},
				{
					"name": "Wuglett2",
					"parent": "Rock",
					"pivot": [7, -1, 9]
				},
				{
					"name": "LowerTorso2",
					"parent": "Wuglett2",
					"pivot": [7, -1, 9],
					"cubes": [
						{"origin": [7, -1, 8.5], "size": [9, 10, 9], "uv": [51, 0]}
					]
				},
				{
					"name": "MediumTorso2",
					"parent": "LowerTorso2",
					"pivot": [11.5, 9, 13],
					"cubes": [
						{"origin": [7, 9, 8.5], "size": [9, 10, 9], "uv": [87, 0]}
					]
				},
				{
					"name": "UpperTorso2",
					"parent": "MediumTorso2",
					"pivot": [11.5, 19, 13],
					"cubes": [
						{"origin": [8.02, 21, 6.5], "size": [7, 4, 7], "uv": [93, 58]},
						{"origin": [7, 19, 8.5], "size": [9, 10, 9], "uv": [56, 94]}
					]
				},
				{
					"name": "Eyelids2",
					"parent": "UpperTorso2",
					"pivot": [11, 23, 19.5],
					"cubes": [
						{"origin": [8, 25.025, 8.99], "size": [7, 2, 0], "uv": [13, 37]}
					]
				},
				{
					"name": "Wuglett3",
					"parent": "Rock",
					"pivot": [6, -1, -9.5]
				},
				{
					"name": "LowerTorso3",
					"parent": "Wuglett3",
					"pivot": [6, -1, -10],
					"cubes": [
						{"origin": [6, -1, -18.5], "size": [9, 10, 9], "uv": [51, 0]}
					]
				},
				{
					"name": "MediumTorso3",
					"parent": "LowerTorso3",
					"pivot": [10.5, 9, -14],
					"cubes": [
						{"origin": [6, 9, -18.5], "size": [9, 10, 9], "uv": [87, 0]}
					]
				},
				{
					"name": "UpperTorso3",
					"parent": "MediumTorso3",
					"pivot": [10.5, 19, -14],
					"cubes": [
						{"origin": [7.02, 21, -20.5], "size": [7, 4, 7], "uv": [93, 58]},
						{"origin": [6, 19, -18.5], "size": [9, 10, 9], "uv": [56, 94]}
					]
				},
				{
					"name": "Eyelids3",
					"parent": "UpperTorso3",
					"pivot": [10, 23, -5.5],
					"cubes": [
						{"origin": [7, 25.025, -18.26], "size": [7, 2, 0], "uv": [13, 37]}
					]
				}
			]
		}
	]
}