{
	"format_version": "1.12.0",
	"minecraft:geometry": [
		{
			"description": {
				"identifier": "geometry.corsola",
				"texture_width": 64,
				"texture_height": 64,
				"visible_bounds_width": 3,
				"visible_bounds_height": 3.5,
				"visible_bounds_offset": [0, 1.25, 0]
			},
			"bones": [
				{
					"name": "all",
					"pivot": [0, 0, 0]
				},
				{
					"name": "corsola",
					"parent": "all",
					"pivot": [0, 1.5, 0],
					"cubes": [
						{"origin": [-6, 2.5, -8], "size": [12, 12, 16], "uv": [0, 0]}
					]
				},
				{
					"name": "arms",
					"parent": "corsola",
					"pivot": [0, 0, 0],
					"cubes": [
						{"origin": [-7, 5.5, -10], "size": [2, 2, 4], "pivot": [-6, 6.5, -8], "rotation": [15, 45, 0], "uv": [0, 37]},
						{"origin": [5, 5.5, -10], "size": [2, 2, 4], "pivot": [6, 6.5, -8], "rotation": [15, -45, 0], "uv": [0, 8]}
					]
				},
				{
					"name": "legs",
					"parent": "corsola",
					"pivot": [0, 0, 0]
				},
				{
					"name": "right",
					"parent": "legs",
					"pivot": [-4.5, 1, -1],
					"cubes": [
						{"origin": [-6.5, 0, -3.5], "size": [2, 4, 2], "pivot": [-4.5, 1, -1], "rotation": [0, 0, 20], "uv": [50, 0]},
						{"origin": [-6.5, 0, 4.5], "size": [2, 4, 2], "pivot": [-4.5, 1, -1], "rotation": [0, 0, 20], "uv": [36, 49]}
					]
				},
				{
					"name": "left",
					"parent": "legs",
					"pivot": [-4.5, 1, -1],
					"cubes": [
						{"origin": [4.5, 0, -3.5], "size": [2, 4, 2], "pivot": [4.5, 1, -1], "rotation": [0, 0, -20], "uv": [16, 49]},
						{"origin": [4.5, 0, 4.5], "size": [2, 4, 2], "pivot": [4.5, 1, -1], "rotation": [0, 0, -20], "uv": [8, 49]}
					]
				},
				{
					"name": "horns",
					"parent": "corsola",
					"pivot": [0, 0, 0],
					"cubes": [
						{"origin": [-1, 11, -13], "size": [2, 2, 6], "pivot": [0, 12, -7.5], "rotation": [-35, 0, 0], "uv": [0, 0]}
					]
				},
				{
					"name": "rightfronthorn",
					"parent": "horns",
					"pivot": [-4, 14.16667, -4.16667],
					"rotation": [0, 0, -15],
					"cubes": [
						{"origin": [-5, 13.5, -6], "size": [2, 5, 4], "uv": [32, 33]},
						{"origin": [-5, 18.5, -6], "size": [2, 4, 3], "uv": [40, 7]},
						{"origin": [-5, 22.5, -5], "size": [2, 4, 2], "uv": [48, 35]},
						{"origin": [-5, 18.5, -3], "size": [2, 2, 3], "uv": [36, 44]},
						{"origin": [-5, 22.5, -8], "size": [2, 2, 3], "uv": [20, 44]}
					]
				},
				{
					"name": "rightbackhorn",
					"parent": "horns",
					"pivot": [-4, 13.16667, 5.83333],
					"rotation": [-32.5, 0, -15],
					"cubes": [
						{"origin": [-5, 12.5, 4], "size": [2, 5, 4], "uv": [12, 28]},
						{"origin": [-5, 17.5, 4], "size": [2, 4, 3], "uv": [22, 37]},
						{"origin": [-5, 21.5, 5], "size": [2, 4, 2], "uv": [28, 47]},
						{"origin": [-5, 17.5, 7], "size": [2, 2, 3], "uv": [0, 43]},
						{"origin": [-5, 21.5, 2], "size": [2, 2, 3], "uv": [29, 42]}
					]
				},
				{
					"name": "leftbackhorn",
					"parent": "horns",
					"pivot": [4, 13.16667, 5.83333],
					"rotation": [-32.5, 0, 15],
					"cubes": [
						{"origin": [3, 12.5, 4], "size": [2, 5, 4], "uv": [0, 28]},
						{"origin": [3, 17.5, 4], "size": [2, 4, 3], "uv": [12, 37]},
						{"origin": [3, 21.5, 5], "size": [2, 4, 2], "uv": [46, 44]},
						{"origin": [3, 17.5, 7], "size": [2, 2, 3], "uv": [41, 39]},
						{"origin": [3, 21.5, 2], "size": [2, 2, 3], "uv": [36, 28]}
					]
				},
				{
					"name": "leftfronthorn",
					"parent": "horns",
					"pivot": [4, 14.16667, -4.16667],
					"rotation": [0, 0, 15],
					"cubes": [
						{"origin": [3, 13.5, -6], "size": [2, 5, 4], "uv": [24, 28]},
						{"origin": [3, 18.5, -6], "size": [2, 4, 3], "uv": [40, 0]},
						{"origin": [3, 22.5, -5], "size": [2, 4, 2], "uv": [0, 48]},
						{"origin": [3, 18.5, -3], "size": [2, 2, 3], "uv": [10, 44]},
						{"origin": [3, 22.5, -8], "size": [2, 2, 3], "uv": [43, 30]}
					]
				},
				{
					"name": "eyes",
					"parent": "corsola",
					"pivot": [0, 0, 0],
					"cubes": [
						{"origin": [-3, 8.5, -8.01], "size": [1, 2, 0], "uv": [0, 2]},
						{"origin": [2, 8.5, -8.01], "size": [1, 2, 0], "uv": [0, 0]}
					]
				},
				{
					"name": "head",
					"parent": "corsola",
					"pivot": [0, 0, 0],
					"cubes": [
						{"origin": [-1, 5, -1], "size": [2, 2, 2], "uv": [0, 0]}
					]
				}
			]
		}
	]
}