{
	"format_version": "1.12.0",
	"minecraft:geometry": [
		{
			"description": {
				"identifier": "geometry.screamtail",
				"texture_width": 48,
				"texture_height": 48,
				"visible_bounds_width": 4,
				"visible_bounds_height": 2.5,
				"visible_bounds_offset": [0, 0.75, 0]
			},
			"bones": [
				{
					"name": "jigglypuff",
					"pivot": [0, 0, 0]
				},
				{
					"name": "body",
					"parent": "jigglypuff",
					"pivot": [0, 5.5, 0]
				},
				{
					"name": "torso",
					"parent": "body",
					"pivot": [0, 1.25, 0],
					"cubes": [
						{"origin": [-4.5, 1.25, -4], "size": [9, 9, 8], "uv": [0, 0]}
					]
				},
				{
					"name": "eyes",
					"parent": "torso",
					"pivot": [0, 6.5, -4.025]
				},
				{
					"name": "eye_left",
					"parent": "eyes",
					"pivot": [2.5, 6.5, -4.01],
					"cubes": [
						{"origin": [1, 5, -4.01], "size": [3, 3, 0], "uv": [29, 30]}
					]
				},
				{
					"name": "eyelid_left",
					"parent": "eye_left",
					"pivot": [2.5, 6.5, -3.41],
					"cubes": [
						{"origin": [1, 5, -3.91], "size": [3, 3, 1], "inflate": 0.01, "uv": [37, 23]}
					]
				},
				{
					"name": "eye_right",
					"parent": "eyes",
					"pivot": [-2.5, 6.5, -4.01],
					"cubes": [
						{"origin": [-4, 5, -4.01], "size": [3, 3, 0], "uv": [25, 17]}
					]
				},
				{
					"name": "eyelid_right",
					"parent": "eye_right",
					"pivot": [-2.5, 6.5, -3.41],
					"cubes": [
						{"origin": [-4, 5, -3.91], "size": [3, 3, 1], "inflate": 0.01, "uv": [16, 37]}
					]
				},
				{
					"name": "ear_right",
					"parent": "torso",
					"pivot": [-2.75, 9.25, 0.75],
					"rotation": [0, 0, -25],
					"cubes": [
						{"origin": [-4.75, 9.25, -0.25], "size": [4, 4, 2], "uv": [26, 0]}
					]
				},
				{
					"name": "ear_left",
					"parent": "torso",
					"pivot": [2.75, 9.25, 0.75],
					"rotation": [0, 0, 35],
					"cubes": [
						{"origin": [0.75, 9.25, -0.25], "size": [4, 4, 2], "uv": [25, 24]}
					]
				},
				{
					"name": "arm_left",
					"parent": "torso",
					"pivot": [4.5, 5.5, -3],
					"cubes": [
						{"origin": [4.25, 3.5, -4], "size": [3, 2, 1], "inflate": 0.01, "uv": [9, 17]}
					]
				},
				{
					"name": "arm_right",
					"parent": "torso",
					"pivot": [-4.5, 5.5, -3],
					"cubes": [
						{"origin": [-7.25, 3.5, -4], "size": [3, 2, 1], "inflate": 0.01, "uv": [14, 31]}
					]
				},
				{
					"name": "mouth",
					"parent": "torso",
					"pivot": [0, 0, 0]
				},
				{
					"name": "mouth_closed",
					"parent": "mouth",
					"pivot": [0, 4, -4.01],
					"cubes": [
						{"origin": [-1, 3.5, -4.02], "size": [2, 1, 0], "uv": [0, 19]}
					]
				},
				{
					"name": "mouth_open",
					"parent": "mouth",
					"pivot": [0, 0, 0],
					"cubes": [
						{"origin": [-1, 3, -3.91], "size": [2, 2, 0], "uv": [0, 17]}
					]
				},
				{
					"name": "tail1",
					"parent": "torso",
					"pivot": [0, 10.10946, -3.86607],
					"cubes": [
						{"origin": [-2, 9.25, -5], "size": [4, 4, 3], "pivot": [0, 9.75, -3.5], "rotation": [-25, 0, 0], "uv": [11, 24]}
					]
				},
				{
					"name": "tail2",
					"parent": "tail1",
					"pivot": [0, 12.25, -2],
					"cubes": [
						{"origin": [-2, 11.96993, -3.61453], "size": [4, 4, 3], "pivot": [0, 12.73469, -2.1756], "rotation": [-47.5, 0, 0], "uv": [14, 17]}
					]
				},
				{
					"name": "tail3",
					"parent": "tail2",
					"pivot": [0, 15.34959, 1.47503],
					"cubes": [
						{"origin": [-1, 13.315, -1.57349], "size": [2, 4, 3], "pivot": [0, 14.22654, 0.72548], "rotation": [-70, 0, 0], "uv": [32, 30]}
					]
				},
				{
					"name": "tail4",
					"parent": "tail3",
					"pivot": [0, 1.25, 0],
					"cubes": [
						{"origin": [-1, 14.93908, 1.47815], "size": [2, 4, 3], "pivot": [0, 15.71768, 3.2338], "rotation": [-82.5, 0, 0], "uv": [7, 31]}
					]
				},
				{
					"name": "tail5",
					"parent": "tail4",
					"pivot": [0, 16.05371, 6.42312],
					"cubes": [
						{"origin": [-1, 16.63556, 5.13822], "size": [2, 4, 3], "pivot": [0, 16.65267, 6.37717], "rotation": [-92.5, 0, 0], "uv": [22, 30]},
						{"origin": [0, 16.63556, 1.13822], "size": [0, 4, 4], "pivot": [0, 16.65267, 6.37717], "rotation": [-92.5, 0, 0], "uv": [0, 0]}
					]
				},
				{
					"name": "tail6",
					"parent": "tail5",
					"pivot": [0, 15.69802, 10.29557],
					"cubes": [
						{"origin": [-1, 16.12899, 8.75574], "size": [2, 4, 3], "pivot": [0, 16.1309, 10.34298], "rotation": [-105, 0, 0], "uv": [28, 17]}
					]
				},
				{
					"name": "tail7",
					"parent": "tail6",
					"pivot": [0, 15.25, 14],
					"cubes": [
						{"origin": [-1, 15.85341, 13.10756], "size": [2, 4, 3], "pivot": [0, 15.66274, 14.15927], "rotation": [-120, 0, 0], "uv": [0, 25]},
						{"origin": [0, 15.85341, 10.10756], "size": [0, 4, 3], "pivot": [0, 15.66274, 14.15927], "rotation": [-120, 0, 0], "uv": [0, 29]}
					]
				},
				{
					"name": "tail8",
					"parent": "tail7",
					"pivot": [0, 1.25, 0],
					"cubes": [
						{"origin": [-1, 10.17918, 16.79641], "size": [2, 3, 5], "pivot": [0, 12.17918, 19.29641], "rotation": [-90, -30, -90], "uv": [0, 17]}
					]
				},
				{
					"name": "leg_left",
					"parent": "body",
					"pivot": [2.75, 2.5, 0],
					"cubes": [
						{"origin": [1.75, 0.5, -1], "size": [2, 2, 2], "uv": [0, 36]}
					]
				},
				{
					"name": "foot_left",
					"parent": "leg_left",
					"pivot": [2.75, 1, 0],
					"cubes": [
						{"origin": [1.25, 0, -1.5], "size": [3, 1, 3], "uv": [34, 10]}
					]
				},
				{
					"name": "foot_left2",
					"parent": "foot_left",
					"pivot": [2.75, 0, -1.5],
					"cubes": [
						{"origin": [1.25, 0, -3.5], "size": [3, 1, 2], "inflate": 0.01, "uv": [35, 17]}
					]
				},
				{
					"name": "leg_right",
					"parent": "body",
					"pivot": [-2.75, 2.5, 0],
					"cubes": [
						{"origin": [-3.75, 0.5, -1], "size": [2, 2, 2], "uv": [0, 0]}
					]
				},
				{
					"name": "foot_right",
					"parent": "leg_right",
					"pivot": [-2.75, 1, 0],
					"cubes": [
						{"origin": [-4.25, 0, -1.5], "size": [3, 1, 3], "uv": [34, 6]}
					]
				},
				{
					"name": "foot_right2",
					"parent": "foot_right",
					"pivot": [-2.75, 0, -1.5],
					"cubes": [
						{"origin": [-4.25, 0, -3.5], "size": [3, 1, 2], "inflate": 0.01, "uv": [34, 14]}
					]
				}
			]
		}
	]
}