{
	"format_version": "1.12.0",
	"minecraft:geometry": [
		{
			"description": {
				"identifier": "geometry.bongbong",
				"texture_width": 80,
				"texture_height": 80,
				"visible_bounds_width": 3,
				"visible_bounds_height": 3.5,
				"visible_bounds_offset": [0, 1.25, 0]
			},
			"bones": [
				{
					"name": "bongbong",
					"pivot": [0, 0, 0]
				},
				{
					"name": "body",
					"parent": "bongbong",
					"pivot": [0, 0, 0]
				},
				{
					"name": "torso",
					"parent": "body",
					"pivot": [0, 8, 0],
					"cubes": [
						{"origin": [-4.5, 3.9, -3.575], "size": [9, 10, 7], "uv": [35, 30]}
					]
				},
				{
					"name": "head",
					"parent": "torso",
					"pivot": [0.01945, 13.57445, -2.5168],
					"cubes": [
						{"origin": [-5.95315, 13.475, -5.5791], "size": [12, 9, 10], "uv": [0, 0]},
						{"origin": [-0.45268, 14, -5.6541], "size": [1, 1, 0], "uv": [0, 2]},
						{"origin": [-1.45315, 13.7, -5.6541], "size": [1, 1, 0], "uv": [0, 1]},
						{"origin": [0.54685, 13.7, -5.6541], "size": [1, 1, 0], "uv": [0, 0]},
						{"origin": [2.02185, 15.475, -5.6041], "size": [3, 4, 1], "uv": [44, 11]},
						{"origin": [-4.87815, 15.45, -5.6041], "size": [3, 4, 1], "uv": [44, 6]},
						{"origin": [-3.90315, 16.9, -5.6541], "size": [1, 1, 1], "inflate": 0.025, "uv": [31, 37]},
						{"origin": [3.00315, 16.9, -5.6541], "size": [1, 1, 1], "inflate": 0.025, "uv": [21, 37]},
						{"origin": [-6.50315, 15.475, -3.3041], "size": [2, 3, 1], "pivot": [-6.32815, 15.45, -1.0791], "rotation": [0, 22.5, 0], "uv": [52, 47]},
						{"origin": [4.59685, 15.625, -3.3041], "size": [2, 3, 1], "pivot": [6.42185, 15.45, -1.0791], "rotation": [0, -22.5, 0], "uv": [34, 6]},
						{"origin": [3.01574, 30.78571, -6.47], "size": [4, 5, 11], "inflate": 0.25, "pivot": [-1.53627, 31.74944, -5.7], "rotation": [0, 0, 90], "uv": [42, 8]},
						{"origin": [2.59077, 22.85843, -5.795], "size": [3, 4, 10], "inflate": 0.25, "pivot": [4.26577, 24.78343, -1.47], "rotation": [0, 0, 104], "uv": [50, 47]},
						{"origin": [-5.59077, 22.85843, -5.795], "size": [3, 4, 10], "inflate": 0.25, "pivot": [-4.26577, 24.78343, -1.47], "rotation": [0, 0, -104], "uv": [24, 47]},
						{"origin": [-2.5, 20.9, -7], "size": [5, 5, 2], "inflate": 0.25, "uv": [0, 60]},
						{"origin": [5.73412, 17.67042, -5.835], "size": [2, 4, 3], "inflate": 0.25, "pivot": [6.23412, 19.67042, -4.325], "rotation": [0, 0, -14.75], "uv": [58, 61]},
						{"origin": [6.22737, 19.28932, -2.98066], "size": [2, 6, 3], "inflate": 0.25, "pivot": [7.22737, 21.78932, -1.33066], "rotation": [0, 0, -14.75], "uv": [26, 61]},
						{"origin": [-8.22737, 19.28932, -2.98066], "size": [2, 6, 3], "inflate": 0.25, "pivot": [-7.22737, 21.78932, -1.33066], "rotation": [0, 0, 14.75], "uv": [24, 46]},
						{"origin": [-4.5, 3.966, 3.8], "size": [9, 20, 3], "inflate": 0.25, "pivot": [0.35, 19.416, 0], "rotation": [14.25, 0, 0], "uv": [0, 37]},
						{"origin": [9.70984, 19.80759, 0.82867], "size": [18, 6, 3], "inflate": 0.25, "pivot": [6.7947, 26.39245, 0.0209], "rotation": [5.24498, -11.33699, 79.63613], "uv": [0, 28]},
						{"origin": [-27.70984, 19.80759, 0.82867], "size": [18, 6, 3], "inflate": 0.25, "pivot": [-6.7947, 26.39245, 0.0209], "rotation": [5.24498, 11.33699, -79.63613], "uv": [0, 19]},
						{"origin": [-7.73412, 17.67042, -5.835], "size": [2, 4, 3], "inflate": 0.25, "pivot": [-6.23412, 19.67042, -4.325], "rotation": [0, 0, 14.75], "uv": [48, 61]},
						{"origin": [-7.35778, 21.80477, -6.835], "size": [4, 4, 4], "inflate": 0.25, "pivot": [-7.28532, 23.66823, -6], "rotation": [0, 0, 14.75], "uv": [58, 0]},
						{"origin": [3.35778, 21.80477, -6.835], "size": [4, 4, 4], "inflate": 0.25, "pivot": [7.28532, 23.66823, -6], "rotation": [0, 0, -14.75], "uv": [40, 47]},
						{"origin": [2.7165, 21.84052, -6.825], "size": [4, 4, 2], "inflate": 0.25, "pivot": [6.0665, 25.41552, -6.05], "rotation": [0, 0, 1.25], "uv": [36, 61]},
						{"origin": [-6.7165, 21.84052, -6.825], "size": [4, 4, 2], "inflate": 0.25, "pivot": [-6.0665, 25.41552, -6.05], "rotation": [0, 0, -1.25], "uv": [60, 30]},
						{"origin": [-8.35237, 17.91432, -0.88066], "size": [2, 6, 3], "inflate": 0.25, "pivot": [-7.35237, 20.41432, 0.76934], "rotation": [0, 0, 14.75], "uv": [24, 37]},
						{"origin": [6.35237, 17.91432, -0.88066], "size": [2, 6, 3], "inflate": 0.25, "pivot": [7.35237, 20.41432, 0.76934], "rotation": [0, 0, -14.75], "uv": [0, 0]}
					]
				},
				{
					"name": "arm_left",
					"parent": "torso",
					"pivot": [4.5, 11, 0],
					"cubes": [
						{"origin": [4, 9.5, -1.5], "size": [9, 3, 3], "uv": [42, 24]}
					]
				},
				{
					"name": "arm_right",
					"parent": "torso",
					"pivot": [-4.5, 11, 0],
					"cubes": [
						{"origin": [-13, 9.5, -1.5], "size": [9, 3, 3], "uv": [34, 0]}
					]
				},
				{
					"name": "leg_left",
					"parent": "body",
					"pivot": [1.93367, 4.5, -1.15809],
					"cubes": [
						{"origin": [0.43367, -0.02558, -1.65809], "size": [3, 5, 3], "uv": [61, 8]},
						{"origin": [0.43367, -0.02558, -2.65809], "size": [3, 1, 1], "uv": [24, 55]}
					]
				},
				{
					"name": "leg_right",
					"parent": "body",
					"pivot": [-1.875, 4.5, -1.1],
					"cubes": [
						{"origin": [-3.375, -0.025, -1.6], "size": [3, 5, 3], "uv": [14, 60]},
						{"origin": [-3.375, -0.025, -2.6], "size": [3, 1, 1], "uv": [44, 16]}
					]
				}
			]
		}
	]
}