{
	"format_version": "1.12.0",
	"minecraft:geometry": [
		{
			"description": {
				"identifier": "geometry.kingambit",
				"texture_width": 96,
				"texture_height": 96,
				"visible_bounds_width": 4,
				"visible_bounds_height": 4.5,
				"visible_bounds_offset": [0, 1.75, 0]
			},
			"bones": [
				{
					"name": "root",
					"pivot": [0, 0, 0]
				},
				{
					"name": "kingambit",
					"parent": "root",
					"pivot": [0, 0, 0]
				},
				{
					"name": "bottom",
					"parent": "kingambit",
					"pivot": [0, 10, 1],
					"cubes": [
						{"origin": [-3, 10, -0.5], "size": [6, 5, 3], "uv": [0, 51]}
					]
				},
				{
					"name": "rings",
					"parent": "bottom",
					"pivot": [0, 17, 1]
				},
				{
					"name": "ring1",
					"parent": "rings",
					"pivot": [0, 17.1, 1],
					"cubes": [
						{"origin": [-3, 10.02, -1.5], "size": [6, 0, 1], "uv": [68, 24]},
						{"origin": [3, 10.02, -0.5], "size": [1, 0, 3], "uv": [70, 8]},
						{"origin": [4, 10.02, 1.5], "size": [1, 0, 3], "uv": [69, 38]},
						{"origin": [5, 10.02, 4.5], "size": [3, 0, 1], "uv": [73, 38]},
						{"origin": [11, 10.02, 4.5], "size": [3, 0, 1], "uv": [73, 33]},
						{"origin": [13, 10.02, 3.5], "size": [1, 0, 1], "uv": [0, 21]},
						{"origin": [14, 10.02, 2.5], "size": [1, 0, 2], "uv": [24, 60]},
						{"origin": [15, 10.02, 0.5], "size": [1, 0, 3], "uv": [69, 3]},
						{"origin": [16, 10.02, -2.5], "size": [1, 0, 4], "uv": [37, 53]},
						{"origin": [15, 10.02, -4.5], "size": [1, 0, 3], "uv": [67, 45]},
						{"origin": [13, 10.02, -7.5], "size": [1, 0, 3], "uv": [65, 45]},
						{"origin": [11, 10.02, -5.5], "size": [1, 0, 1], "uv": [0, 20]},
						{"origin": [12, 10.02, -6.5], "size": [1, 0, 2], "uv": [26, 60]},
						{"origin": [14, 10.02, -5.5], "size": [1, 0, 2], "uv": [0, 62]},
						{"origin": [7, 10.02, 5.5], "size": [5, 0, 1], "uv": [70, 19]},
						{"origin": [5, 10.02, 3.5], "size": [1, 0, 1], "uv": [0, 24]},
						{"origin": [-16, 10.02, 0.5], "size": [1, 0, 3], "uv": [12, 51]},
						{"origin": [-17, 10.02, -2.5], "size": [1, 0, 4], "uv": [35, 53]},
						{"origin": [-16, 10.02, -4.5], "size": [1, 0, 3], "uv": [14, 51]},
						{"origin": [-15, 10.02, -5.5], "size": [1, 0, 2], "uv": [0, 42]},
						{"origin": [-14, 10.02, -7.5], "size": [1, 0, 3], "uv": [55, 8]},
						{"origin": [-13, 10.02, -6.5], "size": [1, 0, 2], "uv": [17, 51]},
						{"origin": [-12, 10.02, -5.5], "size": [1, 0, 1], "uv": [0, 15]},
						{"origin": [-5, 10.02, 1.5], "size": [1, 0, 3], "uv": [47, 64]},
						{"origin": [-6, 10.02, 3.5], "size": [1, 0, 1], "uv": [4, 15]},
						{"origin": [-8, 10.02, 4.5], "size": [3, 0, 1], "uv": [73, 32]},
						{"origin": [-12, 10.02, 5.5], "size": [5, 0, 1], "uv": [13, 70]},
						{"origin": [-14, 10.02, 4.5], "size": [3, 0, 1], "uv": [33, 73]},
						{"origin": [-14, 10.02, 3.5], "size": [1, 0, 1], "uv": [0, 19]},
						{"origin": [-15, 10.02, 2.5], "size": [1, 0, 2], "uv": [0, 60]},
						{"origin": [-4, 10.02, -0.5], "size": [1, 0, 3], "uv": [69, 53]},
						{"origin": [-3, 10.02, 2.5], "size": [6, 0, 1], "uv": [67, 1]}
					]
				},
				{
					"name": "ring2",
					"parent": "rings",
					"pivot": [0, 17, 1],
					"cubes": [
						{"origin": [3, 13, -0.5], "size": [1, 0, 3], "uv": [0, 44]},
						{"origin": [4, 13, 1.5], "size": [1, 0, 3], "uv": [32, 10]},
						{"origin": [13, 13, 1.5], "size": [1, 0, 3], "uv": [0, 32]},
						{"origin": [14, 13, -1.5], "size": [1, 0, 4], "uv": [0, 40]},
						{"origin": [13, 13, -3.5], "size": [1, 0, 3], "uv": [0, 29]},
						{"origin": [12, 13, -4.5], "size": [1, 0, 2], "uv": [0, 40]},
						{"origin": [10, 13, -5.5], "size": [1, 0, 2], "uv": [37, 15]},
						{"origin": [9, 13, -4.5], "size": [1, 0, 1], "uv": [0, 12]},
						{"origin": [11, 13, -6.5], "size": [1, 0, 3], "uv": [25, 19]},
						{"origin": [5, 13, 4.5], "size": [3, 0, 1], "uv": [73, 31]},
						{"origin": [10, 13, 4.5], "size": [3, 0, 1], "uv": [73, 23]},
						{"origin": [7, 13, 5.5], "size": [4, 0, 1], "uv": [43, 7]},
						{"origin": [5, 13, 3.5], "size": [1, 0, 1], "uv": [0, 14]},
						{"origin": [12, 13, 3.5], "size": [1, 0, 1], "uv": [0, 13]},
						{"origin": [-10, 13, -4.5], "size": [1, 0, 1], "uv": [0, 0]},
						{"origin": [-5, 13, 1.5], "size": [1, 0, 3], "uv": [0, 0]},
						{"origin": [-8, 13, 4.5], "size": [3, 0, 1], "uv": [57, 65]},
						{"origin": [-6, 13, 3.5], "size": [1, 0, 1], "uv": [0, 10]},
						{"origin": [-11, 13, 5.5], "size": [4, 0, 1], "uv": [43, 6]},
						{"origin": [-13, 13, 4.5], "size": [3, 0, 1], "uv": [31, 68]},
						{"origin": [-13, 13, 3.5], "size": [1, 0, 1], "uv": [0, 11]},
						{"origin": [-14, 13, 1.5], "size": [1, 0, 3], "uv": [0, 10]},
						{"origin": [-15, 13, -1.5], "size": [1, 0, 4], "uv": [23, 29]},
						{"origin": [-14, 13, -3.5], "size": [1, 0, 3], "uv": [0, 13]},
						{"origin": [-13, 13, -4.5], "size": [1, 0, 2], "uv": [0, 3]},
						{"origin": [-12, 13, -6.5], "size": [1, 0, 3], "uv": [0, 19]},
						{"origin": [-11, 13, -5.5], "size": [1, 0, 2], "uv": [0, 22]},
						{"origin": [-3, 13, 2.5], "size": [6, 0, 1], "uv": [64, 60]},
						{"origin": [-4, 13, -0.5], "size": [1, 0, 3], "uv": [2, 44]},
						{"origin": [-3, 13, -1.5], "size": [6, 0, 1], "uv": [67, 0]}
					]
				},
				{
					"name": "torso",
					"parent": "bottom",
					"pivot": [0, 13.3, 1],
					"cubes": [
						{"origin": [-3.5, 13.8, -0.75], "size": [7, 5, 3], "pivot": [0, 17.3, 1], "rotation": [5, 0, 0], "uv": [19, 50]}
					]
				},
				{
					"name": "neck",
					"parent": "torso",
					"pivot": [0, 18.55, 1],
					"cubes": [
						{"origin": [-1.5, 18.8, -0.75], "size": [3, 2, 3], "pivot": [0, 17.3, 1], "rotation": [5, 0, 0], "uv": [23, 68]}
					]
				},
				{
					"name": "head",
					"parent": "neck",
					"pivot": [0, 20.68081, 0.49653],
					"cubes": [
						{"origin": [-2, 20.01489, -1.80409], "size": [4, 2, 4], "pivot": [0, 21.16489, 0.44591], "rotation": [15, 0, 0], "uv": [26, 60]},
						{"origin": [-2.5, 21.45, -1.75], "size": [5, 4, 5], "pivot": [0, 17.7, 1], "rotation": [5, 0, 0], "uv": [22, 41]}
					]
				},
				{
					"name": "eyes",
					"parent": "head",
					"pivot": [1.5, 22.63955, -2.29524],
					"rotation": [5, 0, 0],
					"cubes": [
						{"origin": [0.5, 21.88955, -2.29524], "size": [2, 1, 0], "inflate": 0.01, "pivot": [1.5, 22.63955, -2.29524], "rotation": [4.95744, -0.65182, 7.47178], "uv": [15, 74]},
						{"origin": [-2.5, 21.88955, -2.29524], "size": [2, 1, 0], "inflate": 0.01, "pivot": [-1.5, 22.63955, -2.29524], "rotation": [4.95744, 0.65182, -7.47178], "uv": [0, 69]}
					]
				},
				{
					"name": "hat",
					"parent": "head",
					"pivot": [0, 22.32695, 1.77981],
					"cubes": [
						{"origin": [3, 22.95, -2.25], "size": [0, 3, 6], "pivot": [0, 17.2, 1], "rotation": [5, 0, 0], "uv": [59, 13]},
						{"origin": [-3, 22.95, -2.25], "size": [0, 3, 6], "pivot": [0, 17.2, 1], "rotation": [5, 0, 0], "uv": [38, 54]},
						{"origin": [-3, 21.95, -1.25], "size": [0, 1, 5], "pivot": [0, 17.2, 1], "rotation": [5, 0, 0], "uv": [32, 64]},
						{"origin": [-4, 20.95, -1.25], "size": [0, 1, 6], "pivot": [0, 17.2, 1], "rotation": [5, 0, 0], "uv": [0, 53]},
						{"origin": [-5, 19.95, -0.25], "size": [0, 1, 6], "pivot": [0, 17.2, 1], "rotation": [5, 0, 0], "uv": [26, 52]},
						{"origin": [5, 19.95, -0.25], "size": [0, 1, 6], "pivot": [0, 17.2, 1], "rotation": [5, 0, 0], "uv": [36, 22]},
						{"origin": [4, 20.95, -1.25], "size": [0, 1, 6], "pivot": [0, 17.2, 1], "rotation": [5, 0, 0], "uv": [15, 39]},
						{"origin": [3, 21.95, -1.25], "size": [0, 1, 5], "pivot": [0, 17.2, 1], "rotation": [5, 0, 0], "uv": [58, 63]},
						{"origin": [-3, 25.95, -2.25], "size": [6, 0, 6], "pivot": [0, 17.2, 1], "rotation": [5, 0, 0], "uv": [38, 0]},
						{"origin": [3, 21.95, -1.25], "size": [1, 0, 5], "pivot": [0, 17.2, 1], "rotation": [5, 0, 0], "uv": [0, 29]},
						{"origin": [4, 20.95, -0.25], "size": [1, 0, 5], "pivot": [0, 17.2, 1], "rotation": [5, 0, 0], "uv": [0, 19]},
						{"origin": [-5, 20.95, -0.25], "size": [1, 0, 5], "pivot": [0, 17.2, 1], "rotation": [5, 0, 0], "uv": [0, 0]},
						{"origin": [-5, 20.95, 4.75], "size": [10, 0, 1], "pivot": [0, 17.2, 1], "rotation": [5, 0, 0], "uv": [27, 26]},
						{"origin": [-4, 21.95, 3.75], "size": [8, 0, 1], "pivot": [0, 17.2, 1], "rotation": [5, 0, 0], "uv": [51, 49]},
						{"origin": [-4, 21.95, -1.25], "size": [1, 0, 5], "pivot": [0, 17.2, 1], "rotation": [5, 0, 0], "uv": [0, 10]},
						{"origin": [-3, 21.95, 3.75], "size": [6, 4, 0], "pivot": [0, 17.2, 1], "rotation": [5, 0, 0], "uv": [68, 34]},
						{"origin": [-4, 20.95, 4.75], "size": [8, 1, 0], "pivot": [0, 17.2, 1], "rotation": [5, 0, 0], "uv": [59, 44]},
						{"origin": [-5, 19.95, 5.75], "size": [10, 1, 0], "pivot": [0, 17.2, 1], "rotation": [5, 0, 0], "uv": [52, 48]},
						{"origin": [-3, 22.95, -2.25], "size": [6, 3, 0], "pivot": [0, 17.2, 1], "rotation": [5, 0, 0], "uv": [68, 68]}
					]
				},
				{
					"name": "moustache",
					"parent": "head",
					"pivot": [0, 17.7, 0.5],
					"cubes": [
						{"origin": [-6, 21.7, -3.5], "size": [12, 0, 2], "pivot": [0, 21.7, -2.5], "rotation": [35, 0, 0], "uv": [26, 24]},
						{"origin": [-12, 21.7, -2.5], "size": [6, 0, 2], "pivot": [0, 21.7, -2.5], "rotation": [35, 0, 0], "uv": [60, 22]},
						{"origin": [-6, 21.7, -1.5], "size": [2, 0, 1], "pivot": [0, 21.7, -2.5], "rotation": [35, 0, 0], "uv": [11, 66]},
						{"origin": [-9, 21.7, -0.5], "size": [2, 0, 1], "pivot": [0, 21.7, -2.5], "rotation": [35, 0, 0], "uv": [21, 65]},
						{"origin": [-11, 21.7, -0.5], "size": [2, 0, 2], "pivot": [0, 21.7, -2.5], "rotation": [35, 0, 0], "uv": [42, 29]},
						{"origin": [-13, 21.7, -0.5], "size": [2, 0, 3], "pivot": [0, 21.7, -2.5], "rotation": [35, 0, 0], "uv": [0, 24]},
						{"origin": [-14, 21.7, -1.5], "size": [2, 0, 1], "pivot": [0, 21.7, -2.5], "rotation": [35, 0, 0], "uv": [21, 64]},
						{"origin": [-15, 21.7, -0.5], "size": [2, 0, 4], "pivot": [0, 21.7, -2.5], "rotation": [35, 0, 0], "uv": [48, 34]},
						{"origin": [-16, 21.7, 0.5], "size": [1, 0, 4], "pivot": [0, 21.7, -2.5], "rotation": [35, 0, 0], "uv": [6, 66]},
						{"origin": [-17, 21.7, 1.5], "size": [1, 0, 4], "pivot": [0, 21.7, -2.5], "rotation": [35, 0, 0], "uv": [66, 2]},
						{"origin": [-18, 21.7, 3.5], "size": [1, 0, 3], "pivot": [0, 21.7, -2.5], "rotation": [35, 0, 0], "uv": [17, 71]},
						{"origin": [4, 21.7, -1.5], "size": [2, 0, 1], "pivot": [0, 21.7, -2.5], "rotation": [35, 0, 0], "uv": [36, 45]},
						{"origin": [6, 21.7, -2.5], "size": [6, 0, 2], "pivot": [0, 21.7, -2.5], "rotation": [35, 0, 0], "uv": [54, 0]},
						{"origin": [7, 21.7, -0.5], "size": [2, 0, 1], "pivot": [0, 21.7, -2.5], "rotation": [35, 0, 0], "uv": [51, 60]},
						{"origin": [9, 21.7, -0.5], "size": [2, 0, 2], "pivot": [0, 21.7, -2.5], "rotation": [35, 0, 0], "uv": [33, 15]},
						{"origin": [11, 21.7, -0.5], "size": [2, 0, 3], "pivot": [0, 21.7, -2.5], "rotation": [35, 0, 0], "uv": [0, 5]},
						{"origin": [13, 21.7, -0.5], "size": [2, 0, 4], "pivot": [0, 21.7, -2.5], "rotation": [35, 0, 0], "uv": [19, 29]},
						{"origin": [15, 21.7, 0.5], "size": [1, 0, 4], "pivot": [0, 21.7, -2.5], "rotation": [35, 0, 0], "uv": [46, 60]},
						{"origin": [16, 21.7, 1.5], "size": [1, 0, 4], "pivot": [0, 21.7, -2.5], "rotation": [35, 0, 0], "uv": [44, 63]},
						{"origin": [17, 21.7, 3.5], "size": [1, 0, 3], "pivot": [0, 21.7, -2.5], "rotation": [35, 0, 0], "uv": [71, 3]},
						{"origin": [12, 21.7, -1.5], "size": [2, 0, 1], "pivot": [0, 21.7, -2.5], "rotation": [35, 0, 0], "uv": [37, 63]}
					]
				},
				{
					"name": "head_blade",
					"parent": "head",
					"pivot": [0, 38.09786, -0.59541],
					"cubes": [
						{"origin": [0, 38.45, -3.5], "size": [0, 3, 8], "pivot": [0, 17.7, 0.75], "rotation": [5, 0, 0], "uv": [42, 7]},
						{"origin": [0, 21.45, -3.5], "size": [0, 5, 6], "pivot": [0, 17.7, 0.75], "rotation": [5, 0, 0], "uv": [15, 34]},
						{"origin": [0, 26.45, -4.5], "size": [0, 12, 7], "pivot": [0, 17.7, 0.75], "rotation": [5, 0, 0], "uv": [30, 22]},
						{"origin": [0, 31.45, 2.5], "size": [0, 7, 1], "pivot": [0, 17.7, 0.75], "rotation": [5, 0, 0], "uv": [0, 0]},
						{"origin": [0, 41.45, -2.5], "size": [0, 1, 7], "pivot": [0, 17.7, 0.75], "rotation": [5, 0, 0], "uv": [42, 11]},
						{"origin": [0, 42.45, -1.5], "size": [0, 1, 6], "pivot": [0, 17.7, 0.75], "rotation": [5, 0, 0], "uv": [36, 21]},
						{"origin": [0, 43.45, -0.5], "size": [0, 1, 5], "pivot": [0, 17.7, 0.75], "rotation": [5, 0, 0], "uv": [26, 54]},
						{"origin": [0, 44.45, 1.5], "size": [0, 1, 3], "pivot": [0, 17.7, 0.75], "rotation": [5, 0, 0], "uv": [0, 13]}
					]
				},
				{
					"name": "cloth",
					"parent": "torso",
					"pivot": [-0.5, 17.3, 1]
				},
				{
					"name": "back_cloth",
					"parent": "cloth",
					"pivot": [-0.5, 17.3, 1],
					"cubes": [
						{"origin": [2, 15.55, 2], "size": [5, 0, 1], "pivot": [-0.5, 17.3, 1], "rotation": [95, 0, 0], "uv": [70, 42]},
						{"origin": [-7, 15.55, 2], "size": [5, 0, 1], "pivot": [-0.5, 17.3, 1], "rotation": [95, 0, 0], "uv": [70, 30]},
						{"origin": [1, 15.55, 1], "size": [5, 0, 1], "pivot": [-0.5, 17.3, 1], "rotation": [95, 0, 0], "uv": [70, 41]},
						{"origin": [0, 15.55, 0], "size": [5, 0, 1], "pivot": [-0.5, 17.3, 1], "rotation": [95, 0, 0], "uv": [70, 29]},
						{"origin": [-4, 15.55, -3], "size": [8, 0, 3], "pivot": [-0.5, 17.3, 1], "rotation": [95, 0, 0], "uv": [49, 45]},
						{"origin": [-6, 15.55, 1], "size": [5, 0, 1], "pivot": [-0.5, 17.3, 1], "rotation": [95, 0, 0], "uv": [31, 70]},
						{"origin": [-5, 15.55, 0], "size": [5, 0, 1], "pivot": [-0.5, 17.3, 1], "rotation": [95, 0, 0], "uv": [70, 28]}
					]
				},
				{
					"name": "left_cloth",
					"parent": "cloth",
					"pivot": [-0.5, 17.3, 1],
					"cubes": [
						{"origin": [3.5, 18.8, -0.75], "size": [5, 0, 3], "pivot": [-0.5, 17.3, 1], "rotation": [5, 0, 0], "uv": [65, 16]},
						{"origin": [2, 19.3, -1.25], "size": [5, 0, 4], "pivot": [-0.5, 17.3, 1], "rotation": [5, 0, 0], "uv": [55, 24]},
						{"origin": [1.9, 17.27631, -0.79263], "size": [6, 0, 3], "inflate": -0.01, "pivot": [6, 17.77631, 0.70737], "rotation": [3.54002, 3.53329, -44.89078], "uv": [56, 41]},
						{"origin": [3.5, 19.05, 1.5], "size": [5, 0, 1], "pivot": [-0.5, 17.3, 1], "rotation": [95, 0, 0], "uv": [71, 2]},
						{"origin": [3.5, 16.05, 1.5], "size": [5, 0, 1], "pivot": [-0.5, 17.3, 1], "rotation": [95, 0, 0], "uv": [70, 43]},
						{"origin": [3.5, 16.05, 0.5], "size": [4, 0, 1], "pivot": [-0.5, 17.3, 1], "rotation": [95, 0, 0], "uv": [73, 22]},
						{"origin": [3.5, 16.05, -0.5], "size": [3, 0, 1], "pivot": [-0.5, 17.3, 1], "rotation": [95, 0, 0], "uv": [73, 46]},
						{"origin": [3.5, 16.05, -1.5], "size": [2, 0, 1], "pivot": [-0.5, 17.3, 1], "rotation": [95, 0, 0], "uv": [25, 73]},
						{"origin": [3.5, 16.05, -2.5], "size": [1, 0, 1], "pivot": [-0.5, 17.3, 1], "rotation": [95, 0, 0], "uv": [0, 32]},
						{"origin": [3.5, 19.05, -2.5], "size": [1, 0, 1], "pivot": [-0.5, 17.3, 1], "rotation": [95, 0, 0], "uv": [0, 31]},
						{"origin": [3.5, 19.05, -1.5], "size": [2, 0, 1], "pivot": [-0.5, 17.3, 1], "rotation": [95, 0, 0], "uv": [34, 72]},
						{"origin": [3.5, 19.05, -0.5], "size": [3, 0, 1], "pivot": [-0.5, 17.3, 1], "rotation": [95, 0, 0], "uv": [73, 45]},
						{"origin": [1, 19.55, -3], "size": [3, 0, 3], "pivot": [-0.5, 17.3, 1], "rotation": [95, 0, 0], "uv": [66, 50]},
						{"origin": [2, 19.55, 0], "size": [3, 0, 3], "pivot": [-0.5, 17.3, 1], "rotation": [95, 0, 0], "uv": [66, 25]},
						{"origin": [5, 19.55, 2], "size": [2, 0, 1], "pivot": [-0.5, 17.3, 1], "rotation": [95, 0, 0], "uv": [7, 72]},
						{"origin": [5, 19.55, 1], "size": [1, 0, 1], "pivot": [-0.5, 17.3, 1], "rotation": [95, 0, 0], "uv": [0, 30]},
						{"origin": [3.5, 19.05, 0.5], "size": [4, 0, 1], "pivot": [-0.5, 17.3, 1], "rotation": [95, 0, 0], "uv": [73, 7]},
						{"origin": [2.05, 18.59239, -0.92431], "size": [2, 1, 3], "inflate": -0.01, "pivot": [2.75, 19.29239, 0.82569], "rotation": [4.69986, 1.70818, -19.9299], "uv": [27, 72]}
					]
				},
				{
					"name": "right_cloth",
					"parent": "cloth",
					"pivot": [0.5, 17.3, 1],
					"cubes": [
						{"origin": [-8.5, 18.8, -0.75], "size": [5, 0, 3], "pivot": [0.5, 17.3, 1], "rotation": [5, 0, 0], "uv": [62, 57]},
						{"origin": [-7, 19.3, -1.25], "size": [5, 0, 4], "pivot": [0.5, 17.3, 1], "rotation": [5, 0, 0], "uv": [54, 15]},
						{"origin": [-7.9, 17.27631, -0.79263], "size": [6, 0, 3], "inflate": -0.01, "pivot": [-6, 17.77631, 0.70737], "rotation": [3.54002, -3.53329, 44.89078], "uv": [56, 28]},
						{"origin": [-8.5, 19.05, 1.5], "size": [5, 0, 1], "pivot": [0.5, 17.3, 1], "rotation": [95, 0, 0], "uv": [70, 21]},
						{"origin": [-8.5, 16.05, 1.5], "size": [5, 0, 1], "pivot": [0.5, 17.3, 1], "rotation": [95, 0, 0], "uv": [70, 20]},
						{"origin": [-7.5, 16.05, 0.5], "size": [4, 0, 1], "pivot": [0.5, 17.3, 1], "rotation": [95, 0, 0], "uv": [73, 6]},
						{"origin": [-6.5, 16.05, -0.5], "size": [3, 0, 1], "pivot": [0.5, 17.3, 1], "rotation": [95, 0, 0], "uv": [73, 40]},
						{"origin": [-5.5, 16.05, -1.5], "size": [2, 0, 1], "pivot": [0.5, 17.3, 1], "rotation": [95, 0, 0], "uv": [34, 71]},
						{"origin": [-4.5, 16.05, -2.5], "size": [1, 0, 1], "pivot": [0.5, 17.3, 1], "rotation": [95, 0, 0], "uv": [0, 29]},
						{"origin": [-4.5, 19.05, -2.5], "size": [1, 0, 1], "pivot": [0.5, 17.3, 1], "rotation": [95, 0, 0], "uv": [0, 26]},
						{"origin": [-5.5, 19.05, -1.5], "size": [2, 0, 1], "pivot": [0.5, 17.3, 1], "rotation": [95, 0, 0], "uv": [7, 71]},
						{"origin": [-6.5, 19.05, -0.5], "size": [3, 0, 1], "pivot": [0.5, 17.3, 1], "rotation": [95, 0, 0], "uv": [73, 39]},
						{"origin": [-4, 19.55, -3], "size": [3, 0, 3], "pivot": [0.5, 17.3, 1], "rotation": [95, 0, 0], "uv": [9, 59]},
						{"origin": [-5, 19.55, 0], "size": [3, 0, 3], "pivot": [0.5, 17.3, 1], "rotation": [95, 0, 0], "uv": [20, 33]},
						{"origin": [-7, 19.55, 2], "size": [2, 0, 1], "pivot": [0.5, 17.3, 1], "rotation": [95, 0, 0], "uv": [11, 67]},
						{"origin": [-6, 19.55, 1], "size": [1, 0, 1], "pivot": [0.5, 17.3, 1], "rotation": [95, 0, 0], "uv": [0, 25]},
						{"origin": [-7.5, 19.05, 0.5], "size": [4, 0, 1], "pivot": [0.5, 17.3, 1], "rotation": [95, 0, 0], "uv": [72, 66]},
						{"origin": [-4.05, 18.59239, -0.92431], "size": [2, 1, 3], "inflate": -0.01, "pivot": [-2.75, 19.29239, 0.82569], "rotation": [4.69986, -1.70818, 19.9299], "uv": [19, 72]}
					]
				},
				{
					"name": "arms",
					"parent": "torso",
					"pivot": [0, 17.3, 1]
				},
				{
					"name": "left_arm",
					"parent": "arms",
					"pivot": [4.25, 16, 1],
					"cubes": [
						{"origin": [2.75, 15.36061, 0.34777], "size": [7, 1, 1], "pivot": [4.75, 15.86061, 0.59777], "rotation": [2.31336, -4.43385, 62.41043], "uv": [58, 66]}
					]
				},
				{
					"name": "left_hand",
					"parent": "left_arm",
					"pivot": [6.75, 11.86061, 0.59777],
					"rotation": [0, 0, 5],
					"cubes": [
						{"origin": [5.25, 10.67973, -3.29504], "size": [3, 2, 4], "pivot": [6.75, 11.67973, -1.29504], "rotation": [5, 0, 0], "uv": [48, 65]},
						{"origin": [7.25, 12.41874, -2.40153], "size": [0, 1, 3], "pivot": [7.25, 12.91874, -0.90153], "rotation": [4.92442, -0.86717, 9.96271], "uv": [61, 11]},
						{"origin": [8.35, 11.82255, -2.31437], "size": [0, 1, 3], "pivot": [8.25, 11.92255, -0.81437], "rotation": [2.87277, -4.09405, 54.8973], "uv": [52, 22]},
						{"origin": [10.22103, 14.38904, -1.85318], "size": [0, 1, 3], "pivot": [10.22103, 8.28904, -0.35318], "rotation": [2.87277, 4.094, -55.1027], "uv": [52, 21]},
						{"origin": [6.25, 12.51836, -2.41025], "size": [0, 1, 3], "pivot": [6.25, 13.01836, -0.91025], "rotation": [4.92442, 0.86717, -9.96271], "uv": [61, 10]}
					]
				},
				{
					"name": "left_thumb",
					"parent": "left_hand",
					"pivot": [5.34879, 11.1956, -2.6764],
					"rotation": [0, 0, -10],
					"cubes": [
						{"origin": [5.63221, 10.50722, -4.76107], "size": [0, 1, 2], "pivot": [5.34879, 11.1956, -2.6764], "rotation": [-48.37052, 19.46522, -94.07419], "uv": [37, 64]}
					]
				},
				{
					"name": "left_knuckles",
					"parent": "left_hand",
					"pivot": [6.75, 11.67973, -3.19504],
					"rotation": [9, 0, 0],
					"cubes": [
						{"origin": [5.25, 11.08015, -5.194], "size": [3, 1, 2], "inflate": -0.01, "pivot": [6.75, 11.493, -3.1978], "rotation": [10, 0, 0], "uv": [10, 71]}
					]
				},
				{
					"name": "left_fingers",
					"parent": "left_knuckles",
					"pivot": [6.75, 11.093, -5.0978],
					"rotation": [7.5, 0, 0],
					"cubes": [
						{"origin": [5.75, 10.58153, -7.08639], "size": [2, 1, 2], "inflate": -0.01, "pivot": [6.75, 11.08153, -6.08639], "rotation": [10, 0, 0], "uv": [72, 54]}
					]
				},
				{
					"name": "right_arm",
					"parent": "arms",
					"pivot": [-4.25, 16, 1],
					"cubes": [
						{"origin": [-9.75, 15.36061, 0.34777], "size": [7, 1, 1], "pivot": [-4.75, 15.86061, 0.59777], "rotation": [2.31336, 4.43385, -62.41043], "uv": [22, 66]}
					]
				},
				{
					"name": "right_hand",
					"parent": "right_arm",
					"pivot": [-6.75, 11.86061, 0.59777],
					"rotation": [0, 0, -5],
					"cubes": [
						{"origin": [-8.25, 10.67973, -3.29504], "size": [3, 2, 4], "pivot": [-6.75, 11.67973, -1.29504], "rotation": [5, 0, 0], "uv": [12, 64]},
						{"origin": [-7.25, 12.41874, -2.40153], "size": [0, 1, 3], "pivot": [-7.25, 12.91874, -0.90153], "rotation": [4.92442, 0.86717, -9.96271], "uv": [52, 6]},
						{"origin": [-8.35, 11.82255, -2.31437], "size": [0, 1, 3], "pivot": [-8.25, 11.92255, -0.81437], "rotation": [2.87277, 4.09405, -54.8973], "uv": [52, 5]},
						{"origin": [-10.22103, 14.38904, -1.85318], "size": [0, 1, 3], "pivot": [-10.22103, 8.28904, -0.35318], "rotation": [2.87277, -4.094, 55.1027], "uv": [15, 43]},
						{"origin": [-6.25, 12.51836, -2.41025], "size": [0, 1, 3], "pivot": [-6.25, 13.01836, -0.91025], "rotation": [4.92442, -0.86717, 9.96271], "uv": [0, 32]}
					]
				},
				{
					"name": "right_thumb",
					"parent": "right_hand",
					"pivot": [-5.34879, 11.1956, -2.6764],
					"rotation": [0, 0, 10],
					"cubes": [
						{"origin": [-5.63221, 10.50722, -4.76107], "size": [0, 1, 2], "pivot": [-5.34879, 11.1956, -2.6764], "rotation": [-48.37052, -19.46522, 94.07419], "uv": [0, 64]}
					]
				},
				{
					"name": "right_knuckles",
					"parent": "right_hand",
					"pivot": [-6.75, 11.67973, -3.19504],
					"rotation": [9, 0, 0],
					"cubes": [
						{"origin": [-8.25, 11.08015, -5.194], "size": [3, 1, 2], "inflate": -0.01, "pivot": [-6.75, 11.493, -3.1978], "rotation": [10, 0, 0], "uv": [0, 71]}
					]
				},
				{
					"name": "right_fingers",
					"parent": "right_knuckles",
					"pivot": [-6.75, 11.093, -5.0978],
					"rotation": [7.5, 0, 0],
					"cubes": [
						{"origin": [-7.75, 10.58153, -7.08639], "size": [2, 1, 2], "inflate": -0.01, "pivot": [-6.75, 11.08153, -6.08639], "rotation": [10, 0, 0], "uv": [68, 71]}
					]
				},
				{
					"name": "hair",
					"parent": "kingambit",
					"pivot": [0, 0, 0],
					"cubes": [
						{"origin": [-0.5, 0, -4.5], "size": [1, 1, 1], "uv": [4, 74]},
						{"origin": [-2, 1, -4.5], "size": [4, 2, 1], "uv": [48, 71]},
						{"origin": [-3, 2, -4.5], "size": [1, 1, 1], "uv": [12, 74]},
						{"origin": [2, 2, -4.5], "size": [1, 1, 1], "uv": [8, 74]},
						{"origin": [0.75, 0.1, -4.5], "size": [1, 1, 1], "inflate": -0.01, "pivot": [1.25, 1, -4], "rotation": [0, 0, 12.5], "uv": [0, 74]},
						{"origin": [-1.75, 0.1, -4.5], "size": [1, 1, 1], "inflate": -0.01, "pivot": [-1.25, 1, -4], "rotation": [0, 0, -12.5], "uv": [0, 67]}
					]
				},
				{
					"name": "tail",
					"parent": "hair",
					"pivot": [0, 1, 0],
					"cubes": [
						{"origin": [-4, 0, -3.5], "size": [8, 4, 7], "uv": [0, 29]}
					]
				},
				{
					"name": "tail2",
					"parent": "tail",
					"pivot": [0, 2, 3],
					"cubes": [
						{"origin": [-3, 0.5, 3.2], "size": [6, 3, 4], "pivot": [0, 2, 3.5], "rotation": [-5, 0, 0], "uv": [52, 34]}
					]
				},
				{
					"name": "tail3",
					"parent": "tail2",
					"pivot": [0, 2, 7],
					"cubes": [
						{"origin": [-2, 0.025, 6.92926], "size": [4, 4, 4], "pivot": [0, 1.525, 8.92926], "rotation": [5, 0, 0], "uv": [53, 57]}
					]
				},
				{
					"name": "tail4",
					"parent": "tail3",
					"pivot": [0, 2, 10],
					"cubes": [
						{"origin": [-2.5, 1.25, 9.95], "size": [5, 3, 4], "pivot": [0, 2, 3.5], "rotation": [-5, 0, 0], "uv": [39, 53]}
					]
				},
				{
					"name": "tail5",
					"parent": "tail4",
					"pivot": [0, 2, 14],
					"cubes": [
						{"origin": [-1.5, 0.99921, 12.9718], "size": [3, 2, 4], "pivot": [0, 1.74921, 14.9718], "rotation": [7.5, 0, 0], "uv": [38, 63]}
					]
				},
				{
					"name": "tail6",
					"parent": "tail5",
					"pivot": [0, 2.5, 16.75],
					"cubes": [
						{"origin": [-0.5, 1.88865, 15.9135], "size": [1, 1, 4], "pivot": [0, 2.38865, 17.9135], "rotation": [-2.5, 0, 0], "uv": [68, 45]}
					]
				},
				{
					"name": "base",
					"parent": "hair",
					"pivot": [0, 5, 0],
					"cubes": [
						{"origin": [-3.5, 4, -1.5], "size": [7, 2, 4], "uv": [52, 2]}
					]
				},
				{
					"name": "pivot1",
					"parent": "base",
					"pivot": [0, 5, 2],
					"cubes": [
						{"origin": [-5, 3.85, 2.25], "size": [10, 2, 8], "pivot": [0, 5.25, 2.25], "rotation": [10, 0, 0], "uv": [0, 19]}
					]
				},
				{
					"name": "pivot2",
					"parent": "pivot1",
					"pivot": [0, 6, 9],
					"cubes": [
						{"origin": [-7, 5.53767, 9.21321], "size": [14, 2, 7], "pivot": [0, 6.43986, 10.13715], "rotation": [55, 0, 0], "uv": [0, 10]}
					]
				},
				{
					"name": "pivot3",
					"parent": "pivot2",
					"pivot": [0, 10, 13],
					"cubes": [
						{"origin": [-9, 10.69553, 11.18371], "size": [18, 2, 8], "pivot": [0, 11.66768, 12.66325], "rotation": [127.5, 0, 0], "uv": [0, 0]}
					]
				},
				{
					"name": "pivot4",
					"parent": "pivot3",
					"pivot": [0, 16, 9],
					"cubes": [
						{"origin": [-7, 16.5989, 8.81056], "size": [14, 2, 3], "pivot": [0, 17.03986, 9.13715], "rotation": [142.5, 0, 0], "uv": [28, 19]}
					]
				},
				{
					"name": "pivot5",
					"parent": "pivot4",
					"pivot": [0, 18, 7],
					"cubes": [
						{"origin": [-5, 19.02227, 6.88482], "size": [10, 2, 3], "pivot": [0, 19.03986, 7.13715], "rotation": [160, 0, 0], "uv": [35, 10]}
					]
				},
				{
					"name": "pivot6",
					"parent": "pivot5",
					"pivot": [0, 19, 4],
					"cubes": [
						{"origin": [-3, 18.82227, 9.88482], "size": [6, 2, 3], "pivot": [0, 19.03986, 7.13715], "rotation": [160, 0, 0], "uv": [58, 8]}
					]
				},
				{
					"name": "legs",
					"parent": "kingambit",
					"pivot": [0, 0, 0],
					"cubes": [
						{"origin": [-3, 6, -0.5], "size": [6, 4, 3], "uv": [54, 50]}
					]
				},
				{
					"name": "left_leg",
					"parent": "legs",
					"pivot": [2.2, 9, 0],
					"cubes": [
						{"origin": [-0.8, 6, -4.75], "size": [4, 4, 7], "inflate": -0.01, "pivot": [2.2, 8, 2.5], "rotation": [0, -40, 0], "uv": [0, 40]},
						{"origin": [-1.3, 6, -6.75], "size": [5, 3, 5], "pivot": [2.2, 8, 2.5], "rotation": [0, -40, 0], "uv": [37, 45]},
						{"origin": [-0.8, 4, -6.25], "size": [4, 2, 4], "pivot": [2.2, 8, 2.5], "rotation": [0, -40, 0], "uv": [0, 60]},
						{"origin": [4.7, 0, -4.25], "size": [2, 4, 2], "pivot": [5.7, 2, -3.25], "rotation": [0, -5, 0], "uv": [60, 69]},
						{"origin": [4.2, 0.02, -7.25], "size": [3, 1, 4], "inflate": -0.01, "pivot": [5.7, 2, -3.25], "rotation": [0, -5, 0], "uv": [0, 66]}
					]
				},
				{
					"name": "right_leg",
					"parent": "legs",
					"pivot": [-2.2, 9, 0],
					"cubes": [
						{"origin": [-3.2, 6, -4.75], "size": [4, 4, 7], "inflate": -0.01, "pivot": [-2.2, 8, 2.5], "rotation": [0, 40, 0], "uv": [37, 34]},
						{"origin": [-3.7, 6, -6.75], "size": [5, 3, 5], "pivot": [-2.2, 8, 2.5], "rotation": [0, 40, 0], "uv": [44, 26]},
						{"origin": [-3.2, 4, -6.25], "size": [4, 2, 4], "pivot": [-2.2, 8, 2.5], "rotation": [0, 40, 0], "uv": [14, 58]},
						{"origin": [-6.7, 0, -4.25], "size": [2, 4, 2], "pivot": [-5.7, 2, -3.25], "rotation": [0, 5, 0], "uv": [40, 69]},
						{"origin": [-7.2, 0.02, -7.25], "size": [3, 1, 4], "inflate": -0.01, "pivot": [-5.7, 2, -3.25], "rotation": [0, 5, 0], "uv": [65, 61]}
					]
				}
			]
		}
	]
}