{
	"format_version": "1.12.0",
	"minecraft:geometry": [
		{
			"description": {
				"identifier": "geometry.gumshoos",
				"texture_width": 64,
				"texture_height": 64,
				"visible_bounds_width": 4,
				"visible_bounds_height": 2.5,
				"visible_bounds_offset": [0, 0.75, 0]
			},
			"bones": [
				{
					"name": "gumshoos",
					"pivot": [0, 0, 0]
				},
				{
					"name": "body",
					"parent": "gumshoos",
					"pivot": [0, 5.75, -7.25]
				},
				{
					"name": "torso",
					"parent": "body",
					"pivot": [0, 4.25, -4],
					"cubes": [
						{"origin": [-4, 1.25, -1.5], "size": [8, 2, 4], "pivot": [0, 0, -6.5], "rotation": [17.5, 0, 0], "uv": [40, 28]},
						{"origin": [-4, 3.25, -5.5], "size": [8, 3, 8], "pivot": [0, 0, -6.5], "rotation": [17.5, 0, 0], "uv": [0, 0]},
						{"origin": [-3, -1.25, -3.75], "size": [6, 4, 6], "pivot": [0, 0, -6.5], "rotation": [42.5, 0, 0], "uv": [26, 5]}
					]
				},
				{
					"name": "tail1",
					"parent": "torso",
					"pivot": [0, 3.81703, -1.22353],
					"cubes": [
						{"origin": [-2.5, 2.5, -5.25], "size": [5, 4, 6], "pivot": [0, 0, -6.5], "rotation": [-17.5, 0, 0], "uv": [0, 32]}
					]
				},
				{
					"name": "tail2",
					"parent": "tail1",
					"pivot": [0, 2, 1.5],
					"cubes": [
						{"origin": [-2, 0.75, 0.75], "size": [4, 3, 3], "pivot": [0, 0, -6.5], "rotation": [-2.5, 0, 0], "uv": [19, 41]}
					]
				},
				{
					"name": "tail3",
					"parent": "tail2",
					"pivot": [0, 1.25, 3.75],
					"cubes": [
						{"origin": [-1.5, 1.25, 3], "size": [3, 2, 3], "pivot": [0, 0, -6.5], "rotation": [-5, 0, 0], "uv": [40, 0]}
					]
				},
				{
					"name": "tail4",
					"parent": "tail3",
					"pivot": [0, 0.75, 6],
					"cubes": [
						{"origin": [-1.5, 1.5, 6], "size": [3, 1, 2], "pivot": [0, 0, -6.5], "rotation": [-5, 0, 0], "uv": [45, 44]}
					]
				},
				{
					"name": "tail5",
					"parent": "tail4",
					"pivot": [0, 0.5, 8],
					"cubes": [
						{"origin": [-1.5, 1.75, 8], "size": [3, 0, 3], "pivot": [0, 0, -6.5], "rotation": [-5, 0, 0], "uv": [18, 15]}
					]
				},
				{
					"name": "tail6",
					"parent": "tail5",
					"pivot": [0, 0.25, 11.25],
					"cubes": [
						{"origin": [-1.5, -0.53, 11.08], "size": [3, 0, 4], "pivot": [0, 0, -6.5], "rotation": [2.5, 0, 0], "uv": [12, 32]},
						{"origin": [-0.5, -0.53, 15.08], "size": [1, 0, 2], "pivot": [0, 0, -6.5], "rotation": [2.5, 0, 0], "uv": [4, 0]},
						{"origin": [-4.25, 0.22, 14.08], "size": [1, 0, 2], "pivot": [0, 0, -6.5], "rotation": [0, 12.5, 0], "uv": [26, 5]},
						{"origin": [3.25, 0.22, 14.08], "size": [1, 0, 2], "pivot": [0, 0, -6.5], "rotation": [0, -12.5, 0], "uv": [24, 5]},
						{"origin": [-6.5, 0.22, 10.58], "size": [1, 0, 2], "pivot": [0, 0, -6.5], "rotation": [0, 22.5, 0], "uv": [0, 27]},
						{"origin": [5.5, 0.22, 10.58], "size": [1, 0, 2], "pivot": [0, 0, -6.5], "rotation": [0, -22.5, 0], "uv": [22, 5]}
					]
				},
				{
					"name": "backhair",
					"parent": "torso",
					"pivot": [0, 0, -6.5],
					"cubes": [
						{"origin": [2, -2, 4.25], "size": [2, 4, 0], "pivot": [0, 0, -6.5], "rotation": [39.90109, 2.68407, -4.22005], "uv": [21, 11]},
						{"origin": [-1.5, -9.17, 1.96], "size": [3, 3, 0], "pivot": [0, 0, -6.5], "rotation": [67.5, 0, 0], "uv": [0, 15]},
						{"origin": [-1.5, -0.25, 4], "size": [3, 4, 0], "pivot": [0, 0, -6.5], "rotation": [32.5, 0, 0], "uv": [0, 23]},
						{"origin": [-4, -2, 4.25], "size": [2, 4, 0], "pivot": [0, 0, -6.5], "rotation": [39.90109, -2.68407, 4.22005], "uv": [40, 28]},
						{"origin": [3, -4, 4.25], "size": [1, 2, 0], "pivot": [0, 0, -6.5], "rotation": [39.90109, 2.68407, -4.22005], "uv": [0, 27]},
						{"origin": [-4.25, 10.5, -3.75], "size": [0, 1, 1], "pivot": [0, 0, -6.5], "rotation": [-40, 0, 0], "uv": [40, 0]},
						{"origin": [-4, -4, 4.25], "size": [1, 2, 0], "pivot": [0, 0, -6.5], "rotation": [39.90109, -2.68407, 4.22005], "uv": [0, 0]},
						{"origin": [-4.5, 3.25, 0.5], "size": [0, 2, 3], "pivot": [0, 0, -6.5], "rotation": [2.5, 0, 0], "uv": [0, 10]},
						{"origin": [-1.5, -12.17, 1.96], "size": [1, 2, 0], "pivot": [0, 0, -6.5], "rotation": [67.5, 0, 0], "uv": [25, 28]},
						{"origin": [-4.5, 3.25, 3.5], "size": [0, 1, 1], "pivot": [0, 0, -6.5], "rotation": [2.5, 0, 0], "uv": [17, 41]},
						{"origin": [4.5, 4.25, -0.5], "size": [0, 1, 1], "pivot": [0, 0, -6.5], "rotation": [2.5, 0, 0], "uv": [20, 35]},
						{"origin": [4.5, 3.25, 0.5], "size": [0, 2, 3], "pivot": [0, 0, -6.5], "rotation": [2.5, 0, 0], "uv": [0, 8]},
						{"origin": [4.25, 8.5, -6.75], "size": [0, 2, 4], "pivot": [0, 0, -6.5], "rotation": [-40, 0, 0], "uv": [0, 0]},
						{"origin": [-4.5, 4.25, -0.5], "size": [0, 1, 1], "pivot": [0, 0, -6.5], "rotation": [2.5, 0, 0], "uv": [15, 41]},
						{"origin": [4.25, 10.5, -3.75], "size": [0, 1, 1], "pivot": [0, 0, -6.5], "rotation": [-40, 0, 0], "uv": [4, 35]},
						{"origin": [4.5, 4.25, 4.5], "size": [0, 1, 1], "pivot": [0, 0, -6.5], "rotation": [2.5, 0, 0], "uv": [4, 36]},
						{"origin": [4.5, 3.25, 3.5], "size": [0, 1, 1], "pivot": [0, 0, -6.5], "rotation": [2.5, 0, 0], "uv": [20, 36]},
						{"origin": [4.5, 5.25, -0.5], "size": [0, 1, 2], "pivot": [0, 0, -6.5], "rotation": [2.5, 0, 0], "uv": [24, 5]},
						{"origin": [-4.5, 4.25, 4.5], "size": [0, 1, 1], "pivot": [0, 0, -6.5], "rotation": [2.5, 0, 0], "uv": [40, 1]},
						{"origin": [-4.5, 5.25, -0.5], "size": [0, 1, 2], "pivot": [0, 0, -6.5], "rotation": [2.5, 0, 0], "uv": [21, 26]},
						{"origin": [-1.5, -10.17, 1.96], "size": [2, 1, 0], "pivot": [0, 0, -6.5], "rotation": [67.5, 0, 0], "uv": [30, 41]},
						{"origin": [-4.25, 8.5, -6.75], "size": [0, 2, 4], "pivot": [0, 0, -6.5], "rotation": [-40, 0, 0], "uv": [0, 2]}
					]
				},
				{
					"name": "bodymid",
					"parent": "torso",
					"pivot": [0, 7.5, -4],
					"cubes": [
						{"origin": [-3.5, 5.75, -7.25], "size": [7, 5, 7], "uv": [21, 16]}
					]
				},
				{
					"name": "bodyup",
					"parent": "bodymid",
					"pivot": [0, 10.75, -4],
					"cubes": [
						{"origin": [-3, 8.5, -7.25], "size": [6, 7, 6], "pivot": [0, 0, -6.5], "rotation": [-2.5, 0, 0], "uv": [22, 28]}
					]
				},
				{
					"name": "head",
					"parent": "bodyup",
					"pivot": [0, 14.25, -4.5],
					"cubes": [
						{"origin": [-3.5, 14, -7.5], "size": [7, 5, 7], "pivot": [0, 16.75, -6.5], "rotation": [5, 0, 0], "uv": [0, 11]},
						{"origin": [-0.5, 12.75, -7.25], "size": [1, 2, 0], "pivot": [0, 16.75, -6.5], "rotation": [5, 0, 0], "uv": [42, 21]},
						{"origin": [-0.32, 12.75, -7.25], "size": [1, 2, 0], "pivot": [0, 16.75, -6.5], "rotation": [4.76968, 1.50179, -17.43745], "uv": [19, 42]},
						{"origin": [-0.68, 12.75, -7.25], "size": [1, 2, 0], "pivot": [0, 16.75, -6.5], "rotation": [4.76968, -1.50179, 17.43745], "uv": [42, 16]},
						{"origin": [-3.5, 17, -8.5], "size": [7, 3, 1], "inflate": 0.2, "pivot": [0, 16.75, -6.5], "rotation": [5, 0, 0], "uv": [24, 0]},
						{"origin": [-1, 16, -7.525], "size": [2, 1, 0], "pivot": [0, 16.75, -6.5], "rotation": [5, 0, 0], "uv": [9, 42]},
						{"origin": [-3.5, 19, -7.5], "size": [7, 2, 7], "inflate": 0.1, "pivot": [0, 16.75, -6.5], "rotation": [5, 0, 0], "uv": [0, 23]}
					]
				},
				{
					"name": "left_eye",
					"parent": "head",
					"pivot": [1.75, 16.86884, -4.08772],
					"rotation": [0, 0, -12.5],
					"cubes": [
						{"origin": [1.05, 15.45, -7.55], "size": [2, 1, 0], "pivot": [0.25, 16.9, -6.6], "rotation": [5, 0, 0], "uv": [39, 15]},
						{"origin": [1.325, 15.58009, -7.4988], "size": [1.4, 0.8, 0], "pivot": [2.1875, 15.98009, -7.64882], "rotation": [4.95744, -0.65182, 7.47178], "uv": [32, 42]}
					]
				},
				{
					"name": "right_eye",
					"parent": "head",
					"pivot": [-1.75, 16.86884, -4.08772],
					"rotation": [0, 0, 12.5],
					"cubes": [
						{"origin": [-3.05, 15.45, -7.55], "size": [2, 1, 0], "pivot": [-0.25, 16.9, -6.6], "rotation": [5, 0, 0], "uv": [39, 15], "mirror": true},
						{"origin": [-2.725, 15.58009, -7.49882], "size": [1.4, 0.8, 0], "pivot": [-2.1875, 15.98009, -7.64882], "rotation": [4.95744, 0.65182, -7.47178], "uv": [32, 42], "mirror": true}
					]
				},
				{
					"name": "ears",
					"parent": "head",
					"pivot": [0, 0, 0]
				},
				{
					"name": "earleft",
					"parent": "ears",
					"pivot": [3.5, 18.215, -4.07488],
					"cubes": [
						{"origin": [3.25, 19.25, -4], "size": [1, 2, 0], "pivot": [0, 16.75, -6.5], "rotation": [4.33287, -2.49762, 29.9055], "uv": [30, 5]},
						{"origin": [3.25, 16.21504, -4.57488], "size": [2, 3, 1], "pivot": [4.25, 17.71504, -4.07488], "rotation": [4.88206, 1.08089, -12.45392], "uv": [22, 47]}
					]
				},
				{
					"name": "earright",
					"parent": "ears",
					"pivot": [-3.5, 18.21504, -4.07488],
					"cubes": [
						{"origin": [-4.25, 19.25, -4], "size": [1, 2, 0], "pivot": [0, 16.75, -6.5], "rotation": [4.33287, 2.49762, -29.9055], "uv": [26, 32]},
						{"origin": [-5.25, 16.21504, -4.57488], "size": [2, 3, 1], "pivot": [-4.25, 17.71504, -4.07488], "rotation": [4.88206, -1.08089, 12.45392], "uv": [22, 47], "mirror": true}
					]
				},
				{
					"name": "armleft",
					"parent": "bodyup",
					"pivot": [2.75, 12.75, -2.25],
					"cubes": [
						{"origin": [1.25, 4.25, -12], "size": [3, 3, 3], "pivot": [0, 0, 0], "rotation": [-55, 0, 0], "uv": [42, 15]}
					]
				},
				{
					"name": "handleft",
					"parent": "armleft",
					"pivot": [3, 10.75, -0.5],
					"cubes": [
						{"origin": [-6.75, 5, -8.75], "size": [2, 2, 3], "pivot": [0, 0, 0], "rotation": [-66.91342, -27.06807, 46.871], "uv": [44, 5]},
						{"origin": [-5.75, 5.75, -6], "size": [0, 1, 2], "pivot": [0, 0, 0], "rotation": [-70.70466, -29.78401, 54.82326], "uv": [21, 27]},
						{"origin": [-6.25, 5.75, -5.75], "size": [0, 1, 2], "pivot": [0, 0, 0], "rotation": [-70.70466, -29.78401, 54.82326], "uv": [27, 13]},
						{"origin": [-6.75, 5.75, -6], "size": [0, 1, 2], "pivot": [0, 0, 0], "rotation": [-70.70466, -29.78401, 54.82326], "uv": [0, 27]}
					]
				},
				{
					"name": "armright",
					"parent": "bodyup",
					"pivot": [-2.75, 12.75, -2.25],
					"cubes": [
						{"origin": [-4.25, 4.25, -12], "size": [3, 3, 3], "pivot": [0, 0, 0], "rotation": [-55, 0, 0], "uv": [43, 38]}
					]
				},
				{
					"name": "handright",
					"parent": "armright",
					"pivot": [-3, 10.75, -0.5],
					"cubes": [
						{"origin": [4.75, 5, -8.75], "size": [2, 2, 3], "pivot": [0, 0, 0], "rotation": [-66.91342, 27.06807, -46.871], "uv": [12, 44]},
						{"origin": [5.75, 5.75, -6], "size": [0, 1, 2], "pivot": [0, 0, 0], "rotation": [-70.70466, 29.78401, -54.82326], "uv": [31, 13]},
						{"origin": [6.25, 5.75, -5.75], "size": [0, 1, 2], "pivot": [0, 0, 0], "rotation": [-70.70466, 29.78401, -54.82326], "uv": [22, 30]},
						{"origin": [6.75, 5.75, -6], "size": [0, 1, 2], "pivot": [0, 0, 0], "rotation": [-70.70466, 29.78401, -54.82326], "uv": [28, 5]}
					]
				},
				{
					"name": "hair",
					"parent": "bodyup",
					"pivot": [2.94167, 12.55094, -6.6752],
					"rotation": [0, -45, 0],
					"cubes": [
						{"origin": [3.925, 14, -7.25], "size": [1, 1, 0], "pivot": [-0.075, 0, -6.75], "rotation": [-2.5, 0, 0], "uv": [30, 43]},
						{"origin": [2.925, 11, -7.25], "size": [1, 3, 0], "pivot": [-0.075, 0, -6.75], "rotation": [-2.5, 0, 0], "uv": [0, 42]},
						{"origin": [3.925, 12, -7.25], "size": [1, 1, 0], "pivot": [-0.075, 0, -6.75], "rotation": [-2.5, 0, 0], "uv": [17, 43]}
					]
				},
				{
					"name": "hair2",
					"parent": "bodyup",
					"pivot": [-2.94167, 12.55094, -6.6752],
					"rotation": [0, 45, 0],
					"cubes": [
						{"origin": [-4.925, 14, -7.25], "size": [1, 1, 0], "pivot": [0.075, 0, -6.75], "rotation": [-2.5, 0, 0], "uv": [30, 43], "mirror": true},
						{"origin": [-3.925, 11, -7.25], "size": [1, 3, 0], "pivot": [0.075, 0, -6.75], "rotation": [-2.5, 0, 0], "uv": [0, 42], "mirror": true},
						{"origin": [-4.925, 12, -7.25], "size": [1, 1, 0], "pivot": [0.075, 0, -6.75], "rotation": [-2.5, 0, 0], "uv": [17, 43], "mirror": true}
					]
				},
				{
					"name": "hair_bottom",
					"parent": "bodymid",
					"pivot": [3.5, 8.85, -7.25],
					"rotation": [0, -37.5, 0],
					"cubes": [
						{"origin": [4.5, 6.25, -7.25], "size": [1, 1, 0], "uv": [11, 43]},
						{"origin": [3.5, 7.25, -7.25], "size": [1, 3, 0], "uv": [13, 42]}
					]
				},
				{
					"name": "hair_bottom2",
					"parent": "bodymid",
					"pivot": [-3.5, 8.85, -7.25],
					"rotation": [0, 37.5, 0],
					"cubes": [
						{"origin": [-5.5, 6.25, -7.25], "size": [1, 1, 0], "uv": [11, 43], "mirror": true},
						{"origin": [-4.5, 7.25, -7.25], "size": [1, 3, 0], "uv": [13, 42], "mirror": true}
					]
				},
				{
					"name": "legright",
					"parent": "body",
					"pivot": [4.00017, 5.19703, -3.31233],
					"cubes": [
						{"origin": [2.5, 1.5, -3.25], "size": [3, 4, 3], "pivot": [-1, -1, -2.5], "rotation": [20, 0, 0], "uv": [33, 41]}
					]
				},
				{
					"name": "kneeright",
					"parent": "legright",
					"pivot": [4, 2, -2.5],
					"cubes": [
						{"origin": [3, 0, -3.5], "size": [2, 2, 2], "uv": [0, 0]},
						{"origin": [3.25, 0, -3.75], "size": [0, 1, 2], "pivot": [-1, -1, -2.5], "rotation": [0, 10, 0], "uv": [16, 34]},
						{"origin": [4, 0, -4.75], "size": [0, 1, 2], "uv": [0, 34]},
						{"origin": [4.75, 0, -5], "size": [0, 1, 2], "pivot": [-1, -1, -2.5], "rotation": [0, -5, 0], "uv": [22, 31]}
					]
				},
				{
					"name": "legleft",
					"parent": "body",
					"pivot": [-4.00017, 5.19703, -3.31233],
					"cubes": [
						{"origin": [-5.5, 1.5, -3.25], "size": [3, 4, 3], "pivot": [1, -1, -2.5], "rotation": [20, 0, 0], "uv": [0, 42]}
					]
				},
				{
					"name": "kneeleft",
					"parent": "legleft",
					"pivot": [-4, 2, -2.5],
					"cubes": [
						{"origin": [-5, 0, -3.5], "size": [2, 2, 2], "uv": [46, 34]},
						{"origin": [-3.25, 0, -3.75], "size": [0, 1, 2], "pivot": [1, -1, -2.5], "rotation": [0, -10, 0], "uv": [16, 35]},
						{"origin": [-4, 0, -4.75], "size": [0, 1, 2], "uv": [35, 13]},
						{"origin": [-4.75, 0, -5], "size": [0, 1, 2], "pivot": [1, -1, -2.5], "rotation": [0, 5, 0], "uv": [0, 35]}
					]
				}
			]
		}
	]
}