{
	"format_version": "1.8.0",
	"animations": {
		"animation.buzzwole.ground_idle": {
			"loop": true,
			"animation_length": 2,
			"bones": {
				"neck": {
					"rotation": [7.5, 0, 0]
				},
				"eyes": {
					"rotation": [-2.5, 0, 0]
				},
				"antenna_right": {
					"rotation": [-4.98107, -0.43523, -4.98107]
				},
				"antenna_right2": {
					"rotation": {
						"0.0": [-5, 0, 0],
						"1.0": [-10, 0, 0],
						"2.0": [-5, 0, 0]
					}
				},
				"antenna_right3": {
					"rotation": [-5, 0, 0]
				},
				"chest": {
					"rotation": [2.5, 0, 0]
				},
				"arm_left": {
					"rotation": {
						"0.0": [6, 24, 45],
						"0.5": [5, 24, 42],
						"1.0": [4, 24, 39],
						"1.5": [5, 24, 42],
						"2.0": [6, 24, 45]
					}
				},
				"arm_left2": {
					"rotation": [-7.50706, 2.4786, -0.32652]
				},
				"arm_left3": {
					"rotation": [3.96713, 14.47751, 15.50409]
				},
				"arm_left4": {
					"rotation": [10.41318, 8.17773, 5.77509]
				},
				"hand_left": {
					"rotation": [-7.15656, 2.24944, 17.35932]
				},
				"fingers_left": {
					"rotation": {
						"0.0": [0, 0, 82.5],
						"0.5": [0, 0, 77.5],
						"1.0": [0, 0, 72.5],
						"1.5": [0, 0, 77.5],
						"2.0": [0, 0, 82.5]
					}
				},
				"finger1_left": {
					"rotation": [0, 0, -12.5]
				},
				"finger1_left2": {
					"rotation": [0, 0, 65]
				},
				"finger2_left": {
					"rotation": [0, 0, -32.5]
				},
				"finger2_left2": {
					"rotation": [0, 0, 75]
				},
				"finger3_left": {
					"rotation": [0, 0, -45]
				},
				"finger3_left2": {
					"rotation": [0, 0, 82.5]
				},
				"finger4_left": {
					"rotation": [0, 0, -35]
				},
				"finger4_left2": {
					"rotation": [0, 0, 57.5]
				},
				"thumb_left": {
					"rotation": {
						"0.0": [-3.76055, 7.09452, 65.09644],
						"0.5": [-3.81639, 12.08361, 64.7615],
						"1.0": [-3.90399, 17.07228, 64.41381],
						"1.5": [-3.81639, 12.08361, 64.7615],
						"2.0": [-3.76055, 7.09452, 65.09644]
					}
				},
				"thumb_left2": {
					"rotation": [0, -72.5, 0]
				},
				"wing_upper_left": {
					"rotation": {
						"0.0": [0, -5, -15],
						"1.0": [0, -15, -15],
						"2.0": [0, -5, -15]
					}
				},
				"wing_lower_left": {
					"rotation": {
						"0.0": [0, 0, 5],
						"1.0": [0, -10, 5],
						"2.0": [0, 0, 5]
					}
				},
				"torso": {
					"rotation": {
						"0.0": [5, 0, 0],
						"0.5": [2.5, 0, 0],
						"1.0": [0, 0, 0],
						"1.5": [2.5, 0, 0],
						"2.0": [5, 0, 0]
					}
				},
				"leg_front_left": {
					"rotation": [-25, 0, -20]
				},
				"leg_front_left2": {
					"rotation": [22, -8, 18]
				},
				"leg_front_right": {
					"rotation": [-25, 0, 20]
				},
				"leg_front_right2": {
					"rotation": [22, 8, -18]
				},
				"leg_back_left": {
					"rotation": [18.58597, 7.52076, -21.26765]
				},
				"leg_back_left2": {
					"rotation": [-18, 8, 22]
				},
				"leg_back_right": {
					"rotation": [18.58597, -7.52076, 21.26765]
				},
				"leg_back_right2": {
					"rotation": [-18, -8, -22]
				},
				"face": {
					"rotation": [2.5, 0, 0]
				},
				"antenna_left": {
					"rotation": [-4.98107, 0.43523, 4.98107]
				},
				"antenna_left2": {
					"rotation": {
						"0.0": [-5, 0, 0],
						"1.0": [-10, 0, 0],
						"2.0": [-5, 0, 0]
					}
				},
				"antenna_left3": {
					"rotation": [-5, 0, 0]
				},
				"wing_upper_right": {
					"rotation": {
						"0.0": [0, 5, 17.5],
						"0.5": [0, 10, 17.5],
						"1.0": [0, 15, 17.5],
						"1.5": [0, 10, 17.5],
						"2.0": [0, 5, 17.5]
					}
				},
				"wing_lower_right": {
					"rotation": {
						"0.0": [0, 0, -5],
						"1.0": [0, 10, -5],
						"2.0": [0, 0, -5]
					}
				},
				"arm_right": {
					"rotation": {
						"0.0": [2.6, -17.26514, -45.77929],
						"0.5": [1.0462, -17.42467, -40.5436],
						"1.0": [0.2608, -17.45319, -37.9233],
						"1.5": [1.82922, -17.36194, -43.16258],
						"2.0": [2.60807, -17.26514, -45.77929]
					}
				},
				"arm_right2": {
					"rotation": [2.5, 0, 0]
				},
				"arm_right3": {
					"rotation": [3.57358, -14.77135, -7.57291]
				},
				"arm_right4": {
					"rotation": [2.18871, -10.22511, -5.57278]
				},
				"hand_right": {
					"rotation": [0, 2.5, -25]
				},
				"fingers_right": {
					"rotation": {
						"0.0": [0, 0, -65],
						"0.5": [0, 0, -55],
						"1.0": [0, 0, -50],
						"1.5": [0, 0, -55],
						"2.0": [0, 0, -65]
					}
				},
				"finger1_right2": {
					"rotation": [0.58422, 0.57331, -74.8593]
				},
				"finger2_right": {
					"rotation": [0, 0, 2.5]
				},
				"finger2_right2": {
					"rotation": [0, 0, -55]
				},
				"finger3_right2": {
					"rotation": [0, 0, -67.5]
				},
				"finger4_right2": {
					"rotation": [0, 0, -70]
				},
				"thumb_right": {
					"rotation": {
						"0.0": [0, -12.5, -67.5],
						"0.5": [0, -17.5, -67.5],
						"1.0": [0, -22.5, -67.5],
						"1.5": [0, -17.5, -67.5],
						"2.0": [0, -12.5, -67.5]
					}
				},
				"thumb_right2": {
					"rotation": [0, 62.5, 0]
				},
				"body": {
					"position": [0, -3.5, 0]
				},
				"buzzwole": {
					"position": {
						"0.0": [0, -1, 0],
						"1.0": [0, 0, 0],
						"2.0": [0, -1, 0]
					}
				},
				"head": {
					"rotation": {
						"0.0": [0, 0, 0],
						"0.5": [-2.5, 0, 0],
						"1.0": [-5, 0, 0],
						"1.5": [-2.5, 0, 0],
						"2.0": [0, 0, 0]
					}
				},
				"hips": {
					"position": [0, 0, 0]
				}
			}
		},
		"animation.buzzwole.ground_walk": {
			"loop": true,
			"animation_length": 2,
			"bones": {
				"buzzwole": {
					"rotation": [0, -10, 0],
					"position": {
						"0.0": [0, 3, 0],
						"0.2917": [0, 2, 0],
						"0.5": [0, 1, 0],
						"0.9583": [0, 4, 0],
						"1.3333": [0, 5.5, 0],
						"1.5": [0, 5, 0],
						"2.0": [0, 3, 0]
					}
				},
				"body": {
					"rotation": [0, -35, 0]
				},
				"torso": {
					"rotation": {
						"0.0": {
							"post": [-0.6574, 7.4713, -17.54292],
							"lerp_mode": "catmullrom"
						},
						"0.5": {
							"post": [-3.1574, 7.4713, -17.54292],
							"lerp_mode": "catmullrom"
						},
						"1.0": {
							"post": [-5.6574, 7.4713, -17.54292],
							"lerp_mode": "catmullrom"
						},
						"1.5": {
							"post": [-3.1574, 7.4713, -17.54292],
							"lerp_mode": "catmullrom"
						},
						"2.0": {
							"post": [-0.6574, 7.4713, -17.54292],
							"lerp_mode": "catmullrom"
						}
					}
				},
				"chest": {
					"rotation": {
						"0.0": {
							"post": [-0.21803, 2.49048, -5.00474],
							"lerp_mode": "catmullrom"
						},
						"0.5": {
							"post": [-2.71803, 2.49048, -5.00474],
							"lerp_mode": "catmullrom"
						},
						"1.0": {
							"post": [-5.21803, 2.49048, -5.00474],
							"lerp_mode": "catmullrom"
						},
						"1.5": {
							"post": [-2.71803, 2.49048, -5.00474],
							"lerp_mode": "catmullrom"
						},
						"2.0": {
							"post": [-0.21803, 2.49048, -5.00474],
							"lerp_mode": "catmullrom"
						}
					}
				},
				"neck": {
					"rotation": [4.90009, 5.02789, -0.65433]
				},
				"head": {
					"rotation": {
						"0.0": {
							"post": [-4.43336, 22.54185, 1.17031],
							"lerp_mode": "catmullrom"
						},
						"0.5": {
							"post": [-4.7296, 30.01798, 0.50265],
							"lerp_mode": "catmullrom"
						},
						"1.0": {
							"post": [-5, 35, 0],
							"lerp_mode": "catmullrom"
						},
						"1.5": {
							"post": [-4.7296, 30.01798, 0.50265],
							"lerp_mode": "catmullrom"
						},
						"2.0": {
							"post": [-4.43336, 22.54185, 1.17031],
							"lerp_mode": "catmullrom"
						}
					}
				},
				"antenna_left2": {
					"rotation": {
						"0.0": [0, 0, 0],
						"0.5": [-7.5, 0, 0],
						"1.5": [-7.5, 0, 0],
						"2.0": [0, 0, 0]
					}
				},
				"antenna_left3": {
					"rotation": {
						"0.5": [0, 0, 0],
						"1.0": [-10, 0, 0],
						"1.5": [0, 0, 0]
					}
				},
				"antenna_right2": {
					"rotation": {
						"0.0": [0, 0, 0],
						"0.5": [-5, 0, 0],
						"1.5": [-5, 0, 0],
						"2.0": [0, 0, 0]
					}
				},
				"antenna_right3": {
					"rotation": {
						"0.0": [0, 0, 0],
						"1.0": [-17.5, 0, 0],
						"2.0": [0, 0, 0]
					}
				},
				"arm_left": {
					"rotation": {
						"0.0": {
							"post": [19.20589, 49.69203, 5.8549],
							"lerp_mode": "catmullrom"
						},
						"0.5": {
							"post": [15.07243, 45.64679, 0.1217],
							"lerp_mode": "catmullrom"
						},
						"1.0": {
							"post": [14.44777, 43.22923, -0.77029],
							"lerp_mode": "catmullrom"
						},
						"1.5": {
							"post": [17.38706, 44.94848, 3.53109],
							"lerp_mode": "catmullrom"
						},
						"2.0": {
							"post": [19.20589, 49.69203, 5.8549],
							"lerp_mode": "catmullrom"
						}
					}
				},
				"arm_left2": {
					"rotation": {
						"0.0": [0, 35, 0],
						"0.5": [0, 32.5, 0],
						"1.0": [1.59176, 32.46527, 2.96346],
						"1.5": [1.63879, 34.96427, 3.04817],
						"2.0": [-0.11068, 34.99762, -0.0029]
					}
				},
				"arm_left4": {
					"rotation": {
						"0.0": [12.94379, 56.57922, 18.35929],
						"0.5": [9.19041, 57.05945, 13.87542],
						"1.0": [8.62033, 54.58954, 13.18651],
						"1.5": [12.05226, 54.14071, 17.40847],
						"2.0": [12.94379, 56.57922, 18.35929]
					}
				},
				"hand_left": {
					"rotation": {
						"0.0": [0, 35, 0],
						"0.5": [0, 37.5, 0],
						"1.0": [-3.82607, 37.33289, -6.29298],
						"1.5": [-3.60055, 32.34336, -5.89857],
						"2.0": [0, 35, 0]
					}
				},
				"finger1_left2": {
					"rotation": [0, 0, 82.5]
				},
				"finger2_left2": {
					"rotation": [0, 0, 85]
				},
				"finger3_left2": {
					"rotation": [0, 0, 90]
				},
				"finger4_left2": {
					"rotation": [0, 0, 90]
				},
				"arm_right": {
					"rotation": {
						"0.0": [10.13932, -19.98047, -12.96311],
						"0.5": [5.13932, -19.98047, -12.96311],
						"1.0": [5, -15, -12.5],
						"1.5": [10, -15, -12.5],
						"2.0": [10.13932, -19.98047, -12.96311]
					}
				},
				"arm_right2": {
					"rotation": {
						"0.0": [0, -80, 0],
						"0.5": [-2.5, -77.5, 0],
						"1.0": [-7.09072, -75.00199, -0.42126],
						"1.5": [-3.47337, -77.47915, 1.00191],
						"2.0": [0, -80, 0]
					}
				},
				"arm_right4": {
					"rotation": {
						"0.0": [14.46375, -48.4076, -19.02909],
						"0.5": [11.69208, -48.97354, -15.33981],
						"1.0": [13.69845, -45.98496, -18.13487],
						"1.5": [13.69845, -45.98496, -18.13487],
						"2.0": [14.35281, -48.41049, -19.02651]
					}
				},
				"hand_right": {
					"rotation": [0, -7.5, 0]
				},
				"fingers_right": {
					"rotation": [0, 0, -82.5]
				},
				"finger1_right2": {
					"rotation": [0, 0, -62.5]
				},
				"finger2_right2": {
					"rotation": [0, 0, -60]
				},
				"finger3_right2": {
					"rotation": [0, 0, -72.5]
				},
				"finger4_right2": {
					"rotation": [0, 0, -75]
				},
				"thumb_right2": {
					"rotation": [0, 70, 0]
				},
				"wings": {
					"rotation": [0, 5, 0]
				},
				"wing_upper_left": {
					"rotation": {
						"0.0": {
							"post": [0, 0, 0],
							"lerp_mode": "catmullrom"
						},
						"0.0417": {
							"post": [0, -25, 0],
							"lerp_mode": "catmullrom"
						},
						"0.0833": {
							"post": [0, 0, 0],
							"lerp_mode": "catmullrom"
						},
						"0.125": {
							"post": [0, -25, 0],
							"lerp_mode": "catmullrom"
						},
						"0.1667": {
							"post": [0, 0, 0],
							"lerp_mode": "catmullrom"
						},
						"0.2083": {
							"post": [0, -25, 0],
							"lerp_mode": "catmullrom"
						},
						"0.25": {
							"post": [0, 0, 0],
							"lerp_mode": "catmullrom"
						},
						"0.2917": {
							"post": [0, -25, 0],
							"lerp_mode": "catmullrom"
						},
						"0.3333": {
							"post": [0, 0, 0],
							"lerp_mode": "catmullrom"
						},
						"0.375": {
							"post": [0, -25, 0],
							"lerp_mode": "catmullrom"
						},
						"0.4167": {
							"post": [0, 0, 0],
							"lerp_mode": "catmullrom"
						},
						"0.4583": {
							"post": [0, -25, 0],
							"lerp_mode": "catmullrom"
						},
						"0.5": {
							"post": [0, 0, 0],
							"lerp_mode": "catmullrom"
						},
						"0.5417": {
							"post": [0, -25, 0],
							"lerp_mode": "catmullrom"
						},
						"0.5833": {
							"post": [0, 0, 0],
							"lerp_mode": "catmullrom"
						},
						"0.625": {
							"post": [0, -25, 0],
							"lerp_mode": "catmullrom"
						},
						"0.6667": {
							"post": [0, 0, 0],
							"lerp_mode": "catmullrom"
						},
						"0.7083": {
							"post": [0, -25, 0],
							"lerp_mode": "catmullrom"
						},
						"0.75": {
							"post": [0, 0, 0],
							"lerp_mode": "catmullrom"
						},
						"0.7917": {
							"post": [0, -25, 0],
							"lerp_mode": "catmullrom"
						},
						"0.8333": {
							"post": [0, 0, 0],
							"lerp_mode": "catmullrom"
						},
						"0.875": {
							"post": [0, -25, 0],
							"lerp_mode": "catmullrom"
						},
						"0.9167": {
							"post": [0, 0, 0],
							"lerp_mode": "catmullrom"
						},
						"0.9583": {
							"post": [0, -25, 0],
							"lerp_mode": "catmullrom"
						},
						"1.0": {
							"post": [0, 0, 0],
							"lerp_mode": "catmullrom"
						},
						"1.0417": {
							"post": [0, -25, 0],
							"lerp_mode": "catmullrom"
						},
						"1.0833": {
							"post": [0, 0, 0],
							"lerp_mode": "catmullrom"
						},
						"1.125": {
							"post": [0, -25, 0],
							"lerp_mode": "catmullrom"
						},
						"1.1667": {
							"post": [0, 0, 0],
							"lerp_mode": "catmullrom"
						},
						"1.2083": {
							"post": [0, -25, 0],
							"lerp_mode": "catmullrom"
						},
						"1.25": {
							"post": [0, 0, 0],
							"lerp_mode": "catmullrom"
						},
						"1.2917": {
							"post": [0, -25, 0],
							"lerp_mode": "catmullrom"
						},
						"1.3333": {
							"post": [0, 0, 0],
							"lerp_mode": "catmullrom"
						},
						"1.375": {
							"post": [0, -25, 0],
							"lerp_mode": "catmullrom"
						},
						"1.4167": {
							"post": [0, 0, 0],
							"lerp_mode": "catmullrom"
						},
						"1.4583": {
							"post": [0, -25, 0],
							"lerp_mode": "catmullrom"
						},
						"1.5": {
							"post": [0, 0, 0],
							"lerp_mode": "catmullrom"
						},
						"1.5417": {
							"post": [0, -25, 0],
							"lerp_mode": "catmullrom"
						},
						"1.5833": {
							"post": [0, 0, 0],
							"lerp_mode": "catmullrom"
						},
						"1.625": {
							"post": [0, -25, 0],
							"lerp_mode": "catmullrom"
						},
						"1.6667": {
							"post": [0, 0, 0],
							"lerp_mode": "catmullrom"
						},
						"1.7083": {
							"post": [0, -25, 0],
							"lerp_mode": "catmullrom"
						},
						"1.75": {
							"post": [0, 0, 0],
							"lerp_mode": "catmullrom"
						},
						"1.7917": {
							"post": [0, -25, 0],
							"lerp_mode": "catmullrom"
						},
						"1.8333": {
							"post": [0, 0, 0],
							"lerp_mode": "catmullrom"
						},
						"1.875": {
							"post": [0, -25, 0],
							"lerp_mode": "catmullrom"
						},
						"1.9167": {
							"post": [0, 0, 0],
							"lerp_mode": "catmullrom"
						},
						"1.9583": {
							"post": [0, -25, 0],
							"lerp_mode": "catmullrom"
						},
						"2.0": {
							"post": [0, 0, 0],
							"lerp_mode": "catmullrom"
						}
					}
				},
				"wing_lower_left": {
					"rotation": {
						"0.0": {
							"post": [0, -12.5, 0],
							"lerp_mode": "catmullrom"
						},
						"0.0417": {
							"post": [0, 0, 0],
							"lerp_mode": "catmullrom"
						},
						"0.0833": {
							"post": [0, -12.5, 0],
							"lerp_mode": "catmullrom"
						},
						"0.125": {
							"post": [0, 0, 0],
							"lerp_mode": "catmullrom"
						},
						"0.1667": {
							"post": [0, -12.5, 0],
							"lerp_mode": "catmullrom"
						},
						"0.2083": {
							"post": [0, 0, 0],
							"lerp_mode": "catmullrom"
						},
						"0.25": {
							"post": [0, -12.5, 0],
							"lerp_mode": "catmullrom"
						},
						"0.2917": {
							"post": [0, 0, 0],
							"lerp_mode": "catmullrom"
						},
						"0.3333": {
							"post": [0, -12.5, 0],
							"lerp_mode": "catmullrom"
						},
						"0.375": {
							"post": [0, 0, 0],
							"lerp_mode": "catmullrom"
						},
						"0.4167": {
							"post": [0, -12.5, 0],
							"lerp_mode": "catmullrom"
						},
						"0.4583": {
							"post": [0, 0, 0],
							"lerp_mode": "catmullrom"
						},
						"0.5": {
							"post": [0, -12.5, 0],
							"lerp_mode": "catmullrom"
						},
						"0.5417": {
							"post": [0, 0, 0],
							"lerp_mode": "catmullrom"
						},
						"0.5833": {
							"post": [0, -12.5, 0],
							"lerp_mode": "catmullrom"
						},
						"0.625": {
							"post": [0, 0, 0],
							"lerp_mode": "catmullrom"
						},
						"0.6667": {
							"post": [0, -12.5, 0],
							"lerp_mode": "catmullrom"
						},
						"0.7083": {
							"post": [0, 0, 0],
							"lerp_mode": "catmullrom"
						},
						"0.75": {
							"post": [0, -12.5, 0],
							"lerp_mode": "catmullrom"
						},
						"0.7917": {
							"post": [0, 0, 0],
							"lerp_mode": "catmullrom"
						},
						"0.8333": {
							"post": [0, -12.5, 0],
							"lerp_mode": "catmullrom"
						},
						"0.875": {
							"post": [0, 0, 0],
							"lerp_mode": "catmullrom"
						},
						"0.9167": {
							"post": [0, -12.5, 0],
							"lerp_mode": "catmullrom"
						},
						"0.9583": {
							"post": [0, 0, 0],
							"lerp_mode": "catmullrom"
						},
						"1.0": {
							"post": [0, -12.5, 0],
							"lerp_mode": "catmullrom"
						},
						"1.0417": {
							"post": [0, 0, 0],
							"lerp_mode": "catmullrom"
						},
						"1.0833": {
							"post": [0, -12.5, 0],
							"lerp_mode": "catmullrom"
						},
						"1.125": {
							"post": [0, 0, 0],
							"lerp_mode": "catmullrom"
						},
						"1.1667": {
							"post": [0, -12.5, 0],
							"lerp_mode": "catmullrom"
						},
						"1.2083": {
							"post": [0, 0, 0],
							"lerp_mode": "catmullrom"
						},
						"1.25": {
							"post": [0, -12.5, 0],
							"lerp_mode": "catmullrom"
						},
						"1.2917": {
							"post": [0, 0, 0],
							"lerp_mode": "catmullrom"
						},
						"1.3333": {
							"post": [0, -12.5, 0],
							"lerp_mode": "catmullrom"
						},
						"1.375": {
							"post": [0, 0, 0],
							"lerp_mode": "catmullrom"
						},
						"1.4167": {
							"post": [0, -12.5, 0],
							"lerp_mode": "catmullrom"
						},
						"1.4583": {
							"post": [0, 0, 0],
							"lerp_mode": "catmullrom"
						},
						"1.5": {
							"post": [0, -12.5, 0],
							"lerp_mode": "catmullrom"
						},
						"1.5417": {
							"post": [0, 0, 0],
							"lerp_mode": "catmullrom"
						},
						"1.5833": {
							"post": [0, -12.5, 0],
							"lerp_mode": "catmullrom"
						},
						"1.625": {
							"post": [0, 0, 0],
							"lerp_mode": "catmullrom"
						},
						"1.6667": {
							"post": [0, -12.5, 0],
							"lerp_mode": "catmullrom"
						},
						"1.7083": {
							"post": [0, 0, 0],
							"lerp_mode": "catmullrom"
						},
						"1.75": {
							"post": [0, -12.5, 0],
							"lerp_mode": "catmullrom"
						},
						"1.7917": {
							"post": [0, 0, 0],
							"lerp_mode": "catmullrom"
						},
						"1.8333": {
							"post": [0, -12.5, 0],
							"lerp_mode": "catmullrom"
						},
						"1.875": {
							"post": [0, 0, 0],
							"lerp_mode": "catmullrom"
						},
						"1.9167": {
							"post": [0, -12.5, 0],
							"lerp_mode": "catmullrom"
						},
						"1.9583": {
							"post": [0, 0, 0],
							"lerp_mode": "catmullrom"
						},
						"2.0": {
							"post": [0, -12.5, 0],
							"lerp_mode": "catmullrom"
						}
					}
				},
				"wing_upper_right": {
					"rotation": {
						"0.0": [0, 0, 0],
						"0.0417": [0, 25, 0],
						"0.0833": [0, 0, 0],
						"0.125": [0, 25, 0],
						"0.1667": [0, 0, 0],
						"0.2083": [0, 25, 0],
						"0.25": [0, 0, 0],
						"0.2917": [0, 25, 0],
						"0.3333": [0, 0, 0],
						"0.375": [0, 25, 0],
						"0.4167": [0, 0, 0],
						"0.4583": [0, 25, 0],
						"0.5": [0, 0, 0],
						"0.5417": [0, 25, 0],
						"0.5833": [0, 0, 0],
						"0.625": [0, 25, 0],
						"0.6667": [0, 0, 0],
						"0.7083": [0, 25, 0],
						"0.75": [0, 0, 0],
						"0.7917": [0, 25, 0],
						"0.8333": [0, 0, 0],
						"0.875": [0, 25, 0],
						"0.9167": [0, 0, 0],
						"0.9583": [0, 25, 0],
						"1.0": [0, 0, 0],
						"1.0417": [0, 25, 0],
						"1.0833": [0, 0, 0],
						"1.125": [0, 25, 0],
						"1.1667": [0, 0, 0],
						"1.2083": [0, 25, 0],
						"1.25": [0, 0, 0],
						"1.2917": [0, 25, 0],
						"1.3333": [0, 0, 0],
						"1.375": [0, 25, 0],
						"1.4167": [0, 0, 0],
						"1.4583": [0, 25, 0],
						"1.5": [0, 0, 0],
						"1.5417": [0, 25, 0],
						"1.5833": [0, 0, 0],
						"1.625": [0, 25, 0],
						"1.6667": [0, 0, 0],
						"1.7083": [0, 25, 0],
						"1.75": [0, 0, 0],
						"1.7917": [0, 25, 0],
						"1.8333": [0, 0, 0],
						"1.875": [0, 25, 0],
						"1.9167": [0, 0, 0],
						"1.9583": [0, 25, 0],
						"2.0": [0, 0, 0]
					}
				},
				"wing_lower_right": {
					"rotation": {
						"0.0": [0, 10, 0],
						"0.0417": [0, 0, 0],
						"0.0833": [0, 10, 0],
						"0.125": [0, 0, 0],
						"0.1667": [0, 10, 0],
						"0.2083": [0, 0, 0],
						"0.25": [0, 10, 0],
						"0.2917": [0, 0, 0],
						"0.3333": [0, 10, 0],
						"0.375": [0, 0, 0],
						"0.4167": [0, 10, 0],
						"0.4583": [0, 0, 0],
						"0.5": [0, 10, 0],
						"0.5417": [0, 0, 0],
						"0.5833": [0, 10, 0],
						"0.625": [0, 0, 0],
						"0.6667": [0, 10, 0],
						"0.7083": [0, 0, 0],
						"0.75": [0, 10, 0],
						"0.7917": [0, 0, 0],
						"0.8333": [0, 10, 0],
						"0.875": [0, 0, 0],
						"0.9167": [0, 10, 0],
						"0.9583": [0, 0, 0],
						"1.0": [0, 10, 0],
						"1.0417": [0, 0, 0],
						"1.0833": [0, 10, 0],
						"1.125": [0, 0, 0],
						"1.1667": [0, 10, 0],
						"1.2083": [0, 0, 0],
						"1.25": [0, 10, 0],
						"1.2917": [0, 0, 0],
						"1.3333": [0, 10, 0],
						"1.375": [0, 0, 0],
						"1.4167": [0, 10, 0],
						"1.4583": [0, 0, 0],
						"1.5": [0, 10, 0],
						"1.5417": [0, 0, 0],
						"1.5833": [0, 10, 0],
						"1.625": [0, 0, 0],
						"1.6667": [0, 10, 0],
						"1.7083": [0, 0, 0],
						"1.75": [0, 10, 0],
						"1.7917": [0, 0, 0],
						"1.8333": [0, 10, 0],
						"1.875": [0, 0, 0],
						"1.9167": [0, 10, 0],
						"1.9583": [0, 0, 0],
						"2.0": [0, 10, 0]
					}
				},
				"hips": {
					"rotation": {
						"0.0": [-0.65242, 2.45728, -17.49976],
						"0.5": [-3.15242, 2.45728, -17.49976],
						"1.0": [-5.65242, 2.45728, -17.49976],
						"1.5": [-3.15242, 2.45728, -17.49976],
						"2.0": [-0.65242, 2.45728, -17.49976]
					}
				},
				"leg_front_left": {
					"rotation": {
						"0.0": {
							"post": [-20.14915, -0.07757, -22.04533],
							"lerp_mode": "catmullrom"
						},
						"0.4167": {
							"post": [-15.14915, -0.07757, -22.04533],
							"lerp_mode": "catmullrom"
						},
						"0.9167": {
							"post": [-15.10916, 1.01629, -17.16621],
							"lerp_mode": "catmullrom"
						},
						"1.4167": {
							"post": [-15.14915, -0.07757, -22.04533],
							"lerp_mode": "catmullrom"
						},
						"2.0": [-20.14915, -0.07757, -22.04533]
					}
				},
				"leg_front_left2": {
					"rotation": {
						"0.0": [19.43676, -2.43684, 32.39811],
						"0.4167": [21.93676, -2.43684, 32.39811],
						"0.9167": [24.43676, -2.43684, 32.39811],
						"1.4167": [21.93676, -2.43684, 32.39811],
						"1.9167": [19.43676, -2.43684, 32.39811]
					}
				},
				"leg_front_right": {
					"rotation": {
						"0.0": {
							"post": [-0.24032, -24.99031, 22.59679],
							"lerp_mode": "catmullrom"
						},
						"0.375": {
							"post": [0.10912, -24.4976, 14.99762],
							"lerp_mode": "catmullrom"
						},
						"0.875": {
							"post": [0.43439, -24.462, 7.49067],
							"lerp_mode": "catmullrom"
						},
						"1.375": {
							"post": [0.10912, -24.4976, 14.99762],
							"lerp_mode": "catmullrom"
						},
						"2.0": {
							"post": [-0.21803, -24.4905, 22.50474],
							"lerp_mode": "catmullrom"
						}
					}
				},
				"leg_front_right2": {
					"rotation": {
						"0.0": [0, 0, -32.5],
						"1.0": [0, 0, -40],
						"2.0": [0, 0, -32.5]
					}
				},
				"leg_back_left": {
					"rotation": {
						"0.0": {
							"post": [8.8985, -5.28135, -28.68649],
							"lerp_mode": "catmullrom"
						},
						"0.375": {
							"post": [8.13907, -6.39393, -21.23063],
							"lerp_mode": "catmullrom"
						},
						"0.875": {
							"post": [10.23729, -7.0602, -17.93965],
							"lerp_mode": "catmullrom"
						},
						"1.375": {
							"post": [8.13907, -6.39393, -21.23063],
							"lerp_mode": "catmullrom"
						},
						"1.875": [8.8985, -5.28135, -28.68649]
					}
				},
				"leg_back_left2": {
					"rotation": {
						"0.0": [0, 0, 32.5],
						"0.5": [0, 0, 35],
						"1.0": [0, 0, 40],
						"1.5": [0, 0, 35],
						"2.0": [0, 0, 32.5]
					}
				},
				"leg_back_right": {
					"rotation": {
						"0.0": {
							"post": [32.5, 0, 0],
							"lerp_mode": "catmullrom"
						},
						"0.5": {
							"post": [30, 0, 0],
							"lerp_mode": "catmullrom"
						},
						"1.0": {
							"post": [24.97911, 1.05627, -2.26603],
							"lerp_mode": "catmullrom"
						},
						"1.5": {
							"post": [30, 0, 0],
							"lerp_mode": "catmullrom"
						},
						"2.0": {
							"post": [32.5, 0, 0],
							"lerp_mode": "catmullrom"
						}
					}
				},
				"leg_back_right2": {
					"rotation": {
						"0.0": {
							"post": [-33.01035, -2.63551, 1.55177],
							"lerp_mode": "catmullrom"
						},
						"0.4167": {
							"post": [-38.01035, -2.63551, 1.55177],
							"lerp_mode": "catmullrom"
						},
						"0.9167": {
							"post": [-45.0101, -7.73147, -3.97555],
							"lerp_mode": "catmullrom"
						},
						"1.4167": {
							"post": [-38.01035, -2.63551, 1.55177],
							"lerp_mode": "catmullrom"
						},
						"1.9167": [-33.01035, -2.63551, 1.55177]
					}
				}
			}
		},
		"animation.buzzwole.faint": {
			"loop": true,
			"animation_length": 2,
			"bones": {
				"neck": {
					"rotation": [7.5, 0, 0]
				},
				"eyes": {
					"rotation": [-2.5, 0, 0]
				},
				"antenna_right": {
					"rotation": [-4.98107, -0.43523, -4.98107]
				},
				"antenna_right2": {
					"rotation": {
						"0.0": [-5, 0, 0],
						"1.0": [-10, 0, 0],
						"2.0": [-5, 0, 0]
					}
				},
				"antenna_right3": {
					"rotation": [-5, 0, 0]
				},
				"chest": {
					"rotation": [2.5, 0, 0]
				},
				"arm_left": {
					"rotation": {
						"0.0": [6, 24, 45],
						"0.25": [5, 24, 42],
						"0.5": [-3.86271, 24.02118, 19.82736],
						"0.75": [-14.26051, 20.11506, -6.60543],
						"1.0": [-21.30844, 12.35283, -31.39602]
					}
				},
				"arm_left2": {
					"rotation": {
						"0.0": [-7.50706, 2.4786, -0.32652],
						"1.0": [2.49294, 2.4786, -0.32652]
					}
				},
				"arm_left3": {
					"rotation": [3.96713, 14.47751, 15.50409]
				},
				"arm_left4": {
					"rotation": {
						"0.0": [10.41318, 8.17773, 5.77509],
						"0.25": [0.96791, -18.90741, -7.21212],
						"1.0": [0.17305, -18.74845, -12.49231]
					}
				},
				"hand_left": {
					"rotation": {
						"0.0": [-7.15656, 2.24944, 17.35932],
						"0.25": [-7.15908, -2.71165, 17.98214],
						"0.5": [-3.71894, -4.46882, 3.05536]
					}
				},
				"fingers_left": {
					"rotation": {
						"0.0": [0, 0, 82.5],
						"0.25": [0, 0, 77.5],
						"0.5": [0, 0, 72.5],
						"0.75": [0, 0, 77.5],
						"1.0": [0, 0, 12.5]
					}
				},
				"finger1_left": {
					"rotation": {
						"0.0": [0, 0, -12.5],
						"2.0": [0, 0, -20]
					}
				},
				"finger1_left2": {
					"rotation": {
						"0.0": [0, 0, 65],
						"1.0": [0, 0, 2.5]
					}
				},
				"finger2_left": {
					"rotation": {
						"0.0": [0, 0, -32.5],
						"1.0": [0, 0, -20]
					}
				},
				"finger2_left2": {
					"rotation": {
						"0.0": [0, 0, 75],
						"1.0417": [0, 0, 2.5]
					}
				},
				"finger3_left": {
					"rotation": {
						"0.0": [0, 0, -45],
						"1.0": [0, 0, -22.5]
					}
				},
				"finger3_left2": {
					"rotation": {
						"0.0": [0, 0, 82.5],
						"1.0": [0, 0, 10]
					}
				},
				"finger4_left": {
					"rotation": {
						"0.0": [0, 0, -35],
						"1.0": [0, 0, -15]
					}
				},
				"finger4_left2": {
					"rotation": {
						"0.0": [0, 0, 57.5],
						"1.0": [0, 0, 0]
					}
				},
				"thumb_left": {
					"rotation": {
						"0.0": [-3.76055, 7.09452, 65.09644],
						"0.25": [-3.81639, 12.08361, 64.7615],
						"0.5": [-3.90399, 17.07228, 64.41381],
						"0.75": [-3.81639, 12.08361, 64.7615],
						"1.0": [-8.01568, -0.38908, 0.35691]
					}
				},
				"thumb_left2": {
					"rotation": {
						"0.0": [0, -72.5, 0],
						"1.0": [0, -17.5, 0]
					}
				},
				"wing_upper_left": {
					"rotation": {
						"0.0": [0, -5, -15],
						"1.0": [0, -15, -15],
						"2.0": [0, -5, -15]
					}
				},
				"wing_lower_left": {
					"rotation": {
						"0.0": [0, 0, 5],
						"1.0": [0, -10, 5],
						"2.0": [0, 0, 5]
					}
				},
				"torso": {
					"rotation": {
						"0.0": [5, 0, 0],
						"0.5": [2.5, 0, 0],
						"1.0": [0, 0, 0],
						"1.5": [2.5, 0, 0],
						"2.0": [5, 0, 0]
					}
				},
				"leg_front_left": {
					"rotation": [-25, 0, -20]
				},
				"leg_front_left2": {
					"rotation": [22, -8, 18]
				},
				"leg_front_right": {
					"rotation": [-25, 0, 20]
				},
				"leg_front_right2": {
					"rotation": [22, 8, -18]
				},
				"leg_back_left": {
					"rotation": [18.58597, 7.52076, -21.26765]
				},
				"leg_back_left2": {
					"rotation": [-18, 8, 22]
				},
				"leg_back_right": {
					"rotation": [18.58597, -7.52076, 21.26765]
				},
				"leg_back_right2": {
					"rotation": [-18, -8, -22]
				},
				"face": {
					"rotation": [2.5, 0, 0]
				},
				"antenna_left": {
					"rotation": [-4.98107, 0.43523, 4.98107]
				},
				"antenna_left2": {
					"rotation": {
						"0.0": [-5, 0, 0],
						"1.0": [-10, 0, 0],
						"2.0": [-5, 0, 0]
					}
				},
				"antenna_left3": {
					"rotation": [-5, 0, 0]
				},
				"wing_upper_right": {
					"rotation": {
						"0.0": [0, 5, 17.5],
						"0.5": [0, 10, 17.5],
						"1.0": [0, 15, 17.5],
						"1.5": [0, 10, 17.5],
						"2.0": [0, 5, 17.5]
					}
				},
				"wing_lower_right": {
					"rotation": {
						"0.0": [0, 0, -5],
						"1.0": [0, 10, -5],
						"2.0": [0, 0, -5]
					}
				},
				"arm_right": {
					"rotation": {
						"0.0": [2.6, -17.26514, -45.77929],
						"0.2083": [3.22933, -39.7371, -47.07283],
						"0.4583": [4.58647, -57.19825, -48.86472],
						"1.0": [13.31085, -64.66791, -50.26253]
					}
				},
				"arm_right2": {
					"rotation": {
						"0.0": [2.5, 0, 0],
						"0.2083": [2.56062, -12.48791, -0.55404],
						"0.4583": [2.96346, -32.46527, -1.59176],
						"0.75": [3.15, -37.45817, -1.91699],
						"1.0": [8.69768, -47.44052, -2.72535]
					}
				},
				"arm_right3": {
					"rotation": [3.57358, -14.77135, -7.57291]
				},
				"arm_right4": {
					"rotation": {
						"0.0": [2.18871, -10.22511, -5.57278],
						"0.5": [2.33515, -22.71546, -6.08622],
						"1.0": [2.49261, -30.20883, -6.43882],
						"2.0": [4.99261, -30.20883, -6.43882]
					}
				},
				"hand_right": {
					"rotation": {
						"0.0": [0, 2.5, -25],
						"0.2083": [0, -5, -25],
						"0.4583": [-1.95155, -7.24305, -9.87647],
						"0.75": [-3.63942, -9.25147, 0.33704],
						"1.0": [3.83104, -11.74639, 0.49908]
					}
				},
				"fingers_right": {
					"rotation": {
						"0.0": [0, 0, -65],
						"0.5": [0, 0, -55],
						"1.0": [0, 0, -35],
						"1.5": [0, 0, -42.5],
						"2.0": [0, 0, -42.5]
					}
				},
				"finger1_right2": {
					"rotation": {
						"0.0": [0.58422, 0.57331, -74.8593],
						"2.0": [0.705, -0.4159, 0.13522]
					}
				},
				"finger2_right": {
					"rotation": {
						"0.0": [0, 0, 2.5],
						"2.0": [0, 0, 32.5]
					}
				},
				"finger2_right2": {
					"rotation": {
						"0.0": [0, 0, -55],
						"2.0": [0, 0, -2.5]
					}
				},
				"finger3_right2": {
					"rotation": {
						"0.0": [0, 0, -67.5],
						"2.0": [0, 0, -2.5]
					}
				},
				"finger4_right2": {
					"rotation": {
						"0.0": [0, 0, -70],
						"2.0": [0, 0, -2.5]
					}
				},
				"thumb_right": {
					"rotation": {
						"0.0": [0, -12.5, -67.5],
						"0.5": [0, -17.5, -67.5],
						"1.0": [0, -22.5, -67.5],
						"1.5": [0, -17.5, -67.5],
						"2.0": [0, -12.5, -67.5]
					}
				},
				"thumb_right2": {
					"rotation": [0, 62.5, 0]
				},
				"body": {
					"position": [0, -3.5, 0]
				},
				"buzzwole": {
					"position": {
						"0.0": [0, -1, 0],
						"1.0": [0, 0, 0],
						"2.0": [0, -1, 0]
					}
				},
				"head": {
					"rotation": {
						"0.0": [0, 0, 0],
						"0.5": [-2.5, 0, 0],
						"1.0": [-5, 0, 0],
						"1.5": [-2.5, 0, 0],
						"2.0": [0, 0, 0]
					}
				},
				"hips": {
					"position": [0, 0, 0]
				},
				"finger1_right": {
					"rotation": [0, 0, 32.5]
				},
				"finger3_right": {
					"rotation": [0, 0, 32.5]
				},
				"finger4_right": {
					"rotation": [0, 0, 32.5]
				}
			}
		}
	}
}