{
	"format_version": "1.8.0",
	"animations": {
		"animation.cosmog.ground_idle": {
			"loop": true,
			"animation_length": 1.5,
			"bones": {
				"full_body": {
					"rotation": {
						"0.0": [0, 0, -10],
						"0.125": [0, 0, -5],
						"0.375": [0, 0, 7.5],
						"0.625": [0, 0, 5],
						"0.75": [0, 0, 10],
						"0.875": [0, 0, 5],
						"1.125": [0, 0, -7.5],
						"1.375": [0, 0, -5],
						"1.5": [0, 0, -10]
					},
					"position": {
						"0.0": [-3, 0, 0],
						"0.375": [0, 5, 0],
						"0.75": [3, 0, 0],
						"1.125": [0, 5, 0],
						"1.5": [-3, 0, 0]
					}
				},
				"bone": {
					"position": {
						"0.0": [0, 0, 0],
						"0.375": [0.5, 0.5, 0],
						"0.75": [1, -1, 0],
						"1.125": [0.5, -1.5, 0],
						"1.5": [0, 0, 0]
					}
				},
				"bone4": {
					"position": {
						"0.0": [-1, 0, 0],
						"0.75": [1, -1, 0],
						"1.5": [-1, 0, 0]
					}
				},
				"bone2": {
					"position": {
						"0.0": [0, 0, 0],
						"0.375": [-0.5, 0.5, 0],
						"0.75": [-1, -1, 0],
						"1.125": [-0.5, -1.5, 0],
						"1.5": [0, 0, 0]
					}
				},
				"bone3": {
					"position": {
						"0.0": [-1, -1, 0],
						"0.75": [1, 0, 0],
						"1.5": [-1, -1, 0]
					}
				},
				"bone7": {
					"position": {
						"0.0": [1, 1, 0],
						"0.75": [0, 0, 0],
						"1.5": [1, 1, 0]
					}
				},
				"bone8": {
					"position": {
						"0.0": [-1, 1, 0],
						"0.75": [0, 0, 0],
						"1.5": [-1, 1, 0]
					}
				},
				"leftarm": {
					"rotation": {
						"0.0": [0, 0, -22.5],
						"0.2083": [0, 0, -40.69],
						"0.75": [0, 0, 5],
						"0.9583": [0, 0, 32.92],
						"1.5": [0, 0, -22.5]
					}
				},
				"leftarm2": {
					"rotation": {
						"0.0": [0, 0, -5],
						"0.2083": [0, 0, -40.42],
						"0.75": [0, 0, 22.5],
						"0.9583": [0, 0, 40.69],
						"1.5": [0, 0, -5]
					}
				}
			}
		},
		"animation.cosmog.ground_walk": {
			"loop": true,
			"animation_length": 1.5,
			"bones": {
				"full_body": {
					"rotation": {
						"0.0": [0, 0, -10],
						"0.125": [0, 0, -5],
						"0.375": [0, 0, 7.5],
						"0.625": [0, 0, 5],
						"0.75": [0, 0, 10],
						"0.875": [0, 0, 5],
						"1.125": [0, 0, -7.5],
						"1.375": [0, 0, -5],
						"1.5": [0, 0, -10]
					},
					"position": {
						"0.0": [-3, 0, 0],
						"0.375": [0, 5, 0],
						"0.75": [3, 0, 0],
						"1.125": [0, 5, 0],
						"1.5": [-3, 0, 0]
					}
				},
				"bone": {
					"position": {
						"0.0": [0, 0, 0],
						"0.375": [0.5, 0.5, 0],
						"0.75": [1, -1, 0],
						"1.125": [0.5, -1.5, 0],
						"1.5": [0, 0, 0]
					}
				},
				"bone4": {
					"position": {
						"0.0": [-1, 0, 0],
						"0.75": [1, -1, 0],
						"1.5": [-1, 0, 0]
					}
				},
				"bone2": {
					"position": {
						"0.0": [0, 0, 0],
						"0.375": [-0.5, 0.5, 0],
						"0.75": [-1, -1, 0],
						"1.125": [-0.5, -1.5, 0],
						"1.5": [0, 0, 0]
					}
				},
				"bone3": {
					"position": {
						"0.0": [-1, -1, 0],
						"0.75": [1, 0, 0],
						"1.5": [-1, -1, 0]
					}
				},
				"bone7": {
					"position": {
						"0.0": [1, 1, 0],
						"0.75": [0, 0, 0],
						"1.5": [1, 1, 0]
					}
				},
				"bone8": {
					"position": {
						"0.0": [-1, 1, 0],
						"0.75": [0, 0, 0],
						"1.5": [-1, 1, 0]
					}
				},
				"leftarm": {
					"rotation": {
						"0.0": [-22.5, 0, -22.5],
						"0.2083": [-22.5, 0, -40.69],
						"0.75": [-22.5, 0, 5],
						"0.9583": [-22.5, 0, 32.92],
						"1.5": [-22.5, 0, -22.5]
					}
				},
				"leftarm2": {
					"rotation": {
						"0.0": [-22.5, 0, -5],
						"0.2083": [-22.5, 0, -40.42],
						"0.75": [-22.5, 0, 22.5],
						"0.9583": [-22.5, 0, 40.69],
						"1.5": [-22.5, 0, -5]
					}
				},
				"smile": {
					"position": [0, 0, 1]
				},
				"wide": {
					"position": [0, 0, -1]
				}
			}
		},
		"animation.cosmog.faint": {
			"loop": true
		}
	},
	"geckolib_format_version": 2
}