{
	"format_version": "1.12.0",
	"minecraft:geometry": [
		{
			"description": {
				"identifier": "geometry.terrakion",
				"texture_width": 256,
				"texture_height": 256,
				"visible_bounds_width": 5,
				"visible_bounds_height": 4.5,
				"visible_bounds_offset": [0, 1.75, 0]
			},
			"bones": [
				{
					"name": "terrakion",
					"pivot": [0, 0, 0]
				},
				{
					"name": "body",
					"parent": "terrakion",
					"pivot": [0, 0, 0]
				},
				{
					"name": "torso",
					"parent": "body",
					"pivot": [0, 22.92239, 12.08365],
					"cubes": [
						{"origin": [-11, 16, -14], "size": [22, 20, 13], "pivot": [0, 25.68141, -11.47464], "rotation": [-10, 0, 0], "uv": [0, 38]},
						{"origin": [-10, 16.9, -4], "size": [20, 17, 21], "uv": [0, 0]},
						{"origin": [-10.5, 17.28285, -19.61921], "size": [21, 17, 11], "pivot": [0, 26.05785, -15.44421], "rotation": [22.5, 0, 0], "uv": [59, 60]},
						{"origin": [6.5, 32.89649, -14.73232], "size": [1, 5, 23], "pivot": [0, 33.64129, -9.86621], "rotation": [-12.5, 0, 0], "uv": [0, 71]},
						{"origin": [6, 34.09103, -21.29819], "size": [2, 6, 11], "pivot": [0, 33.64129, -9.86621], "rotation": [32.5, 0, 0], "uv": [103, 34]},
						{"origin": [-8, 34.09103, -21.29819], "size": [2, 6, 11], "pivot": [0, 33.64129, -9.86621], "rotation": [32.5, 0, 0], "uv": [28, 102]},
						{"origin": [-7.5, 32.89649, -14.73232], "size": [1, 5, 23], "pivot": [0, 33.64129, -9.86621], "rotation": [-12.5, 0, 0], "uv": [59, 15]}
					]
				},
				{
					"name": "tail",
					"parent": "torso",
					"pivot": [0, 31.26029, 14.66878],
					"cubes": [
						{"origin": [-0.5, 29.2, 15.8], "size": [1, 9, 6], "pivot": [0, 37.9, 19.5], "rotation": [-30, 0, 0], "uv": [82, 127]},
						{"origin": [0, 38.2, 15.8], "size": [0, 6, 6], "pivot": [0.5, 37.9, 19.5], "rotation": [-30, 0, 0], "uv": [0, 6]}
					]
				},
				{
					"name": "head",
					"parent": "torso",
					"pivot": [0, 24.63707, -17.20412],
					"cubes": [
						{"origin": [-6, 15.6, -29], "size": [12, 11, 12], "pivot": [0, 24.75075, -27.60353], "rotation": [7.5, 0, 0], "uv": [84, 0]},
						{"origin": [-5.5, 21.98372, -28.17484], "size": [11, 5, 11], "pivot": [0, 24.75075, -27.60353], "rotation": [30, 0, 0], "uv": [70, 43]},
						{"origin": [4.825, 17.76716, -27.20823], "size": [1, 9.2, 10], "pivot": [0, 24.75075, -27.60353], "rotation": [55, 0, 0], "uv": [110, 103]},
						{"origin": [-5.825, 17.76716, -27.20823], "size": [1, 9.2, 10], "pivot": [0, 24.75075, -27.60353], "rotation": [55, 0, 0], "uv": [0, 71]},
						{"origin": [-4.82051, 15.6, -30.84415], "size": [6, 10, 3], "pivot": [0, 24.75075, -27.60353], "rotation": [7.97532, 19.82169, 2.71994], "uv": [131, 81]},
						{"origin": [-1.17949, 15.6, -30.84415], "size": [6, 10, 3], "pivot": [0, 24.75075, -27.60353], "rotation": [7.97532, -19.82169, -2.71994], "uv": [64, 127]},
						{"origin": [-3.28517, 24.96618, -31.51864], "size": [7, 2, 4], "pivot": [0, 24.75075, -27.60353], "rotation": [37.0045, -33.82584, -22.76048], "uv": [0, 121]},
						{"origin": [-3.71483, 24.96618, -31.51864], "size": [7, 2, 4], "pivot": [0, 24.75075, -27.60353], "rotation": [37.0045, 33.82584, 22.76048], "uv": [57, 43]},
						{"origin": [0.91796, 24.12253, -31.40037], "size": [4, 4, 1], "pivot": [0, 24.85075, -27.57853], "rotation": [45.59285, -15.68578, -43.49011], "uv": [0, 43]},
						{"origin": [-2.08204, 26.12253, -31.40037], "size": [3, 2, 1], "pivot": [0, 24.85075, -27.57853], "rotation": [45.59285, -15.68578, -43.49011], "uv": [0, 48]},
						{"origin": [-4.91796, 24.12253, -31.40037], "size": [4, 4, 1], "pivot": [0, 24.85075, -27.57853], "rotation": [45.59285, 15.68578, 43.49011], "uv": [0, 38]},
						{"origin": [-0.91796, 26.12253, -31.40037], "size": [3, 2, 1], "pivot": [0, 24.85075, -27.57853], "rotation": [45.59285, 15.68578, 43.49011], "uv": [0, 18]},
						{"origin": [5.70634, 22.92564, -26.89134], "size": [4, 1, 4], "pivot": [0, 24.35075, -29.80353], "rotation": [27.87805, 4.95114, -14.16589], "uv": [93, 113]},
						{"origin": [9.70634, 22.92564, -32.89134], "size": [7, 1, 10], "pivot": [0, 24.35075, -29.80353], "rotation": [27.87805, 4.95114, -14.16589], "uv": [84, 23]},
						{"origin": [6.06293, 22.90064, -29.0221], "size": [12, 1, 4], "pivot": [0, 24.35075, -29.80353], "rotation": [28.52598, -12.71476, -23.6019], "uv": [123, 76]},
						{"origin": [9.70634, 23.42564, -38.89134], "size": [7, 0, 6], "pivot": [0, 24.35075, -29.80353], "rotation": [27.87805, 4.95114, -14.16589], "uv": [0, 6]},
						{"origin": [-16.70634, 23.42564, -38.89134], "size": [7, 0, 6], "pivot": [0, 24.35075, -29.80353], "rotation": [27.87805, -4.95114, 14.16589], "uv": [0, 0]},
						{"origin": [-18.06293, 22.90064, -29.0221], "size": [12, 1, 4], "pivot": [0, 24.35075, -29.80353], "rotation": [28.52598, 12.71476, 23.6019], "uv": [122, 108]},
						{"origin": [-16.70634, 22.92564, -32.89134], "size": [7, 1, 10], "pivot": [0, 24.35075, -29.80353], "rotation": [27.87805, -4.95114, 14.16589], "uv": [61, 0]},
						{"origin": [-9.70634, 22.92564, -26.89134], "size": [4, 1, 4], "pivot": [0, 24.35075, -29.80353], "rotation": [27.87805, -4.95114, 14.16589], "uv": [112, 66]}
					]
				},
				{
					"name": "leftleg",
					"parent": "body",
					"pivot": [8, 24.10829, 11.80961],
					"cubes": [
						{"origin": [4, 14.19848, 6.61736], "size": [8, 15, 10], "uv": [48, 88], "mirror": true}
					]
				},
				{
					"name": "bone",
					"parent": "leftleg",
					"pivot": [8, 14.94325, 12.65832],
					"cubes": [
						{"origin": [4.5, 10, 10], "size": [7, 7, 7], "pivot": [8, 12.5, 13.5], "rotation": [15, 0, 0], "uv": [112, 52], "mirror": true}
					]
				},
				{
					"name": "bone2",
					"parent": "bone",
					"pivot": [8, 10.71872, 14.14174],
					"cubes": [
						{"origin": [5, 3, 11], "size": [6, 8, 6], "uv": [75, 113], "mirror": true},
						{"origin": [5, -0.3, 8.1], "size": [6, 3, 3], "pivot": [8, 1.5, 10], "rotation": [17.5, 0, 0], "uv": [61, 11], "mirror": true},
						{"origin": [4.5, 0, 10.5], "size": [7, 3, 7], "uv": [110, 88], "mirror": true},
						{"origin": [4.5, 6, 10.5], "size": [7, 3, 7], "uv": [108, 23], "mirror": true},
						{"origin": [6.5, 3, 10.5], "size": [3, 3, 1], "uv": [12, 12], "mirror": true}
					]
				},
				{
					"name": "rightleg",
					"parent": "body",
					"pivot": [-8, 24.10829, 11.80961],
					"cubes": [
						{"origin": [-12, 14.19848, 6.61736], "size": [8, 15, 10], "uv": [48, 88]}
					]
				},
				{
					"name": "bone3",
					"parent": "rightleg",
					"pivot": [-8, 14.94325, 12.65832],
					"cubes": [
						{"origin": [-11.5, 10, 10], "size": [7, 7, 7], "pivot": [-8, 12.5, 13.5], "rotation": [15, 0, 0], "uv": [112, 52]}
					]
				},
				{
					"name": "bone4",
					"parent": "bone3",
					"pivot": [-8, 10.71872, 14.14174],
					"cubes": [
						{"origin": [-11, 3, 11], "size": [6, 8, 6], "uv": [75, 113]},
						{"origin": [-11, -0.3, 8.1], "size": [6, 3, 3], "pivot": [-8, 1.5, 10], "rotation": [17.5, 0, 0], "uv": [61, 11]},
						{"origin": [-11.5, 0, 10.5], "size": [7, 3, 7], "uv": [110, 88]},
						{"origin": [-11.5, 6, 10.5], "size": [7, 3, 7], "uv": [108, 23]},
						{"origin": [-9.5, 3, 10.5], "size": [3, 3, 1], "uv": [12, 12]}
					]
				},
				{
					"name": "leftarm",
					"parent": "body",
					"pivot": [14.20532, 21.28922, -9.2],
					"cubes": [
						{"origin": [4.5, 10, -15.5], "size": [7, 15, 7], "uv": [0, 99]},
						{"origin": [10.3, 17.6, -9.7], "size": [7, 3, 1], "pivot": [14.20532, 21.28922, -9.2], "rotation": [2.00307, -14.8687, -7.7614], "uv": [84, 34]},
						{"origin": [9.98463, 21.3748, -9.7], "size": [10, 4, 1], "pivot": [14.20532, 21.28922, -9.2], "rotation": [4.60659, -14.2906, -18.07779], "uv": [129, 43]}
					]
				},
				{
					"name": "bone5",
					"parent": "leftarm",
					"pivot": [8, 9.99372, -12.08326],
					"cubes": [
						{"origin": [5, 3, -15], "size": [6, 7, 6], "uv": [40, 127]},
						{"origin": [4.5, 6, -15.5], "size": [7, 3, 7], "uv": [120, 122]},
						{"origin": [4.5, 0, -15.5], "size": [7, 3, 7], "uv": [123, 66]},
						{"origin": [6.5, 3, -15.5], "size": [3, 3, 1], "uv": [61, 4]},
						{"origin": [5, -0.3, -17.9], "size": [6, 3, 3], "pivot": [8, 1.5, -16], "rotation": [17.5, 0, 0], "uv": [132, 10]}
					]
				},
				{
					"name": "rightarm",
					"parent": "body",
					"pivot": [-14.20532, 21.28922, -9.2],
					"cubes": [
						{"origin": [-11.5, 10, -15.5], "size": [7, 15, 7], "uv": [0, 99], "mirror": true},
						{"origin": [-17.3, 17.6, -9.7], "size": [7, 3, 1], "pivot": [-14.20532, 21.28922, -9.2], "rotation": [2.00307, 14.8687, 7.7614], "uv": [84, 34], "mirror": true},
						{"origin": [-19.98463, 21.3748, -9.7], "size": [10, 4, 1], "pivot": [-14.20532, 21.28922, -9.2], "rotation": [4.60659, 14.2906, 18.07779], "uv": [129, 43], "mirror": true}
					]
				},
				{
					"name": "bone6",
					"parent": "rightarm",
					"pivot": [-8, 9.99372, -12.08326],
					"cubes": [
						{"origin": [-11, 3, -15], "size": [6, 7, 6], "uv": [40, 127], "mirror": true},
						{"origin": [-11.5, 6, -15.5], "size": [7, 3, 7], "uv": [120, 122], "mirror": true},
						{"origin": [-11.5, 0, -15.5], "size": [7, 3, 7], "uv": [123, 66], "mirror": true},
						{"origin": [-9.5, 3, -15.5], "size": [3, 3, 1], "uv": [61, 4], "mirror": true},
						{"origin": [-11, -0.3, -17.9], "size": [6, 3, 3], "pivot": [-8, 1.5, -16], "rotation": [17.5, 0, 0], "uv": [132, 10], "mirror": true}
					]
				}
			]
		}
	]
}