{

	"head": "head",
	"portraitScale": 1.8,
	"portraitTranslation": [0.1, 0.7, 0],
	"profileScale": 0.7,
	"profileTranslation": [-0.1, 0.8, 0],
	"faint": "bedrock(koraidon, ground_idle)",
	"cry": "bedrock(koraidon, cry)",
	"poses": {
		"standing": {
			"poseName": "standing",
			"transformTicks": 10,
			"isBattle": false,
			"poseTypes": [
				"STAND",
				"NONE",
				"PORTRAIT",
				"PROFILE"
			],
			"animations": [
				"bedrock(koraidon, ground_idle)"
			]
		},
		"battle-idle": {
			"poseName": "battle-idle",
			"transformTicks": 20,
			"isBattle": true,
			"poseTypes": [
				"STAND"
			],
			"animations": [
				"bedrock(koraidon, battle_idle)"
			]
		},
		"walking": {
			"poseName": "walking",
			"transformTicks": 10,
			"poseTypes": [ "WALK" ],
			"animations": [ "bedrock(koraidon, ground_walk)" ]
		}
	}
}