{
  "portraitScale": 0.8,
  "portraitTranslation": [ 
    0,
    0.5,
    0
  ],
  "profileScale": 0.8,
  "profileTranslation": [
    0,
    0.5,
    0 
  ],
  "faint": "bedrock(rotommow, faint)",
  "poses": {
    "standing": {
      "poseName": "standing",
      "transformTicks": 10,
      "poseTypes": [
        "STAND",
        "NONE",
        "PORTRAIT",
        "PROFILE"
      ],
      "animations": [
        "bedrock(rotommow, ground_idle)"
      ]
    },
    "walking": {
      "poseName": "walking",
      "transformTicks": 10,
      "poseTypes": [
    "WALK"
      ],
      "animations": [ "bedrock(rotommow, ground_walk)"
      ]
    }
  }
}