{
	"format_version": "1.12.0",
	"minecraft:geometry": [
		{
			"description": {
				"identifier": "geometry.ironbundle",
				"texture_width": 128,
				"texture_height": 128,
				"visible_bounds_width": 10,
				"visible_bounds_height": 4.5,
				"visible_bounds_offset": [0, 1.75, 0]
			},
			"bones": [
				{
					"name": "ironbundle",
					"pivot": [0, 0, 0]
				},
				{
					"name": "body",
					"parent": "ironbundle",
					"pivot": [0, 14, 0]
				},
				{
					"name": "torso",
					"parent": "body",
					"pivot": [0, 7.21223, -1.23623],
					"cubes": [
						{"origin": [-9, 6.93798, -8.4426], "size": [18, 16, 16], "uv": [0, 38]},
						{"origin": [-8, 22.93798, -7.4426], "size": [16, 5, 14], "uv": [56, 0]}
					]
				},
				{
					"name": "head",
					"parent": "torso",
					"pivot": [0.17071, 27.93798, -1.28905],
					"cubes": [
						{"origin": [-6, 27.93798, -5.4426], "size": [12, 12, 11], "uv": [57, 59]},
						{"origin": [-11, 37.93798, -5.5426], "size": [23, 16, 0], "uv": [0, 70]},
						{"origin": [-6, 32.93798, -5.6426], "size": [5, 6, 0], "uv": [6, 38]},
						{"origin": [1, 32.93798, -5.6426], "size": [5, 6, 0], "uv": [6, 44]},
						{"origin": [-2.5, 30.93798, -6.9426], "size": [3, 4, 4], "pivot": [0, 33.43798, -6.4426], "rotation": [0, 45, 0], "uv": [0, 12]}
					]
				},
				{
					"name": "left_arm",
					"parent": "torso",
					"pivot": [0, -0.06202, -0.4426],
					"cubes": [
						{"origin": [7, 23.93798, -0.9426], "size": [4, 2, 2], "uv": [52, 47]}
					]
				},
				{
					"name": "left_hand",
					"parent": "left_arm",
					"pivot": [9.69698, 26.03367, 0.0574],
					"cubes": [
						{"origin": [11.91395, 15.00973, -4.4426], "size": [9, 4, 9], "pivot": [16.41395, 17.00973, 0.0574], "rotation": [0, 0, 55], "uv": [37, 82]},
						{"origin": [7, 27.93798, -3.4426], "size": [20, 2, 7], "pivot": [6.5, 25.93798, 0.0574], "rotation": [0, 0, 55], "uv": [68, 47]}
					]
				},
				{
					"name": "right_arm",
					"parent": "torso",
					"pivot": [-9, 24.93798, -0.4426],
					"cubes": [
						{"origin": [-11, 23.93798, -1.4426], "size": [4, 2, 2], "uv": [0, 50]}
					]
				},
				{
					"name": "right_hand",
					"parent": "right_arm",
					"pivot": [-9.74862, 25.02228, 0.0574],
					"cubes": [
						{"origin": [-29.15519, 15.88709, -3.4426], "size": [20, 2, 7], "pivot": [-15.90519, 16.34822, 0.0574], "rotation": [0, 0, 120], "uv": [52, 38]},
						{"origin": [-21.15519, 14.88709, -4.4426], "size": [9, 4, 9], "pivot": [-15.90519, 16.34822, 0.0574], "rotation": [0, 0, 120], "uv": [76, 19]}
					]
				},
				{
					"name": "tail_01",
					"parent": "torso",
					"pivot": [0, 13.93798, 8.0574],
					"cubes": [
						{"origin": [-1, 12.93798, 7.5574], "size": [2, 2, 9], "uv": [56, 97]}
					]
				},
				{
					"name": "tail_02",
					"parent": "tail_01",
					"pivot": [0, 13.93798, 17.0574],
					"cubes": [
						{"origin": [-1, 12.93798, 16.5574], "size": [2, 2, 9], "uv": [43, 95]}
					]
				},
				{
					"name": "tail_03",
					"parent": "tail_02",
					"pivot": [0, 13.93798, 26.0574],
					"cubes": [
						{"origin": [-1, 12.93798, 25.5574], "size": [2, 2, 9], "uv": [94, 90]}
					]
				},
				{
					"name": "tail_04",
					"parent": "tail_03",
					"pivot": [0, 13.93798, 35.0574],
					"cubes": [
						{"origin": [-1, 12.93798, 34.5574], "size": [2, 2, 9], "uv": [21, 94]}
					]
				},
				{
					"name": "tail_bundle",
					"parent": "tail_04",
					"pivot": [0, 13.53798, 43.7574],
					"cubes": [
						{"origin": [4, 9.93798, 63.5574], "size": [0, 7, 3], "uv": [14, 9]},
						{"origin": [-9, 4.93798, 43.5574], "size": [18, 18, 20], "uv": [0, 0]},
						{"origin": [-4, 16.93798, 63.5574], "size": [8, 0, 3], "uv": [0, 3]},
						{"origin": [-4, 9.93798, 63.5574], "size": [8, 0, 3], "uv": [0, 0]},
						{"origin": [-4, 9.93798, 63.5574], "size": [0, 7, 3], "uv": [0, 35]}
					]
				},
				{
					"name": "right_leg",
					"parent": "body",
					"pivot": [-7.44735, 7.15131, -2.3537],
					"cubes": [
						{"origin": [-8, 2, -9], "size": [6, 8, 9], "pivot": [6, 6, 0.5], "rotation": [0, 25, 0], "uv": [73, 82]},
						{"origin": [-9, 1, -4.89412], "size": [4, 1, 9], "pivot": [-7.48299, 1.5, -1.39412], "rotation": [0, 25, 0], "uv": [92, 56]},
						{"origin": [-11.3, 1.9, -9.9], "size": [3.5, 0, 6], "pivot": [-10.04327, 1.60652, -6.69061], "rotation": [-20, 25, 0], "uv": [0, 6]}
					]
				},
				{
					"name": "left_leg",
					"parent": "body",
					"pivot": [7.35887, 7.14951, -2.81213],
					"cubes": [
						{"origin": [3, 2, -4], "size": [6, 8, 9], "pivot": [6, 6, 0.5], "rotation": [0, -25, 0], "uv": [0, 86]},
						{"origin": [4, 1, -6], "size": [4, 1, 9], "pivot": [6, 1, 0], "rotation": [0, -25, 0], "uv": [94, 73]},
						{"origin": [6, 0.5, -11.15677], "size": [3.5, 0, 6], "pivot": [7.86464, 0.5, -3.92154], "rotation": [-20, -25, 0], "uv": [6, 6]}
					]
				}
			]
		}
	]
}