{
	"format_version": "1.8.0",
	"animations": {
		"animation.bongbong.ground_idle": {
			"loop": true,
			"bones": {
				"torso": {
					"rotation": [0, 0, "math.sin(q.anim_time*90*1.5-90)*2"],
					"position": [0, "0+math.sin(q.anim_time*90*3*2)*0.1", 0]
				},
				"arm_left": {
					"rotation": [0, "-3.32-math.sin(query.anim_time*90*1.5-90)*4", "-5*(math.sin(query.anim_time*90*3-90)*1-1)+42.0741"]
				},
				"arm_right": {
					"rotation": [-6.45958, "-2.5712-math.sin(query.anim_time*90*1.5-90)*4", "-5*(-math.sin(query.anim_time*90*3-90)*1+1)-42.5174"]
				}
			}
		},
		"animation.bongbong.ground_walk": {
			"loop": true,
			"bones": {
				"torso": {
					"rotation": ["1+math.sin(q.anim_time*90*4)*-2", "math.sin(q.anim_time*90*4+30)*5", "math.sin(q.anim_time*90*4)*-3"],
					"position": [0, "math.sin(q.anim_time*90*8-90)*-0.3", 0]
				},
				"head": {
					"rotation": ["5+math.sin(q.anim_time*90*8-60)*2", "math.sin(q.anim_time*90*4)*-4", 0]
				},
				"leg_left": {
					"rotation": [
						"math.clamp(math.sin(-query.anim_time*90*4-45)*25,0,25)+math.clamp(math.sin(-query.anim_time*90*4-45)*10,-25,0)-15*(math.clamp(math.sin(-query.anim_time*90*4+30)*1,-1,-0.5)*1+0.5)",
						0,
						"-math.clamp(math.sin(query.anim_time*90*4)*0.7,0.1,0.6)-math.clamp(math.sin(-query.anim_time*90*4+180)*0.7,0.1,0.6)+0.2"
					],
					"position": [
						0,
						"0.4+math.clamp(math.sin(query.anim_time*90*4+90)*1,-0.5,0)+math.clamp(math.sin(query.anim_time*90*4+150)*1,0,0.5)+2*(math.clamp(math.sin(-query.anim_time*90*4-20)*1,-1,-0.7)*1+0.7)",
						"0.05-math.clamp(math.sin(query.anim_time*90*4+45)*2,-1,1.5)"
					]
				},
				"leg_right": {
					"rotation": [
						"math.clamp(math.sin(-query.anim_time*90*4-45+180)*25,0,25)+math.clamp(math.sin(-query.anim_time*90*4-45+180)*10,-25,0)-15*(math.clamp(math.sin(-query.anim_time*90*4+30+180)*1,-1,-0.5)*1+0.5)",
						0,
						"-math.clamp(math.sin(query.anim_time*90*4+180)*0.7,0.1,0.6)-math.clamp(math.sin(-query.anim_time*90*4+180)*0.7,0.1,0.6)+0.2"
					],
					"position": [
						0,
						"0.725+math.clamp(math.sin(query.anim_time*90*4+90+180)*1,-0.5,0)+math.clamp(math.sin(query.anim_time*90*4+150+180)*1,0,0.5)+2*(math.clamp(math.sin(-query.anim_time*90*4-20+180)*1,-1,-0.7)*1+0.7)",
						"-0.3-math.clamp(math.sin(query.anim_time*90*4+45+180)*2,-1,1.5)"
					]
				},
				"arm_left": {
					"rotation": [0, "-10+math.sin(q.anim_time*90*4)*-14", "36.25+math.sin(q.anim_time*90*4)*-5"],
					"position": [0, "math.sin(q.anim_time*90*8)*-0.1+0.35", "-0.13+math.sin(q.anim_time*90*4)*0.5"]
				},
				"arm_right": {
					"rotation": [0, "10+math.sin(q.anim_time*90*4)*-14", "-36.25+math.sin(q.anim_time*90*4)*-5"],
					"position": [0, "0.875+math.sin(q.anim_time*90*8)*0", "-0.13+math.sin(q.anim_time*90*4)*-0.5"]
				}
			}
		},
		"animation.bongbong.water_idle": {
			"loop": true,
			"bones": {
				"head": {
					"rotation": ["-2.5-5*math.cos((query.anim_time-0) * 90 * 4) * 0.5", 0, "2*math.cos((query.anim_time-0.25) * 90 * 4) * 0.5"]
				},
				"body": {
					"rotation": ["15-2*math.cos((query.anim_time-0.5) * 90 * 4) * 0.5", 0, "2*math.cos((query.anim_time-0.75) * 90 * 4) * 0.5"],
					"position": [0, "0.75*math.cos((query.anim_time-0.75) * 90 * 2) * 0.5", 0]
				},
				"leg_left": {
					"rotation": ["17.5+18*math.cos((query.anim_time-0.75) * 90 * 4) * 0.5", 0, 0]
				},
				"leg_right": {
					"rotation": ["17.5+18*math.cos((query.anim_time-0) * 90 * 4) * 0.5", 0, 0]
				},
				"arm_left": {
					"rotation": [0, "-12*Math.cos((query.anim_time-0.5) * 90 * 4) * 0.5", "25+12*Math.cos((query.anim_time-0.25) * 90 * 4) * 0.5"]
				},
				"arm_right": {
					"rotation": [0, "12*math.cos((query.anim_time-0.5) * 90 * 4) * 0.5", "-25-12*math.cos((query.anim_time-0.25) * 90 * 4) * 0.5"]
				}
			}
		},
		"animation.bongbong.air_idle": {
			"loop": true,
			"bones": {
				"head": {
					"rotation": [-5, 0, 0]
				},
				"body": {
					"rotation": ["-math.sin(q.anim_time*90*2-33*2)*2+5", 0, 0],
					"position": [0, "5+math.sin(q.anim_time*90*2+33*0)*0.4", 0]
				},
				"leg_left": {
					"rotation": [19.97279, -11.42861, -19.69718]
				},
				"leg_right": {
					"rotation": [31.10523, 8.87992, 15.66219]
				},
				"arm_left": {
					"rotation": [0, "-7.5+math.sin(query.anim_time*90*1.5-90)*4", 45]
				},
				"arm_right": {
					"rotation": [0, "7.5+math.sin(query.anim_time*90*1.5-90)*4", -45]
				}
			}
		},
		"animation.bongbong.cry": {
			"animation_length": 1.0833,
			"bones": {
				"head": {
					"rotation": {
						"0.0": [0, 0, 0],
						"0.125": [-10, 0, 0],
						"0.25": [-2.5, 0, 0],
						"0.3333": [-7.5, 0, 0],
						"0.4167": [0, 0, 0],
						"0.5833": [-10, 0, 0],
						"0.6667": [0, 0, 0],
						"0.8333": [-12.5, 0, 0],
						"1.0": [0, 0, 0]
					}
				}
			},
			"sound_effects": {
				"0.0": {
					"effect": "pokemon.bongbong.cry"
				}
			}
		},
		"animation.bongbong.shoulder_left": {
			"loop": true,
			"bones": {
				"body": {
					"position": [0, -9, 0]
				},
				"torso": {
					"rotation": [0, 0, "7.5-(math.sin((query.anim_time)*90*2) * 0.3)"]
				},
				"head": {
					"rotation": [0, 0, -5]
				},
				"arm_left": {
					"rotation": [43.21918, 62.00911, 46.78082]
				},
				"arm_right": {
					"rotation": [5.34402, -64.88331, -5.89834]
				},
				"leg_left": {
					"rotation": [22.5, -7.5, 0]
				},
				"leg_right": {
					"rotation": [-5, 22.5, 0]
				}
			}
		},
		"animation.bongbong.shoulder_right": {
			"loop": true,
			"bones": {
				"body": {
					"position": [0, -9, 0]
				},
				"torso": {
					"rotation": [0, 0, "-7.5+(math.sin((query.anim_time)*90*2) * 0.3)"]
				},
				"head": {
					"rotation": [0, 0, 7.5]
				},
				"arm_left": {
					"rotation": [44.00703, 68.90942, 45.99297]
				},
				"arm_right": {
					"rotation": [22.74459, -65.48376, -24.73858]
				},
				"leg_left": {
					"rotation": [12.5, 0, -7.5]
				},
				"leg_right": {
					"rotation": [-7.5, 0, 0]
				}
			}
		},
		"animation.bongbong.sleep": {
			"loop": true,
			"bones": {
				"body": {
					"position": [0, -4, 0]
				},
				"torso": {
					"rotation": [7.5, 0, 0]
				},
				"head": {
					"rotation": ["15 + (math.sin((q.anim_time - 0.5 + (math.sin((q.anim_time - 0.5) * 360 / 4) * 0.1)) * 360 / 4) * 1) - 1", 0, 0]
				},
				"eye_left_open": {
					"position": [0, 0, 1]
				},
				"eye_right_open": {
					"position": [0, 0, 1]
				},
				"arm_left": {
					"rotation": [0, 0, 47.5],
					"position": [0, 1, 0]
				},
				"arm_right": {
					"rotation": [0, 0, -47.5],
					"position": [0, 1, 0]
				},
				"leg_left": {
					"rotation": [-90, -30, 0],
					"position": [1, 2, -2]
				},
				"leg_right": {
					"rotation": [-90, 30, 0],
					"position": [-1, 2, -2]
				},
				"eye_left_closed": {
					"position": [0, 0, -1]
				},
				"eye_right_closed": {
					"position": [0, 0, -1]
				}
			}
		}
	}
}