{
	"format_version": "1.12.0",
	"minecraft:geometry": [
		{
			"description": {
				"identifier": "geometry.megablaziken",
				"texture_width": 112,
				"texture_height": 112,
				"visible_bounds_width": 5,
				"visible_bounds_height": 4.5,
				"visible_bounds_offset": [0, 1.75, 0]
			},
			"bones": [
				{
					"name": "blaziken",
					"pivot": [0, 0, 0]
				},
				{
					"name": "body",
					"parent": "blaziken",
					"pivot": [0, 8, 0]
				},
				{
					"name": "torso",
					"parent": "body",
					"pivot": [0, 22, 0],
					"cubes": [
						{"origin": [-2.5, 21, -2], "size": [5, 11, 5], "inflate": 0.02, "uv": [61, 8]},
						{"origin": [0, 20, -4.75], "size": [0, 4, 4], "inflate": 0.02, "pivot": [0, 24, -1.75], "rotation": [22.5, 0, 0], "uv": [40, 40]}
					]
				},
				{
					"name": "torso2",
					"parent": "torso",
					"pivot": [0, 31, 2],
					"rotation": [5, 0, 0],
					"cubes": [
						{"origin": [-4, 30, -3], "size": [8, 5, 7], "inflate": 0.01, "uv": [13, 43]},
						{"origin": [-6, 35.25, -3], "size": [3, 0, 7], "pivot": [-4, 35, 0.5], "rotation": [0, 0, 17.5], "uv": [82, 97]},
						{"origin": [3, 35.25, -3], "size": [3, 0, 7], "pivot": [4, 35, 0.5], "rotation": [0, 0, -17.5], "uv": [88, 97], "mirror": true},
						{"origin": [-6, 29.25, -3.075], "size": [5, 6, 0], "pivot": [-4, 34.25, -3], "rotation": [0, 0, 17.5], "uv": [69, 94]},
						{"origin": [1, 29.25, -3.075], "size": [5, 6, 0], "pivot": [4, 34.25, -3], "rotation": [0, 0, -17.5], "uv": [79, 94], "mirror": true},
						{"origin": [1, 29.25, 4.075], "size": [5, 6, 0], "pivot": [4, 34.25, 4], "rotation": [0, 0, -17.5], "uv": [79, 100], "mirror": true},
						{"origin": [-6, 29.25, 4.075], "size": [5, 6, 0], "pivot": [-4, 34.25, 4], "rotation": [0, 0, 17.5], "uv": [69, 100]},
						{"origin": [-4, 25, 4], "size": [8, 5, 0], "inflate": 0.01, "uv": [78, 63]}
					]
				},
				{
					"name": "neck",
					"parent": "torso2",
					"pivot": [0.5, 34, 0],
					"rotation": [5, 0, 0],
					"cubes": [
						{"origin": [-2.5, 33, -2], "size": [5, 7, 5], "uv": [58, 56]}
					]
				},
				{
					"name": "head",
					"parent": "neck",
					"pivot": [0.5, 39, 0],
					"rotation": [12.5, 0, 0],
					"cubes": [
						{"origin": [-3, 38.5, -1], "size": [6, 5, 5], "inflate": 0.01, "uv": [65, 24]},
						{"origin": [-2.5, 38.5, -3], "size": [5, 5, 2], "inflate": 0.01, "uv": [82, 44]},
						{"origin": [-1.5, 40.5, -6], "size": [3, 3, 3], "pivot": [0, 43.5, -3], "rotation": [52.5, 0, 0], "uv": [24, 84]}
					]
				},
				{
					"name": "hair",
					"parent": "head",
					"pivot": [0, 42, 4],
					"rotation": [-60, 0, 0],
					"cubes": [
						{"origin": [0, 36, 2], "size": [0, 8, 14], "uv": [13, 21]}
					]
				},
				{
					"name": "beak",
					"parent": "head",
					"pivot": [0, 42, -3],
					"rotation": [12.5, 0, 0],
					"cubes": [
						{"origin": [-1.5, 39, -7.5], "size": [3, 3, 5], "inflate": 0.01, "uv": [36, 74]},
						{"origin": [0, 42, -7.5], "size": [0, 7, 9], "uv": [16, 16]},
						{"origin": [-0.5, 38.25, -7.5], "size": [1, 1, 0], "uv": [13, 10]}
					]
				},
				{
					"name": "face_right",
					"parent": "head",
					"pivot": [-1.5, 39.25, -5],
					"rotation": [15, -30, -7.5],
					"cubes": [
						{"origin": [-1.5, 36.25, -5], "size": [0, 5, 7], "uv": [27, 65]},
						{"origin": [-1.5, 34.25, -1], "size": [0, 2, 4], "pivot": [-1.5, 36.25, -0.75], "rotation": [0, 0, 20], "uv": [61, 96], "mirror": true}
					]
				},
				{
					"name": "eye_right",
					"parent": "face_right",
					"pivot": [-2.5, 38.75, -4.5],
					"cubes": [
						{"origin": [-1.51, 38.75, -4], "size": [0, 2, 3], "uv": [41, 23]}
					]
				},
				{
					"name": "eyelid_right",
					"parent": "eye_right",
					"pivot": [-1.41, 39.75, -2.5],
					"cubes": [
						{"origin": [-1.41, 38.75, -4], "size": [0, 2, 3], "inflate": 0.01, "uv": [36, 8]}
					]
				},
				{
					"name": "face_left",
					"parent": "head",
					"pivot": [1.5, 39.25, -5],
					"rotation": [15, 30, 7.5],
					"cubes": [
						{"origin": [1.5, 36.25, -5], "size": [0, 5, 7], "uv": [28, 48]},
						{"origin": [1.5, 34.25, -1], "size": [0, 2, 4], "pivot": [1.5, 36.25, -0.75], "rotation": [0, 0, -20], "uv": [61, 94]}
					]
				},
				{
					"name": "eye_left",
					"parent": "face_left",
					"pivot": [2.5, 38.75, -4.5],
					"cubes": [
						{"origin": [1.51, 38.75, -4], "size": [0, 2, 3], "uv": [13, 10]}
					]
				},
				{
					"name": "eyelid_left",
					"parent": "eye_left",
					"pivot": [1.41, 39.75, -2.5],
					"cubes": [
						{"origin": [1.41, 38.75, -4], "size": [0, 2, 3], "inflate": 0.01, "uv": [13, 8]}
					]
				},
				{
					"name": "jaw",
					"parent": "head",
					"pivot": [0, 39, -3],
					"cubes": [
						{"origin": [-1, 38, -6], "size": [2, 1, 3], "uv": [55, 8]}
					]
				},
				{
					"name": "hairpos_right",
					"parent": "head",
					"pivot": [-2.25, 41, 2.5],
					"rotation": [30, -37.5, 0]
				},
				{
					"name": "hair_right",
					"parent": "hairpos_right",
					"pivot": [-3.25, 41, -1.5],
					"rotation": [100, 0, 90],
					"cubes": [
						{"origin": [-6.25, 34, -3], "size": [6, 8, 3], "uv": [51, 68]}
					]
				},
				{
					"name": "hair_right2",
					"parent": "hair_right",
					"pivot": [-2.75, 34, -1],
					"cubes": [
						{"origin": [-5.75, 27, -2.5], "size": [5, 8, 2], "uv": [81, 13]}
					]
				},
				{
					"name": "hairpos_left",
					"parent": "head",
					"pivot": [2.25, 41, 2.5],
					"rotation": [30, 37.5, 0]
				},
				{
					"name": "hair_left",
					"parent": "hairpos_left",
					"pivot": [3.25, 41, -1.5],
					"rotation": [100, 0, -90],
					"cubes": [
						{"origin": [0.25, 34, -3], "size": [6, 8, 3], "uv": [33, 61]}
					]
				},
				{
					"name": "hair_left2",
					"parent": "hair_left",
					"pivot": [2.75, 34, -1],
					"cubes": [
						{"origin": [0.75, 27, -2.5], "size": [5, 8, 2], "uv": [69, 74]}
					]
				},
				{
					"name": "jacket_right",
					"parent": "torso2",
					"pivot": [0, 30, 0.5],
					"rotation": [0, 0, 32.5],
					"cubes": [
						{"origin": [-4, 26, -3], "size": [4, 4, 7], "inflate": 0.02, "uv": [58, 37]},
						{"origin": [-4, 20, -3], "size": [0, 6, 7], "uv": [13, 65]},
						{"origin": [-4, 20, -3], "size": [4, 6, 0], "uv": [13, 86]},
						{"origin": [-4, 20, 4], "size": [4, 6, 0], "uv": [90, 85]}
					]
				},
				{
					"name": "jacket_left",
					"parent": "torso2",
					"pivot": [0, 30, 0.5],
					"rotation": [0, 0, -32.5],
					"cubes": [
						{"origin": [0, 26, -3], "size": [4, 4, 7], "inflate": 0.02, "uv": [13, 8]},
						{"origin": [4, 20, -3], "size": [0, 6, 7], "uv": [69, 61]},
						{"origin": [0, 20, -3], "size": [4, 6, 0], "uv": [82, 85]},
						{"origin": [0, 20, 4], "size": [4, 6, 0], "uv": [48, 85]}
					]
				},
				{
					"name": "arm_right",
					"parent": "torso2",
					"pivot": [-4.5, 32.5, 0.5],
					"cubes": [
						{"origin": [-6, 31, -1], "size": [3, 3, 3], "inflate": 0.01, "uv": [60, 83]}
					]
				},
				{
					"name": "arm_right2",
					"parent": "arm_right",
					"pivot": [-6, 31.75, 0.5],
					"cubes": [
						{"origin": [-13, 31.25, -1], "size": [8, 2, 3], "uv": [63, 48]}
					]
				},
				{
					"name": "arm_right3",
					"parent": "arm_right2",
					"pivot": [-13, 32.25, 1.75],
					"cubes": [
						{"origin": [-20, 31.25, -1], "size": [7, 2, 3], "inflate": 0.02, "uv": [76, 8]}
					]
				},
				{
					"name": "hand_fire_right",
					"parent": "arm_right3",
					"pivot": [-20, 33.25, 0.5],
					"rotation": [0, 0, -20],
					"cubes": [
						{"origin": [-20, 33.25, -1.5], "size": [6, 0, 4], "uv": [9, 100]}
					]
				},
				{
					"name": "hand_fire_right2",
					"parent": "hand_fire_right",
					"pivot": [-14, 33.25, 0],
					"cubes": [
						{"origin": [-14, 33.25, -1.5], "size": [6, 0, 4], "uv": [21, 100]}
					]
				},
				{
					"name": "hand_fire_right3",
					"parent": "hand_fire_right2",
					"pivot": [-8, 33.25, 0],
					"cubes": [
						{"origin": [-8, 33.25, -1.5], "size": [6, 0, 4], "uv": [33, 100]}
					]
				},
				{
					"name": "hand_fire_right4",
					"parent": "hand_fire_right3",
					"pivot": [-2, 33.25, 0],
					"cubes": [
						{"origin": [-2, 33.25, -1.5], "size": [6, 0, 4], "uv": [45, 100]}
					]
				},
				{
					"name": "hand1_fire_right",
					"parent": "arm_right3",
					"pivot": [-20, 31.25, 0.5],
					"rotation": [0, 0, 20],
					"cubes": [
						{"origin": [-20, 31.25, -1.5], "size": [6, 0, 4], "uv": [9, 100]}
					]
				},
				{
					"name": "hand1_fire_right2",
					"parent": "hand1_fire_right",
					"pivot": [-14, 31.25, 0],
					"cubes": [
						{"origin": [-14, 31.25, -1.5], "size": [6, 0, 4], "uv": [21, 100]}
					]
				},
				{
					"name": "hand1_fire_right3",
					"parent": "hand1_fire_right2",
					"pivot": [-8, 31.25, 0],
					"cubes": [
						{"origin": [-8, 31.25, -1.5], "size": [6, 0, 4], "uv": [33, 100]}
					]
				},
				{
					"name": "hand1_fire_right4",
					"parent": "hand1_fire_right3",
					"pivot": [-2, 31.25, 0],
					"cubes": [
						{"origin": [-2, 31.25, -1.5], "size": [6, 0, 4], "uv": [45, 100]}
					]
				},
				{
					"name": "hand_right",
					"parent": "arm_right3",
					"pivot": [-20, 32.25, 0.5],
					"cubes": [
						{"origin": [-23, 31.25, -1.5], "size": [3, 2, 4], "uv": [81, 70]}
					]
				},
				{
					"name": "finger_right1",
					"parent": "hand_right",
					"pivot": [-22.5, 32.5, 0.5],
					"cubes": [
						{"origin": [-24.5, 31.5, -0.5], "size": [2, 2, 2], "uv": [64, 89]}
					]
				},
				{
					"name": "finger_right2",
					"parent": "finger_right1",
					"pivot": [-24.5, 33.5, 0.5],
					"cubes": [
						{"origin": [-26.5, 31.5, -0.5], "size": [2, 2, 2], "uv": [94, 42]}
					]
				},
				{
					"name": "finger_right3",
					"parent": "finger_right2",
					"pivot": [-26.5, 33.5, 0.5],
					"cubes": [
						{"origin": [-28.5, 31.5, 0.5], "size": [2, 2, 0], "uv": [37, 33]}
					]
				},
				{
					"name": "finger_right4",
					"parent": "hand_right",
					"pivot": [-22.5, 32, -1],
					"cubes": [
						{"origin": [-24.5, 31, -2], "size": [2, 2, 2], "uv": [94, 11]}
					]
				},
				{
					"name": "finger_right5",
					"parent": "finger_right4",
					"pivot": [-24.5, 33, -1],
					"cubes": [
						{"origin": [-26.5, 31, -2], "size": [2, 2, 2], "uv": [93, 74]}
					]
				},
				{
					"name": "finger_right6",
					"parent": "finger_right5",
					"pivot": [-26.5, 33, -1],
					"cubes": [
						{"origin": [-28.5, 31, -1], "size": [2, 2, 0], "uv": [36, 8]}
					]
				},
				{
					"name": "finger_right7",
					"parent": "hand_right",
					"pivot": [-22.5, 32, 2],
					"cubes": [
						{"origin": [-24.5, 31, 1], "size": [2, 2, 2], "uv": [91, 70]}
					]
				},
				{
					"name": "finger_right8",
					"parent": "finger_right7",
					"pivot": [-24.5, 33, 2],
					"cubes": [
						{"origin": [-26.5, 31, 1], "size": [2, 2, 2], "uv": [91, 38]}
					]
				},
				{
					"name": "finger_right9",
					"parent": "finger_right8",
					"pivot": [-26.5, 33, 2],
					"cubes": [
						{"origin": [-28.5, 31, 2], "size": [2, 2, 0], "uv": [13, 8]}
					]
				},
				{
					"name": "arm_left",
					"parent": "torso2",
					"pivot": [4.5, 32.5, 0.5],
					"cubes": [
						{"origin": [3, 31, -1], "size": [3, 3, 3], "inflate": 0.01, "uv": [36, 84]}
					]
				},
				{
					"name": "arm_left2",
					"parent": "arm_left",
					"pivot": [6, 31.75, 0.5],
					"cubes": [
						{"origin": [5, 31.25, -1], "size": [8, 2, 3], "uv": [73, 53]}
					]
				},
				{
					"name": "arm_left3",
					"parent": "arm_left2",
					"pivot": [13, 32.25, 1.75],
					"cubes": [
						{"origin": [13, 31.25, -1], "size": [7, 2, 3], "inflate": 0.02, "uv": [78, 58]}
					]
				},
				{
					"name": "hand_fire_left",
					"parent": "arm_left3",
					"pivot": [20, 33.25, 0.5],
					"rotation": [0, 0, 20],
					"cubes": [
						{"origin": [14, 33.25, -1.5], "size": [6, 0, 4], "uv": [9, 96]}
					]
				},
				{
					"name": "hand_fire_left2",
					"parent": "hand_fire_left",
					"pivot": [14, 33.25, 0],
					"cubes": [
						{"origin": [8, 33.25, -1.5], "size": [6, 0, 4], "uv": [21, 96]}
					]
				},
				{
					"name": "hand_fire_left3",
					"parent": "hand_fire_left2",
					"pivot": [8, 33.25, 0],
					"cubes": [
						{"origin": [2, 33.25, -1.5], "size": [6, 0, 4], "uv": [33, 96]}
					]
				},
				{
					"name": "hand_fire_left4",
					"parent": "hand_fire_left3",
					"pivot": [2, 33.25, 0],
					"cubes": [
						{"origin": [-4, 33.25, -1.5], "size": [6, 0, 4], "uv": [45, 96]}
					]
				},
				{
					"name": "hand1_fire_left",
					"parent": "arm_left3",
					"pivot": [20, 31.25, 0.5],
					"rotation": [0, 0, -20],
					"cubes": [
						{"origin": [14, 31.25, -1.5], "size": [6, 0, 4], "uv": [9, 96], "mirror": true}
					]
				},
				{
					"name": "hand1_fire_left2",
					"parent": "hand1_fire_left",
					"pivot": [14, 31.25, 0],
					"cubes": [
						{"origin": [8, 31.25, -1.5], "size": [6, 0, 4], "uv": [21, 96], "mirror": true}
					]
				},
				{
					"name": "hand1_fire_left3",
					"parent": "hand1_fire_left2",
					"pivot": [8, 31.25, 0],
					"cubes": [
						{"origin": [2, 31.25, -1.5], "size": [6, 0, 4], "uv": [33, 96], "mirror": true}
					]
				},
				{
					"name": "hand1_fire_left4",
					"parent": "hand1_fire_left3",
					"pivot": [2, 31.25, 0],
					"cubes": [
						{"origin": [-4, 31.25, -1.5], "size": [6, 0, 4], "uv": [45, 96], "mirror": true}
					]
				},
				{
					"name": "hand_left",
					"parent": "arm_left3",
					"pivot": [20, 32.25, 0.5],
					"cubes": [
						{"origin": [20, 31.25, -1.5], "size": [3, 2, 4], "uv": [13, 78]}
					]
				},
				{
					"name": "finger_left1",
					"parent": "hand_left",
					"pivot": [22.5, 32.5, 0.5],
					"cubes": [
						{"origin": [22.5, 31.5, -0.5], "size": [2, 2, 2], "uv": [35, 90]}
					]
				},
				{
					"name": "finger_left2",
					"parent": "finger_left1",
					"pivot": [24.5, 33.5, 0.5],
					"cubes": [
						{"origin": [24.5, 31.5, -0.5], "size": [2, 2, 2], "uv": [27, 90]}
					]
				},
				{
					"name": "finger_left3",
					"parent": "finger_left2",
					"pivot": [26.5, 33.5, 0.5],
					"cubes": [
						{"origin": [26.5, 31.5, 0.5], "size": [2, 2, 0], "uv": [13, 43]}
					]
				},
				{
					"name": "finger_left4",
					"parent": "hand_left",
					"pivot": [22.5, 32, -1],
					"cubes": [
						{"origin": [22.5, 31, -2], "size": [2, 2, 2], "uv": [95, 19]}
					]
				},
				{
					"name": "finger_left5",
					"parent": "finger_left4",
					"pivot": [24.5, 33, -1],
					"cubes": [
						{"origin": [24.5, 31, -2], "size": [2, 2, 2], "uv": [95, 15]}
					]
				},
				{
					"name": "finger_left6",
					"parent": "finger_left5",
					"pivot": [26.5, 33, -1],
					"cubes": [
						{"origin": [26.5, 31, -1], "size": [2, 2, 0], "uv": [41, 30]}
					]
				},
				{
					"name": "finger_left7",
					"parent": "hand_left",
					"pivot": [22.5, 32, 2],
					"cubes": [
						{"origin": [22.5, 31, 1], "size": [2, 2, 2], "uv": [19, 90]}
					]
				},
				{
					"name": "finger_left8",
					"parent": "finger_left7",
					"pivot": [24.5, 33, 2],
					"cubes": [
						{"origin": [24.5, 31, 1], "size": [2, 2, 2], "uv": [94, 63]}
					]
				},
				{
					"name": "finger_left9",
					"parent": "finger_left8",
					"pivot": [26.5, 33, 2],
					"cubes": [
						{"origin": [26.5, 31, 2], "size": [2, 2, 0], "uv": [41, 28]}
					]
				},
				{
					"name": "tail1",
					"parent": "torso",
					"pivot": [0, 22.75, 1],
					"cubes": [
						{"origin": [-2, 20.25, -0.5], "size": [4, 5, 5], "inflate": 0.02, "uv": [73, 34]}
					]
				},
				{
					"name": "tail2",
					"parent": "tail1",
					"pivot": [0, 20.5, 4.5],
					"cubes": [
						{"origin": [-1.5, 20.5, 4.5], "size": [3, 4, 3], "inflate": 0.02, "uv": [83, 76]}
					]
				},
				{
					"name": "tail3",
					"parent": "tail2",
					"pivot": [0, 20.75, 7.5],
					"cubes": [
						{"origin": [-1, 20.75, 7.5], "size": [2, 3, 3], "inflate": 0.02, "uv": [72, 84]}
					]
				},
				{
					"name": "leg_right",
					"parent": "body",
					"pivot": [-1.25, 22, 0.5],
					"cubes": [
						{"origin": [-5.25, 12, -2.25], "size": [5, 12, 5], "uv": [13, 55]}
					]
				},
				{
					"name": "leg_right2",
					"parent": "leg_right",
					"pivot": [-2.75, 13, -2.25],
					"cubes": [
						{"origin": [-5.75, 1, -2.75], "size": [6, 12, 6], "uv": [41, 26]},
						{"origin": [-6.25, 1, -4.75], "size": [7, 0, 2], "pivot": [-2.75, 1, -2.75], "rotation": [15, 0, 0], "uv": [81, 68]},
						{"origin": [-6.25, 1, 3.25], "size": [7, 0, 2], "pivot": [-2.75, 1, 3.25], "rotation": [-15, 0, 0], "uv": [80, 27]},
						{"origin": [-7.75, 1, -3.25], "size": [2, 0, 7], "pivot": [-5.75, 1, 0.25], "rotation": [0, 0, -15], "uv": [29, 43]},
						{"origin": [0.25, 1, -3.25], "size": [2, 0, 7], "pivot": [0.25, 1, 0.25], "rotation": [0, 0, 15], "uv": [30, 26]},
						{"origin": [-2.75, 10, 2], "size": [0, 2, 4], "pivot": [-2.75, 11, 4.25], "rotation": [25, 0, 0], "uv": [61, 20]}
					]
				},
				{
					"name": "nail_right1",
					"parent": "leg_right2",
					"pivot": [-4.25, 1.5, -1.5],
					"rotation": [-10, 15, 0],
					"cubes": [
						{"origin": [-4.25, -0.5, -1.5], "size": [0, 2, 1], "uv": [45, 29]}
					]
				},
				{
					"name": "nail_right2",
					"parent": "leg_right2",
					"pivot": [-1.25, 1.5, -1.5],
					"rotation": [-10, -15, 0],
					"cubes": [
						{"origin": [-1.25, -0.5, -1.5], "size": [0, 2, 1], "uv": [45, 27]}
					]
				},
				{
					"name": "nail_right3",
					"parent": "leg_right2",
					"pivot": [-2.75, 1.5, 2],
					"rotation": [10, 0, 0],
					"cubes": [
						{"origin": [-2.75, -0.5, 1], "size": [0, 2, 1], "uv": [40, 8]}
					]
				},
				{
					"name": "leg_left",
					"parent": "body",
					"pivot": [1.25, 22, 0.5],
					"cubes": [
						{"origin": [0.25, 12, -2.25], "size": [5, 12, 5], "uv": [43, 44]}
					]
				},
				{
					"name": "leg_left2",
					"parent": "leg_left",
					"pivot": [2.75, 13, -2.25],
					"cubes": [
						{"origin": [-0.25, 1, -2.75], "size": [6, 12, 6], "uv": [37, 8]},
						{"origin": [-0.75, 1, -4.75], "size": [7, 0, 2], "pivot": [2.75, 1, -2.75], "rotation": [15, 0, 0], "uv": [80, 25]},
						{"origin": [-0.75, 1, 3.25], "size": [7, 0, 2], "pivot": [2.75, 1, 3.25], "rotation": [-15, 0, 0], "uv": [80, 23]},
						{"origin": [5.75, 1, -3.25], "size": [2, 0, 7], "pivot": [5.75, 1, 0.25], "rotation": [0, 0, 15], "uv": [25, 8]},
						{"origin": [-2.25, 1, -3.25], "size": [2, 0, 7], "pivot": [-0.25, 1, 0.25], "rotation": [0, 0, -15], "uv": [21, 8]},
						{"origin": [2.75, 10, 2], "size": [0, 2, 4], "pivot": [2.75, 11, 4.25], "rotation": [25, 0, 0], "uv": [59, 22]}
					]
				},
				{
					"name": "nail_left1",
					"parent": "leg_left2",
					"pivot": [4.25, 1.5, -1.5],
					"rotation": [-10, -15, 0],
					"cubes": [
						{"origin": [4.25, -0.5, -1.5], "size": [0, 2, 1], "uv": [35, 16]}
					]
				},
				{
					"name": "nail_left2",
					"parent": "leg_left2",
					"pivot": [1.25, 1.5, -1.5],
					"rotation": [-10, 15, 0],
					"cubes": [
						{"origin": [1.25, -0.5, -1.5], "size": [0, 2, 1], "uv": [35, 14]}
					]
				},
				{
					"name": "nail_left3",
					"parent": "leg_left2",
					"pivot": [2.75, 1.5, 2],
					"rotation": [10, 0, 0],
					"cubes": [
						{"origin": [2.75, -0.5, 1], "size": [0, 2, 1], "uv": [17, 8]}
					]
				}
			]
		}
	]
}