{
	"format_version": "1.8.0",
	"animations": {
		"animation.furret.blink": {
			"animation_length": 0.625,
			"bones": {
				"eye_right": {
					"scale": {
						"0.0": [1, 1, 1],
						"0.2083": [1, 1, 1],
						"0.2917": [1, 0, 1],
						"0.375": [1, 0, 1],
						"0.4583": [1, 1.1, 1],
						"0.5": [1, 1, 1],
						"0.625": [1, 1, 1]
					}
				},
				"eye_left": {
					"scale": {
						"0.0": [1, 1, 1],
						"0.2083": [1, 1, 1],
						"0.2917": [1, 0, 1],
						"0.375": [1, 0, 1],
						"0.4583": [1, 1.1, 1],
						"0.5": [1, 1, 1],
						"0.625": [1, 1, 1]
					}
				}
			}
		},
		"animation.furret.ground_walk": {
			"loop": true,
			"bones": {
				"bone2": {
					"rotation": ["0-math.cos(q.anim_time*90*6)*1", "0-math.sin(q.anim_time*90*6)*2", "0+math.sin(q.anim_time*90*6)*2"],
					"position": [0, "0+math.sin(q.anim_time*90*6*2)*0.3", 0]
				},
				"head": {
					"rotation": ["-math.cos(q.anim_time*90*6*2-30)*2", 0, 0]
				},
				"right_ear": {
					"rotation": ["-math.cos(q.anim_time*90*3*2-60)*8", 0, "-math.cos(q.anim_time*90*3*2-60)*4"]
				},
				"left_ear": {
					"rotation": ["-math.cos(q.anim_time*90*3*2-60)*8", 0, 0]
				},
				"torso": {
					"rotation": ["0-math.cos(q.anim_time*90*6)*1", "0-math.sin(q.anim_time*90*6)*3", "0+math.sin(q.anim_time*90*4)*1"],
					"position": [0, "0+math.sin(q.anim_time*90*6*2)*0.3", 0]
				},
				"bone4": {
					"rotation": ["10-math.cos(q.anim_time*90*6)*1", "0-math.sin(q.anim_time*90*6)*7", "0+math.sin(q.anim_time*90*4)*1"]
				},
				"bone6": {
					"rotation": ["3.25-math.cos(q.anim_time*90*6)*2", "-math.sin(q.anim_time*90*6)*5", "math.sin(q.anim_time*90*4)*1"]
				},
				"bone7": {
					"rotation": ["-7.5-math.cos(q.anim_time*90*6)*2", "-math.sin(q.anim_time*90*6)*5", "math.sin(q.anim_time*90*4)*1"]
				},
				"right_leg_front": {
					"rotation": ["0-math.sin(q.anim_time*90*6)*9", 0, 0],
					"position": [0, "0+math.clamp(math.cos(q.anim_time*90*6+50)*0.7,0,1)", "0.75-math.sin(q.anim_time*90*6+50)*0.5"]
				},
				"left_leg_front": {
					"rotation": ["0-math.sin(q.anim_time*90*6+230)*9", 0, 0],
					"position": [0, "0+math.clamp(math.cos(q.anim_time*90*6+230)*0.7,0,1)", "0.75-math.sin(q.anim_time*90*6+230)*0.5"]
				},
				"left_leg_back": {
					"rotation": ["0-math.sin(q.anim_time*90*6+50)*9", 0, 0],
					"position": [0, "0+math.clamp(math.cos(q.anim_time*90*6)*0.6,0,1)", "0-math.sin(q.anim_time*90*6)*0.5"]
				},
				"left_leg_back2": {
					"rotation": ["0-math.sin(q.anim_time*90*6+180)*9", 0, 0],
					"position": [0, "0+math.clamp(math.cos(q.anim_time*90*6+180)*0.6,0,1)", "0-math.sin(q.anim_time*90*6+180)*0.5"]
				}
			}
		},
		"animation.furret.ground_idle": {
			"loop": true,
			"bones": {
				"bone2": {
					"rotation": ["0-math.cos(q.anim_time*90*2)*-2", "math.sin(q.anim_time*90*1)*0.5", "math.cos(q.anim_time*90*2)*-0.5"],
					"position": [0, "math.sin(q.anim_time*90*2)*0.1", 0]
				},
				"head": {
					"rotation": ["math.sin(q.anim_time*90*2-90)*3", "math.sin(q.anim_time*90*1)*-3", 0],
					"position": [0, "math.sin(q.anim_time*90*2-30)*0.05", 0]
				},
				"right_ear": {
					"rotation": [0, 0, "math.cos(q.anim_time*90*1-50)*-5 "]
				},
				"left_ear": {
					"rotation": [0, 0, "math.cos(q.anim_time*90*1-50)*5 "]
				},
				"torso": {
					"rotation": ["0-math.cos(q.anim_time*90*1)*-2", "math.sin(q.anim_time*90*1)*0.5", "math.cos(q.anim_time*90*2)*-0.5"],
					"position": [0, "math.sin(q.anim_time*90*2)*0.1", 0]
				},
				"bone4": {
					"rotation": ["0-math.cos(q.anim_time*90*2)*-2", "math.sin(q.anim_time*90*1)*0.5", "math.cos(q.anim_time*90*2)*-0.5"],
					"position": [0, "math.sin(q.anim_time*90*2)*0.1", 0]
				},
				"bone6": {
					"rotation": ["0-math.cos(q.anim_time*90*2)*-2", "math.sin(q.anim_time*90*1)*0.5", "math.cos(q.anim_time*90*2)*-0.5"],
					"position": [0, "math.sin(q.anim_time*90*2)*0.1", 0]
				},
				"bone7": {
					"rotation": ["0-math.cos(q.anim_time*90*2)*-2", "math.sin(q.anim_time*90*1)*0.5", "math.cos(q.anim_time*90*2)*-0.5"],
					"position": [0, "math.sin(q.anim_time*90*2)*0.1", 0]
				}
			}
		}
	}
}