{
	"format_version": "1.12.0",
	"minecraft:geometry": [
		{
			"description": {
				"identifier": "geometry.tinglu",
				"texture_width": 128,
				"texture_height": 128,
				"visible_bounds_width": 5,
				"visible_bounds_height": 4.5,
				"visible_bounds_offset": [0, 1.75, 0]
			},
			"bones": [
				{
					"name": "tinglu",
					"pivot": [0, 0, 0]
				},
				{
					"name": "body",
					"parent": "tinglu",
					"pivot": [0, 24, 0]
				},
				{
					"name": "torso",
					"parent": "body",
					"pivot": [0, 19.5, -8.875],
					"cubes": [
						{"origin": [-5.5, 14.5, -5], "size": [11, 10, 10], "uv": [83, 108]},
						{"origin": [-5, 15, 3.75], "size": [10, 9, 9], "inflate": 0.01, "uv": [0, 34]},
						{"origin": [-1, 22, 11.77], "size": [2, 2, 4], "inflate": 0.01, "pivot": [0, 24, 11.77], "rotation": [-10, 0, 0], "uv": [91, 88]}
					]
				},
				{
					"name": "chest",
					"parent": "torso",
					"pivot": [0, 19.26589, -4.15642],
					"cubes": [
						{"origin": [-7, 12.26589, -13.65642], "size": [14, 14, 11], "uv": [0, 53]},
						{"origin": [-1.5, 26.26589, -12.65642], "size": [3, 3, 5], "uv": [54, 75]},
						{"origin": [-1, 26.26589, -7.65642], "size": [2, 2, 4], "uv": [54, 69]},
						{"origin": [-1.5, 12.73411, 4.99358], "size": [3, 3, 5], "uv": [87, 75]},
						{"origin": [-1.5, 9.73411, -12.65642], "size": [3, 3, 5], "uv": [71, 75]},
						{"origin": [-1, 10.73411, -7.65642], "size": [2, 2, 4], "uv": [71, 69]}
					]
				},
				{
					"name": "neck",
					"parent": "chest",
					"pivot": [0, 19.76589, -14.15642],
					"cubes": [
						{"origin": [-4, 15.26589, -22.65642], "size": [8, 9, 11], "inflate": 0.01, "uv": [43, 84]}
					]
				},
				{
					"name": "head",
					"parent": "neck",
					"pivot": [0, 18.51037, -28.39787],
					"cubes": [
						{"origin": [-4, 15.26589, -29.65642], "size": [8, 8, 9], "uv": [0, 79]},
						{"origin": [-0.5, 13.26589, -29.40642], "size": [1, 2, 2], "uv": [83, 90]},
						{"origin": [-0.5, 12.26589, -24.90642], "size": [1, 3, 2], "uv": [77, 89]},
						{"origin": [-0.5, 11.26589, -27.15642], "size": [1, 4, 2], "uv": [71, 88]},
						{"origin": [-3, 15.51589, -33.65642], "size": [6, 5, 6], "pivot": [0, 18.01589, -28.65642], "rotation": [7.5, 0, 0], "uv": [7, 22]}
					]
				},
				{
					"name": "helmet",
					"parent": "head",
					"pivot": [0, 23.51133, -26.13741],
					"rotation": [7.5, 0, 0],
					"cubes": [
						{"origin": [-9, 25.25157, -39.32858], "size": [8, 12, 2], "uv": [87, 58]},
						{"origin": [1, 25.25157, -39.32858], "size": [8, 12, 2], "uv": [108, 58], "mirror": true},
						{"origin": [6, 36.25157, -38.82858], "size": [1, 2, 1], "inflate": 0.2, "uv": [118, 1], "mirror": true},
						{"origin": [5.8, 37.70157, -38.82858], "size": [1, 2, 1], "pivot": [6.5, 38.70157, -38.32858], "rotation": [0, 0, -22.5], "uv": [118, 4], "mirror": true},
						{"origin": [6, 36.25157, -18.82858], "size": [1, 2, 1], "inflate": 0.2, "uv": [124, 1], "mirror": true},
						{"origin": [5.8, 37.70157, -18.82858], "size": [1, 2, 1], "pivot": [6.5, 38.70157, -18.32858], "rotation": [0, 0, -22.5], "uv": [124, 4], "mirror": true},
						{"origin": [-7, 36.25157, -18.82858], "size": [1, 2, 1], "inflate": 0.2, "uv": [124, 1]},
						{"origin": [-6.8, 37.70157, -18.82858], "size": [1, 2, 1], "pivot": [-6.5, 38.70157, -18.32858], "rotation": [0, 0, 22.5], "uv": [124, 4]},
						{"origin": [-6.8, 37.70157, -38.82858], "size": [1, 2, 1], "pivot": [-6.5, 38.70157, -38.32858], "rotation": [0, 0, 22.5], "uv": [118, 4]},
						{"origin": [-7, 36.25157, -38.82858], "size": [1, 2, 1], "inflate": 0.2, "uv": [118, 1]},
						{"origin": [-11, 25.25157, -37.32858], "size": [2, 12, 18], "uv": [40, 27]},
						{"origin": [9, 25.25157, -37.32858], "size": [2, 12, 18], "uv": [80, 27]},
						{"origin": [2, 25.25157, -19.32858], "size": [7, 12, 2], "uv": [99, 0]},
						{"origin": [-9, 25.25157, -19.32858], "size": [7, 12, 2], "uv": [99, 0], "mirror": true},
						{"origin": [-10, 23.25157, -38.32858], "size": [20, 2, 20], "uv": [38, 0]}
					]
				},
				{
					"name": "helmet3",
					"parent": "helmet",
					"pivot": [11.7, 24.00157, -31.82858],
					"rotation": [0, 0, -30],
					"cubes": [
						{"origin": [10.7, 20.75157, -32.82858], "size": [2, 3, 2], "uv": [120, 39]},
						{"origin": [10.2, 23.75157, -33.32858], "size": [3, 4, 3], "uv": [116, 79]}
					]
				},
				{
					"name": "helmet2",
					"parent": "helmet",
					"pivot": [-11.7, 24.00157, -31.82858],
					"rotation": [0, 0, 30],
					"cubes": [
						{"origin": [-12.7, 20.75157, -32.82858], "size": [2, 3, 2], "uv": [120, 45]},
						{"origin": [-13.2, 23.75157, -33.32858], "size": [3, 4, 3], "uv": [116, 87]}
					]
				},
				{
					"name": "left_horn",
					"parent": "helmet",
					"pivot": [11.39448, 36.67037, -27.94191],
					"rotation": [0, 0, 17.5],
					"cubes": [
						{"origin": [9.5, 36.50157, -25.12858], "size": [1, 6, 1], "inflate": 0.2, "pivot": [10, 37.00157, -24.07858], "rotation": [35, 0, 0], "uv": [124, 29], "mirror": true},
						{"origin": [9.25, 40.64466, -28.44149], "size": [6, 1, 1], "inflate": 0.2, "pivot": [9.5, 41.64466, -28.04149], "rotation": [0, 0, -30], "uv": [114, 26], "mirror": true},
						{"origin": [9.5, 36.14869, -31.70801], "size": [1, 6, 1], "inflate": 0.2, "pivot": [10, 36.91664, -31.17403], "rotation": [-35, 0, 0], "uv": [114, 29], "mirror": true},
						{"origin": [12.52206, 43.72134, -28.44149], "size": [1, 8, 1], "inflate": 0.2, "uv": [119, 29], "mirror": true}
					]
				},
				{
					"name": "right_horn",
					"parent": "helmet",
					"pivot": [-11.39448, 36.67037, -27.94191],
					"rotation": [0, 0, -17.5],
					"cubes": [
						{"origin": [-10.5, 36.50157, -25.12858], "size": [1, 6, 1], "inflate": 0.2, "pivot": [-10, 37.00157, -24.07858], "rotation": [35, 0, 0], "uv": [124, 8]},
						{"origin": [-15.25, 40.64466, -28.44149], "size": [6, 1, 1], "inflate": 0.2, "pivot": [-9.5, 41.64466, -28.04149], "rotation": [0, 0, 30], "uv": [114, 23]},
						{"origin": [-10.5, 36.14869, -31.70801], "size": [1, 6, 1], "inflate": 0.2, "pivot": [-10, 36.91664, -31.17403], "rotation": [-35, 0, 0], "uv": [119, 8]},
						{"origin": [-15.02206, 43.77134, -28.44149], "size": [1, 4, 1], "inflate": 0.2, "uv": [119, 16]},
						{"origin": [-12.02206, 42.77134, -28.44149], "size": [1, 5, 1], "inflate": 0.2, "uv": [124, 16]}
					]
				},
				{
					"name": "tails",
					"parent": "torso",
					"pivot": [0, 19.5, 9]
				},
				{
					"name": "tail_right",
					"parent": "tails",
					"pivot": [-3.5, 19.75, 11.25]
				},
				{
					"name": "leg_back_left",
					"parent": "body",
					"pivot": [7.25, 16.44415, 9.66047],
					"cubes": [
						{"origin": [5, 10.2868, 4.86191], "size": [5, 7, 7], "pivot": [7.5, 23.7868, 8.11191], "rotation": [10, 0, 0], "uv": [25, 98]},
						{"origin": [5, 17.2868, 5.36191], "size": [4, 3, 6], "pivot": [7.5, 23.7868, 8.11191], "rotation": [10, 0, 0], "uv": [62, 110]}
					]
				},
				{
					"name": "leg_knee_back_left",
					"parent": "leg_back_left",
					"pivot": [7.5, 11.18494, 9.93614],
					"cubes": [
						{"origin": [6, 7.69767, 11.42178], "size": [3, 5, 3], "pivot": [7.5, 8.62828, 12.44915], "rotation": [35, 0, 0], "uv": [48, 110]}
					]
				},
				{
					"name": "leg_foot_back_left",
					"parent": "leg_knee_back_left",
					"pivot": [7.5, 8.58326, 12.18428],
					"cubes": [
						{"origin": [5, 0.01332, 9.76674], "size": [5, 9, 6], "uv": [23, 113]},
						{"origin": [7, 7.38407, 14.65832], "size": [1, 3, 2], "inflate": 0.2, "pivot": [7.5, 8.88407, 15.15832], "rotation": [-27.5, 0, 0], "uv": [1, 81]}
					]
				},
				{
					"name": "leg_foot_back_left2",
					"parent": "leg_foot_back_left",
					"pivot": [7, 4.03024, 11.36659],
					"cubes": [
						{"origin": [7.75, 0.03024, 8.11659], "size": [2, 1, 3], "uv": [79, 105]},
						{"origin": [5.25, 0.03024, 8.11659], "size": [2, 1, 3], "uv": [68, 105]}
					]
				},
				{
					"name": "leg_back_right",
					"parent": "body",
					"pivot": [-7.25, 16.44415, 9.66047],
					"cubes": [
						{"origin": [-10, 10.2868, 4.86191], "size": [5, 7, 7], "pivot": [-7.5, 23.7868, 8.11191], "rotation": [10, 0, 0], "uv": [25, 98], "mirror": true},
						{"origin": [-9, 17.2868, 5.36191], "size": [4, 3, 6], "pivot": [-7.5, 23.7868, 8.11191], "rotation": [10, 0, 0], "uv": [62, 110], "mirror": true}
					]
				},
				{
					"name": "leg_knee_back_right",
					"parent": "leg_back_right",
					"pivot": [-7.5, 11.18494, 9.93614],
					"cubes": [
						{"origin": [-9, 7.69767, 11.42178], "size": [3, 5, 3], "pivot": [-7.5, 8.62828, 12.44915], "rotation": [35, 0, 0], "uv": [48, 110], "mirror": true}
					]
				},
				{
					"name": "leg_foot_back_right",
					"parent": "leg_knee_back_right",
					"pivot": [-7.5, 8.58326, 12.18428],
					"cubes": [
						{"origin": [-10, 0.01332, 9.76674], "size": [5, 9, 6], "uv": [23, 113], "mirror": true},
						{"origin": [-8, 7.38407, 14.65832], "size": [1, 3, 2], "inflate": 0.2, "pivot": [-7.5, 8.88407, 15.15832], "rotation": [-27.5, 0, 0], "uv": [1, 81], "mirror": true}
					]
				},
				{
					"name": "leg_foot_back_right2",
					"parent": "leg_foot_back_right",
					"pivot": [-7, 4.03024, 11.36659],
					"cubes": [
						{"origin": [-9.75, 0.03024, 8.11659], "size": [2, 1, 3], "uv": [79, 105], "mirror": true},
						{"origin": [-7.25, 0.03024, 8.11659], "size": [2, 1, 3], "uv": [68, 105], "mirror": true}
					]
				},
				{
					"name": "leg_front_left",
					"parent": "body",
					"pivot": [9.25, 17.0368, -8.28809],
					"cubes": [
						{"origin": [7, 11.0368, -11.78809], "size": [5, 7, 7], "uv": [0, 98]},
						{"origin": [7, 18.0368, -10.78809], "size": [4, 3, 5], "uv": [63, 120]}
					]
				},
				{
					"name": "leg_knee_front_left",
					"parent": "leg_front_left",
					"pivot": [9.5, 12.19767, -9.32822],
					"cubes": [
						{"origin": [7.5, 7.69767, -10.32822], "size": [4, 5, 4], "uv": [46, 119]}
					]
				},
				{
					"name": "leg_foot_front_left",
					"parent": "leg_knee_front_left",
					"pivot": [9.5, 8.51332, -10.38326],
					"cubes": [
						{"origin": [7, 0.01332, -11.38326], "size": [5, 9, 6], "uv": [0, 113]}
					]
				},
				{
					"name": "leg_foot_front_left2",
					"parent": "leg_foot_front_left",
					"pivot": [9, 4.03024, -9.38341],
					"cubes": [
						{"origin": [7.25, 0.03024, -13.03341], "size": [2, 1, 2], "uv": [50, 106]},
						{"origin": [9.75, 0.03024, -13.03341], "size": [2, 1, 2], "uv": [59, 106]}
					]
				},
				{
					"name": "leg_front_right",
					"parent": "body",
					"pivot": [-9.25, 17.0368, -8.28809],
					"cubes": [
						{"origin": [-12, 11.0368, -11.78809], "size": [5, 7, 7], "uv": [0, 98], "mirror": true},
						{"origin": [-11, 18.0368, -10.78809], "size": [4, 3, 5], "uv": [63, 120], "mirror": true}
					]
				},
				{
					"name": "leg_knee_front_right",
					"parent": "leg_front_right",
					"pivot": [-9.5, 12.19767, -9.32822],
					"cubes": [
						{"origin": [-11.5, 7.69767, -10.32822], "size": [4, 5, 4], "uv": [46, 119], "mirror": true}
					]
				},
				{
					"name": "leg_foot_front_right",
					"parent": "leg_knee_front_right",
					"pivot": [-9.5, 8.51332, -10.38326],
					"cubes": [
						{"origin": [-12, 0.01332, -11.38326], "size": [5, 9, 6], "uv": [0, 113], "mirror": true}
					]
				},
				{
					"name": "leg_foot_front_right2",
					"parent": "leg_foot_front_right",
					"pivot": [-9, 4.03024, -9.38341],
					"cubes": [
						{"origin": [-9.25, 0.03024, -13.03341], "size": [2, 1, 2], "uv": [50, 106], "mirror": true},
						{"origin": [-11.75, 0.03024, -13.03341], "size": [2, 1, 2], "uv": [59, 106], "mirror": true}
					]
				}
			]
		}
	]
}