{
	"format_version": "1.12.0",
	"minecraft:geometry": [
		{
			"description": {
				"identifier": "geometry.brambleghast",
				"texture_width": 64,
				"texture_height": 64,
				"visible_bounds_width": 3,
				"visible_bounds_height": 2.5,
				"visible_bounds_offset": [0, 0.75, 0]
			},
			"bones": [
				{
					"name": "Brambleghast",
					"pivot": [0, 0, 0]
				},
				{
					"name": "Body",
					"parent": "Brambleghast",
					"pivot": [0, 0, 0]
				},
				{
					"name": "bottomcore",
					"parent": "Body",
					"pivot": [0, 0.00167, -2.14136],
					"cubes": [
						{"origin": [-3, 0.00167, -3.64136], "size": [6, 0, 6], "uv": [0, 0]},
						{"origin": [-3, 0.00167, 2.35864], "size": [6, 0, 1], "uv": [27, 20]},
						{"origin": [-4, 0.00167, -2.64136], "size": [1, 0, 5], "uv": [23, 13]},
						{"origin": [3, 0.00167, -2.64136], "size": [1, 0, 5], "uv": [20, 5]}
					]
				},
				{
					"name": "1srtvine",
					"parent": "Body",
					"pivot": [0, 0.00167, -4.64136],
					"cubes": [
						{"origin": [-1, 0.00167, -8.64136], "size": [2, 0, 5], "uv": [17, 0]},
						{"origin": [-1, 0.00167, -8.64136], "size": [2, 7, 0], "uv": [24, 29]},
						{"origin": [-1, 6.19167, -9.79136], "size": [2, 6, 0], "pivot": [0, 0.00167, -4.64136], "rotation": [-10, 0, 0], "uv": [0, 30]},
						{"origin": [-3, 8.69167, -9.79136], "size": [2, 1, 0], "pivot": [0, 0.00167, -4.64136], "rotation": [-10, 0, 0], "uv": [24, 36]},
						{"origin": [1, 8.69167, -9.79136], "size": [2, 1, 0], "pivot": [0, 0.00167, -4.64136], "rotation": [-10, 0, 0], "uv": [20, 36]},
						{"origin": [1, 2.00167, -8.64136], "size": [2, 2, 0], "uv": [4, 33]},
						{"origin": [-3, 2.00167, -8.64136], "size": [2, 2, 0], "uv": [33, 2]},
						{"origin": [3, 3.00167, -8.64136], "size": [1, 1, 0], "uv": [12, 38]},
						{"origin": [-4, 3.00167, -8.64136], "size": [1, 1, 0], "uv": [10, 38]},
						{"origin": [1.5, 4.00167, -8.64136], "size": [1, 2, 0], "uv": [4, 37]},
						{"origin": [-2.5, 4.00167, -8.64136], "size": [1, 2, 0], "uv": [37, 2]},
						{"origin": [2.18584, 3.00167, -9.96097], "size": [2, 1, 0], "pivot": [-0.22416, 0.00167, -4.74097], "rotation": [0, -22.5, 0], "uv": [36, 25]},
						{"origin": [4.41, 4.00167, -9.86136], "size": [1, 1, 0], "pivot": [0, 0.00167, -4.64136], "rotation": [0, -22.5, 0], "uv": [8, 38]},
						{"origin": [-5.41, 4.00167, -9.86136], "size": [1, 1, 0], "pivot": [0, 0.00167, -4.64136], "rotation": [0, 22.5, 0], "uv": [6, 38]},
						{"origin": [-4.16, 3.00167, -9.86136], "size": [2, 1, 0], "pivot": [0, 0.00167, -4.64136], "rotation": [0, 22.5, 0], "uv": [36, 24]},
						{"origin": [-4.16, 0.25167, -10.11136], "size": [1, 2, 0], "pivot": [0, 0.00167, -4.64136], "rotation": [8.0634, 21.07593, 21.50238], "uv": [2, 37]},
						{"origin": [3.16, 0.25167, -10.11136], "size": [1, 2, 0], "pivot": [0, 0.00167, -4.64136], "rotation": [8.0634, -21.07593, -21.50238], "uv": [37, 0]}
					]
				},
				{
					"name": "2ndvineright",
					"parent": "Body",
					"pivot": [3, 0.00167, -1.64136],
					"cubes": [
						{"origin": [5, 0.00167, -5.64136], "size": [2, 0, 1], "uv": [31, 16]},
						{"origin": [3.001, 15.00167, -3.64136], "size": [0, 2, 2], "uv": [8, 29]},
						{"origin": [4, 0.00167, -4.64136], "size": [2, 0, 1], "uv": [30, 11]},
						{"origin": [3, 0.00167, -3.64136], "size": [2, 0, 1], "uv": [30, 8]},
						{"origin": [6, 0.00167, -4.64136], "size": [1, 0, 1], "uv": [35, 23]},
						{"origin": [5, 15.00167, -2.64136], "size": [1, 1, 0], "uv": [0, 38]},
						{"origin": [5, 0.00167, -3.64136], "size": [1, 0, 1], "uv": [35, 15]},
						{"origin": [4, 0.00167, -2.64136], "size": [1, 0, 1], "uv": [34, 9]},
						{"origin": [6, 0.00167, -6.64136], "size": [2, 0, 1], "uv": [31, 15]},
						{"origin": [7, 0.00167, -5.64136], "size": [1, 0, 1], "uv": [35, 22]},
						{"origin": [6, 0.00167, -6.64136], "size": [2, 15, 0], "uv": [20, 15]},
						{"origin": [6.67, 8.75167, -6.19136], "size": [2, 1, 0], "pivot": [3, 0.00167, -1.64136], "rotation": [0, -20, 0], "uv": [2, 36]},
						{"origin": [8, 0.00167, -6.64136], "size": [0, 15, 2], "uv": [0, 0]},
						{"origin": [3, 15.00067, -6.64136], "size": [5, 0, 5], "uv": [0, 11]},
						{"origin": [7, 0.25167, -4.64136], "size": [1, 0, 2], "pivot": [3, 0.00167, -1.64136], "rotation": [0, 37.5, 0], "uv": [29, 6]},
						{"origin": [8.79, 3.00167, -5.69136], "size": [2, 1, 0], "pivot": [3, 0.00167, -1.64136], "rotation": [0, 10, 0], "uv": [36, 16]},
						{"origin": [4, 10.50167, -6.64136], "size": [2, 1, 0], "pivot": [3, 0.00167, -1.64136], "rotation": [0, 0, 0], "uv": [12, 36]}
					]
				},
				{
					"name": "3rdvineleft",
					"parent": "Body",
					"pivot": [-3, 0.00167, -1.64136],
					"cubes": [
						{"origin": [-6, 3.75167, -6.64136], "size": [2, 1, 0], "uv": [35, 12]},
						{"origin": [-7, 0.00167, -5.64136], "size": [2, 0, 1], "uv": [31, 14]},
						{"origin": [-6, 0.00167, -4.64136], "size": [2, 0, 1], "uv": [30, 10]},
						{"origin": [-5, 0.00167, -3.64136], "size": [2, 0, 1], "uv": [30, 9]},
						{"origin": [-7, 0.00167, -4.64136], "size": [1, 0, 1], "uv": [35, 21]},
						{"origin": [-6, 0.00167, -3.64136], "size": [1, 0, 1], "uv": [35, 14]},
						{"origin": [-5, 0.00167, -2.64136], "size": [1, 0, 1], "uv": [34, 10]},
						{"origin": [-8, 0.00167, -6.64136], "size": [2, 0, 1], "uv": [30, 12]},
						{"origin": [-8, 0.00167, -5.64136], "size": [1, 0, 1], "uv": [35, 17]},
						{"origin": [-8, 0.00167, -6.64136], "size": [2, 13, 0], "uv": [16, 28]},
						{"origin": [-8, 0.00167, -6.64136], "size": [0, 13, 2], "uv": [16, 13]},
						{"origin": [-8, 13.00167, -6.64136], "size": [6, 0, 4], "uv": [11, 11]},
						{"origin": [-8, 13.00167, -4.64136], "size": [1, 2, 0], "uv": [36, 36]},
						{"origin": [-3.25, 0.00167, -6.14136], "size": [0, 2, 1], "pivot": [-3, 0.00167, -1.64136], "rotation": [0, 40, 0], "uv": [0, 35]},
						{"origin": [-11.96, 0.75167, -2.86136], "size": [2, 1, 0], "pivot": [-3, 0.00167, -1.64136], "rotation": [0, -35, 0], "uv": [28, 35]}
					]
				},
				{
					"name": "eyes",
					"parent": "Body",
					"pivot": [-4.25, 6.50167, -3.89136],
					"cubes": [
						{"origin": [-6.75, 4.50167, -3.89136], "size": [1, 1, 0], "uv": [34, 37]},
						{"origin": [-6.75, 7.50167, -3.89136], "size": [1, 2, 0], "uv": [36, 34]},
						{"origin": [-6.75, 9.50167, -3.89136], "size": [1, 1, 0], "uv": [32, 37]},
						{"origin": [-4.75, 9.50167, -3.89136], "size": [1, 1, 0], "uv": [28, 37]},
						{"origin": [-2.75, 9.50167, -3.89136], "size": [1, 1, 0], "uv": [26, 37]},
						{"origin": [-2.75, 4.50167, -3.89136], "size": [1, 1, 0], "uv": [24, 37]},
						{"origin": [-2.75, 7.50167, -3.89136], "size": [2, 1, 0], "uv": [35, 11]},
						{"origin": [-1.75, 5.50167, -3.89136], "size": [1, 2, 0], "uv": [36, 32]},
						{"origin": [-4.75, 5.00167, -3.89136], "size": [1, 3, 0], "uv": [8, 35]},
						{"origin": [-5.75, 8.50167, -3.89136], "size": [4, 1, 0], "uv": [30, 13]},
						{"origin": [-7.75, 5.50167, -3.89136], "size": [1, 3, 0], "uv": [10, 35]}
					]
				},
				{
					"name": "EyelidRight",
					"parent": "eyes",
					"pivot": [10.25, 4.50167, -2.86636],
					"cubes": [
						{"origin": [-4.75, 5.00167, -3.86636], "size": [1, 3, 0], "uv": [39, 0]}
					]
				},
				{
					"name": "eyes2",
					"parent": "Body",
					"pivot": [4.25, 6.50167, -3.89136],
					"cubes": [
						{"origin": [5.75, 4.50167, -3.89136], "size": [1, 1, 0], "uv": [22, 37]},
						{"origin": [5.75, 7.50167, -3.89136], "size": [1, 2, 0], "uv": [36, 30]},
						{"origin": [5.75, 9.50167, -3.89136], "size": [1, 1, 0], "uv": [20, 37]},
						{"origin": [3.75, 9.50167, -3.89136], "size": [1, 1, 0], "uv": [14, 37]},
						{"origin": [1.75, 9.50167, -3.89136], "size": [1, 1, 0], "uv": [12, 37]},
						{"origin": [1.75, 4.50167, -3.89136], "size": [1, 1, 0], "uv": [37, 10]},
						{"origin": [0.75, 7.50167, -3.89136], "size": [2, 1, 0], "uv": [4, 35]},
						{"origin": [0.75, 5.50167, -3.89136], "size": [1, 2, 0], "uv": [30, 36]},
						{"origin": [3.75, 5.00167, -3.89136], "size": [1, 3, 0], "uv": [34, 34]},
						{"origin": [1.75, 8.50167, -3.89136], "size": [4, 1, 0], "uv": [4, 30]},
						{"origin": [6.75, 5.50167, -3.89136], "size": [1, 3, 0], "uv": [32, 34]}
					]
				},
				{
					"name": "EyelidLeft",
					"parent": "eyes2",
					"pivot": [-10.25, 4.50167, -2.81636],
					"cubes": [
						{"origin": [3.75, 5.00167, -3.8664], "size": [1, 3, 0], "uv": [39, 0]}
					]
				},
				{
					"name": "sideleftvine",
					"parent": "Body",
					"pivot": [0, 0.00167, -0.64136],
					"cubes": [
						{"origin": [-8, 0.00167, -1.14136], "size": [4, 0, 2], "uv": [26, 23]},
						{"origin": [-8, 14.00167, -1.14136], "size": [5, 0, 2], "uv": [26, 18]},
						{"origin": [-5, 14.00167, 0.85864], "size": [1, 2, 0], "uv": [36, 26]},
						{"origin": [-3, 14.00167, -1.14136], "size": [0, 2, 1], "uv": [22, 33]},
						{"origin": [-3, 14.00167, -0.14136], "size": [0, 1, 1], "uv": [28, 35]},
						{"origin": [-10, 8.50167, 0.85864], "size": [2, 1, 0], "uv": [28, 34]},
						{"origin": [-8, 9.75167, -4.64136], "size": [0, 1, 3.5], "uv": [17, 7]},
						{"origin": [-6.5, 0.00167, 0.85864], "size": [1, 2, 0], "uv": [36, 28]},
						{"origin": [-7.5, 0.00167, -3.14136], "size": [1, 0, 2], "uv": [29, 4]},
						{"origin": [-8, 0.00167, -1.14136], "size": [0, 14, 2], "uv": [8, 14]}
					]
				},
				{
					"name": "siderightvine",
					"parent": "Body",
					"pivot": [0, 0.00167, -0.64136],
					"cubes": [
						{"origin": [6, 13.00167, 0.85864], "size": [1, 1, 0], "uv": [37, 9]},
						{"origin": [4.5, 13.00167, -1.14136], "size": [0, 2, 1], "uv": [20, 33]},
						{"origin": [8, 0.00167, -1.14136], "size": [0, 13, 2], "uv": [0, 15]},
						{"origin": [4, 0.00167, -1.14136], "size": [4, 0, 2], "uv": [26, 21]},
						{"origin": [4.5, 13.00167, -1.14136], "size": [3.5, 0, 2], "uv": [26, 25]},
						{"origin": [8.12, 10.00167, -1.29136], "size": [0, 1, 2], "pivot": [0, 0.00167, -0.64136], "rotation": [0, -15, 0], "uv": [20, 30]},
						{"origin": [8, 5.00167, 0.85864], "size": [0, 1, 2], "uv": [23, 8]},
						{"origin": [7.78, 2.25167, -0.71136], "size": [0, 1, 2], "pivot": [0, 0.00167, -0.64136], "rotation": [0, 17.5, 0], "uv": [18, 3]},
						{"origin": [4.5, 13.00167, -0.14136], "size": [0, 1, 1], "uv": [6, 35]}
					]
				},
				{
					"name": "backwinemiddle",
					"parent": "Body",
					"pivot": [0, 0.00167, -0.64136],
					"cubes": [
						{"origin": [-1, 0.00167, 8.35864], "size": [2, 7, 0], "uv": [12, 29]},
						{"origin": [-3, 2.00167, 8.35864], "size": [2, 2, 0], "uv": [33, 0]},
						{"origin": [1, 4.50167, 8.35864], "size": [2, 2, 0], "uv": [32, 31]},
						{"origin": [-4, 3.00167, 8.35864], "size": [1, 1, 0], "uv": [37, 8]},
						{"origin": [4.88, 3.00167, 7.08864], "size": [2, 1, 0], "pivot": [0, 0.00167, -4.64136], "rotation": [0, -47.5, 0], "uv": [8, 34]},
						{"origin": [-6.88, 5.50167, 7.08864], "size": [2, 1, 0], "pivot": [0, 0.00167, -4.64136], "rotation": [0, 47.5, 0], "uv": [32, 33]},
						{"origin": [2.34, 3.00167, 7.62864], "size": [1, 1, 0], "pivot": [0, 0.00167, -4.64136], "rotation": [0, -40, 0], "uv": [37, 5]},
						{"origin": [-3.34, 5.50167, 7.62864], "size": [1, 1, 0], "pivot": [0, 0.00167, -4.64136], "rotation": [0, 40, 0], "uv": [37, 4]},
						{"origin": [3, 5.50167, 8.35864], "size": [1, 1, 0], "uv": [37, 7]},
						{"origin": [-1, 0.00167, 3.35864], "size": [2, 0, 5], "uv": [13, 0]},
						{"origin": [-1, 4.64167, 9.38864], "size": [2, 7, 0], "pivot": [0, 0.00167, -4.64136], "rotation": [10, 0, 0], "uv": [28, 27]},
						{"origin": [-3, 4.64167, 9.38864], "size": [2, 2, 0], "pivot": [0, 0.00167, -4.64136], "rotation": [10, 0, 0], "uv": [32, 29]},
						{"origin": [1, 7.14167, 9.38864], "size": [2, 2, 0], "pivot": [0, 0.00167, -4.64136], "rotation": [10, 0, 0], "uv": [32, 27]},
						{"origin": [-4, 5.64167, 9.38864], "size": [1, 1, 0], "pivot": [0, 0.00167, -4.64136], "rotation": [10, 0, 0], "uv": [37, 6]},
						{"origin": [5.65, 5.64167, 7.77864], "size": [2, 1, 0], "pivot": [0, 0.00167, -4.64136], "rotation": [14.62771, -46.55847, -10.73052], "uv": [33, 4]},
						{"origin": [-7.65, 8.14167, 7.77864], "size": [2, 1, 0], "pivot": [0, 0.00167, -4.64136], "rotation": [14.62771, 46.55847, 10.73052], "uv": [32, 17]},
						{"origin": [3, 8.14167, 9.38864], "size": [1, 1, 0], "pivot": [0, 0.00167, -4.64136], "rotation": [10, 0, 0], "uv": [6, 37]}
					]
				},
				{
					"name": "backrightvine",
					"parent": "Body",
					"pivot": [0, 0.00167, -0.14136],
					"cubes": [
						{"origin": [-6, 0.00167, 2.35864], "size": [1, 0, 2], "uv": [29, 0]},
						{"origin": [-4, 13.00167, 2.35864], "size": [0, 2, 2], "uv": [4, 29]},
						{"origin": [-7, 0.00167, 3.35864], "size": [1, 0, 2], "uv": [28, 16]},
						{"origin": [-8, 0.00167, 4.35864], "size": [1, 0, 2], "uv": [28, 14]},
						{"origin": [-4, 0.00167, 2.35864], "size": [1, 0, 1], "uv": [34, 8]},
						{"origin": [-5, 0.00167, 3.35864], "size": [1, 0, 1], "uv": [34, 7]},
						{"origin": [-6, 0.00167, 4.35864], "size": [1, 0, 1], "uv": [33, 26]},
						{"origin": [-7, 0.00167, 5.35864], "size": [1, 0, 1], "uv": [33, 25]},
						{"origin": [-5, 0.00167, 1.35864], "size": [1, 0, 2], "uv": [29, 2]},
						{"origin": [-8, 0.00167, 4.35864], "size": [0, 13, 2], "uv": [12, 14]},
						{"origin": [-8, 13.00167, 2.35864], "size": [4, 0, 4], "uv": [13, 6]},
						{"origin": [-8, 0.00167, 6.35864], "size": [2, 13, 0], "uv": [27, 0]},
						{"origin": [-6, 6.50167, 6.35864], "size": [2, 1.25, 0], "uv": [20, 33]}
					]
				},
				{
					"name": "backleftvine",
					"parent": "Body",
					"pivot": [0, 0.00167, -0.14136],
					"cubes": [
						{"origin": [5, 0.00167, 2.35864], "size": [1, 0, 2], "uv": [2, 4]},
						{"origin": [2.75, 14.00167, 1.35864], "size": [0, 2, 2], "uv": [20, 28]},
						{"origin": [6, 0.00167, 3.35864], "size": [1, 0, 2], "uv": [2, 2]},
						{"origin": [6, 14.00167, 3.35864], "size": [1, 2, 0], "uv": [0, 0]},
						{"origin": [7, 0.00167, 4.35864], "size": [1, 0, 2], "uv": [2, 0]},
						{"origin": [3, 0.00167, 2.35864], "size": [1, 0, 1], "uv": [9, 33]},
						{"origin": [4, 0.00167, 3.35864], "size": [1, 0, 1], "uv": [7, 33]},
						{"origin": [5, 0.00167, 4.35864], "size": [1, 0, 1], "uv": [32, 7]},
						{"origin": [6, 0.00167, 5.35864], "size": [1, 0, 1], "uv": [21, 5]},
						{"origin": [4, 0.00167, 1.35864], "size": [1, 0, 2], "uv": [0, 0]},
						{"origin": [8, 0.00167, 4.35864], "size": [0, 14, 2], "uv": [4, 14]},
						{"origin": [2, 14.00067, 1.35964], "size": [6, 0, 5], "uv": [0, 6]},
						{"origin": [6, 0.00167, 6.35864], "size": [2, 14, 0], "uv": [24, 15]},
						{"origin": [4, 3.25167, 6.35864], "size": [2, 1, 0], "uv": [33, 6]},
						{"origin": [8, 6.25167, 6.35864], "size": [2, 1, 0], "uv": [33, 5]}
					]
				}
			]
		}
	]
}