{
	"format_version": "1.8.0",
	"animations": {
		"animation.megaweavile.ground_idle": {
			"loop": true,
			"bones": {
				"body": {
					"position": [0, -0.3, 0]
				},
				"waist": {
					"rotation": ["-1-0.3*(math.sin(q.anim_time*90*2-90)*1+1)", 0, 0],
					"position": [0, "0+0.01*(math.sin(q.anim_time*90*1-90)*1+1)", 0]
				},
				"head": {
					"rotation": ["2.5+0.5*(math.sin(q.anim_time*90*2)*1+1)", 0, 0],
					"position": [0, "0.01*(math.sin(q.anim_time*90*1-90)*1+1)", 0]
				},
				"arm_right": {
					"rotation": [0, "10+0.8*(math.sin(q.anim_time*90*2-30)*1+1)", -55]
				},
				"arm_right2": {
					"rotation": [0, "-47.5-0.6*(math.sin(q.anim_time*90*2-30)*1+1)", 0]
				},
				"arm_claw_middle_right": {
					"rotation": [0, 0, "-7.5-3*math.clamp(-math.sin(q.anim_time*90*3/3-70)*1+1,0,1)"]
				},
				"arm_claw_front_right": {
					"rotation": [0, 0, "-15-3*math.clamp(-math.sin(q.anim_time*90*3/3)*1+1,0,1)"]
				},
				"leg_right": {
					"rotation": [-12, 20, 5]
				},
				"leg_right2": {
					"rotation": [22, 0, 0]
				},
				"foot_right": {
					"rotation": [-8, 0, -5]
				},
				"leg_left": {
					"rotation": [-12, -20, -5]
				},
				"leg_left2": {
					"rotation": [22, 0, 0]
				},
				"foot_left": {
					"rotation": [-8, 0, 5]
				},
				"arm_left": {
					"rotation": [0, "-10-0.8*(math.sin(q.anim_time*90*2-30)*1+1)", 55]
				},
				"arm_left2": {
					"rotation": [0, "47.5-0.6*(math.sin(q.anim_time*90*2-30)*1+1)", 0]
				},
				"torso": {
					"rotation": ["0-0.2*(math.sin(q.anim_time*90*2-90)*1+1)", 0, 0],
					"position": [0, "0+0.01*(math.sin(q.anim_time*90*1-90)*1+1)", 0]
				},
				"ear_right": {
					"rotation": [0, 0, "0-1*(math.sin(q.anim_time*90*2-90)*1+1)"]
				},
				"ear_left": {
					"rotation": [0, 0, "0+1*(math.sin(q.anim_time*90*2-90)*1+1)"]
				},
				"arm_claw_back_right": {
					"rotation": [0, 0, "0-3*math.clamp(-math.sin(q.anim_time*90*3/3-140)*1+1,0,1)"]
				},
				"arm_claw_back_left": {
					"rotation": [0, 0, "0+3*math.clamp(-math.sin(q.anim_time*90*3/3-140)*1+1,0,1)"]
				},
				"arm_claw_middle_left": {
					"rotation": [0, 0, "7.5+3*math.clamp(-math.sin(q.anim_time*90*3/3-70)*1+1,0,1)"]
				},
				"arm_claw_front_left": {
					"rotation": [0, 0, "15+3*math.clamp(-math.sin(q.anim_time*90*3/3)*1+1,0,1)"]
				},
				"tail_middle": {
					"rotation": [0, "5*(math.sin(q.anim_time*90*2)*1)+4*(math.sin(q.anim_time*90*2/2)*1)", 0]
				},
				"tail_top": {
					"rotation": [0, "5*(math.sin(q.anim_time*90*2)*1)+4*(math.sin(q.anim_time*90*2/2)*1)", 0]
				},
				"tail_bottom": {
					"rotation": [0, "5*(math.sin(q.anim_time*90*2)*1)+4*(math.sin(q.anim_time*90*2/2)*1)", 0]
				}
			}
		},
		"animation.megaweavile.ground_walk": {
			"loop": true,
			"bones": {
				"body": {
					"position": [0, -0.3, 0]
				},
				"waist": {
					"rotation": ["-1-0.3*(math.sin(q.anim_time*90*2-90)*1+1)", "0+Math.sin(query.anim_time * 90*2) * 2", 0],
					"position": [0, "0+0.01*(math.sin(q.anim_time*90*1-90)*1+1) +Math.cos(query.anim_time * 90*4) * 0.1", 0]
				},
				"head": {
					"rotation": ["2.5+0.5*(math.sin(q.anim_time*90*2)*1+1)", 0, 0],
					"position": [0, "0.01*(math.sin(q.anim_time*90*1-90)*1+1)", 0]
				},
				"arm_right": {
					"rotation": [0, "10+0.8*(math.sin(q.anim_time*90*2-30)*1+1)+Math.sin(query.anim_time * 90*2) * 4", -55]
				},
				"arm_right2": {
					"rotation": [0, "-65-0.6*(math.sin(q.anim_time*90*2-30)*1+1)", 0]
				},
				"arm_claw_middle_right": {
					"rotation": [0, 0, "-7.5-3*math.clamp(-math.sin(q.anim_time*90*3/3-70)*1+1,0,1)"]
				},
				"arm_claw_front_right": {
					"rotation": [0, 0, "-15-3*math.clamp(-math.sin(q.anim_time*90*3/3)*1+1,0,1)"]
				},
				"leg_right": {
					"rotation": ["-12.7351-Math.sin(query.anim_time * 90*2) * 10", 9.71813, 4.69171]
				},
				"leg_right2": {
					"rotation": ["22-Math.sin(query.anim_time * 90*2) *14 / 2", 0, 0]
				},
				"foot_right": {
					"rotation": ["-8-Math.sin(query.anim_time * 90*2 / 2 * 4) *8 / 2", 0, -5]
				},
				"leg_left": {
					"rotation": ["-12.7351+Math.sin(query.anim_time * 90*2) * 10", -9.7181, -4.6917]
				},
				"leg_left2": {
					"rotation": ["22+Math.sin(query.anim_time * 90*2) *14 / 2", 0, 0]
				},
				"foot_left": {
					"rotation": ["-8-Math.sin(query.anim_time * 90*2 / 2 * 4) *8 / 2", 0, 5]
				},
				"arm_left": {
					"rotation": [0, "-10-0.8*(math.sin(q.anim_time*90*2-30)*1+1)+Math.sin(query.anim_time * 90*2) * 4", 55]
				},
				"arm_left2": {
					"rotation": [0, "65-0.6*(math.sin(q.anim_time*90*2-30)*1+1)", 0]
				},
				"torso": {
					"rotation": ["0-0.2*(math.sin(q.anim_time*90*2-90)*1+1)", 0, 0],
					"position": [0, "0+0.01*(math.sin(q.anim_time*90*1-90)*1+1)", 0]
				},
				"ear_right": {
					"rotation": [0, 0, "0-1*(math.sin(q.anim_time*90*2-90)*1+1)"]
				},
				"ear_left": {
					"rotation": [0, 0, "0+1*(math.sin(q.anim_time*90*2-90)*1+1)"]
				},
				"arm_claw_back_right": {
					"rotation": [0, 0, "0-3*math.clamp(-math.sin(q.anim_time*90*3/3-140)*1+1,0,1)"]
				},
				"arm_claw_back_left": {
					"rotation": [0, 0, "0+3*math.clamp(-math.sin(q.anim_time*90*3/3-140)*1+1,0,1)"]
				},
				"arm_claw_middle_left": {
					"rotation": [0, 0, "7.5+3*math.clamp(-math.sin(q.anim_time*90*3/3-70)*1+1,0,1)"]
				},
				"arm_claw_front_left": {
					"rotation": [0, 0, "15+3*math.clamp(-math.sin(q.anim_time*90*3/3)*1+1,0,1)"]
				},
				"tail_middle": {
					"rotation": [0, "5*(math.sin(q.anim_time*90*2)*1)+4*(math.sin(q.anim_time*90*2/2)*1)", 0]
				},
				"tail_top": {
					"rotation": [0, "5*(math.sin(q.anim_time*90*2)*1)+4*(math.sin(q.anim_time*90*2/2)*1)", 0]
				},
				"tail_bottom": {
					"rotation": [0, "5*(math.sin(q.anim_time*90*2)*1)+4*(math.sin(q.anim_time*90*2/2)*1)", 0]
				}
			}
		},
		"animation.megaweavile.battle_idle": {
			"loop": true,
			"bones": {
				"body": {
					"rotation": [0, -25, 0],
					"position": [0, -0.3, 0]
				},
				"waist": {
					"rotation": ["-1-0.3*(math.sin(q.anim_time*90*4-90)*1+1)", 0, 0],
					"position": [0, "0+0.01*(math.sin(q.anim_time*90*1-90)*1+1)", 0]
				},
				"head": {
					"rotation": ["5.7946+0.5*(math.sin(q.anim_time*90*4)*1+1)", 21.84262, 9.31265],
					"position": [0, "0.01*(math.sin(q.anim_time*90*1-90)*1+1)", 0]
				},
				"arm_right": {
					"rotation": [4.30375, "-17.7239+0.8*(math.sin(q.anim_time*90*4-30)*1+1)", -12.04116]
				},
				"arm_right2": {
					"rotation": [-66.5341, "-37.2417-0.6*(math.sin(q.anim_time*90*4-30)*1+1)", 9.24837],
					"position": [0, -1, 0]
				},
				"arm_claw_middle_right": {
					"rotation": [0, 0, "-7.5-3*math.clamp(-math.sin(q.anim_time*90*3/3-70)*1+1,0,1)"]
				},
				"arm_claw_front_right": {
					"rotation": [0, 0, "-7.5-3*math.clamp(-math.sin(q.anim_time*90*3/3)*1+1,0,1)"]
				},
				"leg_right": {
					"rotation": [-12, 20, 5]
				},
				"leg_right2": {
					"rotation": [22, 0, 0]
				},
				"foot_right": {
					"rotation": [-8, 0, -5]
				},
				"leg_left": {
					"rotation": [-12, -20, -5]
				},
				"leg_left2": {
					"rotation": [22, 0, 0]
				},
				"foot_left": {
					"rotation": [-8, 0, 5]
				},
				"arm_left": {
					"rotation": [0, "-10-0.8*(math.sin(q.anim_time*90*4-30)*1+1)", 55]
				},
				"arm_left2": {
					"rotation": [0, "52.5-0.6*(math.sin(q.anim_time*90*4-30)*1+1)", 0]
				},
				"torso": {
					"rotation": ["0-0.2*(math.sin(q.anim_time*90*4-90)*1+1)", 0, 0],
					"position": [0, "0+0.01*(math.sin(q.anim_time*90*1-90)*1+1)", 0]
				},
				"ear_right": {
					"rotation": [0, 0, "0-1*(math.sin(q.anim_time*90*4-90)*1+1)"]
				},
				"ear_left": {
					"rotation": [0, 0, "0+1*(math.sin(q.anim_time*90*4-90)*1+1)"]
				},
				"arm_claw_back_right": {
					"rotation": [0, 0, "-7.5-3*math.clamp(-math.sin(q.anim_time*90*3/3-140)*1+1,0,1)"]
				},
				"arm_claw_back_left": {
					"rotation": [0, 0, "7.5+3*math.clamp(-math.sin(q.anim_time*90*3/3-140)*1+1,0,1)"]
				},
				"arm_claw_middle_left": {
					"rotation": [0, 0, "7.5+3*math.clamp(-math.sin(q.anim_time*90*3/3-70)*1+1,0,1)"]
				},
				"arm_claw_front_left": {
					"rotation": [0, 0, "7.5+3*math.clamp(-math.sin(q.anim_time*90*3/3)*1+1,0,1)"]
				},
				"tail_middle": {
					"rotation": [0, "5*(math.sin(q.anim_time*90*4)*1)+4*(math.sin(q.anim_time*90*4/2)*1)", 0]
				},
				"tail_top": {
					"rotation": [0, "5*(math.sin(q.anim_time*90*4)*1)+4*(math.sin(q.anim_time*90*4/2)*1)", 0]
				},
				"headdress": {
					"position": [0, 1, -1]
				},
				"mask": {
					"rotation": [1.5, 0, 0],
					"position": [0, -4, -1.075]
				},
				"eye_mask": {
					"position": [0, 0, -0.4]
				},
				"tail_bottom": {
					"rotation": [0, "5*(math.sin(q.anim_time*90*4)*1)+4*(math.sin(q.anim_time*90*4/2)*1)", 0]
				}
			}
		},
		"animation.megaweavile.cry": {
			"animation_length": 1,
			"bones": {
				"head": {
					"rotation": {
						"0.0": [0, 0, 0],
						"0.0417": [1.5, 0, 0],
						"0.0833": [1, 0, 0],
						"0.125": [-2.47, 0, 0],
						"0.1667": [-2.8, 0, 0],
						"0.25": [-2.03, 0, 0],
						"0.3333": [0.62, 0, 0],
						"0.375": [1, 0, 0],
						"0.4583": [0, 0, 0],
						"0.5": [0.6, 0, 0],
						"0.5833": [0, 0, 0],
						"0.6667": [0.3, 0, 0],
						"0.7917": [0, 0, 0]
					}
				},
				"fang_right": {
					"position": {
						"0.0": [0, 0, 0],
						"0.0417": {
							"pre": [0, 0, 0],
							"post": [0, 0.6, 0.4]
						},
						"0.375": {
							"pre": [0, 0.6, 0.4],
							"post": [0, 0.6, 0.4]
						},
						"0.4167": {
							"pre": [0, 0.6, 0.4],
							"post": [0, 0, 0]
						}
					}
				},
				"jaw": {
					"position": {
						"0.0": [0, 0, 0],
						"0.0417": {
							"pre": [0, 0, 0],
							"post": [0, 0.01, 0.56]
						},
						"0.375": {
							"pre": [0, 0.01, 0.56],
							"post": [0, 0.01, 0.56]
						},
						"0.4167": {
							"pre": [0, 0.01, 0.56],
							"post": [0, 0, 0]
						}
					}
				}
			},
			"sound_effects": {
				"0.0": {
					"effect": "weavile"
				}
			}
		},
		"animation.megaweavile.blink": {
			"animation_length": 0.16667,
			"bones": {
				"eyelid_right": {
					"position": {
						"0.0": [-0.1, 0, -0.1],
						"0.125": [-0.1, 0, -0.1],
						"0.1667": [0, 0, 0]
					}
				},
				"eyelid_left": {
					"position": {
						"0.0": [0.1, 0, -0.1],
						"0.125": [0.1, 0, -0.1],
						"0.1667": [0, 0, 0]
					}
				}
			}
		}
	}
}