{
	"format_version": "1.8.0",
	"animations": {
		"animation.fluttermane.air_idle": {
			"loop": true,
			"bones": {
				"body": {
					"rotation": ["2.5*math.sin(q.anim_time*90*2)*0.5", 0, "2.5*math.sin(q.anim_time*90*2+90)*0.5"],
					"position": [0, "1*(math.sin(q.anim_time*90*2+45)*1+1)", 0]
				},
				"torso": {
					"rotation": ["6+0.03*(math.sin(q.anim_time*90*2)*1)+4*(math.sin(q.anim_time*90*3)*1)", 0, 0]
				},
				"hair_back4": {
					"rotation": ["6*(math.sin(q.anim_time*90*1.3)*1)+4*(math.sin(q.anim_time*90*2/2)*1)", 0, 0]
				},
				"hair_back5": {
					"rotation": ["6*(math.sin(q.anim_time*90*1.3)*1)+4*(math.sin(q.anim_time*90*2/2)*1)", 0, 0]
				},
				"hair_back2_joint3": {
					"rotation": ["6*(math.sin(q.anim_time*90*1.3)*1)+4*(math.sin(q.anim_time*90*2/2)*1)", 0, 0]
				},
				"hair_back2": {
					"rotation": ["6*(math.sin(q.anim_time*90*1.3)*1)+4*(math.sin(q.anim_time*90*2/2)*1)", 0, 0]
				},
				"right_lower_flap": {
					"rotation": ["-0.8712+math.sin(q.anim_time*90*2+90)*5", "0-math.sin(q.anim_time*90*4+90)*5", 1.1768]
				},
				"right_lower_flap_2": {
					"rotation": [0, "math.sin(q.anim_time*90*4+150)*8", 0]
				},
				"right_lower_flap_3": {
					"rotation": [0, "-20+math.sin(q.anim_time*90*4+125)*15", 0]
				},
				"right_lower_flap_4": {
					"rotation": [0, "5+math.sin(q.anim_time*90*4-125)*-15", 0]
				},
				"left_lower_flap": {
					"rotation": ["-0.8712+math.sin(q.anim_time*90*2+90)*5", "0+math.sin(q.anim_time*90*4+90)*5", -1.17681]
				},
				"left_lower_flap_2": {
					"rotation": [0, "-math.sin(q.anim_time*90*4+150)*8", 0]
				},
				"left_lower_flap_3": {
					"rotation": [0, "20-math.sin(q.anim_time*90*4+125)*15", 0]
				},
				"left_lower_flap_4": {
					"rotation": [0, "5-math.sin(q.anim_time*90*4-125)*-15", 0]
				},
				"bone10": {
					"rotation": ["0+math.sin(q.anim_time*90*2+125)*4", 0, 0]
				},
				"bone11": {
					"rotation": ["-math.sin(q.anim_time*90*4+125)*10", 0, 0]
				},
				"bone12": {
					"rotation": ["-math.sin((q.anim_time-0.3)*90*4+125)*10", 0, 0]
				},
				"bone6": {
					"rotation": ["0+math.sin(q.anim_time*90*2+125)*4", 0, 0]
				},
				"bone7": {
					"rotation": ["-math.sin(q.anim_time*90*4+125)*10", 0, 0]
				},
				"bone8": {
					"rotation": ["-math.sin((q.anim_time-0.3)*90*4+125)*10", 0, 0]
				},
				"bone19": {
					"rotation": ["-math.sin((q.anim_time-0.3)*90*4+125)*5", 0, 0]
				},
				"bone20": {
					"rotation": ["-math.sin((q.anim_time-0.3)*90*4+125)*5", 0, 0]
				},
				"bone21": {
					"rotation": [0, "-math.sin((q.anim_time-0.3)*90*4+125)*15", 0]
				},
				"bone22": {
					"rotation": [0, "-math.sin(q.anim_time*90*4+150)*8", 0]
				}
			}
		},
		"animation.fluttermane.air_fly": {
			"loop": true,
			"bones": {
				"body": {
					"rotation": ["15+2.5*math.sin(q.anim_time*90*2)*0.75", 0, "2.5*math.sin(q.anim_time*90*2+90)*0.75"],
					"position": [0, "math.sin(q.anim_time*90*4)*0.75", 0]
				},
				"torso": {
					"rotation": ["22.5+0.03*(math.sin(q.anim_time*90*2)*1)+4*(math.sin(q.anim_time*90*3)*1)", 0, 0]
				},
				"hair_back4": {
					"rotation": ["6*(math.sin(q.anim_time*90*1.3)*1)+4*(math.sin(q.anim_time*90*2/2)*1)", 0, 0]
				},
				"hair_back5": {
					"rotation": ["6*(math.sin(q.anim_time*90*1.3)*1)+4*(math.sin(q.anim_time*90*2/2)*1)", 0, 0]
				},
				"hair_back2_joint3": {
					"rotation": ["6*(math.sin(q.anim_time*90*1.3)*1)+4*(math.sin(q.anim_time*90*2/2)*1)", 0, 0]
				},
				"hair_back2": {
					"rotation": ["6*(math.sin(q.anim_time*90*1.3)*1)+4*(math.sin(q.anim_time*90*2/2)*1)", 0, 0]
				},
				"right_lower_flap": {
					"rotation": ["-0.8712+math.sin(q.anim_time*90*2+90)*5", "0-math.sin(q.anim_time*90*4+90)*5", 1.1768]
				},
				"right_lower_flap_2": {
					"rotation": [0, "math.sin(q.anim_time*90*4+150)*8", 0]
				},
				"right_lower_flap_3": {
					"rotation": [0, "-20+math.sin(q.anim_time*90*4+125)*15", 0]
				},
				"right_lower_flap_4": {
					"rotation": [0, "5+math.sin(q.anim_time*90*4-125)*-15", 0]
				},
				"left_lower_flap": {
					"rotation": ["-0.8712+math.sin(q.anim_time*90*2+90)*5", "0+math.sin(q.anim_time*90*4+90)*5", -1.17681]
				},
				"left_lower_flap_2": {
					"rotation": [0, "-math.sin(q.anim_time*90*4+150)*8", 0]
				},
				"left_lower_flap_3": {
					"rotation": [0, "20-math.sin(q.anim_time*90*4+125)*15", 0]
				},
				"left_lower_flap_4": {
					"rotation": [0, "5-math.sin(q.anim_time*90*4-125)*-15", 0]
				},
				"bone10": {
					"rotation": ["0+math.sin(q.anim_time*90*2+125)*4", 0, 0]
				},
				"bone11": {
					"rotation": ["-math.sin(q.anim_time*90*4+125)*10", 0, 0]
				},
				"bone12": {
					"rotation": ["-math.sin((q.anim_time-0.3)*90*4+125)*10", 0, 0]
				},
				"bone6": {
					"rotation": ["0+math.sin(q.anim_time*90*2+125)*4", 0, 0]
				},
				"bone7": {
					"rotation": ["-math.sin(q.anim_time*90*4+125)*10", 0, 0]
				},
				"bone8": {
					"rotation": ["-math.sin((q.anim_time-0.3)*90*4+125)*10", 0, 0]
				},
				"bone19": {
					"rotation": ["-math.sin((q.anim_time-0.3)*90*4+125)*5", 0, 0]
				},
				"bone20": {
					"rotation": ["-math.sin((q.anim_time-0.3)*90*4+125)*5", 0, 0]
				},
				"bone21": {
					"rotation": [0, "-math.sin((q.anim_time-0.3)*90*4+125)*15", 0]
				},
				"bone22": {
					"rotation": [0, "-math.sin(q.anim_time*90*4+150)*8", 0]
				}
			}
		},
		"animation.fluttermane.blink": {
			"animation_length": 0.16667,
			"bones": {
				"eyelid_right": {
					"position": {
						"0.0": [0.1, 0, -0.175],
						"0.125": [0.1, 0, -0.175],
						"0.1667": [0, 0, 0]
					}
				},
				"eyelid_left": {
					"position": {
						"0.0": [0.025, 0, -0.175],
						"0.125": [0.1, 0, -0.175],
						"0.1667": [0, 0, 0]
					}
				}
			}
		},
		"animation.fluttermane.sleep": {
			"loop": true,
			"bones": {
				"body": {
					"position": [0, "1*(math.sin(q.anim_time*90*2+45)*1+1)", 0]
				},
				"torso": {
					"rotation": ["6+0.03*(math.sin(q.anim_time*90*2)*1)+4*(math.sin(q.anim_time*90*3)*1)", 0, 0]
				},
				"hair_back4": {
					"rotation": ["6*(math.sin(q.anim_time*90*1.3)*1)+4*(math.sin(q.anim_time*90*2/2)*1)", 0, 0]
				},
				"hair_back5": {
					"rotation": ["6*(math.sin(q.anim_time*90*1.3)*1)+4*(math.sin(q.anim_time*90*2/2)*1)", 0, 0]
				},
				"hair_back2_joint3": {
					"rotation": ["6*(math.sin(q.anim_time*90*1.3)*1)+4*(math.sin(q.anim_time*90*2/2)*1)", 0, 0]
				},
				"hair_back2": {
					"rotation": ["6*(math.sin(q.anim_time*90*1.3)*1)+4*(math.sin(q.anim_time*90*2/2)*1)", 0, 0]
				},
				"right_lower_flap": {
					"rotation": ["-0.8712+math.sin(q.anim_time*90*2+90)*5", "0-math.sin(q.anim_time*90*4+90)*5", 1.1768]
				},
				"right_lower_flap_2": {
					"rotation": [0, "math.sin(q.anim_time*90*4+150)*8", 0]
				},
				"right_lower_flap_3": {
					"rotation": [0, "-20+math.sin(q.anim_time*90*4+125)*15", 0]
				},
				"right_lower_flap_4": {
					"rotation": [0, "5+math.sin(q.anim_time*90*4-125)*-15", 0]
				},
				"left_lower_flap": {
					"rotation": ["-0.8712+math.sin(q.anim_time*90*2+90)*5", "0+math.sin(q.anim_time*90*4+90)*5", -1.17681]
				},
				"left_lower_flap_2": {
					"rotation": [0, "-math.sin(q.anim_time*90*4+150)*8", 0]
				},
				"left_lower_flap_3": {
					"rotation": [0, "20-math.sin(q.anim_time*90*4+125)*15", 0]
				},
				"left_lower_flap_4": {
					"rotation": [0, "5-math.sin(q.anim_time*90*4-125)*-15", 0]
				},
				"bone10": {
					"rotation": ["0+math.sin(q.anim_time*90*2+125)*4", 0, 0]
				},
				"bone11": {
					"rotation": ["-math.sin(q.anim_time*90*4+125)*10", 0, 0]
				},
				"bone12": {
					"rotation": ["-math.sin((q.anim_time-0.3)*90*4+125)*10", 0, 0]
				},
				"bone6": {
					"rotation": ["0+math.sin(q.anim_time*90*2+125)*4", 0, 0]
				},
				"bone7": {
					"rotation": ["-math.sin(q.anim_time*90*4+125)*10", 0, 0]
				},
				"bone8": {
					"rotation": ["-math.sin((q.anim_time-0.3)*90*4+125)*10", 0, 0]
				},
				"bone19": {
					"rotation": ["-math.sin((q.anim_time-0.3)*90*4+125)*5", 0, 0]
				},
				"bone20": {
					"rotation": ["-math.sin((q.anim_time-0.3)*90*4+125)*5", 0, 0]
				},
				"bone21": {
					"rotation": [0, "-math.sin((q.anim_time-0.3)*90*4+125)*15", 0]
				},
				"bone22": {
					"rotation": [0, "-math.sin(q.anim_time*90*4+150)*8", 0]
				},
				"fluttermane": {
					"position": [0, 0, 0]
				},
				"eyelid_right": {
					"position": [0, 0, -0.175]
				},
				"eyelid_left": {
					"position": [0, 0, -0.2]
				}
			}
		}
	}
}