{
	"format_version": "1.8.0",
	"animations": {
		"animation.screamtail.ground_idle": {
			"loop": true,
			"bones": {
				"body": {
					"position": [0, "math.sin(q.anim_time*90*6-90)*0.125+0.125", "-math.sin(q.anim_time*90*6-90)*0.1-0.1"]
				},
				"torso": {
					"rotation": [0, 0, "math.sin(q.anim_time*90*1.5-90)*2"],
					"position": [0, "0.25+math.sin(q.anim_time*90*6-90)*0.1", 0]
				},
				"ear_right": {
					"rotation": ["(-math.sin(query.anim_time*90*6-90)*1+1)*1", 0, 0]
				},
				"ear_left": {
					"rotation": ["(-math.sin(query.anim_time*90*6-90)*1+1)*1", 0, 0]
				},
				"arm_left": {
					"rotation": [5, "5-math.sin(query.anim_time*90*1.5-90)*4", "-5*(-math.sin(query.anim_time*90*3-90)*1+1)+15"]
				},
				"arm_right": {
					"rotation": [5, "-5-math.sin(query.anim_time*90*1.5-90)*4", "-5*(math.sin(query.anim_time*90*3-90)*1-1)-15"]
				},
				"foot_left": {
					"rotation": ["math.sin(q.anim_time*90*6-90)*5+5", 0, 0]
				},
				"foot_left2": {
					"rotation": ["-math.sin(q.anim_time*90*6-90)*5-5", 0, 0]
				},
				"foot_right": {
					"rotation": ["math.sin(q.anim_time*90*6-90)*5+5", 0, 0]
				},
				"foot_right2": {
					"rotation": ["-math.sin(q.anim_time*90*6-90)*5-5", 0, 0]
				},
				"tail1": {
					"position": [0, 0, 2]
				}
			}
		},
		"animation.screamtail.ground_walk": {
			"loop": true,
			"bones": {
				"body": {
					"position": [
						0,
						"1.75-math.clamp(math.sin(-query.anim_time*90*4+45/2)*1,0,1)-math.clamp(math.sin(-query.anim_time*90*4+45/2+180)*1,0,1)-4.6+math.clamp(math.sin(-query.anim_time*90*4+45/2-50)*3,2.2,3)+math.clamp(math.sin(-query.anim_time*90*4+45/2-50+180)*3,2.2,3)",
						"-math.clamp(math.sin(query.anim_time*90*4)*0.7,0.1,0.6)-math.clamp(math.sin(-query.anim_time*90*4)*0.7,0.1,0.6)+0.2"
					]
				},
				"torso": {
					"rotation": [
						"-math.clamp(math.sin(query.anim_time*90*4+20)*12,0,40)-math.clamp(math.sin(query.anim_time*90*4+20+180)*12,0,40)+7.5",
						"math.clamp(math.sin(query.anim_time*90*4*2+45)*2,-2,0)-math.clamp(math.sin(query.anim_time*90*4*2+45+180)*0.5,-2,0)",
						"math.sin(query.anim_time*90*4+20)*1"
					]
				},
				"ear_right": {
					"rotation": ["(-math.sin(query.anim_time*90*8-90)*1+1)*4", 0, 0]
				},
				"ear_left": {
					"rotation": ["(-math.sin(query.anim_time*90*8-90)*1+1)*4", 0, 0]
				},
				"arm_left": {
					"rotation": [5, "5+math.sin(query.anim_time*90*4+45+180)*20", "10*(math.sin(query.anim_time*90*4+45+180)*1+1)"],
					"position": [0, 0, "math.sin(q.anim_time*90*4-90+180*1)*0.5+0.65"]
				},
				"arm_right": {
					"rotation": [5, "-5-math.sin(query.anim_time*90*4+45+180*0)*20", "-10*(math.sin(query.anim_time*90*4+45+180*0)*1+1)"],
					"position": [0, 0, "math.sin(q.anim_time*90*4-90+180*0)*0.5+0.65"]
				},
				"tail1": {
					"position": [0, 0, 2]
				},
				"tail5": {
					"rotation": ["(-math.sin(query.anim_time*90*8-90)*1+1)*4", 0, 0]
				},
				"leg_left": {
					"rotation": [
						"math.clamp(math.sin(-query.anim_time*90*4-45)*25,0,25)+math.clamp(math.sin(-query.anim_time*90*4-45)*10,-25,0)-15*(math.clamp(math.sin(-query.anim_time*90*4+30)*1,-1,-0.5)*1+0.5)",
						0,
						"-math.clamp(math.sin(query.anim_time*90*4)*0.7,0.1,0.6)-math.clamp(math.sin(-query.anim_time*90*4+180)*0.7,0.1,0.6)+0.2"
					],
					"position": [
						0,
						"-0.25+math.clamp(math.sin(query.anim_time*90*4+90)*1,-0.5,0)+math.clamp(math.sin(query.anim_time*90*4+150)*1,0,0.5)+2*(math.clamp(math.sin(-query.anim_time*90*4-20)*1,-1,-0.7)*1+0.7)",
						"-0.5-math.clamp(math.sin(query.anim_time*90*4+45)*2,-2,1.5)"
					]
				},
				"foot_left": {
					"rotation": ["math.clamp(math.sin(-query.anim_time*90*4-45)*5,-20,0)+math.clamp(math.sin(query.anim_time*90*4+110)*5,-5,-0.5)", 0, 0]
				},
				"foot_left2": {
					"rotation": ["-math.clamp(math.sin(q.anim_time*90*4-90)*10,0,10)", 0, 0]
				},
				"leg_right": {
					"rotation": [
						"math.clamp(math.sin(-query.anim_time*90*4-45+180)*25,0,25)+math.clamp(math.sin(-query.anim_time*90*4-45+180)*10,-25,0)-15*(math.clamp(math.sin(-query.anim_time*90*4+30+180)*1,-1,-0.5)*1+0.5)",
						0,
						"-math.clamp(math.sin(query.anim_time*90*4+180)*0.7,0.1,0.6)-math.clamp(math.sin(-query.anim_time*90*4+180)*0.7,0.1,0.6)+0.2"
					],
					"position": [
						0,
						"-0.25+math.clamp(math.sin(query.anim_time*90*4+90+180)*1,-0.5,0)+math.clamp(math.sin(query.anim_time*90*4+150+180)*1,0,0.5)+2*(math.clamp(math.sin(-query.anim_time*90*4-20+180)*1,-1,-0.7)*1+0.7)",
						"-0.5-math.clamp(math.sin(query.anim_time*90*4+45+180)*2,-2,1.5)"
					]
				},
				"foot_right": {
					"rotation": ["math.clamp(math.sin(-query.anim_time*90*4-45+180)*5,-20,0)+math.clamp(math.sin(query.anim_time*90*4+110+180)*5,-5,-0.5)", 0, 0]
				},
				"foot_right2": {
					"rotation": ["-math.clamp(math.sin(q.anim_time*90*4+90)*10,0,10)", 0, 0]
				}
			}
		},
		"animation.screamtail.sleep": {
			"loop": true,
			"animation_length": 31.58333,
			"bones": {
				"tuft": {
					"rotation": [10.00477, -2.4905, 0.21782]
				},
				"body": {
					"rotation": [-2.5, 0, 0],
					"position": [0, -1.25, 0]
				},
				"torso": {
					"rotation": ["5+math.sin(q.anim_time*90*1)*1", 0, "math.sin(q.anim_time*90*2)*0.2"],
					"position": [0, 0, 0.25]
				},
				"eyelid_left": {
					"position": [0, 0, -0.1]
				},
				"eyelid_right": {
					"position": [0, 0, -0.1]
				},
				"ear_right": {
					"rotation": [7.52829, 2.22219, -25.38636]
				},
				"ear_left": {
					"rotation": [10.96323, -2.80683, 20.20726]
				},
				"arm_left": {
					"rotation": [93.36397, 56.70533, 80.26143]
				},
				"arm_right": {
					"rotation": [103.96884, -54.07437, -85.52222]
				},
				"mouth_closed": {
					"position": [0, 0, 0.1]
				},
				"mouth_open": {
					"position": [0, 0, -0.1]
				},
				"tail1": {
					"position": [0, 0, 2]
				},
				"leg_left": {
					"rotation": [-88.19733, -37.06829, 30.0608],
					"position": [0.75, 0, -2.25]
				},
				"foot_left": {
					"rotation": [22.43745, 1.50179, 10.23032]
				},
				"foot_left2": {
					"rotation": [15, 0, 0]
				},
				"leg_right": {
					"rotation": [-95.27665, 40.788, -42.81403],
					"position": [-0.5, 0, -2.5]
				},
				"foot_right": {
					"rotation": [19.71975, -3.40487, -3.09196]
				},
				"foot_right2": {
					"rotation": [7.5, 0, 0]
				}
			}
		},
		"animation.screamtail.blink": {
			"animation_length": 0.16667,
			"bones": {
				"eyelid_left": {
					"position": {
						"0.0": [0, 0, -0.1],
						"0.125": [0, 0, -0.1],
						"0.1667": [0, 0, 0]
					}
				},
				"eyelid_right": {
					"position": {
						"0.0": [0, 0, -0.1],
						"0.125": [0, 0, -0.1],
						"0.1667": [0, 0, 0]
					}
				}
			}
		},
		"animation.screamtail.air_idle": {
			"loop": true,
			"bones": {
				"body": {
					"rotation": ["-math.sin(q.anim_time*90*2-33*2)*2+5", 0, 0],
					"position": [0, "11+math.sin(q.anim_time*90*2+33*0)*0.4", 0]
				},
				"arm_left": {
					"rotation": [0, "-7.5+math.sin(query.anim_time*90*1.5-90)*4", 15],
					"position": [0, 0, 1]
				},
				"arm_right": {
					"rotation": [0, "7.5+math.sin(query.anim_time*90*1.5-90)*4", -20],
					"position": [0, 0, 1]
				},
				"tail1": {
					"rotation": [-20, 0, 0],
					"position": [0, 0, 2]
				},
				"tail2": {
					"rotation": [-17.5, 0, 0]
				},
				"tail5": {
					"rotation": ["-20+math.sin(q.anim_time*90*2+33*7)*8", 0, 0]
				},
				"tail7": {
					"rotation": ["math.sin(q.anim_time*90*2+33*6)*7", 0, 0]
				},
				"leg_left": {
					"rotation": [30.6469, -14.0761, -5.23619]
				},
				"leg_right": {
					"rotation": [30.25313, 9.53274, 3.03513]
				}
			}
		},
		"animation.screamtail.air_fly": {
			"loop": true,
			"bones": {
				"body": {
					"rotation": ["-math.sin(q.anim_time*90*2-33*2)*2+10", 0, 0],
					"position": [0, "11+math.sin(q.anim_time*90*2+63*0)*0.8", "math.cos(q.anim_time*90*2+63*0)*1"]
				},
				"arm_left": {
					"rotation": [0, -7.5, 15],
					"position": [0, 0, 1]
				},
				"arm_right": {
					"rotation": [0, 0, -20],
					"position": [0, 0, 1]
				},
				"tail1": {
					"rotation": [-20, 0, 0],
					"position": [0, 0, 2]
				},
				"tail2": {
					"rotation": [-17.5, 0, 0]
				},
				"tail5": {
					"rotation": ["-20+math.sin(q.anim_time*90*2+33*7)*8", 0, 0]
				},
				"tail7": {
					"rotation": ["math.sin(q.anim_time*90*2+33*6)*7", 0, 0]
				},
				"leg_left": {
					"rotation": [30.6469, -14.0761, -5.23619]
				},
				"leg_right": {
					"rotation": [30.25313, 9.53274, 3.03513]
				}
			}
		}
	}
}