{
	"format_version": "1.12.0",
	"minecraft:geometry": [
		{
			"description": {
				"identifier": "geometry.rotomheat",
				"texture_width": 96,
				"texture_height": 96,
				"visible_bounds_width": 4,
				"visible_bounds_height": 3.5,
				"visible_bounds_offset": [0, 1.25, 0]
			},
			"bones": [
				{
					"name": "root",
					"pivot": [0, 0, 0]
				},
				{
					"name": "rotomheat",
					"parent": "root",
					"pivot": [0, 0, 0]
				},
				{
					"name": "body",
					"parent": "rotomheat",
					"pivot": [0, 0, 0],
					"cubes": [
						{"origin": [-7, 7, -5], "size": [14, 14, 12], "uv": [0, 29]},
						{"origin": [-7, 15, -7], "size": [14, 6, 2], "uv": [52, 49]},
						{"origin": [-7, 7, -7], "size": [14, 1, 2], "uv": [45, 11]},
						{"origin": [5, 6, -7], "size": [2, 1, 2], "uv": [0, 7]},
						{"origin": [5, 6, 5], "size": [2, 1, 2], "uv": [6, 5]},
						{"origin": [-7, 6, 5], "size": [2, 1, 2], "uv": [6, 2]},
						{"origin": [-7, 6, -7], "size": [2, 1, 2], "uv": [0, 4]},
						{"origin": [-2, 21, -2], "size": [4, 2, 4], "uv": [33, 55]},
						{"origin": [-1, 23, -1], "size": [2, 2, 2], "uv": [0, 0]}
					]
				},
				{
					"name": "oven",
					"parent": "body",
					"pivot": [0, 8, -6.75],
					"cubes": [
						{"origin": [-7, 8, -7], "size": [14, 7, 2], "uv": [52, 40]},
						{"origin": [-5, 13, -7.75], "size": [10, 1, 1], "uv": [15, 55]}
					]
				},
				{
					"name": "mouth",
					"parent": "body",
					"pivot": [0, 2.25, 11],
					"cubes": [
						{"origin": [-1, 15.25, -7.14], "size": [2, 2, 1], "uv": [6, 12]}
					]
				},
				{
					"name": "eyes",
					"parent": "body",
					"pivot": [0, 0, 0]
				},
				{
					"name": "left",
					"parent": "eyes",
					"pivot": [2.54358, 18.9981, -6.64],
					"cubes": [
						{"origin": [1.54358, 17.4981, -7.07], "size": [2, 3, 1], "pivot": [2.54358, 18.9981, -6.64], "rotation": [0, 0, 5], "uv": [0, 10]},
						{"origin": [2.04358, 17.9981, -7.15], "size": [1, 2, 1], "pivot": [2.54358, 18.9981, -6.64], "rotation": [0, 0, 5], "uv": [4, 29]},
						{"origin": [1.54358, 18.9981, -7.14], "size": [2, 0, 1], "pivot": [2.54358, 18.9981, -6.64], "rotation": [0, 0, 5], "uv": [5, 1]}
					]
				},
				{
					"name": "right",
					"parent": "eyes",
					"pivot": [-2.54358, 18.9981, -6.64],
					"cubes": [
						{"origin": [-3.54358, 17.4981, -7.07], "size": [2, 3, 1], "pivot": [-2.54358, 18.9981, -6.64], "rotation": [0, 0, -5], "uv": [8, 8]},
						{"origin": [-3.04358, 17.9981, -7.15], "size": [1, 2, 1], "pivot": [-2.54358, 18.9981, -6.64], "rotation": [0, 0, -5], "uv": [0, 29]},
						{"origin": [-3.54358, 18.9981, -7.14], "size": [2, 0, 1], "pivot": [-2.54358, 18.9981, -6.64], "rotation": [0, 0, -5], "uv": [5, 0]}
					]
				},
				{
					"name": "arms",
					"parent": "body",
					"pivot": [0, 0, 0]
				},
				{
					"name": "left2",
					"parent": "arms",
					"pivot": [5.5, 15.25, 0],
					"cubes": [
						{"origin": [4.25, 12.25, 0], "size": [19, 11, 0], "uv": [45, 0]}
					]
				},
				{
					"name": "right2",
					"parent": "arms",
					"pivot": [-5.5, 15.25, 0],
					"cubes": [
						{"origin": [-23.25, 12.25, 0], "size": [19, 11, 0], "uv": [45, 0], "mirror": true}
					]
				},
				{
					"name": "glow",
					"parent": "body",
					"pivot": [0, 0, 0],
					"cubes": [
						{"origin": [-2.5, 20.5, -2.5], "size": [5, 6, 5], "inflate": -5, "uv": [0, 55]},
						{"origin": [-7.5, 6.5, -7.5], "size": [15, 14, 15], "inflate": -15, "uv": [0, 0]}
					]
				}
			]
		}
	]
}