{
  "species": "cobblemon:melmetal",
  "order": 0,
  "variations": [
    {
      "aspects": [],
      "poser": "cobblemon:melmetal",
      "model": "cobblemon:melmetal.geo",
      "texture": "cobblemon:textures/pokemon/melmetal/melmetal.png",
      "layers": []
    },
    {
      "aspects": ["shiny"],
      "poser": "cobblemon:melmetal",
      "model": "cobblemon:melmetal.geo",
      "texture": "cobblemon:textures/pokemon/melmetal/melmetal_shiny.png",
      "layers": []
    }
  ]
}
