{
  "species": "cobblemon:rotomfan",
  "order": 0,
  "variations": [
    {
      "aspects": [],
      "poser": "cobblemon:rotomfan",
      "model": "cobblemon:rotomfan.geo",
      "texture": "cobblemon:textures/pokemon/rotomfan/rotomfan.png",
      "layers": []
    },
    {
      "aspects": ["shiny"],
      "poser": "cobblemon:rotomfan",
      "model": "cobblemon:rotomfan.geo",
      "texture": "cobblemon:textures/pokemon/rotomfan/rotomfan_shiny.png",
      "layers": []
    }
  ]
}
