{
  "species": "cobblemon:samurotthisui",
  "order": 0,
  "variations": [
    {
      "aspects": [],
      "poser": "cobblemon:samurotthisui",
      "model": "cobblemon:samurotthisui.geo",
      "texture": "cobblemon:textures/pokemon/samurotthisui/samurotthisui.png",
      "layers": []
    },
    {
      "aspects": ["shiny"],
      "poser": "cobblemon:samurotthisui",
      "model": "cobblemon:samurotthisui.geo",
      "texture": "cobblemon:textures/pokemon/samurotthisui/samurotthisui_shiny.png",
      "layers": []
    }
  ]
}
