{
	"format_version": "1.8.0",
	"animations": {
		"animation.megadiancie.ground_idle": {
			"loop": true,
			"bones": {
				"right_arm": {
					"rotation": [0, 0, "-40+Math.sin(query.anim_time * 90*1) * 3 / 2"]
				},
				"right_arm2": {
					"rotation": [0, 0, 22.5]
				},
				"left_arm": {
					"rotation": [0, 0, "40-Math.sin(query.anim_time * 90*1) * 3 / 2"]
				},
				"left_arm2": {
					"rotation": [0, 0, -22.5]
				},
				"megadiancie": {
					"rotation": [0, 0, "0+Math.sin(query.anim_time * 90 + 90) * 2"],
					"position": ["0+Math.sin(query.anim_time * 90 + 90)", "20+Math.sin(query.anim_time * 90*1)*8 / 6", 0]
				},
				"torso2": {
					"position": [0, "-0.50+Math.sin(query.anim_time * 90*1) * 0.3", 0]
				},
				"left_ribbon2": {
					"rotation": ["-45+Math.sin(query.anim_time * 90*1) * 4", 42.5, 0]
				},
				"left_ribbon3": {
					"rotation": ["17.5+Math.sin(query.anim_time * 85*1) * 4", 0, 0]
				},
				"right_ribbon2": {
					"rotation": ["-45-Math.sin(query.anim_time * 90*1) * 4", -42.5, 0]
				},
				"right_ribbon3": {
					"rotation": ["17.5-Math.sin(query.anim_time * 85*1) * 4", 0, 0]
				}
			}
		},
		"animation.megadiancie.ground_walk": {
			"loop": true,
			"bones": {
				"right_arm": {
					"rotation": [0, 12.5, "-40+Math.sin(query.anim_time * 90*1) * 3 / 2"]
				},
				"right_arm2": {
					"rotation": [0, 0, 22.5]
				},
				"left_arm": {
					"rotation": [0, -12.5, "40-Math.sin(query.anim_time * 90*1) * 3 / 2"]
				},
				"left_arm2": {
					"rotation": [0, 0, -22.5]
				},
				"megadiancie": {
					"rotation": ["7.5-Math.sin(query.anim_time * 90*1) * 2", 0, 0],
					"position": [0, "20+Math.sin(query.anim_time * 90*1)*18 / 6", 0]
				},
				"torso2": {
					"position": [0, "-0.50+Math.sin(query.anim_time * 90*1) * 0.3", 0]
				},
				"left_ribbon2": {
					"rotation": ["-22.5+Math.sin(query.anim_time * 90*1) * 4", 42.5, 0]
				},
				"left_ribbon3": {
					"rotation": ["22.31+Math.sin(query.anim_time * 85*1) * 6", -25.7154, -10.0954]
				},
				"right_ribbon2": {
					"rotation": ["-22.5-Math.sin(query.anim_time * 90*1) * 4", -42.5, 0]
				},
				"right_ribbon3": {
					"rotation": ["22.31-Math.sin(query.anim_time * 85*1) * 6", 25.7154, 10.0954]
				}
			}
		},
		"animation.megadiancie.faint": {
			"loop": true,
			"animation_length": 2.83333,
			"bones": {
				"right_arm": {
					"rotation": {
						"0.0": {
							"post": [0, 0, 0],
							"lerp_mode": "catmullrom"
						},
						"0.25": {
							"post": [0, -22.5, 0],
							"lerp_mode": "catmullrom"
						},
						"0.5": {
							"post": [0, -40, 0],
							"lerp_mode": "catmullrom"
						},
						"0.75": {
							"post": [0, -15, 0],
							"lerp_mode": "catmullrom"
						},
						"1.0": {
							"post": [0, -12.5, 0],
							"lerp_mode": "catmullrom"
						},
						"1.125": {
							"post": [0, -0.47, 0],
							"lerp_mode": "catmullrom"
						},
						"1.25": {
							"post": [0, 12.5, 0],
							"lerp_mode": "catmullrom"
						},
						"1.5": {
							"post": [0, 22.5, 0],
							"lerp_mode": "catmullrom"
						},
						"1.75": {
							"post": [0, 15, 0],
							"lerp_mode": "catmullrom"
						},
						"2.0": {
							"post": [0, -15, 0],
							"lerp_mode": "catmullrom"
						}
					}
				},
				"right_arm2": {
					"rotation": {
						"0.0": {
							"post": [0, 0, 0],
							"lerp_mode": "catmullrom"
						},
						"0.25": {
							"post": [0, -25, 0],
							"lerp_mode": "catmullrom"
						},
						"1.0": {
							"post": [0, -7.5, 0],
							"lerp_mode": "catmullrom"
						},
						"1.25": {
							"post": [0, 15, 0],
							"lerp_mode": "catmullrom"
						}
					}
				},
				"left_arm": {
					"rotation": {
						"0.0": {
							"post": [0, 0, 0],
							"lerp_mode": "catmullrom"
						},
						"0.25": {
							"post": [0, 22.5, 0],
							"lerp_mode": "catmullrom"
						},
						"0.5": {
							"post": [0, 40, 0],
							"lerp_mode": "catmullrom"
						},
						"0.75": {
							"post": [0, 15, 0],
							"lerp_mode": "catmullrom"
						},
						"1.0": {
							"post": [0, 12.5, 0],
							"lerp_mode": "catmullrom"
						},
						"1.125": {
							"post": [0, 0.47, 0],
							"lerp_mode": "catmullrom"
						},
						"1.25": {
							"post": [0, -12.5, 0],
							"lerp_mode": "catmullrom"
						},
						"1.5": {
							"post": [0, -22.5, 0],
							"lerp_mode": "catmullrom"
						},
						"1.75": {
							"post": [0, -15, 0],
							"lerp_mode": "catmullrom"
						},
						"2.0": {
							"post": [0, 15, 0],
							"lerp_mode": "catmullrom"
						}
					}
				},
				"left_arm2": {
					"rotation": {
						"0.0": {
							"post": [0, 0, 0],
							"lerp_mode": "catmullrom"
						},
						"0.25": {
							"post": [0, 27.5, 0],
							"lerp_mode": "catmullrom"
						},
						"1.0": {
							"post": [0, 7.5, 0],
							"lerp_mode": "catmullrom"
						},
						"1.25": {
							"post": [0, -15, 0],
							"lerp_mode": "catmullrom"
						}
					}
				},
				"torso2": {
					"rotation": {
						"0.0": {
							"post": [0, 0, 0],
							"lerp_mode": "catmullrom"
						},
						"0.25": {
							"post": [22.5, 0, 0],
							"lerp_mode": "catmullrom"
						},
						"0.5": {
							"post": [35, 0, 0],
							"lerp_mode": "catmullrom"
						},
						"0.75": {
							"post": [0, 0, 0],
							"lerp_mode": "catmullrom"
						},
						"1.0": {
							"post": [-7.5, 0, 0],
							"lerp_mode": "catmullrom"
						}
					}
				},
				"body": {
					"rotation": {
						"0.0": {
							"post": [0, 0, 0],
							"lerp_mode": "catmullrom"
						},
						"0.25": {
							"post": [-10, 0, 0],
							"lerp_mode": "catmullrom"
						},
						"0.5": {
							"post": [-17.5, 0, 0],
							"lerp_mode": "catmullrom"
						},
						"0.75": {
							"post": [-10, 0, 0],
							"lerp_mode": "catmullrom"
						},
						"1.0": {
							"post": [5, 0, 0],
							"lerp_mode": "catmullrom"
						},
						"1.25": {
							"post": [25, 0, 0],
							"lerp_mode": "catmullrom"
						},
						"1.5": {
							"post": [45, 0, 0],
							"lerp_mode": "catmullrom"
						},
						"1.75": {
							"post": [60, 0, 0],
							"lerp_mode": "catmullrom"
						},
						"2.0": {
							"post": [75, 0, 0],
							"lerp_mode": "catmullrom"
						},
						"2.25": {
							"post": [82.5, 0, 0],
							"lerp_mode": "catmullrom"
						},
						"2.375": {
							"post": [81, 0, 0],
							"lerp_mode": "catmullrom"
						},
						"2.5": {
							"post": [82.5, 0, 0],
							"lerp_mode": "catmullrom"
						}
					},
					"position": {
						"0.0": {
							"post": [0, 0, 0],
							"lerp_mode": "catmullrom"
						},
						"0.25": {
							"post": [0, 0, 5],
							"lerp_mode": "catmullrom"
						},
						"0.5": {
							"post": [0, 0, 8],
							"lerp_mode": "catmullrom"
						},
						"0.75": {
							"post": [0, 0, 4],
							"lerp_mode": "catmullrom"
						},
						"1.0": {
							"post": [0, 0, 2],
							"lerp_mode": "catmullrom"
						}
					}
				},
				"head": {
					"rotation": {
						"0.0": {
							"post": [0, 0, 0],
							"lerp_mode": "catmullrom"
						},
						"0.5": {
							"post": [-15, 0, 0],
							"lerp_mode": "catmullrom"
						},
						"1.5": {
							"post": [-15, 0, 0],
							"lerp_mode": "catmullrom"
						},
						"2.25": {
							"post": [10, 0, 0],
							"lerp_mode": "catmullrom"
						}
					}
				},
				"left_ribbon2": {
					"rotation": [-32.5, 0, 0]
				},
				"left_ribbon3": {
					"rotation": [-20, 0, 0]
				},
				"right_ribbon2": {
					"rotation": [-32.5, 0, 0]
				},
				"right_ribbon3": {
					"rotation": [-20, 0, 0]
				},
				"megadiancie": {
					"position": [0, 20, 0]
				}
			}
		},
		"animation.megadiancie.blink": {
			"animation_length": 0.20833,
			"bones": {
				"left_eye": {
					"position": {
						"0.0": [-0.5, 0, 0.25],
						"0.125": [-0.5, 0, 0.25],
						"0.1667": [0, 0, 0.13],
						"0.2083": [0, 0, 0]
					}
				},
				"right_eye": {
					"position": {
						"0.0": [0.5, 0, 0.25],
						"0.125": [0.5, 0, 0.25],
						"0.1667": [0, 0, 0.13],
						"0.2083": [0, 0, 0]
					}
				}
			}
		}
	}
}