{
	"format_version": "1.8.0",
	"animations": {
		"animation.bramblin.ground_idle": {
			"loop": true,
			"animation_length": 4,
			"bones": {
				"Body": {
					"rotation": ["math.cos(query.anim_time*90-90)*-3", 0, "math.cos(query.anim_time*90)*3"],
					"position": [0, 0.175, 0]
				}
			}
		},
		"animation.bramblin.ground_walk": {
			"loop": true,
			"animation_length": 2,
			"bones": {
				"Body": {
					"rotation": ["query.anim_time*180*1", 0, 0],
					"position": {
						"0.0": [0, 0, 0],
						"0.125": [0, 0.805, 0],
						"0.25": [0, 2.45, 0],
						"0.375": [0, 3.74, 0],
						"0.5": [0, 4.525, 0],
						"0.625": [0, 7.595, 0],
						"0.75": [0, 9.52, 0],
						"0.875": [0, 11.295, 0],
						"1.0": [0, 12.02, 0],
						"1.125": [0, 11.255, 0],
						"1.25": [0, 9.545, 0],
						"1.375": [0, 7.23, 0],
						"1.5": [0, 4.51, 0],
						"1.625": [0, 3.78, 0],
						"1.75": [0, 2.45, 0],
						"1.875": [0, 0.82, 0],
						"2.0": [0, 0, 0]
					}
				},
				"eyes": {
					"rotation": ["query.anim_time*180*-1", 0, 0]
				}
			}
		},
		"animation.bramblin.ground_run": {
			"loop": true,
			"animation_length": 1,
			"bones": {
				"Body": {
					"rotation": ["query.anim_time*360*1", 0, 0],
					"position": {
						"0.0": [0, 0, 0],
						"0.125": [0, 2.5, 0],
						"0.25": [0, 4.5, 0],
						"0.375": [0, 9.5, 0],
						"0.5": [0, 12, 0],
						"0.625": [0, 8.75, 0],
						"0.75": [0, 4.5, 0],
						"0.875": [0, 2.5, 0],
						"1.0": [0, 0, 0]
					}
				},
				"eyes": {
					"rotation": ["query.anim_time*360*-1", 0, 0]
				}
			}
		},
		"animation.bramblin.blink": {
			"animation_length": 0.20833,
			"bones": {
				"Eyelids": {
					"position": {
						"0.0": [0, 0, -0.03],
						"0.1667": [0, 0, -0.03],
						"0.2083": [0, 0, 0]
					}
				}
			}
		},
		"animation.bramblin.sleep": {
			"loop": true,
			"animation_length": 8,
			"bones": {
				"Body": {
					"rotation": ["math.cos(query.anim_time*45)*2.5", 0, "math.sin(query.anim_time*45)*2.5"],
					"position": [0, 0.125, 0]
				},
				"Eyelids": {
					"position": [0, 0, -0.03]
				}
			}
		}
	},
	"geckolib_format_version": 2
}