{
	"format_version": "1.12.0",
	"minecraft:geometry": [
		{
			"description": {
				"identifier": "geometry.regirock",
				"texture_width": 256,
				"texture_height": 256,
				"visible_bounds_width": 9,
				"visible_bounds_height": 5.5,
				"visible_bounds_offset": [0, 2.25, 0]
			},
			"bones": [
				{
					"name": "regirock",
					"pivot": [0, 0, 0]
				},
				{
					"name": "body",
					"parent": "regirock",
					"pivot": [0, 0, 0]
				},
				{
					"name": "torso",
					"parent": "body",
					"pivot": [0, 0, 0],
					"cubes": [
						{"origin": [-15, 30, -12.75], "size": [30, 22, 24], "uv": [0, 0]},
						{"origin": [-3, 40.6, 6.2], "size": [6, 5, 17], "pivot": [0, 48, 11.25], "rotation": [27.5, 0, 0], "uv": [41, 173]},
						{"origin": [-3, 47.6, 9.2], "size": [6, 5, 17], "pivot": [0, 48, 11.25], "rotation": [27.5, 0, 0], "uv": [41, 173]},
						{"origin": [-3, 33.6, 1.2], "size": [6, 5, 17], "pivot": [0, 48, 11.25], "rotation": [27.5, 0, 0], "uv": [41, 173]},
						{"origin": [-12, 14, -9.75], "size": [24, 16, 18], "uv": [0, 46]}
					]
				},
				{
					"name": "head",
					"parent": "torso",
					"pivot": [0, 52, 0],
					"cubes": [
						{"origin": [-7, 52, -7.75], "size": [14, 14, 14], "uv": [0, 119]},
						{"origin": [-5, 54, -7.775], "size": [10, 10, 0], "uv": [14, 187]}
					]
				},
				{
					"name": "arms",
					"parent": "torso",
					"pivot": [0, 3, -0.75]
				},
				{
					"name": "right_shoulder",
					"parent": "arms",
					"pivot": [-14.56285, 52.46821, -0.75],
					"cubes": [
						{"origin": [-30, 44, -10.75], "size": [15, 16, 20], "uv": [0, 80]},
						{"origin": [-27, 58, -5.75], "size": [8, 14, 10], "pivot": [-27, 58, -0.75], "rotation": [0, 0, 22.5], "uv": [146, 150]}
					]
				},
				{
					"name": "right_arm",
					"parent": "right_shoulder",
					"pivot": [-29.9, 51, -0.75],
					"cubes": [
						{"origin": [-35, 46, -5.75], "size": [5, 10, 10], "pivot": [-32.5, 51, -0.75], "rotation": [-50, 0, 0], "uv": [120, 164]},
						{"origin": [-40, 46, -5.75], "size": [5, 10, 10], "uv": [162, 27]},
						{"origin": [-45, 46, -5.75], "size": [5, 10, 10], "pivot": [-42.5, 51, -0.75], "rotation": [-50, 0, 0], "uv": [154, 94]},
						{"origin": [-52, 46, -5.75], "size": [7, 10, 10], "uv": [36, 151]}
					]
				},
				{
					"name": "right_hand",
					"parent": "right_arm",
					"pivot": [-54.5, 51, -0.75],
					"cubes": [
						{"origin": [-63, 42, -9.75], "size": [11, 18, 18], "uv": [114, 96]}
					]
				},
				{
					"name": "left_shoulder",
					"parent": "arms",
					"pivot": [14.56285, 52.46821, -0.75],
					"cubes": [
						{"origin": [15, 44, -10.75], "size": [15, 16, 20], "uv": [64, 60]},
						{"origin": [19, 58, -5.75], "size": [8, 14, 10], "pivot": [27, 58, -0.75], "rotation": [0, 0, -22.5], "uv": [0, 147]}
					]
				},
				{
					"name": "left_arm",
					"parent": "left_shoulder",
					"pivot": [29.9, 51, -0.75],
					"cubes": [
						{"origin": [30, 46, -5.75], "size": [5, 10, 10], "pivot": [32.5, 51, -0.75], "rotation": [-50, 0, 0], "uv": [100, 153]},
						{"origin": [35, 46, -5.75], "size": [5, 10, 10], "uv": [152, 0]},
						{"origin": [40, 46, -5.75], "size": [5, 10, 10], "pivot": [42.5, 51, -0.75], "rotation": [-50, 0, 0], "uv": [70, 151]},
						{"origin": [45, 46, -5.75], "size": [7, 10, 10], "uv": [84, 0]}
					]
				},
				{
					"name": "left_hand",
					"parent": "left_arm",
					"pivot": [54.5, 51, -0.75],
					"cubes": [
						{"origin": [52, 42, -9.75], "size": [11, 18, 18], "uv": [114, 37]}
					]
				},
				{
					"name": "legs",
					"parent": "body",
					"pivot": [0, 3, -0.75]
				},
				{
					"name": "right_leg",
					"parent": "legs",
					"pivot": [-12, 23, -0.75],
					"cubes": [
						{"origin": [-19, 6, -10.75], "size": [12, 17, 20], "uv": [108, 0]},
						{"origin": [-19, 3, -6.75], "size": [12, 3, 15], "uv": [138, 132]}
					]
				},
				{
					"name": "right_feet",
					"parent": "right_leg",
					"pivot": [0, 59, -0.75],
					"cubes": [
						{"origin": [-19, 0, -9.75], "size": [12, 3, 18], "uv": [134, 73]}
					]
				},
				{
					"name": "left_leg",
					"parent": "legs",
					"pivot": [12, 23, 0],
					"cubes": [
						{"origin": [7, 6, -10.75], "size": [12, 17, 20], "uv": [50, 96]},
						{"origin": [7, 3, -6.75], "size": [12, 3, 15], "uv": [41, 133]}
					]
				},
				{
					"name": "left_feet",
					"parent": "left_leg",
					"pivot": [0, 59, -0.75],
					"cubes": [
						{"origin": [7, 0, -9.75], "size": [12, 3, 18], "uv": [96, 132]}
					]
				}
			]
		}
	]
}