{
    "head": "head",
    "portraitScale": 1.5,
    "portraitTranslation": [-0.2, 0.3, 0],
    "profileScale": 1.2,
    "profileTranslation": [ 0, 0.1, 0 ],
    "cry": "bedrock(absol, cry)",
    "poses": {
      "standing": {
        "poseName": "standing",
        "transformTicks": 10,
        "poseTypes": [
          "STAND",
          "NONE",
          "PORTRAIT",
          "PROFILE"
        ],
        "animations": [
          "look",
          "bedrock(absol, ground_idle)"
        ],
        "quirks": [
          {
            "name": "blink",
            "animations": ["bedrock(absol, blink)"]
          }
        ]
      },
      "walking": {
        "poseName": "walking",
        "transformTicks": 10,
        "poseTypes": [ "WALK" ],
        "animations": [ 
          "look",
          "bedrock(absol, ground_walk)"
        ],
        "quirks": [
          {
            "name": "blink",
            "animations": ["bedrock(absol, blink)"]
          }
        ]
      }
    }
  }