{
	"pokemon.bongbong.ambient": {
    "sounds": [ "cobblemon:pokemon/bongbong/bongbong_ambient" ]
  },
  "pokemon.bongbong.cry": {
    "sounds": [ "cobblemon:pokemon/bongbong/bongbong_cry" ]
  },
	"pokemon.chienpao.ambient": {
    "sounds": [ "cobblemon:pokemon/chienpao/chienpao_ambient" ]
  },
  "pokemon.chienpao.cry": {
    "sounds": [ "cobblemon:pokemon/chienpao/chienpao_cry" ]
  },
  "pokemon.koraidon.cry": {
    "sounds": [ "cobblemon:pokemon/koraidon/koraidon_cry" ]
  },
  "pokemon.keldeo.cry": {
    "sounds": [ "cobblemon:pokemon/keldeo/keldeo_cry" ]
  },
  "pokemon.cobalion.cry": {
    "sounds": [ "cobblemon:pokemon/cobalion/cobalion_cry" ]
  },
  "pokemon.terrakion.cry": {
    "sounds": [ "cobblemon:pokemon/terrakion/terrakion_cry" ]
  },
  "pokemon.virizion.cry": {
    "sounds": [ "cobblemon:pokemon/virizion/virizion_cry" ]
  },
  "pokemon.greattusk.cry": {
    "sounds": [ "cobblemon:pokemon/greattusk/greattusk_cry" ]
  },
  "pokemon.tinglu.cry": {
    "sounds": [ "cobblemon:pokemon/tinglu/tinglu_cry" ]
  },
  "pokemon.ironboulder.cry": {
    "sounds": [ "cobblemon:pokemon/ironboulder/cry" ]
  },
  "pokemon.ironcrown.cry": {
    "sounds": [ "cobblemon:pokemon/ironcrown/cry" ]
  },
  "pokemon.kubfu.cry": {
    "sounds": [ "cobblemon:pokemon/kubfu/cry" ]
  },
  "pokemon.urshifu.cry": {
    "sounds": [ "cobblemon:pokemon/urshifu/cry_ss" ]
  },
  "pokemon.urshifu.cry2": {
    "sounds": [ "cobblemon:pokemon/urshifu/cry_rs" ]
  },
  "pokemon.absol.cry": {
    "sounds": [ "cobblemon:pokemon/absol/cry" ]
  }
}