{
	"format_version": "1.12.0",
	"minecraft:geometry": [
		{
			"description": {
				"identifier": "geometry.lapras",
				"texture_width": 128,
				"texture_height": 64,
				"visible_bounds_width": 4,
				"visible_bounds_height": 3.5,
				"visible_bounds_offset": [0, 1.25, 0]
			},
			"bones": [
				{
					"name": "lapras",
					"pivot": [0, 0, 0]
				},
				{
					"name": "body",
					"parent": "lapras",
					"pivot": [0, 4, 0]
				},
				{
					"name": "torso",
					"parent": "body",
					"pivot": [0, 3.5, 1],
					"cubes": [
						{"origin": [-6.5, 0, -7], "size": [13, 7, 16], "inflate": 0.02, "uv": [0, 2]},
						{"origin": [-5, 0, -9], "size": [10, 9, 5], "uv": [0, 45]},
						{"origin": [-7, 8.75, -5], "size": [14, 0, 15], "pivot": [0, 5.75, 2.5], "rotation": [-10, 0, 0], "uv": [0, 25]},
						{"origin": [-7, 3.75, -4], "size": [14, 0, 14], "pivot": [0, 5.75, 2.5], "rotation": [-10, 0, 0], "uv": [48, 11]},
						{"origin": [-7, 4.75, -5], "size": [14, 4, 0], "pivot": [0, 5.75, 2.5], "rotation": [-10, 0, 0], "uv": [62, 6]},
						{"origin": [7, 3.75, -5], "size": [0, 5, 15], "pivot": [0, 5.75, 2.5], "rotation": [-10, 0, 0], "uv": [31, 25]},
						{"origin": [-7, 3.75, 10], "size": [14, 5, 0], "pivot": [0, 5.75, 2.5], "rotation": [-10, 0, 0], "uv": [62, 0]},
						{"origin": [-7, 3.75, -5], "size": [0, 5, 15], "pivot": [0, 5.75, 2.5], "rotation": [-10, 0, 0], "uv": [0, 25]},
						{"origin": [5.75, 6.75, -3], "size": [3, 1, 2], "pivot": [7.5, 6.25, -2.5], "rotation": [-5, 10, -25], "uv": [30, 56]},
						{"origin": [-9.25, 6.75, -3], "size": [3, 1, 2], "pivot": [-7.5, 6, -0.75], "rotation": [0, -5, 20], "uv": [40, 56]},
						{"origin": [-5.25, 8, -1.75], "size": [1, 3, 2], "pivot": [-5.75, 9.75, 0.5], "rotation": [-10, 2.5, -25], "uv": [6, 59]},
						{"origin": [4.75, 8.5, -1.75], "size": [1, 3, 2], "pivot": [5.75, 9.75, -0.75], "rotation": [-10, -10, 25], "uv": [0, 59]},
						{"origin": [-6.03639, 6.95681, 5.23296], "size": [1, 3, 2], "pivot": [-6.28639, 8.20681, 5.98296], "rotation": [-15, 12.5, -30], "uv": [24, 59]},
						{"origin": [5, 7.25, 5.25], "size": [1, 3, 2], "pivot": [5.75, 8.25, 6], "rotation": [-15, -12.5, 35], "uv": [18, 59]},
						{"origin": [-0.5, 8, 3.5], "size": [1, 3, 2], "pivot": [0.25, 9, 4.5], "rotation": [-15, -5, 0], "uv": [12, 59]},
						{"origin": [-0.5, 8.5, -2.5], "size": [1, 4, 2], "pivot": [-0.5, 10, -1.5], "rotation": [0, 5, 0], "uv": [50, 50]},
						{"origin": [-0.5, 5.5, 8.75], "size": [1, 3, 2], "pivot": [0, 6.5, 10], "rotation": [-45, 2.5, 0], "uv": [30, 59]}
					]
				},
				{
					"name": "neck",
					"parent": "torso",
					"pivot": [0, 7, -6.75],
					"cubes": [
						{"origin": [-2, 8, -8.75], "size": [4, 5, 4], "inflate": 0.01, "uv": [0, 9]}
					]
				},
				{
					"name": "neck2",
					"parent": "neck",
					"pivot": [0, 13, -4.75],
					"cubes": [
						{"origin": [-2, 13, -8.75], "size": [4, 5, 4], "uv": [0, 0]}
					]
				},
				{
					"name": "head",
					"parent": "neck2",
					"pivot": [0, 19, -6.75]
				},
				{
					"name": "head_correction",
					"parent": "head",
					"pivot": [0, 19, -6.75]
				},
				{
					"name": "head_ai",
					"parent": "head_correction",
					"pivot": [0, 19, -6.75]
				},
				{
					"name": "head_angle",
					"parent": "head_ai",
					"pivot": [0, 19, -6.75],
					"cubes": [
						{"origin": [-2.5, 17, -9], "size": [5, 6, 5], "inflate": 0.01, "uv": [30, 45]},
						{"origin": [-2.5, 18.35, -13.5], "size": [5, 4, 5], "pivot": [0, 20, -12.5], "rotation": [10, 0, 0], "uv": [42, 9]},
						{"origin": [0, 21.5, -13], "size": [0, 3, 2], "pivot": [0, 23.5, -12], "rotation": [20, 0, 0], "uv": [0, 29]}
					]
				},
				{
					"name": "ear_right",
					"parent": "head_angle",
					"pivot": [-2.225, 23, -7.25],
					"rotation": [-30, -30, -5],
					"cubes": [
						{"origin": [-2.225, 21.25, -7.25], "size": [0, 5, 5], "uv": [36, 54], "mirror": true}
					]
				},
				{
					"name": "ear_left",
					"parent": "head_angle",
					"pivot": [2.225, 23, -7.25],
					"rotation": [-30, 30, 5],
					"cubes": [
						{"origin": [2.225, 21.25, -7.25], "size": [0, 5, 5], "uv": [46, 54]}
					]
				},
				{
					"name": "eye_right",
					"parent": "head_angle",
					"pivot": [-2.52, 20.5, -9.75],
					"rotation": [7.5, 0, 0],
					"cubes": [
						{"origin": [-2.52, 19.5, -11.25], "size": [0, 2, 4], "pivot": [-2.52, 20.5, -9.75], "rotation": [7.5, 0, 0], "uv": [45, 42]}
					]
				},
				{
					"name": "eyelid_right",
					"parent": "eye_right",
					"pivot": [-1.92, 20.5, -9.75],
					"rotation": [7.5, 0, 0],
					"cubes": [
						{"origin": [-2.42, 19.5, -11.25], "size": [1, 2, 3], "inflate": 0.01, "uv": [50, 45]}
					]
				},
				{
					"name": "eye_left",
					"parent": "head_angle",
					"pivot": [2.52, 20.5, -9.75],
					"cubes": [
						{"origin": [2.52, 19.5, -11.25], "size": [0, 2, 4], "pivot": [2.52, 20.5, -9.75], "rotation": [7.5, 0, 0], "uv": [45, 42]}
					]
				},
				{
					"name": "eyelid_left",
					"parent": "eye_left",
					"pivot": [1.92, 20.5, -9.75],
					"rotation": [7.5, 0, 0],
					"cubes": [
						{"origin": [1.42, 19.5, -11.25], "size": [1, 2, 3], "inflate": 0.01, "uv": [58, 45]}
					]
				},
				{
					"name": "jaw",
					"parent": "head_angle",
					"pivot": [0, 19.07635, -7.98481],
					"cubes": [
						{"origin": [-2, 17.03368, -12.94024], "size": [4, 2, 4], "uv": [42, 3]}
					]
				},
				{
					"name": "tail1",
					"parent": "torso",
					"pivot": [0, 1, 9],
					"cubes": [
						{"origin": [-2.5, 1, 9], "size": [5, 0, 3], "uv": [1, 37]}
					]
				},
				{
					"name": "tail2",
					"parent": "tail1",
					"pivot": [0, 1, 12],
					"cubes": [
						{"origin": [-1.5, 1, 12], "size": [3, 0, 3], "uv": [3, 34]}
					]
				},
				{
					"name": "flipper_front_right1",
					"parent": "body",
					"pivot": [-6.5, 2, -4],
					"cubes": [
						{"origin": [-14.5, 2, -7.5], "size": [8, 0, 7], "uv": [48, 25]}
					]
				},
				{
					"name": "flipper_front_right2",
					"parent": "flipper_front_right1",
					"pivot": [-14.5, 2, -4],
					"cubes": [
						{"origin": [-20.5, 2, -6.5], "size": [6, 0, 6], "uv": [37, 25]}
					]
				},
				{
					"name": "flipper_front_left1",
					"parent": "body",
					"pivot": [6.5, 2, -4],
					"cubes": [
						{"origin": [6.5, 2, -7.5], "size": [8, 0, 7], "uv": [36, 32]}
					]
				},
				{
					"name": "flipper_front_left2",
					"parent": "flipper_front_left1",
					"pivot": [14.5, 2, -4],
					"cubes": [
						{"origin": [14.5, 2, -6.5], "size": [6, 0, 6], "uv": [53, 32]}
					]
				},
				{
					"name": "flipper_back_right1",
					"parent": "body",
					"pivot": [-6.5, 2, 7],
					"cubes": [
						{"origin": [-12.5, 2, 4.5], "size": [6, 0, 5], "uv": [74, 25]}
					]
				},
				{
					"name": "flipper_back_right2",
					"parent": "flipper_back_right1",
					"pivot": [-12.5, 2, 7],
					"cubes": [
						{"origin": [-16.5, 2, 5.5], "size": [4, 0, 4], "uv": [67, 25]}
					]
				},
				{
					"name": "flipper_back_left1",
					"parent": "body",
					"pivot": [6.5, 2, 7],
					"cubes": [
						{"origin": [6.5, 2, 4.5], "size": [6, 0, 5], "uv": [66, 30]}
					]
				},
				{
					"name": "flipper_back_left2",
					"parent": "flipper_back_left1",
					"pivot": [12.5, 2, 7],
					"cubes": [
						{"origin": [12.5, 2, 5.5], "size": [4, 0, 4], "uv": [79, 30]}
					]
				}
			]
		}
	]
}