{
	"format_version": "1.12.0",
	"minecraft:geometry": [
		{
			"description": {
				"identifier": "geometry.tyranitarx",
				"texture_width": 320,
				"texture_height": 320,
				"visible_bounds_width": 11,
				"visible_bounds_height": 7.5,
				"visible_bounds_offset": [0, 3.25, 0]
			},
			"bones": [
				{
					"name": "tyranitarx",
					"pivot": [0, 0, 0]
				},
				{
					"name": "body",
					"parent": "tyranitarx",
					"pivot": [0, 0, 0]
				},
				{
					"name": "torso",
					"parent": "body",
					"pivot": [0, 33, 0],
					"cubes": [
						{"origin": [-13, 17, -11], "size": [26, 40, 22], "uv": [98, 252]},
						{"origin": [-3, 32, 11], "size": [6, 5, 4], "pivot": [0, 37, 11], "rotation": [-15, 0, 0], "uv": [147, 229]},
						{"origin": [-2, 32, 15], "size": [4, 5, 4], "pivot": [0, 37, 11], "rotation": [-15, 0, 0], "uv": [167, 238]},
						{"origin": [-3, 42, 11], "size": [6, 5, 4], "uv": [147, 238]},
						{"origin": [-2, 42, 15], "size": [4, 5, 4], "uv": [167, 220]},
						{"origin": [-3, 52, 11], "size": [6, 5, 4], "pivot": [0, 52, 11], "rotation": [15, 0, 0], "uv": [147, 220]},
						{"origin": [-2, 52, 15], "size": [4, 5, 4], "pivot": [0, 52, 11], "rotation": [15, 0, 0], "uv": [167, 229]},
						{"origin": [-18.27099, 52.21405, 2.27343], "size": [5, 5, 19], "pivot": [-1, 57.75, 10], "rotation": [17.62436, -42.05244, -6.82047], "uv": [97, 105]},
						{"origin": [-18.27099, 43.71405, 6.27343], "size": [5, 5, 18], "pivot": [-1, 54.75, 10], "rotation": [17.62436, -42.05244, -6.82047], "uv": [146, 106]},
						{"origin": [12.74555, 52.03769, 3.61305], "size": [5, 5, 19], "pivot": [-1, 57.75, 10], "rotation": [17.62436, 42.05244, 6.82047], "uv": [98, 79]},
						{"origin": [12.74555, 43.53769, 7.61305], "size": [5, 5, 18], "pivot": [-1, 54.75, 10], "rotation": [17.62436, 42.05244, 6.82047], "uv": [147, 80]},
						{"origin": [-13, 34, -16], "size": [2, 6, 5], "pivot": [-13, 37, -11], "rotation": [0, -70, 0], "uv": [205, 17]},
						{"origin": [-13, 41.5, -16], "size": [2, 6, 5], "pivot": [-13, 44.5, -11], "rotation": [0, -70, 0], "uv": [190, 41]},
						{"origin": [-13, 49, -16], "size": [2, 6, 5], "pivot": [-13, 52, -11], "rotation": [0, -70, 0], "uv": [205, 29]},
						{"origin": [-8.25499, 42.5, -14.69828], "size": [2, 4, 2], "pivot": [-8.26982, 44.5, -12.73743], "rotation": [0, -85, 0], "uv": [223, 55]},
						{"origin": [-8.25499, 35, -14.69828], "size": [2, 4, 2], "pivot": [-8.26982, 35.5, -12.73743], "rotation": [0, -85, 0], "uv": [199, 62]},
						{"origin": [-9.25119, 50, -13.78544], "size": [2, 4, 2], "pivot": [-8.26982, 53.5, -11.73743], "rotation": [0, -85, 0], "uv": [209, 62]},
						{"origin": [11, 34, -16], "size": [2, 6, 5], "pivot": [13, 37, -11], "rotation": [0, 70, 0], "uv": [205, 41]},
						{"origin": [11, 41.5, -16], "size": [2, 6, 5], "pivot": [13, 44.5, -11], "rotation": [0, 70, 0], "uv": [190, 17]},
						{"origin": [11, 49, -16], "size": [2, 6, 5], "pivot": [13, 52, -11], "rotation": [0, 70, 0], "uv": [190, 29]},
						{"origin": [7.25119, 50, -13.78544], "size": [2, 4, 2], "pivot": [8.26982, 53.5, -11.73743], "rotation": [0, 85, 0], "uv": [228, 62]},
						{"origin": [6.25499, 35, -14.69828], "size": [2, 4, 2], "pivot": [8.26982, 35.5, -12.73743], "rotation": [0, 85, 0], "uv": [218, 62]},
						{"origin": [6.25499, 42.5, -14.69828], "size": [2, 4, 2], "pivot": [8.26982, 44.5, -12.73743], "rotation": [0, 85, 0], "uv": [215, 55]}
					]
				},
				{
					"name": "neck",
					"parent": "torso",
					"pivot": [0, 0, 0],
					"cubes": [
						{"origin": [-9, 57, -9], "size": [18, 8, 18], "pivot": [0, 57.5, 9], "rotation": [12.5, 0, 0], "uv": [0, 22]}
					]
				},
				{
					"name": "head",
					"parent": "neck",
					"pivot": [0, 64.2676, 4.61606],
					"cubes": [
						{"origin": [-7, 64.21156, -5.56869], "size": [14, 11, 11], "pivot": [0, 64.2676, 4.61606], "rotation": [22.5, 0, 0], "uv": [0, 48]},
						{"origin": [-11, 64.34097, -8.76256], "size": [5, 3, 3], "pivot": [-6, 64.45829, -6.33868], "rotation": [24.14867, -20.70481, -9.00717], "uv": [199, 55]},
						{"origin": [-15.84389, 63.82463, -9.57356], "size": [5, 2, 2], "pivot": [-10.82554, 63.84879, -7.5667], "rotation": [54.02155, -61.77771, -50.51436], "uv": [233, 72]},
						{"origin": [10.84389, 63.82463, -9.57356], "size": [5, 2, 2], "pivot": [10.82554, 63.84879, -7.5667], "rotation": [54.02155, 61.77771, 50.51436], "uv": [217, 72]},
						{"origin": [6, 64.34097, -8.76256], "size": [5, 3, 3], "pivot": [6, 64.45829, -6.33868], "rotation": [24.14867, 20.70481, 9.00717], "uv": [199, 70]},
						{"origin": [-6, 64.91156, -15.56869], "size": [12, 5, 15], "inflate": -0.001, "pivot": [0, 69.91156, -15.56869], "rotation": [22.5, 0, 0], "uv": [0, 0]},
						{"origin": [-6, 64.91156, -15.56869], "size": [12, 5, 10], "uv": [56, 23]},
						{"origin": [-6.025, 66.91156, -14.56869], "size": [0, 2, 5], "pivot": [-6.025, 67.91156, -12.06869], "rotation": [27.5, 0, 0], "uv": [206, 85]},
						{"origin": [-6.1, 67.35953, -13.9148], "size": [0, 1, 1], "pivot": [-6.05, 67.85953, -12.16485], "rotation": [27.5, 0, 0], "uv": [209, 85]},
						{"origin": [6.05, 67.35953, -13.91485], "size": [0, 1, 1], "pivot": [6.05, 67.85953, -12.16485], "rotation": [27.5, 0, 0], "uv": [209, 85], "mirror": true},
						{"origin": [6.025, 66.91156, -14.56869], "size": [0, 2, 5], "pivot": [6.025, 67.91156, -12.06869], "rotation": [27.5, 0, 0], "uv": [206, 85], "mirror": true},
						{"origin": [-5.975, 64.16156, -14.54369], "size": [0, 1, 1], "pivot": [-6, 65.41156, -14.06869], "rotation": [45, 0, 0], "uv": [198, 82]},
						{"origin": [-5.975, 64.16156, -11.54369], "size": [0, 1, 1], "pivot": [-5.975, 64.66156, -11.04369], "rotation": [47.5, 0, 0], "uv": [198, 82]},
						{"origin": [5.975, 64.16156, -11.54369], "size": [0, 1, 1], "pivot": [5.975, 64.66156, -11.04369], "rotation": [47.5, 0, 0], "uv": [198, 82], "mirror": true},
						{"origin": [5.975, 64.16156, -14.54369], "size": [0, 1, 1], "pivot": [-6, 65.41156, -14.06869], "rotation": [45, 0, 0], "uv": [198, 82]},
						{"origin": [-7, 77.21156, -13.91869], "size": [14, 0, 35], "pivot": [0, 64.2676, 4.61606], "rotation": [22.5, 0, 0], "uv": [-35, 74]},
						{"origin": [7, 75.83028, -18.79337], "size": [16, 0, 35], "pivot": [7, 75.83028, -1.29337], "rotation": [22.19157, -3.81024, 9.25249], "uv": [25, 74]},
						{"origin": [-23, 75.83028, -18.79337], "size": [16, 0, 35], "pivot": [-7, 75.83028, -1.29337], "rotation": [21.80633, 5.68422, -13.9042], "uv": [-7, 74]}
					]
				},
				{
					"name": "bone3",
					"parent": "head",
					"pivot": [0, 64.9676, -4.38394],
					"cubes": [
						{"origin": [-6, 61.91156, -12.56869], "size": [12, 3, 8], "pivot": [0, 64.9676, -4.38394], "rotation": [2.25, 0, 0], "uv": [51, 58]}
					]
				},
				{
					"name": "arms",
					"parent": "torso",
					"pivot": [0, 0, 0]
				},
				{
					"name": "right_arm",
					"parent": "arms",
					"pivot": [-13, 47, 0],
					"cubes": [
						{"origin": [-24, 39.75, -6], "size": [17, 13, 12], "uv": [0, 191]}
					]
				},
				{
					"name": "right_arm2",
					"parent": "right_arm",
					"pivot": [-24, 51.75, 0],
					"cubes": [
						{"origin": [-35, 40.75, -5], "size": [11, 11, 10], "uv": [60, 195]}
					]
				},
				{
					"name": "right_hand",
					"parent": "right_arm2",
					"pivot": [-35.12757, 50.81009, 0.01448],
					"cubes": [
						{"origin": [-42, 41.75, -4], "size": [7, 9, 8], "uv": [104, 178]},
						{"origin": [-49, 46.75, -4], "size": [7, 4, 8], "pivot": [-42, 46.75, 0], "rotation": [0, 0, 10], "uv": [136, 203]},
						{"origin": [-51.04668, 47.16904, 0], "size": [3, 5, 0], "pivot": [-50.13318, 47.19275, 0], "rotation": [0, 0, 22.5], "uv": [229, 39]},
						{"origin": [-51.04668, 47.16904, 3], "size": [3, 5, 0], "pivot": [-50.13318, 47.19275, 0], "rotation": [-10, 0, 22.5], "uv": [222, 39]},
						{"origin": [-51.04668, 47.16904, -3], "size": [3, 5, 0], "pivot": [-50.13318, 47.19275, 0], "rotation": [7.5, 0, 22.5], "uv": [235, 46]},
						{"origin": [-49, 41.75, -4], "size": [7, 4, 8], "pivot": [-42, 45.75, 0], "rotation": [0, 0, -15], "uv": [167, 183]}
					]
				},
				{
					"name": "left_arm",
					"parent": "arms",
					"pivot": [13, 47, 0],
					"cubes": [
						{"origin": [7, 39.75, -6], "size": [17, 13, 12], "uv": [0, 165]}
					]
				},
				{
					"name": "left_arm2",
					"parent": "left_arm",
					"pivot": [24, 51.75, 0],
					"cubes": [
						{"origin": [24, 40.75, -5], "size": [11, 11, 10], "uv": [60, 172]}
					]
				},
				{
					"name": "left_hand",
					"parent": "left_arm2",
					"pivot": [35.12757, 50.81009, 0.01448],
					"cubes": [
						{"origin": [35, 41.75, -4], "size": [7, 9, 8], "uv": [104, 198]},
						{"origin": [42, 46.75, -4], "size": [7, 4, 8], "pivot": [42, 46.75, 0], "rotation": [0, 0, -10], "uv": [136, 183]},
						{"origin": [48.04668, 47.16904, 0], "size": [3, 5, 0], "pivot": [50.13318, 47.19275, 0], "rotation": [0, 0, -22.5], "uv": [236, 39]},
						{"origin": [48.04668, 47.16904, 3], "size": [3, 5, 0], "pivot": [50.13318, 47.19275, 0], "rotation": [-10, 0, -22.5], "uv": [228, 46]},
						{"origin": [48.04668, 47.16904, -3], "size": [3, 5, 0], "pivot": [50.13318, 47.19275, 0], "rotation": [7.5, 0, -22.5], "uv": [222, 46]},
						{"origin": [42, 41.75, -4], "size": [7, 4, 8], "pivot": [42, 45.75, 0], "rotation": [0, 0, 15], "uv": [167, 203]}
					]
				},
				{
					"name": "wings",
					"parent": "torso",
					"pivot": [0, 5, 0]
				},
				{
					"name": "left_wing",
					"parent": "wings",
					"pivot": [7, 50, 11],
					"cubes": [
						{"origin": [7, 51, 11], "size": [0, 36, 45], "pivot": [7, 51, 11], "rotation": [10, 60, 0], "uv": [0, 197]}
					]
				},
				{
					"name": "right_wing",
					"parent": "wings",
					"pivot": [-7, 50, 11],
					"cubes": [
						{"origin": [-7, 51, 11], "size": [0, 36, 45], "pivot": [-7, 51, 11], "rotation": [10, -60, 0], "uv": [0, 233]}
					]
				},
				{
					"name": "lower_right_wing",
					"parent": "wings",
					"pivot": [-7, 37, 11],
					"cubes": [
						{"origin": [-7, 28.78731, 3.56893], "size": [0, 20, 36], "pivot": [-7, 37, 11], "rotation": [-5, -60, 0], "uv": [72, 183]}
					]
				},
				{
					"name": "lower_left_wing",
					"parent": "wings",
					"pivot": [7, 37, 11],
					"cubes": [
						{"origin": [7, 28.78731, 3.56893], "size": [0, 20, 36], "pivot": [7, 37, 11], "rotation": [-5, 60, 0], "uv": [0, 183]}
					]
				},
				{
					"name": "tail",
					"parent": "torso",
					"pivot": [0, 32.925, 3.16667],
					"cubes": [
						{"origin": [-9, 16, 3], "size": [18, 17, 33], "uv": [0, 113]},
						{"origin": [-24, 24.5, 17], "size": [48, 0, 19], "uv": [83, 58]}
					]
				},
				{
					"name": "bone",
					"parent": "tail",
					"pivot": [0, 19, 36.25],
					"cubes": [
						{"origin": [-7, 19, 36], "size": [14, 11, 20], "uv": [104, 131]},
						{"origin": [-20, 24.5, 38.5], "size": [40, 0, 16], "uv": [86, 24]}
					]
				},
				{
					"name": "bone2",
					"parent": "bone",
					"pivot": [0, 21, 55.75],
					"cubes": [
						{"origin": [-5, 21, 56], "size": [10, 7, 17], "uv": [175, 137]},
						{"origin": [-15, 24.5, 57], "size": [30, 0, 16], "uv": [86, 41]}
					]
				},
				{
					"name": "legs",
					"parent": "body",
					"pivot": [0, 0, 0]
				},
				{
					"name": "right_leg",
					"parent": "legs",
					"pivot": [-12, 33, -3],
					"cubes": [
						{"origin": [-18, 11, -9], "size": [10, 22, 18], "uv": [255, 274]}
					]
				},
				{
					"name": "right_leg2",
					"parent": "right_leg",
					"pivot": [-13, 11, -5],
					"cubes": [
						{"origin": [-17, 4, -5], "size": [8, 13, 10], "uv": [217, 249]}
					]
				},
				{
					"name": "right_feet",
					"parent": "right_leg2",
					"pivot": [-13, 6, 5],
					"cubes": [
						{"origin": [-18, 0, -9], "size": [10, 4, 14], "uv": [231, 216]},
						{"origin": [-17, 0, -9], "size": [8, 4, 7], "inflate": -0.001, "pivot": [-13, 4, -9], "rotation": [25, 0, 0], "uv": [259, 237]},
						{"origin": [-18, 0, -12], "size": [1, 3, 4], "pivot": [-18, 2, -9], "rotation": [0, 15, 0], "uv": [248, 275]},
						{"origin": [-14, 0, -12], "size": [2, 3, 4], "uv": [260, 283]},
						{"origin": [-9, 0, -12], "size": [1, 3, 4], "pivot": [-8, 2, -9], "rotation": [0, -15, 0], "uv": [236, 275]}
					]
				},
				{
					"name": "left_leg",
					"parent": "legs",
					"pivot": [12, 33, -3],
					"cubes": [
						{"origin": [8, 11, -9], "size": [10, 22, 18], "uv": [197, 274]}
					]
				},
				{
					"name": "left_leg2",
					"parent": "left_leg",
					"pivot": [13, 11, -5],
					"cubes": [
						{"origin": [9, 4, -5], "size": [8, 13, 10], "uv": [256, 249]}
					]
				},
				{
					"name": "left_feet",
					"parent": "left_leg2",
					"pivot": [13, 6, 5],
					"cubes": [
						{"origin": [8, 0, -9], "size": [10, 4, 14], "uv": [231, 196]},
						{"origin": [9, 0, -9], "size": [8, 4, 7], "inflate": -0.001, "pivot": [13, 4, -9], "rotation": [25, 0, 0], "uv": [220, 237]},
						{"origin": [17, 0, -12], "size": [1, 3, 4], "pivot": [18, 2, -9], "rotation": [0, -15, 0], "uv": [236, 283]},
						{"origin": [12, 0, -12], "size": [2, 3, 4], "uv": [260, 275]},
						{"origin": [8, 0, -12], "size": [1, 3, 4], "pivot": [8, 2, -9], "rotation": [0, 15, 0], "uv": [248, 283]}
					]
				}
			]
		}
	]
}