{
	"format_version": "1.8.0",
	"animations": {
		"animation.voltorb_hisuian.ground_idle": {
			"loop": true,
			"bones": {
				"body": {
					"rotation": [0, "Math.cos((query.anim_time - 0.2) * 90) * 2", "math.sin(q.anim_time*90*2)*8"]
				}
			}
		},
		"animation.voltorb_hisuian.ground_walk": {
			"loop": true,
			"bones": {
				"body": {
					"rotation": ["q.anim_time*90*2.5", 0, 0],
					"position": [0, "math.clamp((math.sin(q.anim_time*90*4*2.5-90)*1+1)*5,0,0.7)+math.clamp((math.sin(q.anim_time*90*4*2.5-90)*1+1)*0.5,0,2)", 0]
				}
			}
		},
		"animation.voltorb_hisuian.blink": {
			"animation_length": 0.1667,
			"bones": {
				"eyelid_right": {
					"position": {
						"0.0": [0, 0, -0.1],
						"0.125": [0, 0, -0.1],
						"0.1667": [0, 0, 0]
					}
				},
				"eyelid_left": {
					"position": {
						"0.0": [0, 0, -0.1],
						"0.125": [0, 0, -0.1],
						"0.1667": [0, 0, 0]
					}
				},
				"bone2": {
					"scale": {
						"0.0": [1, 0.1, 1],
						"0.125": {"pre": [1, 0.1, 1], "post": [1, 1, 1]},
						"0.1667": {"pre": [1, 1, 1], "post": [1, 0.1, 1]}
					}
				},
				"bone": {
					"scale": {
						"0.0": [1, 0.1, 1],
						"0.125": {"pre": [1, 0.1, 1], "post": [1, 1, 1]},
						"0.1667": {"pre": [1, 1, 1], "post": [1, 0.1, 1]}
					}
				}
			}
		}
	}
}