{
	"format_version": "1.12.0",
	"minecraft:geometry": [
		{
			"description": {
				"identifier": "geometry.nymble",
				"texture_width": 64,
				"texture_height": 64,
				"visible_bounds_width": 2,
				"visible_bounds_height": 2.5,
				"visible_bounds_offset": [0, 0.75, 0]
			},
			"bones": [
				{
					"name": "nymble",
					"pivot": [0, 0, 0]
				},
				{
					"name": "body",
					"parent": "nymble",
					"pivot": [0, 0, 0]
				},
				{
					"name": "torso",
					"parent": "body",
					"pivot": [0, 5, 1],
					"rotation": [-17.5, 0, 0],
					"cubes": [
						{"origin": [-2.5, 3, -2.5], "size": [5, 5, 9], "uv": [0, 0]}
					]
				},
				{
					"name": "flap_right",
					"parent": "torso",
					"pivot": [-2.5, 8, 5],
					"rotation": [0, 0, 45],
					"cubes": [
						{"origin": [-4, 7.5, 4.5], "size": [2, 1, 1], "uv": [0, 3]}
					]
				},
				{
					"name": "flap_right2",
					"parent": "flap_right",
					"pivot": [-4, 8, 5],
					"rotation": [0, 0, -45],
					"cubes": [
						{"origin": [-4.5, 6.5, 1.5], "size": [1, 3, 5], "uv": [19, 0]},
						{"origin": [-4, 9.5, 1.5], "size": [0, 1, 4], "uv": [0, 2]},
						{"origin": [-4.5, 6.5, -3.5], "size": [1, 5, 5], "uv": [17, 20]}
					]
				},
				{
					"name": "flap_left",
					"parent": "torso",
					"pivot": [2.5, 8, 5],
					"rotation": [0, 0, -45],
					"cubes": [
						{"origin": [2, 7.5, 4.5], "size": [2, 1, 1], "uv": [0, 3], "mirror": true}
					]
				},
				{
					"name": "flap_left2",
					"parent": "flap_left",
					"pivot": [4, 8, 5],
					"rotation": [0, 0, 45],
					"cubes": [
						{"origin": [3.5, 6.5, 1.5], "size": [1, 3, 5], "uv": [19, 0], "mirror": true},
						{"origin": [4, 9.5, 1.5], "size": [0, 1, 4], "uv": [0, 2], "mirror": true},
						{"origin": [3.5, 6.5, -3.5], "size": [1, 5, 5], "uv": [17, 20], "mirror": true}
					]
				},
				{
					"name": "head",
					"parent": "torso",
					"pivot": [0, 8, -2.5],
					"rotation": [30, 0, 0],
					"cubes": [
						{"origin": [-2.5, 3, -8.5], "size": [5, 5, 6], "inflate": 0.01, "uv": [0, 14]},
						{"origin": [-2.52, 5, -6.5], "size": [0, 1, 1], "pivot": [-2.5, 5.5, -6], "rotation": [45, 0, 0], "uv": [0, -1]},
						{"origin": [2.52, 5, -6.5], "size": [0, 1, 1], "pivot": [2.5, 5.5, -6], "rotation": [45, 0, 0], "uv": [0, -1], "mirror": true},
						{"origin": [-1.5, 7.5, -7], "size": [1, 1, 2], "uv": [0, 0]},
						{"origin": [0.5, 7.5, -7], "size": [1, 1, 2], "uv": [0, 0], "mirror": true}
					]
				},
				{
					"name": "leg_front_right",
					"parent": "body",
					"pivot": [-2.5, 3, 1],
					"rotation": [0, -17.5, 0],
					"cubes": [
						{"origin": [-4.5, 3, 0], "size": [2, 0, 1], "uv": [3, 1]}
					]
				},
				{
					"name": "leg_front_right2",
					"parent": "leg_front_right",
					"pivot": [-4.5, 3, 1],
					"rotation": [0, 0, -80],
					"cubes": [
						{"origin": [-8, 3, -0.5], "size": [4, 2, 2], "uv": [16, 14]},
						{"origin": [-8, 4, -1.5], "size": [1, 0, 1], "uv": [0, 5]}
					]
				},
				{
					"name": "leg_front_left",
					"parent": "body",
					"pivot": [2.5, 3, 1],
					"rotation": [0, 17.5, 0],
					"cubes": [
						{"origin": [2.5, 3, 0], "size": [2, 0, 1], "uv": [3, 1], "mirror": true}
					]
				},
				{
					"name": "leg_front_left2",
					"parent": "leg_front_left",
					"pivot": [4.5, 3, 1],
					"rotation": [0, 0, 80],
					"cubes": [
						{"origin": [4, 3, -0.5], "size": [4, 2, 2], "uv": [16, 14], "mirror": true},
						{"origin": [7, 4, -1.5], "size": [1, 0, 1], "uv": [0, 5], "mirror": true}
					]
				},
				{
					"name": "leg_back_right",
					"parent": "body",
					"pivot": [-2.5, 3, 3],
					"rotation": [0, 17.5, 0],
					"cubes": [
						{"origin": [-4.5, 3, 3], "size": [2, 0, 1], "uv": [3, 0]}
					]
				},
				{
					"name": "leg_back_right2",
					"parent": "leg_back_right",
					"pivot": [-4.5, 3, 3],
					"rotation": [0, 0, -80],
					"cubes": [
						{"origin": [-8, 3, 2.5], "size": [4, 2, 2], "uv": [16, 14]},
						{"origin": [-8, 4, 1.5], "size": [1, 0, 1], "uv": [4, 3]}
					]
				},
				{
					"name": "leg_back_left",
					"parent": "body",
					"pivot": [2.5, 3, 3],
					"rotation": [0, -17.5, 0],
					"cubes": [
						{"origin": [2.5, 3, 3], "size": [2, 0, 1], "uv": [3, 0], "mirror": true}
					]
				},
				{
					"name": "leg_back_left2",
					"parent": "leg_back_left",
					"pivot": [4.5, 3, 3],
					"rotation": [0, 0, 80],
					"cubes": [
						{"origin": [4, 3, 2.5], "size": [4, 2, 2], "uv": [16, 14], "mirror": true},
						{"origin": [7, 4, 1.5], "size": [1, 0, 1], "uv": [4, 3], "mirror": true}
					]
				}
			]
		}
	]
}