{
	"format_version": "1.12.0",
	"minecraft:geometry": [
		{
			"description": {
				"identifier": "geometry.megagardevoir",
				"texture_width": 96,
				"texture_height": 96,
				"visible_bounds_width": 4,
				"visible_bounds_height": 3.5,
				"visible_bounds_offset": [0, 1.25, 0]
			},
			"bones": [
				{
					"name": "gardevoir",
					"pivot": [0, 0, 0]
				},
				{
					"name": "body",
					"parent": "gardevoir",
					"pivot": [0, 0, 0]
				},
				{
					"name": "torso",
					"parent": "body",
					"pivot": [0, 16.5, 0],
					"cubes": [
						{"origin": [-2, 16.5, -1.5], "size": [4, 3, 3], "inflate": 0.01, "uv": [65, 11]}
					]
				},
				{
					"name": "skirt",
					"parent": "torso",
					"pivot": [0, 0, 0],
					"cubes": [
						{"origin": [-6, 17, -6], "size": [12, 2, 12], "uv": [11, 11]}
					]
				},
				{
					"name": "front_skirt",
					"parent": "skirt",
					"pivot": [0, 18, -6],
					"rotation": [-15, 0, 0],
					"cubes": [
						{"origin": [-6, 4, -6], "size": [12, 14, 0], "uv": [31, 25]}
					]
				},
				{
					"name": "front_skirt2",
					"parent": "front_skirt",
					"pivot": [0, 4, -6],
					"rotation": [55, 0, 0],
					"cubes": [
						{"origin": [-6, -2, -6], "size": [12, 6, 0], "uv": [49, 45]}
					]
				},
				{
					"name": "left_skirt",
					"parent": "skirt",
					"pivot": [6, 18, 0],
					"rotation": [0, 0, -15],
					"cubes": [
						{"origin": [6, 4, -5], "size": [0, 14, 10], "uv": [11, 29]}
					]
				},
				{
					"name": "left_skirt2",
					"parent": "left_skirt",
					"pivot": [6, 4, 0],
					"rotation": [0, 0, 55],
					"cubes": [
						{"origin": [6, -2, -5], "size": [0, 6, 10], "uv": [31, 29]}
					]
				},
				{
					"name": "right_skirt",
					"parent": "skirt",
					"pivot": [-6, 18, 0],
					"rotation": [0, 0, 15],
					"cubes": [
						{"origin": [-6, 4, -5], "size": [0, 14, 10], "uv": [11, 15]}
					]
				},
				{
					"name": "right_skirt2",
					"parent": "right_skirt",
					"pivot": [-6, 4, 0],
					"rotation": [0, 0, -55],
					"cubes": [
						{"origin": [-6, -2, -4], "size": [0, 6, 8], "uv": [11, 45]}
					]
				},
				{
					"name": "back_left_skirt",
					"parent": "skirt",
					"pivot": [5, 18, 5],
					"rotation": [12.25294, -38.3808, -19.27896],
					"cubes": [
						{"origin": [5, 4, 3], "size": [0, 14, 4], "uv": [51, 53]}
					]
				},
				{
					"name": "back_left_skirt2",
					"parent": "back_left_skirt",
					"pivot": [5, 4, 5],
					"rotation": [0, 0, 55],
					"cubes": [
						{"origin": [5, -2, 3], "size": [0, 6, 4], "uv": [67, 68]}
					]
				},
				{
					"name": "front_left_skirt",
					"parent": "skirt",
					"pivot": [5, 18, -5],
					"rotation": [-12.25294, 38.3808, -19.27896],
					"cubes": [
						{"origin": [5, 4, -7], "size": [0, 14, 4], "uv": [35, 53]}
					]
				},
				{
					"name": "front_left_skirt2",
					"parent": "front_left_skirt",
					"pivot": [5, 4, -5],
					"rotation": [0, 0, 55],
					"cubes": [
						{"origin": [5, -2, -7], "size": [0, 6, 4], "uv": [39, 67]}
					]
				},
				{
					"name": "back_right_skirt",
					"parent": "skirt",
					"pivot": [-5, 18, 5],
					"rotation": [12.25294, 38.3808, 19.27896],
					"cubes": [
						{"origin": [-5, 4, 3], "size": [0, 14, 4], "uv": [43, 53]}
					]
				},
				{
					"name": "back_right_skirt2",
					"parent": "back_right_skirt",
					"pivot": [-5, 4, 5],
					"rotation": [0, 0, -55],
					"cubes": [
						{"origin": [-5, -2, 3], "size": [0, 6, 4], "uv": [47, 67]}
					]
				},
				{
					"name": "front_right_skirt",
					"parent": "skirt",
					"pivot": [-5, 18, -5],
					"rotation": [-12.25294, -38.3808, 19.27896],
					"cubes": [
						{"origin": [-5, 4, -7], "size": [0, 14, 4], "uv": [27, 53]}
					]
				},
				{
					"name": "front_right_skirt2",
					"parent": "front_right_skirt",
					"pivot": [-5, 4, -5],
					"rotation": [0, 0, -55],
					"cubes": [
						{"origin": [-5, -2, -7], "size": [0, 6, 4], "uv": [55, 29]}
					]
				},
				{
					"name": "back_miniskirt",
					"parent": "skirt",
					"pivot": [0, 0, 0]
				},
				{
					"name": "back_right_miniskirt",
					"parent": "back_miniskirt",
					"pivot": [-2, 18, 6],
					"rotation": [12.5, 0, 0],
					"cubes": [
						{"origin": [-4.5, 6, 6], "size": [4, 12, 0], "uv": [11, 67]}
					]
				},
				{
					"name": "back_right_miniskirt2",
					"parent": "back_right_miniskirt",
					"pivot": [-2, 6, 6],
					"rotation": [20, 0, 0],
					"cubes": [
						{"origin": [-4.5, 0, 6], "size": [4, 6, 0], "uv": [75, 72]}
					]
				},
				{
					"name": "back_right_miniskirt3",
					"parent": "back_right_miniskirt2",
					"pivot": [-2, 0, 6],
					"rotation": [52.5, 0, 0],
					"cubes": [
						{"origin": [-4.5, -12, 6], "size": [4, 12, 0], "uv": [59, 63]}
					]
				},
				{
					"name": "back_left_miniskirt",
					"parent": "back_miniskirt",
					"pivot": [2, 18, 6],
					"rotation": [12.5, 0, 0],
					"cubes": [
						{"origin": [0.5, 6, 6], "size": [4, 12, 0], "uv": [63, 33]}
					]
				},
				{
					"name": "back_left_miniskirt2",
					"parent": "back_left_miniskirt",
					"pivot": [2, 6, 6],
					"rotation": [20, 0, 0],
					"cubes": [
						{"origin": [0.5, 0, 6], "size": [4, 6, 0], "uv": [73, 44]}
					]
				},
				{
					"name": "back_left_miniskirt3",
					"parent": "back_left_miniskirt2",
					"pivot": [2, 0, 6],
					"rotation": [52.5, 0, 0],
					"cubes": [
						{"origin": [0.5, -12, 6], "size": [4, 12, 0], "uv": [59, 51]}
					]
				},
				{
					"name": "waist",
					"parent": "torso",
					"pivot": [0, 19.5, 0],
					"cubes": [
						{"origin": [-1.5, 19, -1.5], "size": [3, 3, 3], "uv": [71, 38]}
					]
				},
				{
					"name": "chest",
					"parent": "waist",
					"pivot": [0, 21.5, 0],
					"cubes": [
						{"origin": [-2, 21.5, -1.5], "size": [4, 5, 3], "inflate": 0.01, "uv": [11, 59]}
					]
				},
				{
					"name": "chest_spike",
					"parent": "chest",
					"pivot": [0, 24, -1.4],
					"cubes": [
						{"origin": [0, 20, -0.9], "size": [0, 4, 4], "inflate": 0.01, "uv": [19, 63]},
						{"origin": [0, 20, -5.9], "size": [0, 6, 6], "inflate": 0.01, "pivot": [0, 26, -1.5], "rotation": [-10, -52.5, 0], "uv": [51, 33]},
						{"origin": [0, 20, -5.9], "size": [0, 6, 6], "inflate": 0.01, "pivot": [0, 26, -1.5], "rotation": [-10, 52.5, 0], "uv": [11, 11]}
					]
				},
				{
					"name": "arms",
					"parent": "chest",
					"pivot": [0, 26.5, 0]
				},
				{
					"name": "arm_left",
					"parent": "arms",
					"pivot": [2, 26.5, 0],
					"cubes": [
						{"origin": [2, 25.5, -0.5], "size": [7, 1, 1], "uv": [71, 36]}
					]
				},
				{
					"name": "arm_left2",
					"parent": "arm_left",
					"pivot": [9, 26, 0.5],
					"cubes": [
						{"origin": [9, 24.8, -0.9], "size": [7, 2, 2], "inflate": 0.01, "uv": [55, 29]}
					]
				},
				{
					"name": "hand_left",
					"parent": "arm_left2",
					"pivot": [16, 26.8, 0.1]
				},
				{
					"name": "finger_front_left",
					"parent": "hand_left",
					"pivot": [16, 24.8, -0.9],
					"cubes": [
						{"origin": [16, 24.8, -0.9], "size": [3, 2, 0], "uv": [76, 65]}
					]
				},
				{
					"name": "finger_center_left",
					"parent": "hand_left",
					"pivot": [16, 24.8, 0.1],
					"cubes": [
						{"origin": [15.5, 24.8, 0.1], "size": [5, 2, 0], "uv": [76, 11]}
					]
				},
				{
					"name": "finger_back_left",
					"parent": "hand_left",
					"pivot": [16, 24.8, 1.1],
					"cubes": [
						{"origin": [16, 24.8, 1.1], "size": [3, 2, 0], "uv": [76, 58]}
					]
				},
				{
					"name": "arm_right",
					"parent": "arms",
					"pivot": [-2, 26.5, 0],
					"cubes": [
						{"origin": [-9, 25.5, -0.5], "size": [7, 1, 1], "uv": [71, 24]}
					]
				},
				{
					"name": "arm_right2",
					"parent": "arm_right",
					"pivot": [-9, 26, 0.5],
					"cubes": [
						{"origin": [-16, 24.8, -0.9], "size": [7, 2, 2], "inflate": 0.01, "uv": [55, 25]}
					]
				},
				{
					"name": "hand_right",
					"parent": "arm_right2",
					"pivot": [-16, 26.8, 0.1]
				},
				{
					"name": "finger_front_right",
					"parent": "hand_right",
					"pivot": [-16, 24.8, -0.9],
					"cubes": [
						{"origin": [-19, 24.8, -0.9], "size": [3, 2, 0], "uv": [31, 48]}
					]
				},
				{
					"name": "finger_center_right",
					"parent": "hand_right",
					"pivot": [-16, 24.8, 0.1],
					"cubes": [
						{"origin": [-20.5, 24.8, 0.1], "size": [5, 2, 0], "uv": [59, 23]}
					]
				},
				{
					"name": "finger_back_right",
					"parent": "hand_right",
					"pivot": [-16, 24.8, 1.1],
					"cubes": [
						{"origin": [-19, 24.8, 1.1], "size": [3, 2, 0], "uv": [47, 14]}
					]
				},
				{
					"name": "neck",
					"parent": "chest",
					"pivot": [0, 26.5, 0],
					"cubes": [
						{"origin": [-0.5, 25.5, -0.5], "size": [1, 3, 1], "uv": [27, 53]}
					]
				},
				{
					"name": "head",
					"parent": "neck",
					"pivot": [0, 27.5, 0],
					"cubes": [
						{"origin": [-3, 27.5, -2.7], "size": [6, 6, 6], "pivot": [0, 29.5, 0.3], "rotation": [0, 45, 0], "uv": [47, 11]}
					]
				},
				{
					"name": "mouth_open",
					"parent": "head",
					"pivot": [0, 29.6, 0.4],
					"cubes": [
						{"origin": [2, 27.6, -2.6], "size": [1, 1, 1], "inflate": 0.01, "pivot": [0, 29.6, 0.4], "rotation": [0, 45, 0], "uv": [22, 59]}
					]
				},
				{
					"name": "eyes",
					"parent": "head",
					"pivot": [0, 31.5, 3.5]
				},
				{
					"name": "eye_left",
					"parent": "eyes",
					"pivot": [2.75, 30.25, -1.7],
					"rotation": [0, -45, 0]
				},
				{
					"name": "eye_left_rotation",
					"parent": "eye_left",
					"pivot": [2.8, 30.25, -1.35],
					"rotation": [0, 0, -5],
					"cubes": [
						{"origin": [1.05, 28.5, -1.36], "size": [3, 3, 0], "uv": [47, 11]},
						{"origin": [1.05, 29, -1.37], "size": [2, 3, 0], "uv": [55, 54]}
					]
				},
				{
					"name": "pupil_left",
					"parent": "eye_left_rotation",
					"pivot": [2.05, 30.5, -1.38],
					"cubes": [
						{"origin": [1.55, 29.5, -1.38], "size": [1, 2, 0], "uv": [20, 11]}
					]
				},
				{
					"name": "eye_shine_left",
					"parent": "eye_left_rotation",
					"pivot": [2.55, 31, -1.39],
					"cubes": [
						{"origin": [2.05, 30.5, -1.39], "size": [1, 1, 0], "uv": [20, 13]}
					]
				},
				{
					"name": "eyelid_left",
					"parent": "eye_left_rotation",
					"pivot": [2.55, 30, -0.75],
					"cubes": [
						{"origin": [1.05, 28.5, -1.29], "size": [3, 3, 1], "inflate": 0.01, "uv": [76, 50]}
					]
				},
				{
					"name": "eye_right",
					"parent": "eyes",
					"pivot": [-2.75, 30.25, -1.7],
					"rotation": [0, 45, 0]
				},
				{
					"name": "eye_right_rotation",
					"parent": "eye_right",
					"pivot": [-2.8, 30.25, -1.35],
					"rotation": [0, 0, 5],
					"cubes": [
						{"origin": [-4.05, 28.5, -1.36], "size": [3, 3, 0], "uv": [31, 45]},
						{"origin": [-3.05, 29, -1.37], "size": [2, 3, 0], "uv": [55, 51]}
					]
				},
				{
					"name": "pupil_right",
					"parent": "eye_right_rotation",
					"pivot": [-2.05, 30.5, -1.38],
					"cubes": [
						{"origin": [-2.55, 29.5, -1.38], "size": [1, 2, 0], "uv": [11, 11]}
					]
				},
				{
					"name": "eye_shine_right",
					"parent": "eye_right_rotation",
					"pivot": [-2.55, 31, -1.39],
					"cubes": [
						{"origin": [-3.05, 30.5, -1.39], "size": [1, 1, 0], "uv": [11, 13]}
					]
				},
				{
					"name": "eyelid_right",
					"parent": "eye_right_rotation",
					"pivot": [-2.55, 30, -0.75],
					"cubes": [
						{"origin": [-4.05, 28.5, -1.29], "size": [3, 3, 1], "inflate": 0.01, "uv": [73, 26]}
					]
				},
				{
					"name": "hair",
					"parent": "head",
					"pivot": [0, 31.1, -0.35],
					"rotation": [7.5, 0, 0],
					"cubes": [
						{"origin": [-3, 28.1, -3.35], "size": [6, 6, 6], "pivot": [0, 30.1, -0.35], "rotation": [0, 45, 0], "uv": [31, 45]}
					]
				},
				{
					"name": "hair_back",
					"parent": "head",
					"pivot": [0, 34.5, -0.5]
				},
				{
					"name": "hair_back_left",
					"parent": "hair_back",
					"pivot": [4.3, 33.6, 3.35],
					"rotation": [2.5, 10, -2.5],
					"cubes": [
						{"origin": [1.3, 30.6, 0.35], "size": [3, 3, 3], "uv": [71, 30]}
					]
				},
				{
					"name": "hair_back_left2",
					"parent": "hair_back_left",
					"pivot": [4.3, 33.6, 3.35],
					"rotation": [25, 0, 0],
					"cubes": [
						{"origin": [1.3, 29.6, 0.35], "size": [3, 4, 3], "inflate": 0.01, "uv": [71, 17]}
					]
				},
				{
					"name": "hair_back_left3",
					"parent": "hair_back_left2",
					"pivot": [2.8, 29.6, 2.85],
					"rotation": [-45, 0, 0],
					"cubes": [
						{"origin": [1.3, 25.6, -0.15], "size": [3, 4, 3], "uv": [67, 65]}
					]
				},
				{
					"name": "hair_back_left4",
					"parent": "hair_back_left3",
					"pivot": [2.8, 25.6, 2.35],
					"rotation": [-52.5, 0, 0],
					"cubes": [
						{"origin": [1.8, 22.6, 0.35], "size": [2, 3, 2], "inflate": 0.01, "uv": [35, 77]}
					]
				},
				{
					"name": "hair_back_right",
					"parent": "hair_back",
					"pivot": [-4.3, 33.6, 3.35],
					"rotation": [2.5, -10, 2.5],
					"cubes": [
						{"origin": [-4.3, 30.6, 0.35], "size": [3, 3, 3], "uv": [11, 11]}
					]
				},
				{
					"name": "hair_back_right2",
					"parent": "hair_back_right",
					"pivot": [-4.3, 33.6, 3.35],
					"rotation": [25, 0, 0],
					"cubes": [
						{"origin": [-4.3, 29.6, 0.35], "size": [3, 4, 3], "inflate": 0.01, "uv": [67, 58]}
					]
				},
				{
					"name": "hair_back_right3",
					"parent": "hair_back_right2",
					"pivot": [-2.8, 29.6, 2.85],
					"rotation": [-45, 0, 0],
					"cubes": [
						{"origin": [-4.3, 25.6, -0.15], "size": [3, 4, 3], "uv": [67, 51]}
					]
				},
				{
					"name": "hair_back_right4",
					"parent": "hair_back_right3",
					"pivot": [-2.8, 25.6, 2.35],
					"rotation": [-52.5, 0, 0],
					"cubes": [
						{"origin": [-3.8, 22.6, 0.35], "size": [2, 3, 2], "inflate": 0.01, "uv": [27, 76]}
					]
				},
				{
					"name": "head_side_left",
					"parent": "head",
					"pivot": [4, 28, 0.05],
					"rotation": [10, 45, 0],
					"cubes": [
						{"origin": [4, 28, 0.05], "size": [0, 5, 5], "uv": [29, 66]},
						{"origin": [4, 31, 0.05], "size": [0, 2, 8], "pivot": [4, 28, 0.05], "rotation": [15, 0, 0], "uv": [39, 75]}
					]
				},
				{
					"name": "head_side_right",
					"parent": "head",
					"pivot": [-4, 28, 0.05],
					"rotation": [10, -45, 0],
					"cubes": [
						{"origin": [-4, 31, 0.05], "size": [0, 2, 8], "pivot": [-4, 28, 0.05], "rotation": [15, 0, 0], "uv": [39, 77], "mirror": true},
						{"origin": [-4, 28, 0.05], "size": [0, 5, 5], "uv": [19, 66]}
					]
				},
				{
					"name": "legs",
					"parent": "body",
					"pivot": [0, 17, 0]
				},
				{
					"name": "leg_left",
					"parent": "legs",
					"pivot": [1.8, 16.5, 0],
					"cubes": [
						{"origin": [0.8, 9, -1], "size": [1, 8, 2], "uv": [61, 75]}
					]
				},
				{
					"name": "leg_left2",
					"parent": "leg_left",
					"pivot": [1.3, 9, -1],
					"cubes": [
						{"origin": [0.8, 0, -1], "size": [1, 9, 1], "uv": [23, 76]}
					]
				},
				{
					"name": "leg_right",
					"parent": "legs",
					"pivot": [-1.8, 16.5, 0],
					"cubes": [
						{"origin": [-1.8, 9, -1], "size": [1, 8, 2], "uv": [55, 73]}
					]
				},
				{
					"name": "leg_right2",
					"parent": "leg_right",
					"pivot": [-1.3, 9, -1],
					"cubes": [
						{"origin": [-1.8, 0, -1], "size": [1, 9, 1], "uv": [19, 76]}
					]
				}
			]
		}
	]
}