{
	"format_version": "1.12.0",
	"minecraft:geometry": [
		{
			"description": {
				"identifier": "geometry.zangoose",
				"texture_width": 96,
				"texture_height": 96,
				"visible_bounds_width": 5,
				"visible_bounds_height": 3.5,
				"visible_bounds_offset": [0, 1.25, 0]
			},
			"bones": [
				{
					"name": "zangoose",
					"pivot": [0, 0.6, 0]
				},
				{
					"name": "body",
					"parent": "zangoose",
					"pivot": [0, 13.6, -1],
					"cubes": [
						{"origin": [-5.5, 6.5, 4.12401], "size": [11, 8, 12], "pivot": [0, 18.02999, 4.3], "rotation": [171, 0, 180], "uv": [0, 0]}
					]
				},
				{
					"name": "chest",
					"parent": "body",
					"pivot": [0, 13.6, -1],
					"cubes": [
						{"origin": [-5, 13.5, 4.62401], "size": [10, 8, 11], "inflate": 0.001, "pivot": [0, 18.02999, 4.3], "rotation": [171, 0, 180], "uv": [0, 20]}
					]
				},
				{
					"name": "head",
					"parent": "chest",
					"pivot": [0, 20.35, -3.5],
					"cubes": [
						{"origin": [0.5, 26.13034, 12.37157], "size": [1, 1, 1], "inflate": 0.001, "pivot": [0.5, 19.42999, 2.9], "rotation": [158.5, 0, 180], "uv": [8, 0]},
						{"origin": [-3, 24.13034, 11.37157], "size": [6, 3, 2], "pivot": [0, 19.42999, 2.9], "rotation": [158.5, 0, 180], "uv": [63, 47]},
						{"origin": [-4.5, 20.5, 3.72401], "size": [9, 8, 10], "pivot": [0, 19.02999, 2.9], "rotation": [176.5, 0, 180], "uv": [32, 29]}
					]
				},
				{
					"name": "left_ear",
					"parent": "head",
					"pivot": [2.75, 27.6, -5],
					"cubes": [
						{"origin": [-0.73058, 23.75795, 10.61019], "size": [2, 8, 4], "pivot": [2.4, 19.02999, 2.9], "rotation": [-159.59913, -24.33604, -167.9347], "uv": [0, 0]},
						{"origin": [0.26942, 30.75795, 10.61019], "size": [0, 5, 4], "pivot": [2.4, 19.02999, 2.9], "rotation": [-159.59913, -24.33604, -167.9347], "uv": [0, 67], "mirror": true}
					]
				},
				{
					"name": "right_ear",
					"parent": "head",
					"pivot": [-2.75, 27.6, -5],
					"cubes": [
						{"origin": [-1.26942, 23.75795, 10.61019], "size": [2, 8, 4], "pivot": [-2.4, 19.02999, 2.9], "rotation": [-159.59913, 24.33604, 167.9347], "uv": [0, 39]},
						{"origin": [-0.26942, 30.75795, 10.61019], "size": [0, 5, 4], "pivot": [-2.4, 19.02999, 2.9], "rotation": [-159.59913, 24.33604, 167.9347], "uv": [0, 62]}
					]
				},
				{
					"name": "eyes",
					"parent": "head",
					"pivot": [0, 0.6, 0],
					"cubes": [
						{"origin": [0, 23.02807, -8.16829], "size": [3, 2, 0], "pivot": [1.5, 24.92807, -8.26829], "rotation": [176.56415, -0.66743, 158.02002], "uv": [8, 39]},
						{"origin": [-3, 23.02807, -8.16829], "size": [3, 2, 0], "pivot": [-1.5, 24.92807, -8.26829], "rotation": [176.56415, 0.66743, -158.02002], "uv": [31, 26]}
					]
				},
				{
					"name": "lids",
					"parent": "eyes",
					"pivot": [0, 0.6, 1],
					"cubes": [
						{"origin": [-3, 22.02807, -7.16829], "size": [3, 3, 0], "inflate": 0.002, "pivot": [-1.5, 24.92807, -7.26829], "rotation": [176.56415, 0.66743, -158.02002], "uv": [31, 23]},
						{"origin": [0, 22.02807, -7.16829], "size": [3, 3, 0], "inflate": 0.002, "pivot": [1.5, 24.92807, -7.26829], "rotation": [176.56415, -0.66743, 158.02002], "uv": [31, 20]}
					]
				},
				{
					"name": "right_arm",
					"parent": "chest",
					"pivot": [-5, 18.1, -1.5],
					"cubes": [
						{"origin": [4, 17.3, 7.62401], "size": [8, 4, 5], "inflate": 0.01, "pivot": [0, 19.82999, 4.3], "rotation": [171, 0, 180], "uv": [0, 57]}
					]
				},
				{
					"name": "right_forearm",
					"parent": "right_arm",
					"pivot": [-12, 18.1, -1.5],
					"cubes": [
						{"origin": [-5, 17.3, 7.62401], "size": [9, 4, 5], "pivot": [-8, 19.82999, 4.3], "rotation": [171, 0, 180], "uv": [34, 0]},
						{"origin": [-19.06942, 18.35795, -4.58981], "size": [0, 5, 4], "pivot": [-19.06942, 20.85795, -2.58981], "rotation": [7.14195, 16.4881, -63.49188], "uv": [0, 16]}
					]
				},
				{
					"name": "right_claw1",
					"parent": "right_forearm",
					"pivot": [-19.25, 19.35, -3],
					"cubes": [
						{"origin": [-13, 19.6, 10.52401], "size": [4, 2, 2], "pivot": [-16, 19.82999, 4.3], "rotation": [171, 0, 180], "uv": [22, 45]},
						{"origin": [-9, 21.5, 11.42401], "size": [5, 2, 0], "pivot": [-16, 21.72999, 4.3], "rotation": [171, 0, 164], "uv": [31, 28]}
					]
				},
				{
					"name": "right_claw2",
					"parent": "right_forearm",
					"pivot": [-19.25, 19.85, -0.5],
					"cubes": [
						{"origin": [-13, 19.6, 8.02401], "size": [4, 2, 2], "pivot": [-16, 19.82999, 4.3], "rotation": [171, 0, 180], "uv": [44, 47]},
						{"origin": [-9, 21.5, 8.92401], "size": [5, 2, 0], "pivot": [-16, 21.72999, 4.3], "rotation": [171, 0, 164], "uv": [34, 9]}
					]
				},
				{
					"name": "right_thumb",
					"parent": "right_forearm",
					"pivot": [-18, 16.35, -3.25],
					"cubes": [
						{"origin": [-21.05066, 14.92697, -1.86902], "size": [1, 3, 1], "pivot": [-19.55066, 16.92697, -2.36902], "rotation": [-168.85224, 3.82531, -120.43755], "uv": [0, 0]}
					]
				},
				{
					"name": "left_arm",
					"parent": "chest",
					"pivot": [5, 18.1, -1.5],
					"cubes": [
						{"origin": [-12, 17.3, 7.62401], "size": [8, 4, 5], "inflate": 0.01, "pivot": [0, 19.82999, 4.3], "rotation": [171, 0, -180], "uv": [0, 57], "mirror": true}
					]
				},
				{
					"name": "left_forearm",
					"parent": "left_arm",
					"pivot": [12, 18.1, -1.5],
					"cubes": [
						{"origin": [-4, 17.3, 7.62401], "size": [9, 4, 5], "pivot": [8, 19.82999, 4.3], "rotation": [171, 0, -180], "uv": [34, 0], "mirror": true},
						{"origin": [19.06942, 18.35795, -4.58981], "size": [0, 5, 4], "pivot": [19.06942, 20.85795, -2.58981], "rotation": [7.14195, -16.4881, 63.49188], "uv": [0, 16], "mirror": true}
					]
				},
				{
					"name": "left_claw1",
					"parent": "left_forearm",
					"pivot": [19.25, 19.35, -3],
					"cubes": [
						{"origin": [9, 19.6, 10.52401], "size": [4, 2, 2], "pivot": [16, 19.82999, 4.3], "rotation": [171, 0, -180], "uv": [22, 45], "mirror": true},
						{"origin": [4, 21.5, 11.42401], "size": [5, 2, 0], "pivot": [16, 21.72999, 4.3], "rotation": [171, 0, -164], "uv": [31, 28], "mirror": true}
					]
				},
				{
					"name": "left_claw2",
					"parent": "left_forearm",
					"pivot": [19.25, 19.85, -0.5],
					"cubes": [
						{"origin": [9, 19.6, 8.02401], "size": [4, 2, 2], "pivot": [16, 19.82999, 4.3], "rotation": [171, 0, -180], "uv": [44, 47], "mirror": true},
						{"origin": [4, 21.5, 8.92401], "size": [5, 2, 0], "pivot": [16, 21.72999, 4.3], "rotation": [171, 0, -164], "uv": [34, 9], "mirror": true}
					]
				},
				{
					"name": "left_thumb",
					"parent": "left_forearm",
					"pivot": [18, 16.35, -3.25],
					"cubes": [
						{"origin": [20.05066, 14.92697, -1.86902], "size": [1, 3, 1], "pivot": [19.55066, 16.92697, -2.36902], "rotation": [-168.85224, -3.82531, 120.43755], "uv": [0, 0], "mirror": true}
					]
				},
				{
					"name": "right_fluff",
					"parent": "chest",
					"pivot": [-4.75, 20.35, -2],
					"cubes": [
						{"origin": [-5.32443, 19.13197, -2.05145], "size": [0, 5, 8], "pivot": [-5.32443, 21.63197, -0.05145], "rotation": [176.87648, -17.77906, 139.4029], "uv": [26, 54]}
					]
				},
				{
					"name": "left_fluff",
					"parent": "chest",
					"pivot": [4.75, 20.35, -2],
					"cubes": [
						{"origin": [5.32443, 19.13197, -2.05145], "size": [0, 5, 8], "pivot": [5.32443, 21.63197, -0.05145], "rotation": [176.87648, 17.77906, -139.4029], "uv": [26, 54], "mirror": true}
					]
				},
				{
					"name": "tail",
					"parent": "body",
					"pivot": [0, 10.85, 4],
					"cubes": [
						{"origin": [-5, 8.26268, -0.15472], "size": [10, 8, 9], "pivot": [0, 18.02999, 4.2], "rotation": [148, 0, 180], "uv": [37, 11]}
					]
				},
				{
					"name": "tailend1",
					"parent": "tail",
					"pivot": [0, 16.6, 8],
					"cubes": [
						{"origin": [-1.2, 12.26268, -8.95472], "size": [4, 4, 14], "inflate": 0.002, "pivot": [0, 18.02999, 4.2], "rotation": [130, 0, 180], "uv": [0, 39]}
					]
				},
				{
					"name": "tailend2",
					"parent": "tail",
					"pivot": [0, 15.35, 10],
					"cubes": [
						{"origin": [-1.2, 10.46268, -9.35472], "size": [4, 4, 11], "inflate": 0.001, "pivot": [0, 18.02999, 4.2], "rotation": [149, 0, 180], "uv": [25, 47]}
					]
				},
				{
					"name": "tailend3",
					"parent": "tail",
					"pivot": [0, 12.1, 10.25],
					"cubes": [
						{"origin": [-1.2, 8.96268, -9.35472], "size": [4, 4, 11], "pivot": [0, 18.02999, 4.2], "rotation": [168, 0, 180], "uv": [44, 51]}
					]
				},
				{
					"name": "right_leg",
					"parent": "body",
					"pivot": [-3.5, 6.6, 0],
					"cubes": [
						{"origin": [-0.03141, 2.49185, 7.94936], "size": [5, 4, 6], "pivot": [0, 18.02999, 5.9], "rotation": [-175, -5.5, 180], "uv": [60, 28]}
					]
				},
				{
					"name": "right_foot",
					"parent": "right_leg",
					"pivot": [-3.5, 3.35, 0],
					"cubes": [
						{"origin": [-0.03141, 0.1, 9.27963], "size": [5, 3, 6], "pivot": [0, 18.02999, 5.9], "rotation": [180, -5.5, 180], "uv": [62, 0]}
					]
				},
				{
					"name": "left_leg",
					"parent": "body",
					"pivot": [3.5, 6.6, 0],
					"cubes": [
						{"origin": [-4.96859, 2.49185, 7.94936], "size": [5, 4, 6], "pivot": [0, 18.02999, 5.9], "rotation": [-175, 5.5, -180], "uv": [60, 28], "mirror": true}
					]
				},
				{
					"name": "left_foot",
					"parent": "left_leg",
					"pivot": [3.5, 3.35, 0],
					"cubes": [
						{"origin": [-4.96859, 0.1, 9.27963], "size": [5, 3, 6], "pivot": [0, 18.02999, 5.9], "rotation": [180, 5.5, -180], "uv": [62, 0], "mirror": true}
					]
				}
			]
		}
	]
}