{
	"format_version": "1.12.0",
	"minecraft:geometry": [
		{
			"description": {
				"identifier": "geometry.vullaby",
				"texture_width": 64,
				"texture_height": 64,
				"visible_bounds_width": 3,
				"visible_bounds_height": 2.5,
				"visible_bounds_offset": [0, 0.75, 0]
			},
			"bones": [
				{
					"name": "vullaby",
					"pivot": [0, 0, 0]
				},
				{
					"name": "body",
					"parent": "vullaby",
					"pivot": [0, 0, 0]
				},
				{
					"name": "torso",
					"parent": "body",
					"pivot": [0, -1, 0]
				},
				{
					"name": "skull",
					"parent": "torso",
					"pivot": [0, 5, 0],
					"cubes": [
						{"origin": [-5.5, 3, -5], "size": [11, 5, 10], "uv": [0, 0]},
						{"origin": [-1, 9, -5.01], "size": [2, 2, 0], "uv": [30, 21]},
						{"origin": [-5.5, 8, -5], "size": [11, 3, 0], "uv": [26, 18]},
						{"origin": [-5.5, 8, -5], "size": [0, 1, 10], "uv": [18, 23]},
						{"origin": [5.5, 8, -5], "size": [0, 1, 10], "uv": [18, 22]},
						{"origin": [-5.5, 8, 5], "size": [11, 3, 0], "uv": [26, 15]}
					]
				},
				{
					"name": "torso_top",
					"parent": "torso",
					"pivot": [0, 8, 0],
					"cubes": [
						{"origin": [-4.5, 7, -4], "size": [9, 5, 8], "uv": [0, 15]}
					]
				},
				{
					"name": "neck_fluff",
					"parent": "torso_top",
					"pivot": [0, 12, 0],
					"cubes": [
						{"origin": [-4, 10.5, -3.5], "size": [8, 4, 7], "uv": [27, 21]},
						{"origin": [-4, 12.75, -3.5], "size": [8, 2, 0], "pivot": [0, 12.75, -3.5], "rotation": [7.5, 0, 0], "uv": [44, 11]},
						{"origin": [-4, 11.75, -3.5], "size": [8, 2, 0], "pivot": [0, 13.75, -3.5], "rotation": [-7.5, 0, 0], "uv": [44, 9]},
						{"origin": [-4, 12.75, -3.5], "size": [0, 2, 7], "pivot": [-4, 12.75, 0], "rotation": [0, 0, -7.5], "uv": [26, 32]},
						{"origin": [-4, 11.75, -3.5], "size": [0, 2, 7], "pivot": [-4, 13.75, 0], "rotation": [0, 0, 7.5], "uv": [12, 32]},
						{"origin": [-4, 13.25, -4.5], "size": [8, 0, 1], "uv": [19, 41]},
						{"origin": [-5, 13.25, -3.5], "size": [1, 0, 7], "uv": [35, 7]},
						{"origin": [4, 11.75, -3.5], "size": [0, 2, 7], "pivot": [4, 13.75, 0], "rotation": [0, 0, -7.5], "uv": [24, 29]},
						{"origin": [4, 13.25, -3.5], "size": [1, 0, 7], "uv": [0, 0]},
						{"origin": [4, 12.75, -3.5], "size": [0, 2, 7], "pivot": [4, 12.75, 0], "rotation": [0, 0, 7.5], "uv": [24, 27]},
						{"origin": [-4, 11.75, 3.5], "size": [8, 2, 0], "pivot": [0, 13.75, 3.5], "rotation": [7.5, 0, 0], "uv": [44, 7]},
						{"origin": [-4, 13.25, 3.5], "size": [8, 0, 1], "uv": [41, 14]},
						{"origin": [-4, 12.75, 3.5], "size": [8, 2, 0], "pivot": [0, 12.75, 3.5], "rotation": [-7.5, 0, 0], "uv": [20, 42]}
					]
				},
				{
					"name": "eyelid_right",
					"parent": "neck_fluff",
					"pivot": [-1.5, 16.5, 0.5],
					"cubes": [
						{"origin": [-2.5, 15.5, -0.5], "size": [2, 2, 2], "inflate": 0.02, "uv": [4, 54]}
					]
				},
				{
					"name": "eyelid_left",
					"parent": "neck_fluff",
					"pivot": [1.25, 16.5, 0.5],
					"cubes": [
						{"origin": [0.25, 15.5, -0.5], "size": [2, 2, 2], "inflate": 0.02, "uv": [8, 54]}
					]
				},
				{
					"name": "head",
					"parent": "neck_fluff",
					"pivot": [0, 14, 0],
					"cubes": [
						{"origin": [-3, 13.5, -3], "size": [6, 5, 6], "uv": [0, 28]},
						{"origin": [-0.5, 15.5, -4], "size": [1, 1, 1], "inflate": 0.01, "uv": [23, 28]},
						{"origin": [-0.5, 15, -3.75], "size": [1, 1, 1], "uv": [26, 21]}
					]
				},
				{
					"name": "eyes",
					"parent": "head",
					"pivot": [0, 16.5, -2.5],
					"cubes": [
						{"origin": [1.5, 16, -3], "size": [1, 1, 1], "inflate": 0.01, "uv": [3, 4]},
						{"origin": [-2.5, 16, -3], "size": [1, 1, 1], "inflate": 0.01, "uv": [0, 5]}
					]
				},
				{
					"name": "hair",
					"parent": "head",
					"pivot": [0, 17, 3],
					"cubes": [
						{"origin": [0, 16, 2], "size": [0, 6, 6], "uv": [0, 33]}
					]
				},
				{
					"name": "wing_right",
					"parent": "torso_top",
					"pivot": [-4.5, 12.5, 0],
					"cubes": [
						{"origin": [-7.5, 12, -2], "size": [4, 1, 4], "uv": [8, 41]}
					]
				},
				{
					"name": "wing_right2",
					"parent": "wing_right",
					"pivot": [-7, 12.5, 0],
					"cubes": [
						{"origin": [-11, 12, -3], "size": [4, 1, 6], "inflate": 0.01, "uv": [32, 32]}
					]
				},
				{
					"name": "feather_right_front",
					"parent": "wing_right2",
					"pivot": [-11, 12.5, -2],
					"cubes": [
						{"origin": [-15, 12, -3], "size": [4, 1, 2], "uv": [34, 44]}
					]
				},
				{
					"name": "feather_right",
					"parent": "wing_right2",
					"pivot": [-11, 12.5, 0],
					"cubes": [
						{"origin": [-14, 12, -1], "size": [3, 1, 2], "uv": [32, 7]}
					]
				},
				{
					"name": "feather_right_back",
					"parent": "wing_right2",
					"pivot": [-11, 12.5, 2],
					"cubes": [
						{"origin": [-13, 12, 1], "size": [2, 1, 2], "uv": [46, 3]}
					]
				},
				{
					"name": "wing_left",
					"parent": "torso_top",
					"pivot": [4.5, 12.5, 0],
					"cubes": [
						{"origin": [3.5, 12, -2], "size": [4, 1, 4], "uv": [36, 39]}
					]
				},
				{
					"name": "wing_left2",
					"parent": "wing_left",
					"pivot": [7, 12.5, 0],
					"cubes": [
						{"origin": [7, 12, -3], "size": [4, 1, 6], "inflate": 0.01, "uv": [32, 0]}
					]
				},
				{
					"name": "feather_left_front",
					"parent": "wing_left2",
					"pivot": [11, 12.5, -2],
					"cubes": [
						{"origin": [11, 12, -3], "size": [4, 1, 2], "uv": [22, 44]}
					]
				},
				{
					"name": "feather_left",
					"parent": "wing_left2",
					"pivot": [11, 12.5, 0],
					"cubes": [
						{"origin": [11, 12, -1], "size": [3, 1, 2], "uv": [0, 7]}
					]
				},
				{
					"name": "feather_left_back",
					"parent": "wing_left2",
					"pivot": [11, 12.5, 2],
					"cubes": [
						{"origin": [11, 12, 1], "size": [2, 1, 2], "uv": [0, 45]}
					]
				},
				{
					"name": "leg_right",
					"parent": "body",
					"pivot": [-4, 3, -0.5],
					"rotation": [0, 12.5, 0],
					"cubes": [
						{"origin": [-4.5, 0.5, -1.5], "size": [1, 4, 1], "uv": [32, 0]}
					]
				},
				{
					"name": "leg_right2",
					"parent": "leg_right",
					"pivot": [-4, 1, -1],
					"cubes": [
						{"origin": [-4.5, 0, -4], "size": [1, 1, 2], "uv": [0, 31]},
						{"origin": [-5, 0, -3], "size": [1, 1, 3], "pivot": [-5, 0.5, 0], "rotation": [0, 27.5, 0], "uv": [43, 44]},
						{"origin": [-5, 0, -2], "size": [2, 1, 2], "inflate": 0.01, "uv": [6, 46]},
						{"origin": [-4.5, 0, -4], "size": [0, 1, 1], "pivot": [-5, 0.5, 0], "rotation": [0, 27.5, 0], "uv": [0, 7]},
						{"origin": [-4, 0, -5], "size": [0, 1, 1], "uv": [0, 6]},
						{"origin": [-4, 0, -3], "size": [1, 1, 3], "pivot": [-3, 0.5, 0], "rotation": [0, -27.5, 0], "uv": [18, 28]},
						{"origin": [-3.5, 0, -4], "size": [0, 1, 1], "pivot": [-3, 0.5, 0], "rotation": [0, -27.5, 0], "uv": [4, 5]}
					]
				},
				{
					"name": "leg_left",
					"parent": "body",
					"pivot": [4, 3, -0.5],
					"rotation": [0, -12.5, 0],
					"cubes": [
						{"origin": [3.5, 0.5, -1.5], "size": [1, 4, 1], "uv": [0, 0]}
					]
				},
				{
					"name": "leg_left2",
					"parent": "leg_left",
					"pivot": [4, 1, -1],
					"cubes": [
						{"origin": [3.5, 0, -4], "size": [1, 1, 2], "uv": [0, 28]},
						{"origin": [4, 0, -3], "size": [1, 1, 3], "pivot": [5, 0.5, 0], "rotation": [0, -27.5, 0], "uv": [0, 19]},
						{"origin": [3, 0, -2], "size": [2, 1, 2], "inflate": 0.01, "uv": [46, 0]},
						{"origin": [4.5, 0, -4], "size": [0, 1, 1], "pivot": [5, 0.5, 0], "rotation": [0, -27.5, 0], "uv": [4, 2]},
						{"origin": [4, 0, -5], "size": [0, 1, 1], "uv": [4, 1]},
						{"origin": [3, 0, -3], "size": [1, 1, 3], "pivot": [3, 0.5, 0], "rotation": [0, 27.5, 0], "uv": [0, 15]},
						{"origin": [3.5, 0, -4], "size": [0, 1, 1], "pivot": [3, 0.5, 0], "rotation": [0, 27.5, 0], "uv": [4, 0]}
					]
				}
			]
		}
	]
}