{
	"format_version": "1.12.0",
	"minecraft:geometry": [
		{
			"description": {
				"identifier": "geometry.megamewtwox",
				"texture_width": 70,
				"texture_height": 140,
				"visible_bounds_width": 5,
				"visible_bounds_height": 5,
				"visible_bounds_offset": [0, 1.5, 0]
			},
			"bones": [
				{
					"name": "megamewtwox",
					"pivot": [0, 0, 0]
				},
				{
					"name": "body",
					"parent": "megamewtwox",
					"pivot": [0, 13.75, -1],
					"cubes": [
						{"origin": [-3.5, 5.75, -3.5], "size": [7, 8, 5], "uv": [23, 43]},
						{"origin": [-2.5, 16, -3.5], "size": [1, 5, 5], "inflate": -0.02, "pivot": [-2, 18.5, -1], "rotation": [0, 0, -22.5], "uv": [18, 17]},
						{"origin": [1.5, 16, -3.5], "size": [1, 5, 5], "inflate": -0.02, "pivot": [2, 18.5, -1], "rotation": [0, 0, 22.5], "uv": [40, 17]},
						{"origin": [-2.5, 13.75, -3], "size": [5, 6, 4], "uv": [26, 33]}
					]
				},
				{
					"name": "leftleg",
					"parent": "body",
					"pivot": [3.5, 10, -1.75],
					"cubes": [
						{"origin": [2, 5, -4.25], "size": [3, 7, 5], "uv": [39, 56]},
						{"origin": [4.5, 9, -4.25], "size": [1, 1, 5], "inflate": -0.001, "uv": [55, 56]},
						{"origin": [4.5, 7, -4.25], "size": [1, 1, 5], "inflate": -0.001, "uv": [55, 62]}
					]
				},
				{
					"name": "leftknee",
					"parent": "leftleg",
					"pivot": [3.5, 5, -0.75],
					"cubes": [
						{"origin": [2.5, 0.5, -1.75], "size": [2, 5, 2], "uv": [43, 68]}
					]
				},
				{
					"name": "leftfoot",
					"parent": "leftknee",
					"pivot": [3.5, 1, -0.75],
					"cubes": [
						{"origin": [2.5, 0, -4.75], "size": [2, 1, 5], "inflate": 0.01, "uv": [40, 75]},
						{"origin": [4, -0.25, -6.25], "size": [1, 1, 2], "pivot": [4, 0.25, -4.25], "rotation": [0, -5, 0], "uv": [50, 81]},
						{"origin": [2, -0.25, -6.25], "size": [1, 1, 2], "pivot": [3, 0.25, -4.25], "rotation": [0, 5, 0], "uv": [38, 81]},
						{"origin": [3, -0.25, -6.25], "size": [1, 1, 2], "uv": [44, 81]}
					]
				},
				{
					"name": "rightleg",
					"parent": "body",
					"pivot": [-3.5, 10, -1.75],
					"cubes": [
						{"origin": [-5, 5, -4.25], "size": [3, 7, 5], "uv": [16, 56]},
						{"origin": [-5.5, 9, -4.25], "size": [1, 1, 5], "inflate": -0.001, "uv": [4, 56]},
						{"origin": [-5.5, 7, -4.25], "size": [1, 1, 5], "inflate": -0.001, "uv": [4, 62]}
					]
				},
				{
					"name": "rightknee",
					"parent": "rightleg",
					"pivot": [-3.5, 5, -0.75],
					"cubes": [
						{"origin": [-4.5, 0.5, -1.75], "size": [2, 5, 2], "uv": [20, 68]}
					]
				},
				{
					"name": "rightfoot",
					"parent": "rightknee",
					"pivot": [-3.5, 1, -0.75],
					"cubes": [
						{"origin": [-4.5, 0, -4.75], "size": [2, 1, 5], "inflate": 0.01, "uv": [17, 75]},
						{"origin": [-5, -0.25, -6.25], "size": [1, 1, 2], "pivot": [-4, 0.25, -4.25], "rotation": [0, 5, 0], "uv": [15, 81]},
						{"origin": [-4, -0.25, -6.25], "size": [1, 1, 2], "uv": [21, 81]},
						{"origin": [-3, -0.25, -6.25], "size": [1, 1, 2], "pivot": [-3, 0.25, -4.25], "rotation": [0, -5, 0], "uv": [27, 81]}
					]
				},
				{
					"name": "tail",
					"parent": "body",
					"pivot": [0, 5.75, -1.25],
					"cubes": [
						{"origin": [-2.5, 5.25, -2.5], "size": [5, 4, 7], "inflate": 0.01, "uv": [23, 85]}
					]
				},
				{
					"name": "tail2",
					"parent": "tail",
					"pivot": [0, 7.25, 4.5],
					"cubes": [
						{"origin": [-1.5, 5.25, 4], "size": [3, 4, 5], "uv": [27, 96]}
					]
				},
				{
					"name": "tail3",
					"parent": "tail2",
					"pivot": [0, 7.25, 9],
					"cubes": [
						{"origin": [-1, 5.75, 8.5], "size": [2, 3, 5], "inflate": 0.02, "uv": [28, 105]}
					]
				},
				{
					"name": "tail4",
					"parent": "tail3",
					"pivot": [0, 7.25, 13.5],
					"cubes": [
						{"origin": [-1, 5.75, 13], "size": [2, 3, 5], "inflate": 0.01, "uv": [28, 113]}
					]
				},
				{
					"name": "tail5",
					"parent": "tail4",
					"pivot": [0, 7.25, 18],
					"cubes": [
						{"origin": [-1, 6.25, 17.5], "size": [2, 2, 5], "uv": [28, 121]}
					]
				},
				{
					"name": "tail6",
					"parent": "tail5",
					"pivot": [0, 7.25, 22.5],
					"cubes": [
						{"origin": [-1, 5.75, 22], "size": [2, 3, 6], "inflate": 0.01, "uv": [27, 128]}
					]
				},
				{
					"name": "neck",
					"parent": "body",
					"pivot": [0, 20, -1],
					"cubes": [
						{"origin": [-1, 19.75, -2], "size": [2, 3, 2], "uv": [31, 20]}
					]
				},
				{
					"name": "head",
					"parent": "neck",
					"pivot": [0, 21.75, -1],
					"cubes": [
						{"origin": [-2.5, 21.75, -3.5], "size": [5, 4, 5], "uv": [25, 7]},
						{"origin": [-1.5, 21.5, -5], "size": [3, 2, 2], "pivot": [0, 22.5, -4], "rotation": [10, 0, 0], "uv": [30, 16]},
						{"origin": [2.5, 25.5, -2.75], "size": [0, 4, 5], "pivot": [2.5, 27, -1.25], "rotation": [0, 5, 10], "uv": [35, -2]},
						{"origin": [-2.5, 25.5, -2.75], "size": [0, 4, 5], "pivot": [-2.5, 27, -1.25], "rotation": [0, -5, -10], "uv": [25, -2]}
					]
				},
				{
					"name": "righteye",
					"parent": "head",
					"pivot": [-2.55, 24, -2.25],
					"cubes": [
						{"origin": [-2.55, 23, -3.25], "size": [0, 2, 2], "pivot": [-2.55, 24, -2.25], "rotation": [5, 0, 0], "uv": [26, 8]}
					]
				},
				{
					"name": "lefteye",
					"parent": "head",
					"pivot": [2.55, 24, -2.25],
					"cubes": [
						{"origin": [2.55, 23, -3.25], "size": [0, 2, 2], "pivot": [2.55, 24, -2.25], "rotation": [5, 0, 0], "uv": [40, 8]}
					]
				},
				{
					"name": "lefteyelid",
					"parent": "head",
					"pivot": [1.8, 24, -2.25],
					"cubes": [
						{"origin": [1.3, 23, -3.25], "size": [1, 2, 2], "pivot": [2.3, 24, 0.75], "rotation": [5, 0, 0], "uv": [44, 8]}
					]
				},
				{
					"name": "righteyelid",
					"parent": "head",
					"pivot": [-1.8, 24, -2.25],
					"cubes": [
						{"origin": [-2.3, 23, -3.25], "size": [1, 2, 2], "pivot": [-2.3, 24, 0.75], "rotation": [5, 0, 0], "uv": [20, 8]}
					]
				},
				{
					"name": "cord",
					"parent": "head",
					"pivot": [0, 23.25, 1],
					"cubes": [
						{"origin": [1, 17.75, 0.5], "size": [0, 6, 3], "uv": [29, 24]},
						{"origin": [-1, 17.75, 0.5], "size": [0, 6, 3], "uv": [35, 24]}
					]
				},
				{
					"name": "leftarm",
					"parent": "body",
					"pivot": [2.5, 19.25, -1],
					"cubes": [
						{"origin": [2.5, 17.75, -2], "size": [5, 2, 2], "uv": [44, 35]}
					]
				},
				{
					"name": "leftforearm",
					"parent": "leftarm",
					"pivot": [7.5, 18.75, 0],
					"cubes": [
						{"origin": [7.5, 17.25, -2.5], "size": [5, 3, 3], "uv": [42, 40]},
						{"origin": [8.5, 19.75, -2.5], "size": [1, 1, 3], "inflate": -0.001, "uv": [55, 43]},
						{"origin": [10.5, 19.75, -2.5], "size": [1, 1, 3], "inflate": -0.001, "uv": [60, 44]}
					]
				},
				{
					"name": "lefthand",
					"parent": "leftforearm",
					"pivot": [12.5, 18.75, -1],
					"cubes": [
						{"origin": [12.5, 17.75, -2.5], "size": [2, 2, 3], "inflate": 0.02, "uv": [48, 46]}
					]
				},
				{
					"name": "finger4",
					"parent": "lefthand",
					"pivot": [14.25, 19, -1],
					"cubes": [
						{"origin": [14.25, 18.5, -1.5], "size": [3, 1, 1], "uv": [58, 51]}
					]
				},
				{
					"name": "finger5",
					"parent": "lefthand",
					"pivot": [14, 18.75, 0.25],
					"cubes": [
						{"origin": [14, 18.25, -0.25], "size": [3, 1, 1], "uv": [58, 49]}
					]
				},
				{
					"name": "finger6",
					"parent": "lefthand",
					"pivot": [14, 18.75, -2.25],
					"cubes": [
						{"origin": [14, 18.25, -2.75], "size": [3, 1, 1], "uv": [58, 53]}
					]
				},
				{
					"name": "rightarm",
					"parent": "body",
					"pivot": [-2.5, 19.25, -1],
					"cubes": [
						{"origin": [-7.5, 17.75, -2], "size": [5, 2, 2], "uv": [12, 35]}
					]
				},
				{
					"name": "rightforearm",
					"parent": "rightarm",
					"pivot": [-7.5, 18.75, 0],
					"cubes": [
						{"origin": [-12.5, 17.25, -2.5], "size": [5, 3, 3], "uv": [12, 40]},
						{"origin": [-9.5, 19.75, -2.5], "size": [1, 1, 3], "inflate": -0.001, "uv": [7, 43]},
						{"origin": [-11.5, 19.75, -2.5], "size": [1, 1, 3], "inflate": -0.001, "uv": [2, 44]}
					]
				},
				{
					"name": "righthand",
					"parent": "rightforearm",
					"pivot": [-12.5, 18.75, -1],
					"cubes": [
						{"origin": [-14.5, 17.75, -2.5], "size": [2, 2, 3], "inflate": 0.02, "uv": [12, 46]}
					]
				},
				{
					"name": "finger",
					"parent": "righthand",
					"pivot": [-14.25, 19, -1],
					"cubes": [
						{"origin": [-17.25, 18.5, -1.5], "size": [3, 1, 1], "uv": [4, 51]}
					]
				},
				{
					"name": "finger2",
					"parent": "righthand",
					"pivot": [-14, 18.75, 0.25],
					"cubes": [
						{"origin": [-17, 18.25, -0.25], "size": [3, 1, 1], "uv": [4, 49]}
					]
				},
				{
					"name": "finger3",
					"parent": "righthand",
					"pivot": [-14, 18.75, -2.25],
					"cubes": [
						{"origin": [-17, 18.25, -2.75], "size": [3, 1, 1], "uv": [4, 53]}
					]
				}
			]
		}
	]
}