{
    "head": "head",
    "portraitScale": 1.5,
    "portraitTranslation": [-0.6, 3.4, 0],
    "profileScale": 0.55,
    "profileTranslation": [0, 0.8, 0],
    "cry": "bedrock(ironcrown, cry)",
    "poses": {
      "standing": {
        "poseName": "standing",
        "transformTicks": 10,
        "poseTypes": [
          "STAND",
          "NONE",
          "PORTRAIT",
          "PROFILE"
        ],
        "animations": [
          "bedrock(ironcrown, ground_idle)"
        ]
      },
      "walking": {
        "poseName": "walking",
        "transformTicks": 10,
        "poseTypes": [ "WALK" ],
        "animations": [ 
          "bedrock(ironcrown, ground_walk)"
        ]
      }
    }
  }