{
  "head": "head",
  "portraitScale": 1.9,
  "portraitTranslation": [ -0.1, 0, 0 ],
  "profileScale": 1.1,
  "profileTranslation": [ -0.05, 0.15, 0 ],
  "faint": "bedrock(slowbro_galarian, faint, true)",
  "cry": "bedrock(slowbro_galarian, cry)",
  "poses": {
    "battle-idle": {
      "poseName": "battle-idle",
      "transformTicks": 10,
      "poseTypes": ["STAND"],
      "isBattle": true,
      "animations": ["bedrock(slowbro_galarian, battle_idle)"],
      "quirks": [
        {
          "name": "blink",
          "animations": ["bedrock(slowbro_galarian, blink)"]
        }
      ]
    },
    "standing": {
      "poseName": "standing",
      "transformTicks": 10,
      "poseTypes": [
        "STAND",
        "NONE",
        "PORTRAIT",
        "PROFILE"
      ],
      "isBattle": false,
      "animations": [
        "bedrock(slowbro_galarian, ground_idle)"
      ],
      "quirks": [
        {
          "name": "blink",
          "animations": [
            "bedrock(slowbro_galarian, blink)"
          ]
        }
      ]
    },
    "walking": {
      "poseName": "walking",
      "transformTicks": 10,
      "poseTypes": [
        "WALK"
      ],
      "animations": [
        "bedrock(slowbro_galarian, ground_walk)"
      ],
      "quirks": [
        {
          "name": "blink",
          "animations": [
            "bedrock(slowbro_galarian, blink)"
          ]
        }
      ]
    },
    "sleeping": {
      "poseName": "sleeping",
      "transformTicks": 10,
      "poseTypes": [
        "SLEEP"
      ],
      "animations": [
        "bedrock(slowbro_galarian, sleep)"
      ]
    },
    "swimming": {
      "poseName": "swimming",
      "transformTicks": 10,
      "poseTypes": [
        "SWIM"
      ],
      "animations": [
        "bedrock(slowbro_galarian, water_swim)"
      ],
      "quirks": [
        {
          "name": "blink",
          "animations": [
            "bedrock(slowbro_galarian, blink)"
          ]
        }
      ]
    },
    "floating": {
      "poseName": "floating",
      "transformTicks": 10,
      "poseTypes": [
        "FLOAT"
      ],
      "animations": [
        "bedrock(slowbro_galarian, water_idle)"
      ],
      "quirks": [
        {
          "name": "blink",
          "animations": [
            "bedrock(slowbro_galarian, blink)"
          ]
        }
      ]
    }
  }
 }