{
  "head": "head",
  "portraitScale": 1.6,
  "portraitTranslation": [ -0.25, -0.7, 0 ],
  "profileScale": 1.1,
  "profileTranslation": [ -0.05, 0.15, 0 ],
  "faint": "bedrock(slowpoke_galarian, faint, true)",
  "cry": "bedrock(slowpoke_galarian, cry)",
  "poses": {
    "battle-idle": {
      "poseName": "battle-idle",
      "transformTicks": 10,
      "poseTypes": ["STAND"],
      "isBattle": true,
      "animations": ["bedrock(slowpoke_galarian, battle_idle)"]
    },
    "standing": {
      "poseName": "standing",
      "transformTicks": 10,
      "poseTypes": [
        "STAND",
        "NONE",
        "PORTRAIT",
        "PROFILE"
      ],
      "isBattle": false,
      "animations": [
        "bedrock(slowpoke_galarian, ground_idle)"
      ]
    },
    "walking": {
      "poseName": "walking",
      "transformTicks": 10,
      "poseTypes": [
        "WALK"
      ],
      "animations": [
        "bedrock(slowpoke_galarian, ground_walk)"
      ]
    },
    "sleeping": {
      "poseName": "sleeping",
      "transformTicks": 10,
      "poseTypes": [
        "SLEEP"
      ],
      "animations": [
        "bedrock(slowpoke_galarian, sleep)"
      ]
    },
    "swimming": {
      "poseName": "swimming",
      "transformTicks": 10,
      "poseTypes": [
        "SWIM"
      ],
      "animations": [
        "bedrock(slowpoke_galarian, water_swim)"
      ]
    },
    "floating": {
      "poseName": "floating",
      "transformTicks": 10,
      "poseTypes": [
        "FLOAT"
      ],
      "animations": [
        "bedrock(slowpoke_galarian, water_idle)"
      ]
    }
  }
 }