{
	"head": "head",
	"portraitScale": 1.5,
	"portraitTranslation": [-1.2, 0.3, 0],
	"profileScale": 0.45,
	"profileTranslation": [0, 0.9, 0],
	"cry": "bedrock(terrakion, cry)",
	"poses": {
		"standing": {
			"poseName": "standing",
			"transformTicks": 10,
			"poseTypes": [
				"STAND",
				"NONE",
				"PORTRAIT",
				"PROFILE"
			],
			"animations": [
				"bedrock(terrakion, ground_idle)"
			]
		},
		"walking": {
			"poseName": "walking",
			"transformTicks": 10,
			"poseTypes": [ "WALK" ],
			"animations": [
				"bedrock(terrakion, ground_walk)"
			]
		}
	}
}