{
	"head": "head",
	"portraitScale": 1.7,
	"portraitTranslation": [-0.7, 3.2, 0],
	"profileScale": 0.4,
	"profileTranslation": [0, 1.1, 0],
	"cry": "bedrock(virizion, cry)",
	"poses": {
		"standing": {
			"poseName": "standing",
			"transformTicks": 10,
			"poseTypes": [
				"STAND",
				"NONE",
				"PORTRAIT",
				"PROFILE"
			],
			"animations": [
				"bedrock(virizion, ground_idle)"
			]
		},
		"walking": {
			"poseName": "walking",
			"transformTicks": 10,
			"poseTypes": [ "WALK" ],
			"animations": [
				"bedrock(virizion, ground_walk)"
			]
		}
	}
}