{
	"format_version": "1.8.0",
	"animations": {
		"animation.kingambit.ground_idle": {
			"loop": true,
			"animation_length": 3,
			"bones": {
				"body": {
					"rotation": {
						"0.0": {
							"post": [7.5, 0, 0],
							"lerp_mode": "catmullrom"
						},
						"1.5": {
							"post": [5, 0, 0],
							"lerp_mode": "catmullrom"
						},
						"3.0": {
							"post": [7.5, 0, 0],
							"lerp_mode": "catmullrom"
						}
					}
				},
				"body2": {
					"rotation": {
						"0.0": {
							"post": [7.50254, -1.48716, -0.19583],
							"lerp_mode": "catmullrom"
						},
						"0.7917": {
							"post": [9.86879, 0.4926, 0.0857],
							"lerp_mode": "catmullrom"
						},
						"2.125": {
							"post": [5, 0, 0],
							"lerp_mode": "catmullrom"
						},
						"3.0": {
							"post": [7.50254, -1.48716, -0.19583],
							"lerp_mode": "catmullrom"
						}
					}
				},
				"head": {
					"rotation": {
						"0.0": {
							"post": [-10.00933, 2.462, -0.43439],
							"lerp_mode": "catmullrom"
						},
						"1.375": {
							"post": [-5.00561, -1.48057, 0.26123],
							"lerp_mode": "catmullrom"
						},
						"2.25": {
							"post": [-10, 0, 0],
							"lerp_mode": "catmullrom"
						},
						"3.0": {
							"post": [-10.00933, 2.462, -0.43439],
							"lerp_mode": "catmullrom"
						}
					}
				},
				"jaw": {
					"rotation": {
						"0.0": {
							"post": [-5, 0, 0],
							"lerp_mode": "catmullrom"
						}
					}
				},
				"lefthand": {
					"rotation": {
						"0.0": {
							"post": [0, 0, 0],
							"lerp_mode": "catmullrom"
						},
						"0.4583": {
							"post": [-30, 0, 0],
							"lerp_mode": "catmullrom"
						},
						"0.9167": {
							"post": [0, 0, 0],
							"lerp_mode": "catmullrom"
						}
					}
				},
				"leftknee": {
					"rotation": {
						"0.0": {
							"post": [0, 0, 0],
							"lerp_mode": "catmullrom"
						},
						"0.3333": {
							"post": [-15, 0, 0],
							"lerp_mode": "catmullrom"
						},
						"0.75": {
							"post": [0, 0, 0],
							"lerp_mode": "catmullrom"
						}
					},
					"position": {
						"0.0": {
							"post": [0, 0, 0],
							"lerp_mode": "catmullrom"
						},
						"0.3333": {
							"post": [0, 2, 0],
							"lerp_mode": "catmullrom"
						},
						"0.75": {
							"post": [0, 0, 0],
							"lerp_mode": "catmullrom"
						}
					}
				},
				"leftfoot": {
					"rotation": {
						"0.0": {
							"post": [0, 0, 0],
							"lerp_mode": "catmullrom"
						},
						"0.2083": {
							"post": [15, 0, 0],
							"lerp_mode": "catmullrom"
						},
						"0.5417": {
							"post": [-12.5, 0, 0],
							"lerp_mode": "catmullrom"
						},
						"0.8333": {
							"post": [0, 0, 0],
							"lerp_mode": "catmullrom"
						}
					}
				},
				"tail": {
					"rotation": {
						"0.0": {
							"post": [0, 2.5, 0],
							"lerp_mode": "catmullrom"
						},
						"1.5": {
							"post": [0, -2.5, 0],
							"lerp_mode": "catmullrom"
						},
						"3.0": {
							"post": [0, 2.5, 0],
							"lerp_mode": "catmullrom"
						}
					}
				},
				"tail2": {
					"rotation": {
						"0.0": {
							"post": [0, 0, 0],
							"lerp_mode": "catmullrom"
						},
						"1.0": {
							"post": [0, 5, 0],
							"lerp_mode": "catmullrom"
						},
						"2.5": {
							"post": [0, -2.5, 0],
							"lerp_mode": "catmullrom"
						},
						"3.0": {
							"post": [0, 0, 0],
							"lerp_mode": "catmullrom"
						}
					}
				},
				"tail3": {
					"rotation": {
						"0.0": {
							"post": [0, -7.5, 0],
							"lerp_mode": "catmullrom"
						},
						"1.4167": {
							"post": [0, 12.5, 0],
							"lerp_mode": "catmullrom"
						},
						"2.3333": {
							"post": [0, -7.5, 0],
							"lerp_mode": "catmullrom"
						},
						"3.0": {
							"post": [0, -7.5, 0],
							"lerp_mode": "catmullrom"
						}
					}
				},
				"tail4": {
					"rotation": {
						"0.0": {
							"post": [0, -5, 0],
							"lerp_mode": "catmullrom"
						},
						"1.5833": {
							"post": [0, 7.5, 0],
							"lerp_mode": "catmullrom"
						},
						"2.6667": {
							"post": [0, -2.5, 0],
							"lerp_mode": "catmullrom"
						},
						"3.0": {
							"post": [0, -5, 0],
							"lerp_mode": "catmullrom"
						}
					}
				},
				"tail5": {
					"rotation": {
						"0.0": {
							"post": [0, 0, 0],
							"lerp_mode": "catmullrom"
						},
						"0.5833": {
							"post": [0, -7.5, 0],
							"lerp_mode": "catmullrom"
						},
						"1.4167": {
							"post": [0, 12.5, 0],
							"lerp_mode": "catmullrom"
						},
						"2.5": {
							"post": [0, 15, 0],
							"lerp_mode": "catmullrom"
						},
						"3.0": {
							"post": [0, 0, 0],
							"lerp_mode": "catmullrom"
						}
					}
				}
			}
		},
		"animation.kingambit.ground_walk": {
			"loop": true,
			"animation_length": 1.5,
			"bones": {
				"kingambit": {
					"rotation": {
						"0.0": {
							"post": [0, 0, 0],
							"lerp_mode": "catmullrom"
						},
						"0.75": {
							"post": [5, 0, 0],
							"lerp_mode": "catmullrom"
						},
						"1.5": {
							"post": [0, 0, 0],
							"lerp_mode": "catmullrom"
						}
					},
					"position": {
						"0.0": {
							"post": [0, 8, 0],
							"lerp_mode": "catmullrom"
						},
						"0.75": {
							"post": [0, 8.9, 0],
							"lerp_mode": "catmullrom"
						},
						"1.5": {
							"post": [0, 8, 0],
							"lerp_mode": "catmullrom"
						}
					}
				},
				"body": {
					"rotation": {
						"0.0": {
							"post": [0, 0, 0],
							"lerp_mode": "catmullrom"
						},
						"0.5": {
							"post": [1.5, 0, 0],
							"lerp_mode": "catmullrom"
						},
						"1.0": {
							"post": [1.5, 0, 0],
							"lerp_mode": "catmullrom"
						},
						"1.5": {
							"post": [0, 0, 0],
							"lerp_mode": "catmullrom"
						}
					}
				},
				"body2": {
					"rotation": {
						"0.0": {
							"post": [10.00933, 2.462, 0.43439],
							"lerp_mode": "catmullrom"
						},
						"0.3333": {
							"post": [12.52, 0, 0],
							"lerp_mode": "catmullrom"
						},
						"0.75": {
							"post": [10.03742, -4.92385, -0.87038],
							"lerp_mode": "catmullrom"
						},
						"1.125": {
							"post": [7.52338, -1.23093, -0.218],
							"lerp_mode": "catmullrom"
						},
						"1.5": {
							"post": [10.00933, 2.462, 0.43439],
							"lerp_mode": "catmullrom"
						}
					}
				},
				"head": {
					"rotation": {
						"0.0": {
							"post": [-10, 0, 0],
							"lerp_mode": "catmullrom"
						},
						"0.4167": {
							"post": [-15, 0, 0],
							"lerp_mode": "catmullrom"
						},
						"0.75": {
							"post": [-12.46292, 2.44116, -0.53936],
							"lerp_mode": "catmullrom"
						},
						"1.0": {
							"post": [-10.54, 0, 0],
							"lerp_mode": "catmullrom"
						},
						"1.5": {
							"post": [-10, 0, 0],
							"lerp_mode": "catmullrom"
						}
					}
				},
				"jaw": {
					"rotation": {
						"0.0": {
							"post": [-7.5, 0, 0],
							"lerp_mode": "catmullrom"
						}
					}
				},
				"rightarm": {
					"rotation": {
						"0.0": {
							"post": [-5, 0, 0],
							"lerp_mode": "catmullrom"
						},
						"0.375": {
							"post": [8.67629, -1.13774, 7.41369],
							"lerp_mode": "catmullrom"
						},
						"0.75": {
							"post": [22.5, 0, 0],
							"lerp_mode": "catmullrom"
						},
						"1.5": {
							"post": [-5, 0, 0],
							"lerp_mode": "catmullrom"
						}
					}
				},
				"rightelbow": {
					"rotation": {
						"0.0": {
							"post": [0, 0, 0],
							"lerp_mode": "catmullrom"
						},
						"0.3333": {
							"post": [-7.5, 0, 0],
							"lerp_mode": "catmullrom"
						},
						"1.0833": {
							"post": [5, 0, 0],
							"lerp_mode": "catmullrom"
						},
						"1.5": {
							"post": [0, 0, 0],
							"lerp_mode": "catmullrom"
						}
					}
				},
				"righthand": {
					"rotation": {
						"0.0": {
							"post": [0, 0, 0],
							"lerp_mode": "catmullrom"
						},
						"0.4583": {
							"post": [-12.5, 0, 0],
							"lerp_mode": "catmullrom"
						},
						"1.0417": {
							"post": [0, 0, 0],
							"lerp_mode": "catmullrom"
						},
						"1.5": {
							"post": [0, 0, 0],
							"lerp_mode": "catmullrom"
						}
					}
				},
				"leftarm": {
					"rotation": {
						"0.0": {
							"post": [24.78507, -12.31064, 24.78507],
							"lerp_mode": "catmullrom"
						},
						"0.375": {
							"post": [12.87194, -5.06119, 18.74016],
							"lerp_mode": "catmullrom"
						},
						"0.75": {
							"post": [0, 0, 22.5],
							"lerp_mode": "catmullrom"
						},
						"1.5": {
							"post": [24.78507, -12.31064, 24.78507],
							"lerp_mode": "catmullrom"
						}
					},
					"position": {
						"0.0": {
							"post": [0, 0, 2],
							"lerp_mode": "catmullrom"
						},
						"0.75": {
							"post": [0, 0, 0],
							"lerp_mode": "catmullrom"
						},
						"1.5": {
							"post": [0, 0, 2],
							"lerp_mode": "catmullrom"
						}
					}
				},
				"leftelbow": {
					"rotation": {
						"0.0": {
							"post": [-10.29175, 6.75247, -53.85648],
							"lerp_mode": "catmullrom"
						},
						"0.375": {
							"post": [-5.29175, 6.75247, -53.85648],
							"lerp_mode": "catmullrom"
						},
						"1.0": {
							"post": [-17.22505, 6.75247, -53.85648],
							"lerp_mode": "catmullrom"
						},
						"1.5": {
							"post": [-10.29175, 6.75247, -53.85648],
							"lerp_mode": "catmullrom"
						}
					}
				},
				"lefthand": {
					"rotation": {
						"0.0": {
							"post": [0, 0, 0],
							"lerp_mode": "catmullrom"
						},
						"0.4167": {
							"post": [12.5, 0, 0],
							"lerp_mode": "catmullrom"
						},
						"0.9167": {
							"post": [-2.5, 0, 0],
							"lerp_mode": "catmullrom"
						},
						"1.5": {
							"post": [0, 0, 0],
							"lerp_mode": "catmullrom"
						}
					}
				},
				"leftleg": {
					"rotation": {
						"0.0": {
							"post": [37.97836, 16.46822, 17.69106],
							"lerp_mode": "catmullrom"
						},
						"0.75": {
							"post": [88.06102, -1.02149, 18.29896],
							"lerp_mode": "catmullrom"
						},
						"1.0": {
							"post": [43.8668, 4.80841, 18.09632],
							"lerp_mode": "catmullrom"
						},
						"1.25": {
							"post": [37.40808, 16.13449, 26.63302],
							"lerp_mode": "catmullrom"
						},
						"1.5": {
							"post": [37.97836, 16.46822, 17.69106],
							"lerp_mode": "catmullrom"
						}
					},
					"position": {
						"0.0": {
							"post": [0, -2, 0],
							"lerp_mode": "catmullrom"
						},
						"0.75": {
							"post": [0, -2, 0],
							"lerp_mode": "catmullrom"
						},
						"1.0": {
							"post": [0, 1, 0],
							"lerp_mode": "catmullrom"
						},
						"1.5": {
							"post": [0, -2, 0],
							"lerp_mode": "catmullrom"
						}
					}
				},
				"leftknee": {
					"rotation": {
						"0.0": {
							"post": [-28.85139, 7.26139, -21.96629],
							"lerp_mode": "catmullrom"
						},
						"0.75": {
							"post": [-28.85139, 7.26139, -21.96629],
							"lerp_mode": "catmullrom"
						},
						"1.0": {
							"post": [15.97994, 16.00761, 3.9611],
							"lerp_mode": "catmullrom"
						},
						"1.25": {
							"post": [-33.26382, -1.89749, -30.15111],
							"lerp_mode": "catmullrom"
						},
						"1.5": {
							"post": [-28.85139, 7.26139, -21.96629],
							"lerp_mode": "catmullrom"
						}
					},
					"position": {
						"0.0": {
							"post": [0, -2, 0],
							"lerp_mode": "catmullrom"
						},
						"0.75": {
							"post": [0, -2, 0],
							"lerp_mode": "catmullrom"
						},
						"1.5": {
							"post": [0, -2, 0],
							"lerp_mode": "catmullrom"
						}
					}
				},
				"leftfoot": {
					"rotation": {
						"0.0": {
							"post": [0, 0, 0],
							"lerp_mode": "catmullrom"
						},
						"0.3333": {
							"post": [-29.78491, 5.13544, -30.4439],
							"lerp_mode": "catmullrom"
						},
						"0.75": {
							"post": [-4.8643, 15.01849, -12.04938],
							"lerp_mode": "catmullrom"
						},
						"1.0417": {
							"post": [11.22315, 6.12574, 18.86527],
							"lerp_mode": "catmullrom"
						},
						"1.25": {
							"post": [-19.37395, 3.2627, -19.86565],
							"lerp_mode": "catmullrom"
						},
						"1.5": {
							"post": [0, 0, 0],
							"lerp_mode": "catmullrom"
						}
					}
				},
				"rightleg": {
					"rotation": {
						"0.0": {
							"post": [90.60126, -2.61637, -35.88054],
							"lerp_mode": "catmullrom"
						},
						"0.25": {
							"post": [50.70535, -33.53902, -13.17867],
							"lerp_mode": "catmullrom"
						},
						"0.75": {
							"post": [67.31874, -28.36471, -30.19193],
							"lerp_mode": "catmullrom"
						},
						"1.5": {
							"post": [90.60126, -2.61637, -35.88054],
							"lerp_mode": "catmullrom"
						}
					},
					"position": {
						"0.0": {
							"post": [0, 0, 0],
							"lerp_mode": "catmullrom"
						},
						"0.25": {
							"post": [0, 2, 0],
							"lerp_mode": "catmullrom"
						},
						"0.5": {
							"post": [0, -1, 0],
							"lerp_mode": "catmullrom"
						},
						"0.75": {
							"post": [0, -2, 0],
							"lerp_mode": "catmullrom"
						},
						"1.5": {
							"post": [0, 0, 0],
							"lerp_mode": "catmullrom"
						}
					}
				},
				"rightknee": {
					"rotation": {
						"0.0": {
							"post": [-47.8335, 13.47157, 18.19144],
							"lerp_mode": "catmullrom"
						},
						"0.25": {
							"post": [-15.17515, 3.42059, -28.83773],
							"lerp_mode": "catmullrom"
						},
						"0.5": {
							"post": [-46.96863, 9.87549, 12.37807],
							"lerp_mode": "catmullrom"
						},
						"0.75": {
							"post": [-40.68841, 14.93906, 6.71089],
							"lerp_mode": "catmullrom"
						},
						"1.5": {
							"post": [-47.8335, 13.47157, 18.19144],
							"lerp_mode": "catmullrom"
						}
					},
					"position": {
						"0.0": {
							"post": [0, -2, 0],
							"lerp_mode": "catmullrom"
						},
						"1.5": {
							"post": [0, -2, 0],
							"lerp_mode": "catmullrom"
						}
					}
				},
				"rightfoot": {
					"rotation": {
						"0.0": {
							"post": [0, 0, 0],
							"lerp_mode": "catmullrom"
						},
						"0.2917": {
							"post": [14.47281, -15.45299, -1.4772],
							"lerp_mode": "catmullrom"
						},
						"0.5833": {
							"post": [-34.23687, 6.84544, 23.4969],
							"lerp_mode": "catmullrom"
						},
						"0.75": {
							"post": [-16.26928, 2.36635, 5.67566],
							"lerp_mode": "catmullrom"
						},
						"1.0": {
							"post": [-24.66569, 4.20854, 9.07947],
							"lerp_mode": "catmullrom"
						},
						"1.5": {
							"post": [0, 0, 0],
							"lerp_mode": "catmullrom"
						}
					}
				},
				"carapace2": {
					"rotation": {
						"0.0": {
							"post": [97.5, 0, 0],
							"lerp_mode": "catmullrom"
						}
					},
					"position": {
						"0.0": {
							"post": [0, 0, 5],
							"lerp_mode": "catmullrom"
						}
					}
				},
				"carapace3": {
					"rotation": {
						"0.0": {
							"post": [-82.5, 0, 0],
							"lerp_mode": "catmullrom"
						}
					},
					"position": {
						"0.0": {
							"post": [0, 2, 2],
							"lerp_mode": "catmullrom"
						}
					}
				},
				"carapace4": {
					"rotation": {
						"0.0": {
							"post": [-67.5, 0, -92.5],
							"lerp_mode": "catmullrom"
						}
					},
					"position": {
						"0.0": {
							"post": [-2, 1, 2],
							"lerp_mode": "catmullrom"
						}
					}
				},
				"carapace5": {
					"rotation": {
						"0.0": {
							"post": [-55, 0, 102.5],
							"lerp_mode": "catmullrom"
						}
					},
					"position": {
						"0.0": {
							"post": [4, 0, 2],
							"lerp_mode": "catmullrom"
						}
					}
				},
				"carapace6": {
					"rotation": {
						"0.0": {
							"post": [-87.58506, -0.34047, 0.54259],
							"lerp_mode": "catmullrom"
						},
						"1.5": {
							"post": [-87.58506, -0.34047, 0.54259],
							"lerp_mode": "catmullrom"
						}
					},
					"position": {
						"0.0": {
							"post": [0, 1, 0],
							"lerp_mode": "catmullrom"
						},
						"1.5": {
							"post": [0, 1, 0],
							"lerp_mode": "catmullrom"
						}
					}
				},
				"tail": {
					"rotation": {
						"0.0": {
							"post": [-47.74511, 5.05904, -5.54401],
							"lerp_mode": "catmullrom"
						},
						"0.75": {
							"post": [-47.74511, -5.05904, 5.54401],
							"lerp_mode": "catmullrom"
						},
						"1.5": {
							"post": [-47.74511, 5.05904, -5.54401],
							"lerp_mode": "catmullrom"
						}
					},
					"position": {
						"0.0": {
							"post": [0, -11, -3],
							"lerp_mode": "catmullrom"
						}
					}
				},
				"tail2": {
					"rotation": {
						"0.0": {
							"post": [0, 0, 0],
							"lerp_mode": "catmullrom"
						},
						"0.4167": {
							"post": [0, 7.5, 0],
							"lerp_mode": "catmullrom"
						},
						"1.0": {
							"post": [0, -5, 0],
							"lerp_mode": "catmullrom"
						},
						"1.5": {
							"post": [0, 0, 0],
							"lerp_mode": "catmullrom"
						}
					}
				},
				"tail3": {
					"rotation": {
						"0.0": {
							"post": [40.88224, -10.95695, -9.35093],
							"lerp_mode": "catmullrom"
						},
						"0.4167": {
							"post": [28.73193, 3.46606, 3.10201],
							"lerp_mode": "catmullrom"
						},
						"0.75": {
							"post": [41.42014, 11.29206, 9.85904],
							"lerp_mode": "catmullrom"
						},
						"1.0833": {
							"post": [49.4916, 1.15402, 1.10578],
							"lerp_mode": "catmullrom"
						},
						"1.5": {
							"post": [40.88224, -10.95695, -9.35093],
							"lerp_mode": "catmullrom"
						}
					}
				},
				"tail4": {
					"rotation": {
						"0.0": {
							"post": [0, -10, 0],
							"lerp_mode": "catmullrom"
						},
						"0.375": {
							"post": [-2.5, 5.47504, 0],
							"lerp_mode": "catmullrom"
						},
						"0.625": {
							"post": [-12.5, 12.5, 0],
							"lerp_mode": "catmullrom"
						},
						"0.8333": {
							"post": [-22.32337, 8.35557, 0],
							"lerp_mode": "catmullrom"
						},
						"1.25": {
							"post": [7.91073, -3.67715, 0],
							"lerp_mode": "catmullrom"
						},
						"1.5": {
							"post": [2.45913, -9.75638, 0],
							"lerp_mode": "catmullrom"
						}
					}
				},
				"tail5": {
					"rotation": {
						"0.0": {
							"post": [0, 0, 0],
							"lerp_mode": "catmullrom"
						},
						"0.2917": {
							"post": [0, -15, 0],
							"lerp_mode": "catmullrom"
						},
						"0.9583": {
							"post": [0, 10, 0],
							"lerp_mode": "catmullrom"
						},
						"1.5": {
							"post": [0, 0, 0],
							"lerp_mode": "catmullrom"
						}
					}
				}
			}
		},
		"animation.kingambit.faint": {
			"animation_length": 4,
			"bones": {
				"kingambit": {
					"rotation": {
						"0.0": {
							"post": [0, 0, 0],
							"lerp_mode": "catmullrom"
						},
						"0.6667": {
							"post": [0, 0, 0],
							"lerp_mode": "catmullrom"
						},
						"0.9167": {
							"post": [87.5, 0, 0],
							"lerp_mode": "catmullrom"
						}
					},
					"position": {
						"0.0": {
							"post": [0, 0, 0],
							"lerp_mode": "catmullrom"
						},
						"0.25": {
							"post": [0, 0, 0],
							"lerp_mode": "catmullrom"
						},
						"0.5417": {
							"post": [0, 6.71, 0],
							"lerp_mode": "catmullrom"
						},
						"0.7083": {
							"post": [0, 8, 0],
							"lerp_mode": "catmullrom"
						},
						"0.9167": {
							"post": [0, 6, -8],
							"lerp_mode": "catmullrom"
						},
						"1.5833": {
							"post": [0, 6, -13],
							"lerp_mode": "catmullrom"
						}
					}
				},
				"body": {
					"rotation": {
						"0.0": {
							"post": [0, 0, 0],
							"lerp_mode": "catmullrom"
						},
						"0.5": {
							"post": [-17.5, 0, 0],
							"lerp_mode": "catmullrom"
						},
						"0.7083": {
							"post": [-2.5, 0, 0],
							"lerp_mode": "catmullrom"
						}
					},
					"position": {
						"0.0": {
							"post": [0, 0, 0],
							"lerp_mode": "catmullrom"
						},
						"0.5": {
							"post": [0, 0, -2],
							"lerp_mode": "catmullrom"
						}
					}
				},
				"body2": {
					"rotation": {
						"0.0": {
							"post": [0, 0, 0],
							"lerp_mode": "catmullrom"
						},
						"0.1667": {
							"post": [12.5, 0, 0],
							"lerp_mode": "catmullrom"
						}
					}
				},
				"head": {
					"rotation": {
						"0.0": {
							"post": [0, 0, 0],
							"lerp_mode": "catmullrom"
						},
						"0.3333": {
							"post": [12.5, 0, 0],
							"lerp_mode": "catmullrom"
						},
						"0.7083": {
							"post": [-42.5, 0, 0],
							"lerp_mode": "catmullrom"
						},
						"1.0417": {
							"post": [-7.5, 0, 0],
							"lerp_mode": "catmullrom"
						}
					}
				},
				"carapace": {
					"rotation": {
						"0.0": {
							"post": [0, 0, 0],
							"lerp_mode": "catmullrom"
						},
						"0.1667": {
							"post": [7.5, 0, 0],
							"lerp_mode": "catmullrom"
						},
						"0.7083": {
							"post": [0, 0, 0],
							"lerp_mode": "catmullrom"
						},
						"1.0": {
							"post": [5, 0, 0],
							"lerp_mode": "catmullrom"
						}
					},
					"position": {
						"0.0": {
							"post": [0, 0, 0],
							"lerp_mode": "catmullrom"
						},
						"0.1667": {
							"post": [0, 0, -2],
							"lerp_mode": "catmullrom"
						},
						"0.7083": {
							"post": [0, 0, 0],
							"lerp_mode": "catmullrom"
						},
						"1.0": {
							"post": [0, 0, -0.9],
							"lerp_mode": "catmullrom"
						}
					}
				},
				"rightarm": {
					"rotation": {
						"0.0": {
							"post": [0, 0, 0],
							"lerp_mode": "catmullrom"
						},
						"0.1667": {
							"post": [0, 0, -10],
							"lerp_mode": "catmullrom"
						},
						"0.375": {
							"post": [0, 0, 2.5],
							"lerp_mode": "catmullrom"
						},
						"0.7083": {
							"post": [0, 0, 42.5],
							"lerp_mode": "catmullrom"
						},
						"1.0417": {
							"post": [-12.5, 0, 42.5],
							"lerp_mode": "catmullrom"
						}
					}
				},
				"rightelbow": {
					"rotation": {
						"0.0": {
							"post": [0, 0, 0],
							"lerp_mode": "catmullrom"
						},
						"0.2083": {
							"post": [0, 0, 20],
							"lerp_mode": "catmullrom"
						},
						"0.375": {
							"post": [0, 0, 7.5],
							"lerp_mode": "catmullrom"
						},
						"0.7917": {
							"post": [0, 0, 37.5],
							"lerp_mode": "catmullrom"
						},
						"0.9167": {
							"post": [-163.35512, 73.35335, -122.45897],
							"lerp_mode": "catmullrom"
						},
						"1.0417": {
							"post": [-222.39124, 81.22528, -165.4124],
							"lerp_mode": "catmullrom"
						}
					}
				},
				"righthand": {
					"rotation": {
						"0.0": {
							"post": [0, 0, 0],
							"lerp_mode": "catmullrom"
						},
						"0.7917": {
							"post": [45, 0, 0],
							"lerp_mode": "catmullrom"
						}
					}
				},
				"leftarm": {
					"rotation": {
						"0.0": {
							"post": [0, 0, 0],
							"lerp_mode": "catmullrom"
						},
						"0.1667": {
							"post": [0, 0, -12.5],
							"lerp_mode": "catmullrom"
						},
						"0.3333": {
							"post": [0, 0, 7.5],
							"lerp_mode": "catmullrom"
						},
						"0.7917": {
							"post": [0, 0, -32.5],
							"lerp_mode": "catmullrom"
						},
						"1.0417": {
							"post": [-108.87412, -26.82479, 4.84941],
							"lerp_mode": "catmullrom"
						}
					}
				},
				"leftelbow": {
					"rotation": {
						"0.0": {
							"post": [0, 0, 0],
							"lerp_mode": "catmullrom"
						},
						"0.125": {
							"post": [0, 0, 10],
							"lerp_mode": "catmullrom"
						},
						"0.2917": {
							"post": [0, 0, -17.5],
							"lerp_mode": "catmullrom"
						},
						"0.5833": {
							"post": [0, 0, -50],
							"lerp_mode": "catmullrom"
						},
						"0.875": {
							"post": [12.21287, -33.75831, -59.23433],
							"lerp_mode": "catmullrom"
						},
						"0.9583": {
							"post": [22.65425, -13.33779, -84.83788],
							"lerp_mode": "catmullrom"
						},
						"1.0417": {
							"post": [16.03058, -10.62181, -55.64042],
							"lerp_mode": "catmullrom"
						}
					}
				},
				"leftleg": {
					"rotation": {
						"0.0": {
							"post": [0, 0, 0],
							"lerp_mode": "catmullrom"
						},
						"0.25": {
							"post": [0, 0, 0],
							"lerp_mode": "catmullrom"
						},
						"0.7083": {
							"post": [66.29652, 14.36495, 29.47028],
							"lerp_mode": "catmullrom"
						},
						"1.0417": {
							"post": [63.19298, 12.4525, 13.3502],
							"lerp_mode": "catmullrom"
						}
					}
				},
				"leftknee": {
					"rotation": {
						"0.0": {
							"post": [0, 0, 0],
							"lerp_mode": "catmullrom"
						},
						"0.25": {
							"post": [0, 0, 0],
							"lerp_mode": "catmullrom"
						},
						"0.7083": {
							"post": [-42.69656, -7.73945, -30.09452],
							"lerp_mode": "catmullrom"
						}
					},
					"position": {
						"0.0": {
							"post": [0, 0, 0],
							"lerp_mode": "catmullrom"
						},
						"0.25": {
							"post": [0, 0, 0],
							"lerp_mode": "catmullrom"
						},
						"0.7083": {
							"post": [0, -2, 0],
							"lerp_mode": "catmullrom"
						}
					}
				},
				"leftfoot": {
					"rotation": {
						"0.0": {
							"post": [0, 0, 0],
							"lerp_mode": "catmullrom"
						},
						"0.75": {
							"post": [0, 0, 0],
							"lerp_mode": "catmullrom"
						},
						"1.0": {
							"post": [52.22841, 1.23722, 38.27298],
							"lerp_mode": "catmullrom"
						}
					}
				},
				"rightleg": {
					"rotation": {
						"0.0": {
							"post": [0, 0, 0],
							"lerp_mode": "catmullrom"
						},
						"0.25": {
							"post": [0, 0, 0],
							"lerp_mode": "catmullrom"
						},
						"0.7083": {
							"post": [72.00215, -6.93277, -33.90151],
							"lerp_mode": "catmullrom"
						},
						"1.0417": {
							"post": [70.17527, -4.40888, -18.83488],
							"lerp_mode": "catmullrom"
						}
					}
				},
				"rightknee": {
					"rotation": {
						"0.0": {
							"post": [0, 0, 0],
							"lerp_mode": "catmullrom"
						},
						"0.25": {
							"post": [0, 0, 0],
							"lerp_mode": "catmullrom"
						},
						"0.7083": {
							"post": [-49.40392, 18.74923, 40.59608],
							"lerp_mode": "catmullrom"
						}
					},
					"position": {
						"0.0": {
							"post": [0, 0, 0],
							"lerp_mode": "catmullrom"
						},
						"0.25": {
							"post": [0, 0, 0],
							"lerp_mode": "catmullrom"
						},
						"0.7083": {
							"post": [0, -1, 0],
							"lerp_mode": "catmullrom"
						}
					}
				},
				"rightfoot": {
					"rotation": {
						"0.0": {
							"post": [0, 0, 0],
							"lerp_mode": "catmullrom"
						},
						"0.75": {
							"post": [0, 0, 0],
							"lerp_mode": "catmullrom"
						},
						"1.0": {
							"post": [62.44186, -17.94973, -30.56393],
							"lerp_mode": "catmullrom"
						}
					}
				},
				"carapace2": {
					"rotation": {
						"0.0": {
							"post": [0, 0, 0],
							"lerp_mode": "catmullrom"
						},
						"0.25": {
							"post": [0, 0, 0],
							"lerp_mode": "catmullrom"
						},
						"0.5417": {
							"post": [90, 0, 0],
							"lerp_mode": "catmullrom"
						}
					},
					"position": {
						"0.0": {
							"post": [0, 0, 0],
							"lerp_mode": "catmullrom"
						},
						"0.25": {
							"post": [0, 0, 0],
							"lerp_mode": "catmullrom"
						},
						"0.5417": {
							"post": [0, 0, 3],
							"lerp_mode": "catmullrom"
						}
					}
				},
				"carapace3": {
					"rotation": {
						"0.0": {
							"post": [0, 0, 0],
							"lerp_mode": "catmullrom"
						},
						"0.25": {
							"post": [0, 0, 0],
							"lerp_mode": "catmullrom"
						},
						"0.5": {
							"post": [-82.5, 0, 0],
							"lerp_mode": "catmullrom"
						}
					},
					"position": {
						"0.0": {
							"post": [0, 0, 0],
							"lerp_mode": "catmullrom"
						},
						"0.5": {
							"post": [0, 1, 3],
							"lerp_mode": "catmullrom"
						}
					}
				},
				"carapace4": {
					"rotation": {
						"0.0": {
							"post": [0, 0, 0],
							"lerp_mode": "catmullrom"
						},
						"0.25": {
							"post": [0, 0, 0],
							"lerp_mode": "catmullrom"
						},
						"0.5": {
							"post": [-70, 0, -97.5],
							"lerp_mode": "catmullrom"
						}
					},
					"position": {
						"0.0": {
							"post": [0, 0, 0],
							"lerp_mode": "catmullrom"
						},
						"0.25": {
							"post": [0, 0, 0],
							"lerp_mode": "catmullrom"
						},
						"0.5": {
							"post": [-2, 1, -1],
							"lerp_mode": "catmullrom"
						}
					}
				},
				"carapace5": {
					"rotation": {
						"0.0": {
							"post": [0, 0, 0],
							"lerp_mode": "catmullrom"
						},
						"0.25": {
							"post": [0, 0, 0],
							"lerp_mode": "catmullrom"
						},
						"0.5": {
							"post": [-72.76638, -7.72765, 94.01556],
							"lerp_mode": "catmullrom"
						}
					},
					"position": {
						"0.0": {
							"post": [0, 0, 0],
							"lerp_mode": "catmullrom"
						},
						"0.25": {
							"post": [0, 0, 0],
							"lerp_mode": "catmullrom"
						},
						"0.5": {
							"post": [3, 0, 0],
							"lerp_mode": "catmullrom"
						}
					}
				},
				"carapace6": {
					"rotation": {
						"0.0": {
							"post": [0, 0, 0],
							"lerp_mode": "catmullrom"
						},
						"0.25": {
							"post": [0, 0, 0],
							"lerp_mode": "catmullrom"
						},
						"0.5": {
							"post": [-87.5, 0, 0],
							"lerp_mode": "catmullrom"
						}
					},
					"position": {
						"0.0": {
							"post": [0, 0, 0],
							"lerp_mode": "catmullrom"
						},
						"0.25": {
							"post": [0, 0, 0],
							"lerp_mode": "catmullrom"
						},
						"0.5": {
							"post": [0, 1, -9],
							"lerp_mode": "catmullrom"
						}
					}
				},
				"tail": {
					"rotation": {
						"0.0": {
							"post": [0, 0, 0],
							"lerp_mode": "catmullrom"
						},
						"0.25": {
							"post": [0, 0, 0],
							"lerp_mode": "catmullrom"
						},
						"0.625": {
							"post": [-11.04, 0, 0],
							"lerp_mode": "catmullrom"
						},
						"0.9167": {
							"post": [-67.5, 0, 0],
							"lerp_mode": "catmullrom"
						},
						"1.125": {
							"post": [-2.5, 0, 0],
							"lerp_mode": "catmullrom"
						},
						"1.75": {
							"post": [-97.5, 0, 0],
							"lerp_mode": "catmullrom"
						}
					},
					"position": {
						"0.0": {
							"post": [0, 0, 0],
							"lerp_mode": "catmullrom"
						},
						"0.25": {
							"post": [0, 0, 0],
							"lerp_mode": "catmullrom"
						},
						"0.5": {
							"post": [0, -2, 0],
							"lerp_mode": "catmullrom"
						},
						"1.125": {
							"post": [0, -2, 0],
							"lerp_mode": "catmullrom"
						},
						"1.5": {
							"post": [0, -2, -3],
							"lerp_mode": "catmullrom"
						}
					}
				},
				"tail2": {
					"rotation": {
						"0.0": {
							"post": [0, 0, 0],
							"lerp_mode": "catmullrom"
						},
						"0.2083": {
							"post": [0, 0, 0],
							"lerp_mode": "catmullrom"
						},
						"0.4583": {
							"post": [10, 0, 0],
							"lerp_mode": "catmullrom"
						},
						"0.7083": {
							"post": [-15, 0, 0],
							"lerp_mode": "catmullrom"
						},
						"1.0833": {
							"post": [55, 0, 0],
							"lerp_mode": "catmullrom"
						},
						"1.5": {
							"post": [60, 0, 0],
							"lerp_mode": "catmullrom"
						},
						"1.9583": {
							"post": [-12.5, 0, 0],
							"lerp_mode": "catmullrom"
						}
					}
				},
				"tail3": {
					"rotation": {
						"0.0": {
							"post": [0, 0, 0],
							"lerp_mode": "catmullrom"
						},
						"0.2917": {
							"post": [-15, 0, 0],
							"lerp_mode": "catmullrom"
						},
						"0.6667": {
							"post": [32.5, 0, 0],
							"lerp_mode": "catmullrom"
						},
						"1.0": {
							"post": [-40, 0, 0],
							"lerp_mode": "catmullrom"
						},
						"1.25": {
							"post": [37.5, 0, 0],
							"lerp_mode": "catmullrom"
						},
						"2.0417": {
							"post": [5, 0, 0],
							"lerp_mode": "catmullrom"
						}
					}
				},
				"tail4": {
					"rotation": {
						"0.0": {
							"post": [0, 0, 0],
							"lerp_mode": "catmullrom"
						},
						"0.2083": {
							"post": [15, 0, 0],
							"lerp_mode": "catmullrom"
						},
						"0.375": {
							"post": [-12.5, 0, 0],
							"lerp_mode": "catmullrom"
						},
						"0.5417": {
							"post": [-17.5, 0, 0],
							"lerp_mode": "catmullrom"
						},
						"0.75": {
							"post": [-22.5, 0, 0],
							"lerp_mode": "catmullrom"
						},
						"1.0833": {
							"post": [-20, 0, 0],
							"lerp_mode": "catmullrom"
						},
						"1.25": {
							"post": [50, 0, 0],
							"lerp_mode": "catmullrom"
						},
						"1.6667": {
							"post": [55, 0, 0],
							"lerp_mode": "catmullrom"
						},
						"2.25": {
							"post": [-10, 0, 0],
							"lerp_mode": "catmullrom"
						}
					}
				},
				"tail5": {
					"rotation": {
						"0.0": {
							"post": [0, 0, 0],
							"lerp_mode": "catmullrom"
						},
						"0.2083": {
							"post": [7.5, 0, 0],
							"lerp_mode": "catmullrom"
						},
						"0.4583": {
							"post": [-17.5, 0, 0],
							"lerp_mode": "catmullrom"
						},
						"0.625": {
							"post": [-35, 0, 0],
							"lerp_mode": "catmullrom"
						},
						"0.875": {
							"post": [-77.5, 0, 0],
							"lerp_mode": "catmullrom"
						},
						"1.1667": {
							"post": [30, 0, 0],
							"lerp_mode": "catmullrom"
						},
						"1.7083": {
							"post": [35, 0, 0],
							"lerp_mode": "catmullrom"
						},
						"2.4583": {
							"post": [-22.5, 0, 0],
							"lerp_mode": "catmullrom"
						}
					}
				}
			}
		},
		"animation.kingambit.blink": {
			"animation_length": 0.25,
			"bones": {
				"eyes": {
					"scale": {
						"0.0": [1, 1, 1],
						"0.125": [1, 0.2, 1],
						"0.25": [1, 1, 1]
					}
				}
			}
		},
		"animation.kingambit.cry": {
			"animation_length": 1.125,
			"bones": {
				"head": {
					"rotation": {
						"0.0": {
							"post": [0, 0, 0],
							"lerp_mode": "catmullrom"
						},
						"0.1667": {
							"post": [5, 0, 0],
							"lerp_mode": "catmullrom"
						},
						"0.2917": {
							"post": [1.84884, -4.93528, -0.16919],
							"lerp_mode": "catmullrom"
						},
						"0.5417": {
							"post": [-2.9571, 7.18022, -0.609],
							"lerp_mode": "catmullrom"
						},
						"0.75": {
							"post": [-7.5, 0, 0],
							"lerp_mode": "catmullrom"
						},
						"1.125": {
							"post": [0, 0, 0],
							"lerp_mode": "catmullrom"
						}
					}
				},
				"jaw": {
					"rotation": {
						"0.0": {
							"post": [-7.5, 0, 0],
							"lerp_mode": "catmullrom"
						},
						"0.0833": {
							"post": [-5, 0, 0],
							"lerp_mode": "catmullrom"
						},
						"0.375": {
							"post": [7.5, 0, 0],
							"lerp_mode": "catmullrom"
						},
						"0.6667": {
							"post": [9.38, 0, 0],
							"lerp_mode": "catmullrom"
						},
						"1.125": {
							"post": [-7.5, 0, 0],
							"lerp_mode": "catmullrom"
						}
					}
				}
			}
		},
		"animation.kingambit.sleep": {
			"loop": true,
			"animation_length": 0.41667,
			"bones": {
				"body": {
					"rotation": [25, 0, 0]
				},
				"head": {
					"rotation": [15, 0, 0]
				},
				"carapace": {
					"rotation": [-5, 0, 0],
					"position": [0, 0, -2]
				},
				"eyes": {
					"scale": [1, 0, 1]
				}
			}
		},
		"animation.kingambit.peepaw_willie": {
			"loop": true,
			"animation_length": 1.75,
			"bones": {
				"kingambit": {
					"rotation": {
						"0.0": {
							"post": [-5, 0, 0],
							"lerp_mode": "catmullrom"
						},
						"0.4583": {
							"post": [-7.5, 0, 0],
							"lerp_mode": "catmullrom"
						},
						"1.2917": {
							"post": [-2.5, 0, 0],
							"lerp_mode": "catmullrom"
						},
						"1.75": {
							"post": [-5, 0, 0],
							"lerp_mode": "catmullrom"
						}
					},
					"position": {
						"0.0": {
							"post": [0, 4, 0],
							"lerp_mode": "catmullrom"
						},
						"0.75": {
							"post": [0, 2, 0],
							"lerp_mode": "catmullrom"
						},
						"1.75": {
							"post": [0, 4, 0],
							"lerp_mode": "catmullrom"
						}
					}
				},
				"body2": {
					"rotation": {
						"0.0": {
							"post": [0, 0, 0],
							"lerp_mode": "catmullrom"
						},
						"0.5833": {
							"post": [-2.5, 0, 0],
							"lerp_mode": "catmullrom"
						},
						"1.2083": {
							"post": [1.86768, -0.10122, 0.24741],
							"lerp_mode": "catmullrom"
						},
						"1.75": {
							"post": [0, 0, 0],
							"lerp_mode": "catmullrom"
						}
					}
				},
				"head": {
					"rotation": {
						"0.0": {
							"post": [-20, 0, 0],
							"lerp_mode": "catmullrom"
						},
						"0.9167": {
							"post": [-10.03, 0, 0],
							"lerp_mode": "catmullrom"
						},
						"1.75": {
							"post": [-20, 0, 0],
							"lerp_mode": "catmullrom"
						}
					}
				},
				"jaw": {
					"rotation": {
						"0.0": {
							"post": [27.5, 0, 0],
							"lerp_mode": "catmullrom"
						}
					},
					"position": {
						"0.0": {
							"post": [0, 0, -1],
							"lerp_mode": "catmullrom"
						}
					}
				},
				"righthand": {
					"rotation": {
						"0.0": {
							"post": [10, 0, 0],
							"lerp_mode": "catmullrom"
						}
					}
				},
				"lefthand": {
					"rotation": {
						"0.0": {
							"post": [10, 0, 0],
							"lerp_mode": "catmullrom"
						}
					}
				},
				"tail": {
					"rotation": {
						"0.0": {
							"post": [0, 0, 0],
							"lerp_mode": "catmullrom"
						},
						"0.7083": {
							"post": [10, 0, 0],
							"lerp_mode": "catmullrom"
						},
						"1.4167": {
							"post": [0, 0, 0],
							"lerp_mode": "catmullrom"
						},
						"1.75": {
							"post": [0, 0, 0],
							"lerp_mode": "catmullrom"
						}
					}
				},
				"tail2": {
					"rotation": {
						"0.0": {
							"post": [7.5, 0, 0],
							"lerp_mode": "catmullrom"
						},
						"0.2917": {
							"post": [12.5, 0, 0],
							"lerp_mode": "catmullrom"
						},
						"0.8333": {
							"post": [-12.5, 0, 0],
							"lerp_mode": "catmullrom"
						},
						"1.75": {
							"post": [7.5, 0, 0],
							"lerp_mode": "catmullrom"
						}
					}
				},
				"tail3": {
					"rotation": {
						"0.0": {
							"post": [-8.21862, -1.03325, 5.06488],
							"lerp_mode": "catmullrom"
						},
						"0.2083": {
							"post": [-7.5, 0, 0],
							"lerp_mode": "catmullrom"
						},
						"0.6667": {
							"post": [11.78138, -1.03325, 5.06488],
							"lerp_mode": "catmullrom"
						},
						"1.125": {
							"post": [-8.21862, -1.03325, 5.06488],
							"lerp_mode": "catmullrom"
						},
						"1.75": {
							"post": [-8.21862, -1.03325, 5.06488],
							"lerp_mode": "catmullrom"
						}
					}
				},
				"tail4": {
					"rotation": {
						"0.0": {
							"post": [0, 0, 0],
							"lerp_mode": "catmullrom"
						},
						"0.375": {
							"post": [-10, 0, 0],
							"lerp_mode": "catmullrom"
						},
						"0.6667": {
							"post": [20, 0, 0],
							"lerp_mode": "catmullrom"
						},
						"1.2083": {
							"post": [5, 0, 0],
							"lerp_mode": "catmullrom"
						},
						"1.75": {
							"post": [0, 0, 0],
							"lerp_mode": "catmullrom"
						}
					}
				}
			}
		}
	}
}