{
	"format_version": "1.12.0",
	"minecraft:geometry": [
		{
			"description": {
				"identifier": "geometry.unknown",
				"texture_width": 64,
				"texture_height": 64,
				"visible_bounds_width": 3,
				"visible_bounds_height": 4.5,
				"visible_bounds_offset": [0, 1.75, 0]
			},
			"bones": [
				{
					"name": "blipbug",
					"pivot": [0, 0, 0]
				},
				{
					"name": "root",
					"parent": "blipbug",
					"pivot": [0, 18, -3]
				},
				{
					"name": "neck",
					"parent": "root",
					"pivot": [0, 18.25, -3],
					"cubes": [
						{"origin": [-2.5, 16, -5.5], "size": [5, 2, 5], "uv": [0, 15]}
					]
				},
				{
					"name": "bow",
					"parent": "neck",
					"pivot": [0, 17, -5.5]
				},
				{
					"name": "bowleft",
					"parent": "bow",
					"pivot": [0.5, 17, -5.5],
					"cubes": [
						{"origin": [-0.5, 15.5, -5.5], "size": [4, 3, 0], "inflate": 0.01, "uv": [23, 15]}
					]
				},
				{
					"name": "bowright",
					"parent": "bow",
					"pivot": [-0.5, 17, -5.5],
					"cubes": [
						{"origin": [-3.5, 15.5, -5.5], "size": [4, 3, 0], "inflate": 0.01, "uv": [15, 15]}
					]
				},
				{
					"name": "torso",
					"parent": "neck",
					"pivot": [0, 16, -3],
					"cubes": [
						{"origin": [-2, 13, -5], "size": [4, 4, 4], "inflate": -0.01, "uv": [0, 22]}
					]
				},
				{
					"name": "frontrightleg",
					"parent": "torso",
					"pivot": [-2, 14, -4.5],
					"cubes": [
						{"origin": [-3, 13, -7], "size": [1, 2, 3], "uv": [16, 22]}
					]
				},
				{
					"name": "frontleftleg",
					"parent": "torso",
					"pivot": [2, 14, -4.5],
					"cubes": [
						{"origin": [2, 13, -7], "size": [1, 2, 3], "uv": [24, 22]}
					]
				},
				{
					"name": "torso2",
					"parent": "torso",
					"pivot": [0, 13, -5],
					"cubes": [
						{"origin": [-2, 8, -5], "size": [4, 5, 4], "uv": [0, 30]}
					]
				},
				{
					"name": "backrightleg",
					"parent": "torso2",
					"pivot": [-2, 10, -4.5],
					"cubes": [
						{"origin": [-3, 9, -7], "size": [1, 2, 3], "uv": [16, 22]}
					]
				},
				{
					"name": "backleftleg",
					"parent": "torso2",
					"pivot": [2, 10, -4.5],
					"cubes": [
						{"origin": [2, 9, -7], "size": [1, 2, 3], "uv": [24, 27]}
					]
				},
				{
					"name": "tail",
					"parent": "torso2",
					"pivot": [0, 8, -5],
					"cubes": [
						{"origin": [-2, 3, -5], "size": [4, 5, 4], "inflate": 0.01, "uv": [28, 29]}
					]
				},
				{
					"name": "tail2",
					"parent": "tail",
					"pivot": [0, 3, -1],
					"cubes": [
						{"origin": [-3, 3, -1], "size": [6, 0, 5], "uv": [27, 24]}
					]
				},
				{
					"name": "head",
					"parent": "neck",
					"pivot": [0, 18, -3],
					"cubes": [
						{"origin": [-3.5, 18, -6], "size": [7, 9, 6], "uv": [0, 0]}
					]
				},
				{
					"name": "eyes",
					"parent": "head",
					"pivot": [0, 22.5, -6],
					"cubes": [
						{"origin": [-3.5, 19, -6], "size": [3, 6, 0], "inflate": 0.001, "uv": [0, 0]},
						{"origin": [0.5, 19, -6], "size": [3, 6, 0], "inflate": 0.001, "uv": [20, 0]}
					]
				},
				{
					"name": "eyesclosed",
					"parent": "eyes",
					"pivot": [0, 22.5, -5]
				},
				{
					"name": "eyeclosedr",
					"parent": "eyesclosed",
					"pivot": [-2, 22, -6],
					"cubes": [
						{"origin": [-3.5, 19, -6], "size": [3, 6, 0], "inflate": 0.001, "uv": [32, 18]}
					]
				},
				{
					"name": "eyeclosedl",
					"parent": "eyesclosed",
					"pivot": [-2, 22, -6],
					"cubes": [
						{"origin": [0.5, 19, -6], "size": [3, 6, 0], "inflate": 0.001, "uv": [38, 18]}
					]
				},
				{
					"name": "eyesattack",
					"parent": "eyes",
					"pivot": [0, 22.5, -6],
					"cubes": [
						{"origin": [-3.5, 19, -6], "size": [3, 6, 0], "inflate": 0.001, "uv": [32, 12]},
						{"origin": [0.5, 19, -6], "size": [3, 6, 0], "inflate": 0.001, "uv": [38, 12]}
					]
				},
				{
					"name": "ears",
					"parent": "head",
					"pivot": [0, 23.5, -3]
				},
				{
					"name": "leftear",
					"parent": "ears",
					"pivot": [3.5, 23.5, -3],
					"cubes": [
						{"origin": [3.5, 21, -3], "size": [4, 5, 0], "uv": [34, 7]}
					]
				},
				{
					"name": "rightear",
					"parent": "ears",
					"pivot": [-3.5, 23.5, -3],
					"cubes": [
						{"origin": [-7.5, 21, -3], "size": [4, 5, 0], "uv": [26, 7]}
					]
				},
				{
					"name": "antennae",
					"parent": "head",
					"pivot": [0, 27, -3],
					"cubes": [
						{"origin": [-4.5, 27, -3], "size": [9, 7, 0], "uv": [26, 0]}
					]
				}
			]
		}
	]
}