{
	"format_version": "1.8.0",
	"animations": {
		"animation.kilowattrel.ground_walk": {
			"loop": true,
			"bones": {
				"body": {
					"rotation": ["math.sin((query.anim_time -0.15) * 360) * 3", 0, 0],
					"position": [0, "5-math.sin(query.anim_time * 360) * 3 - math.abs(-math.sin(query.anim_time * 360) * 1.15)", 0]
				},
				"leg_left": {
					"rotation": ["math.sin((query.anim_time -0.3) * 360) * 15", 0, 0]
				},
				"foot_left_claw": {
					"rotation": ["10+math.sin((query.anim_time -0.4) * 360) * 10", "math.sin((query.anim_time -0.35) * 360) * 8", 0]
				},
				"foot_left_claw2": {
					"rotation": ["10+math.sin((query.anim_time -0.4) * 360) * 10", 0, 0]
				},
				"foot_left_claw3": {
					"rotation": ["10+math.sin((query.anim_time -0.4) * 360) * 10", "-(math.sin((query.anim_time -0.35) * 360) * 8)", 0]
				},
				"foot_left_claw_back": {
					"rotation": ["-10-math.sin((query.anim_time -0.4) * 360) * 10", 0, 0]
				},
				"leg_right": {
					"rotation": ["5.841+math.sin((query.anim_time -0.3) * 360) * 15", 3.23919, 4.61331]
				},
				"foot_right_claw": {
					"rotation": ["10+math.sin((query.anim_time -0.4) * 360) * 10", "-(math.sin((query.anim_time -0.35) * 360) * 8)", 0]
				},
				"foot_right_claw2": {
					"rotation": ["10+math.sin((query.anim_time -0.4) * 360) * 10", 0, 0]
				},
				"foot_right_claw3": {
					"rotation": ["10+math.sin((query.anim_time -0.4) * 360) * 10", "NaN-(math.sin((query.anim_time -0.35) * 360) * 8)", 0]
				},
				"foot_right_claw_back": {
					"rotation": ["-10-math.sin((query.anim_time -0.4) * 360) * 10", 0, 0]
				},
				"torso": {
					"rotation": ["12.5+math.sin((query.anim_time -0.15) * 360) * 3", 0, 0]
				},
				"wing_open_left": {
					"rotation": [
						"-math.cos((query.anim_time +0.1) * 360) * 20",
						0,
						"-32.5+(-math.cos((query.anim_time -0.05) * 360) * 65) + math.abs(math.cos((query.anim_time -0.05) * 360) * 30)"
					]
				},
				"wing_open_left2": {
					"rotation": [
						"-math.cos(query.anim_time * 360) * 5",
						0,
						"(-math.cos((query.anim_time -0.15) * 360) * 20) + math.abs(math.cos((query.anim_time -0.15) * 360) * 5)"
					]
				},
				"wing_open_left3": {
					"rotation": [
						"-math.cos((query.anim_time -0.1) * 360) * 5",
						0,
						"(-math.cos((query.anim_time -0.2) * 360) * 15) + math.abs(math.cos((query.anim_time -0.2) * 360) * 5)"
					]
				},
				"wing_open_left4": {
					"rotation": [
						"-math.cos((query.anim_time -0.15) * 360) * 2",
						0,
						"(-math.cos((query.anim_time -0.3) * 360) * 10) + math.abs(math.cos((query.anim_time -0.3) * 360) * 5)"
					]
				},
				"wing_open_right": {
					"rotation": [
						"-math.cos((query.anim_time +0.1) * 360) * 20",
						0,
						"32.5+(math.cos((query.anim_time -0.05) * 360) * 65) - math.abs(math.cos((query.anim_time -0.05) * 360) * 30)"
					]
				},
				"wing_open_right2": {
					"rotation": [
						"-math.cos(query.anim_time * 360) * 5",
						0,
						"-((-math.cos((query.anim_time -0.15) * 360) * 20) + math.abs(math.cos((query.anim_time -0.15) * 360) * 5))"
					]
				},
				"wing_open_right3": {
					"rotation": [
						"-math.cos((query.anim_time -0.1) * 360) * 5",
						0,
						"-((-math.cos((query.anim_time -0.2) * 360) * 15) + math.abs(math.cos((query.anim_time -0.2) * 360) * 5))"
					]
				},
				"wing_open_right4": {
					"rotation": [
						"-math.cos((query.anim_time -0.15) * 360) * 2",
						0,
						"-((-math.cos((query.anim_time -0.3) * 360) * 10) + math.abs(math.cos((query.anim_time -0.3) * 360) * 5))"
					]
				},
				"wings_closed": {
					"scale": 0
				},
				"tail": {
					"rotation": ["math.cos((query.anim_time -0.4) * 360) * 2", 0, 0]
				},
				"tail_feathers": {
					"rotation": ["math.cos((query.anim_time -0.6) * 360) * 12", 0, 0]
				},
				"tail_feather_left": {
					"rotation": [0, "-math.sin((query.anim_time -0.4) * 360) * 6", 0]
				},
				"tail_feather_left2": {
					"rotation": ["math.cos((query.anim_time -0.6) * 360) * 7", 0, 0]
				},
				"tail_feather_right": {
					"rotation": [0, "math.sin((query.anim_time -0.4) * 360) * 6", 0]
				},
				"tail_feather_right2": {
					"rotation": ["math.cos((query.anim_time -0.6) * 360) * 7", 0, 0]
				},
				"neck": {
					"rotation": ["-10+math.sin((query.anim_time -0.25) * 360) * 3", 0, 0]
				},
				"head": {
					"rotation": ["5+math.sin((query.anim_time -0.2) * 360) * 4", 0, 0]
				}
			}
		},
		"animation.kilowattrel.ground_idle": {
			"loop": true,
			"bones": {
				"foot_left_claw_tip": {
					"rotation": [12.5, 0, 0]
				},
				"foot_left_claw_tip2": {
					"rotation": [12.5, 0, 0]
				},
				"foot_left_claw_tip3": {
					"rotation": [12.5, 0, 0]
				},
				"foot_left_claw_back_tip": {
					"rotation": [-12.5, 0, 0]
				},
				"foot_right_claw_tip": {
					"rotation": [12.5, 0, 0]
				},
				"foot_right_claw_tip2": {
					"rotation": [12.5, 0, 0]
				},
				"foot_right_claw_tip3": {
					"rotation": [12.5, 0, 0]
				},
				"foot_right_claw_back_tip": {
					"rotation": [-12.5, 0, 0]
				},
				"torso": {
					"rotation": ["math.sin((query.anim_time -0.1) * 360) * 0.5", 0, 0],
					"position": [0, "math.cos((query.anim_time -0.15) * 360) * 0.15", "-math.sin((query.anim_time -0.05) * 360) * 0.15"]
				},
				"wings_open": {
					"scale": 0
				},
				"wing_closed_left": {
					"rotation": ["math.sin((query.anim_time +0.1) * 360) * 0.5", 0, 0]
				},
				"wing_closed_left2": {
					"rotation": ["10 +math.sin((query.anim_time -0.1) * 360) * 1", 0, 0]
				},
				"wing_closed_left3": {
					"rotation": ["15+math.sin((query.anim_time -0.3) * 360) * 1", 0, 0]
				},
				"wing_closed_left4": {
					"rotation": [7.5, 0, 0]
				},
				"wing_closed_right": {
					"rotation": ["math.sin((query.anim_time +0.1) * 360) * 0.5", 0, 0]
				},
				"wing_closed_right2": {
					"rotation": ["10 +math.sin((query.anim_time -0.1) * 360) * 1", 0, 0]
				},
				"wing_closed_right3": {
					"rotation": ["15+math.sin((query.anim_time -0.3) * 360) * 1", 0, 0]
				},
				"wing_closed_right4": {
					"rotation": [7.5, 0, 0]
				},
				"tail": {
					"rotation": ["7.5+math.cos((query.anim_time -0.4) * 360) * 1.25", 0, 0]
				},
				"tail_feathers": {
					"rotation": ["5+math.cos((query.anim_time -0.5) * 360) * 4", 0, 0]
				},
				"tail_feather_left2": {
					"rotation": ["math.cos((query.anim_time -0.3) * 360) * 4", 0, 0]
				},
				"tail_feather_right2": {
					"rotation": ["math.cos((query.anim_time -0.3) * 360) * 4", 0, 0]
				},
				"neck": {
					"rotation": ["math.sin((query.anim_time -0.3) * 360) * 1.5", 0, 0],
					"position": [0, "math.cos((query.anim_time -0.15) * 360) * 0.05", 0]
				},
				"head": {
					"rotation": ["math.sin((query.anim_time -0.5) * 360) * 1", 0, 0]
				}
			}
		},
		"animation.kilowattrel.air_idle": {
			"loop": true,
			"bones": {
				"body": {
					"rotation": ["math.sin((query.anim_time -0.15) * 360) * 3", 0, 0],
					"position": [0, "5-math.sin(query.anim_time * 360) * 3 - math.abs(-math.sin(query.anim_time * 360) * 1.15)", 0]
				},
				"leg_left": {
					"rotation": ["math.sin((query.anim_time -0.3) * 360) * 15", 0, 0]
				},
				"foot_left_claw": {
					"rotation": ["10+math.sin((query.anim_time -0.4) * 360) * 10", "math.sin((query.anim_time -0.35) * 360) * 8", 0]
				},
				"foot_left_claw2": {
					"rotation": ["10+math.sin((query.anim_time -0.4) * 360) * 10", 0, 0]
				},
				"foot_left_claw3": {
					"rotation": ["10+math.sin((query.anim_time -0.4) * 360) * 10", "-(math.sin((query.anim_time -0.35) * 360) * 8)", 0]
				},
				"foot_left_claw_back": {
					"rotation": ["-10-math.sin((query.anim_time -0.4) * 360) * 10", 0, 0]
				},
				"leg_right": {
					"rotation": ["5.841+math.sin((query.anim_time -0.3) * 360) * 15", 3.23919, 4.61331]
				},
				"foot_right_claw": {
					"rotation": ["10+math.sin((query.anim_time -0.4) * 360) * 10", "-(math.sin((query.anim_time -0.35) * 360) * 8)", 0]
				},
				"foot_right_claw2": {
					"rotation": ["10+math.sin((query.anim_time -0.4) * 360) * 10", 0, 0]
				},
				"foot_right_claw3": {
					"rotation": ["10+math.sin((query.anim_time -0.4) * 360) * 10", "NaN-(math.sin((query.anim_time -0.35) * 360) * 8)", 0]
				},
				"foot_right_claw_back": {
					"rotation": ["-10-math.sin((query.anim_time -0.4) * 360) * 10", 0, 0]
				},
				"torso": {
					"rotation": ["12.5+math.sin((query.anim_time -0.15) * 360) * 3", 0, 0]
				},
				"wing_open_left": {
					"rotation": [
						"-math.cos((query.anim_time +0.1) * 360) * 20",
						0,
						"-32.5+(-math.cos((query.anim_time -0.05) * 360) * 65) + math.abs(math.cos((query.anim_time -0.05) * 360) * 30)"
					]
				},
				"wing_open_left2": {
					"rotation": [
						"-math.cos(query.anim_time * 360) * 5",
						0,
						"(-math.cos((query.anim_time -0.15) * 360) * 20) + math.abs(math.cos((query.anim_time -0.15) * 360) * 5)"
					]
				},
				"wing_open_left3": {
					"rotation": [
						"-math.cos((query.anim_time -0.1) * 360) * 5",
						0,
						"(-math.cos((query.anim_time -0.2) * 360) * 15) + math.abs(math.cos((query.anim_time -0.2) * 360) * 5)"
					]
				},
				"wing_open_left4": {
					"rotation": [
						"-math.cos((query.anim_time -0.15) * 360) * 2",
						0,
						"(-math.cos((query.anim_time -0.3) * 360) * 10) + math.abs(math.cos((query.anim_time -0.3) * 360) * 5)"
					]
				},
				"wing_open_right": {
					"rotation": [
						"-math.cos((query.anim_time +0.1) * 360) * 20",
						0,
						"32.5+(math.cos((query.anim_time -0.05) * 360) * 65) - math.abs(math.cos((query.anim_time -0.05) * 360) * 30)"
					]
				},
				"wing_open_right2": {
					"rotation": [
						"-math.cos(query.anim_time * 360) * 5",
						0,
						"-((-math.cos((query.anim_time -0.15) * 360) * 20) + math.abs(math.cos((query.anim_time -0.15) * 360) * 5))"
					]
				},
				"wing_open_right3": {
					"rotation": [
						"-math.cos((query.anim_time -0.1) * 360) * 5",
						0,
						"-((-math.cos((query.anim_time -0.2) * 360) * 15) + math.abs(math.cos((query.anim_time -0.2) * 360) * 5))"
					]
				},
				"wing_open_right4": {
					"rotation": [
						"-math.cos((query.anim_time -0.15) * 360) * 2",
						0,
						"-((-math.cos((query.anim_time -0.3) * 360) * 10) + math.abs(math.cos((query.anim_time -0.3) * 360) * 5))"
					]
				},
				"wings_closed": {
					"scale": 0
				},
				"tail": {
					"rotation": ["math.cos((query.anim_time -0.4) * 360) * 2", 0, 0]
				},
				"tail_feathers": {
					"rotation": ["math.cos((query.anim_time -0.6) * 360) * 12", 0, 0]
				},
				"tail_feather_left": {
					"rotation": [0, "-math.sin((query.anim_time -0.4) * 360) * 6", 0]
				},
				"tail_feather_left2": {
					"rotation": ["math.cos((query.anim_time -0.6) * 360) * 7", 0, 0]
				},
				"tail_feather_right": {
					"rotation": [0, "math.sin((query.anim_time -0.4) * 360) * 6", 0]
				},
				"tail_feather_right2": {
					"rotation": ["math.cos((query.anim_time -0.6) * 360) * 7", 0, 0]
				},
				"neck": {
					"rotation": ["-10+math.sin((query.anim_time -0.25) * 360) * 3", 0, 0]
				},
				"head": {
					"rotation": ["5+math.sin((query.anim_time -0.2) * 360) * 4", 0, 0]
				}
			}
		},
		"animation.kilowattrel.air_fly": {
			"loop": true,
			"bones": {
				"body": {
					"rotation": ["math.sin((query.anim_time -0.15) * 360) * 3", 0, 0],
					"position": [0, "5-math.sin(query.anim_time * 360) * 3 - math.abs(-math.sin(query.anim_time * 360) * 1.15)", 0]
				},
				"leg_left": {
					"rotation": ["math.sin((query.anim_time -0.3) * 360) * 15", 0, 0]
				},
				"foot_left_claw": {
					"rotation": ["10+math.sin((query.anim_time -0.4) * 360) * 10", "math.sin((query.anim_time -0.35) * 360) * 8", 0]
				},
				"foot_left_claw2": {
					"rotation": ["10+math.sin((query.anim_time -0.4) * 360) * 10", 0, 0]
				},
				"foot_left_claw3": {
					"rotation": ["10+math.sin((query.anim_time -0.4) * 360) * 10", "-(math.sin((query.anim_time -0.35) * 360) * 8)", 0]
				},
				"foot_left_claw_back": {
					"rotation": ["-10-math.sin((query.anim_time -0.4) * 360) * 10", 0, 0]
				},
				"leg_right": {
					"rotation": ["5.841+math.sin((query.anim_time -0.3) * 360) * 15", 3.23919, 4.61331]
				},
				"foot_right_claw": {
					"rotation": ["10+math.sin((query.anim_time -0.4) * 360) * 10", "-(math.sin((query.anim_time -0.35) * 360) * 8)", 0]
				},
				"foot_right_claw2": {
					"rotation": ["10+math.sin((query.anim_time -0.4) * 360) * 10", 0, 0]
				},
				"foot_right_claw3": {
					"rotation": ["10+math.sin((query.anim_time -0.4) * 360) * 10", "NaN-(math.sin((query.anim_time -0.35) * 360) * 8)", 0]
				},
				"foot_right_claw_back": {
					"rotation": ["-10-math.sin((query.anim_time -0.4) * 360) * 10", 0, 0]
				},
				"torso": {
					"rotation": ["12.5+math.sin((query.anim_time -0.15) * 360) * 3", 0, 0]
				},
				"wing_open_left": {
					"rotation": [
						"-math.cos((query.anim_time +0.1) * 360) * 20",
						0,
						"-32.5+(-math.cos((query.anim_time -0.05) * 360) * 65) + math.abs(math.cos((query.anim_time -0.05) * 360) * 30)"
					]
				},
				"wing_open_left2": {
					"rotation": [
						"-math.cos(query.anim_time * 360) * 5",
						0,
						"(-math.cos((query.anim_time -0.15) * 360) * 20) + math.abs(math.cos((query.anim_time -0.15) * 360) * 5)"
					]
				},
				"wing_open_left3": {
					"rotation": [
						"-math.cos((query.anim_time -0.1) * 360) * 5",
						0,
						"(-math.cos((query.anim_time -0.2) * 360) * 15) + math.abs(math.cos((query.anim_time -0.2) * 360) * 5)"
					]
				},
				"wing_open_left4": {
					"rotation": [
						"-math.cos((query.anim_time -0.15) * 360) * 2",
						0,
						"(-math.cos((query.anim_time -0.3) * 360) * 10) + math.abs(math.cos((query.anim_time -0.3) * 360) * 5)"
					]
				},
				"wing_open_right": {
					"rotation": [
						"-math.cos((query.anim_time +0.1) * 360) * 20",
						0,
						"32.5+(math.cos((query.anim_time -0.05) * 360) * 65) - math.abs(math.cos((query.anim_time -0.05) * 360) * 30)"
					]
				},
				"wing_open_right2": {
					"rotation": [
						"-math.cos(query.anim_time * 360) * 5",
						0,
						"-((-math.cos((query.anim_time -0.15) * 360) * 20) + math.abs(math.cos((query.anim_time -0.15) * 360) * 5))"
					]
				},
				"wing_open_right3": {
					"rotation": [
						"-math.cos((query.anim_time -0.1) * 360) * 5",
						0,
						"-((-math.cos((query.anim_time -0.2) * 360) * 15) + math.abs(math.cos((query.anim_time -0.2) * 360) * 5))"
					]
				},
				"wing_open_right4": {
					"rotation": [
						"-math.cos((query.anim_time -0.15) * 360) * 2",
						0,
						"-((-math.cos((query.anim_time -0.3) * 360) * 10) + math.abs(math.cos((query.anim_time -0.3) * 360) * 5))"
					]
				},
				"wings_closed": {
					"scale": 0
				},
				"tail": {
					"rotation": ["math.cos((query.anim_time -0.4) * 360) * 2", 0, 0]
				},
				"tail_feathers": {
					"rotation": ["math.cos((query.anim_time -0.6) * 360) * 12", 0, 0]
				},
				"tail_feather_left": {
					"rotation": [0, "-math.sin((query.anim_time -0.4) * 360) * 6", 0]
				},
				"tail_feather_left2": {
					"rotation": ["math.cos((query.anim_time -0.6) * 360) * 7", 0, 0]
				},
				"tail_feather_right": {
					"rotation": [0, "math.sin((query.anim_time -0.4) * 360) * 6", 0]
				},
				"tail_feather_right2": {
					"rotation": ["math.cos((query.anim_time -0.6) * 360) * 7", 0, 0]
				},
				"neck": {
					"rotation": ["-10+math.sin((query.anim_time -0.25) * 360) * 3", 0, 0]
				},
				"head": {
					"rotation": ["5+math.sin((query.anim_time -0.2) * 360) * 4", 0, 0]
				}
			}
		},
		"animation.kilowattrel.pose": {
			"loop": true,
			"bones": {
				"wing_closed_left2": {
					"rotation": [10, 0, 0]
				},
				"wing_closed_left3": {
					"rotation": [15, 0, 0]
				},
				"tail": {
					"rotation": [5, 0, 0]
				},
				"head": {
					"rotation": [-5, 0, 0]
				},
				"wing_closed_left4": {
					"rotation": [7.5, 0, 0]
				},
				"wing_closed_right2": {
					"rotation": [10, 0, 0]
				},
				"wing_closed_right3": {
					"rotation": [15, 0, 0]
				},
				"wing_closed_right4": {
					"rotation": [7.5, 0, 0]
				},
				"wings_open": {
					"scale": 0
				},
				"foot_right_claw_tip": {
					"rotation": [12.5, 0, 0]
				},
				"foot_right_claw_tip2": {
					"rotation": [12.5, 0, 0]
				},
				"foot_right_claw_tip3": {
					"rotation": [12.5, 0, 0]
				},
				"foot_right_claw_back_tip": {
					"rotation": [-12.5, 0, 0]
				},
				"foot_left_claw_tip": {
					"rotation": [12.5, 0, 0]
				},
				"foot_left_claw_tip2": {
					"rotation": [12.5, 0, 0]
				},
				"foot_left_claw_tip3": {
					"rotation": [12.5, 0, 0]
				},
				"foot_left_claw_back_tip": {
					"rotation": [-12.5, 0, 0]
				}
			}
		},
		"animation.kilowattrel.pose2": {
			"loop": true,
			"bones": {
				"body": {
					"rotation": [-5, 0, 0],
					"position": [0, 3, 0]
				},
				"legs": {
					"rotation": [27.5, 0, 0],
					"position": [0, -1, 2]
				},
				"leg_left": {
					"rotation": [0, 0, -12.5]
				},
				"foot_left": {
					"rotation": [25, 0, 0]
				},
				"foot_left_claw": {
					"rotation": [20, 0, 0]
				},
				"foot_left_claw_tip": {
					"rotation": [30, 0, 0]
				},
				"foot_left_claw2": {
					"rotation": [17.5, 0, 0]
				},
				"foot_left_claw_tip2": {
					"rotation": [32.5, 0, 0]
				},
				"foot_left_claw3": {
					"rotation": [15, 0, 0]
				},
				"foot_left_claw_tip3": {
					"rotation": [30, 0, 0]
				},
				"foot_left_claw_back": {
					"rotation": [-40, 0, 0]
				},
				"leg_right": {
					"rotation": [0, 0, 12.5]
				},
				"foot_right": {
					"rotation": [25, 0, 0]
				},
				"foot_right_claw": {
					"rotation": [20, 0, 0]
				},
				"foot_right_claw_tip": {
					"rotation": [30, 0, 0]
				},
				"foot_right_claw2": {
					"rotation": [17.5, 0, 0]
				},
				"foot_right_claw_tip2": {
					"rotation": [32.5, 0, 0]
				},
				"foot_right_claw3": {
					"rotation": [15, 0, 0]
				},
				"foot_right_claw_tip3": {
					"rotation": [30, 0, 0]
				},
				"foot_right_claw_back": {
					"rotation": [-40, 0, 0]
				},
				"torso": {
					"rotation": [0, 10, 0]
				},
				"wing_open_left": {
					"rotation": [0, 0, -22.5]
				},
				"wing_open_left2": {
					"rotation": [0, 0, -35]
				},
				"wing_open_left3": {
					"rotation": [0, 0, -15]
				},
				"wing_open_right": {
					"rotation": [0, 0, 22.5]
				},
				"wing_open_right2": {
					"rotation": [0, 0, 35]
				},
				"wing_open_right3": {
					"rotation": [0, 0, 15]
				},
				"wings_closed": {
					"scale": 0
				},
				"tail": {
					"rotation": [5, 0, 0]
				},
				"tail_feather_left2": {
					"rotation": [5, 0, 0]
				},
				"tail_feather_right2": {
					"rotation": [5, 0, 0]
				},
				"neck_sac": {
					"rotation": [-47.5, 0, 0]
				},
				"head": {
					"rotation": [-10, 0, 0]
				},
				"beak": {
					"rotation": [-10, 0, 0]
				},
				"jaw": {
					"rotation": [35, 0, 0]
				}
			}
		},
		"animation.kilowattrel.blink": {
			"animation_length": 0.1667,
			"bones": {
				"eyelid_right": {
					"position": {
						"0.0": [-0.1, 0, -0.1],
						"0.125": [-0.1, 0, -0.1],
						"0.1667": [0, 0, 0]
					}
				},
				"eyelid_left": {
					"position": {
						"0.0": [0.1, 0, -0.1],
						"0.125": [0.1, 0, -0.1],
						"0.1667": [0, 0, 0]
					}
				}
			}
		},
		"animation.kilowattrel.sad": {
			"loop": true,
			"bones": {
				"iris_right": {
					"position": [0, 0, 0.1]
				},
				"iris_left": {
					"position": [0, 0, 0.1]
				},
				"iris_right_sad": {
					"rotation": [0, 0, -5],
					"position": [0, 0, -0.1]
				},
				"iris_left_sad": {
					"rotation": [0, 0, 5],
					"position": [0, 0, -0.1]
				}
			}
		},
		"animation.kilowattrel.mad": {
			"loop": true,
			"bones": {
				"iris_right": {
					"rotation": [0, 0, 5]
				},
				"iris_left": {
					"rotation": [0, 0, -5]
				}
			}
		},
		"animation.kilowattrel.happy": {
			"loop": true,
			"bones": {
				"eyelid_right_happy": {
					"position": [-0.1, 0, -0.1]
				},
				"eyelid_left_happy": {
					"position": [0.1, 0, -0.1]
				},
				"jaw": {
					"rotation": [15, 0, 0]
				}
			}
		},
		"animation.kilowattrel.neck_sac": {
			"loop": true,
			"bones": {
				"wings_closed": {
					"scale": 0
				},
				"neck_sac": {
					"rotation": [-40, 0, 0]
				}
			}
		},
		"animation.kilowattrel.air_idle4": {
			"loop": true,
			"bones": {
				"body": {
					"rotation": ["math.sin((query.anim_time -0.15) * 360) * 3", 0, 0],
					"position": [0, "5-math.sin(query.anim_time * 360) * 3 - math.abs(-math.sin(query.anim_time * 360) * 1.15)", 0]
				},
				"leg_left": {
					"rotation": ["math.sin((query.anim_time -0.3) * 360) * 15", 0, 0]
				},
				"foot_left_claw": {
					"rotation": ["10+math.sin((query.anim_time -0.4) * 360) * 10", "math.sin((query.anim_time -0.35) * 360) * 8", 0]
				},
				"foot_left_claw2": {
					"rotation": ["10+math.sin((query.anim_time -0.4) * 360) * 10", 0, 0]
				},
				"foot_left_claw3": {
					"rotation": ["10+math.sin((query.anim_time -0.4) * 360) * 10", "-(math.sin((query.anim_time -0.35) * 360) * 8)", 0]
				},
				"foot_left_claw_back": {
					"rotation": ["-10-math.sin((query.anim_time -0.4) * 360) * 10", 0, 0]
				},
				"leg_right": {
					"rotation": ["5.841+math.sin((query.anim_time -0.3) * 360) * 15", 3.23919, 4.61331]
				},
				"foot_right_claw": {
					"rotation": ["10+math.sin((query.anim_time -0.4) * 360) * 10", "-(math.sin((query.anim_time -0.35) * 360) * 8)", 0]
				},
				"foot_right_claw2": {
					"rotation": ["10+math.sin((query.anim_time -0.4) * 360) * 10", 0, 0]
				},
				"foot_right_claw3": {
					"rotation": ["10+math.sin((query.anim_time -0.4) * 360) * 10", "NaN-(math.sin((query.anim_time -0.35) * 360) * 8)", 0]
				},
				"foot_right_claw_back": {
					"rotation": ["-10-math.sin((query.anim_time -0.4) * 360) * 10", 0, 0]
				},
				"torso": {
					"rotation": ["12.5+math.sin((query.anim_time -0.15) * 360) * 3", 0, 0]
				},
				"wing_open_left": {
					"rotation": [
						"-math.cos((query.anim_time +0.1) * 360) * 20",
						0,
						"-32.5+(-math.cos((query.anim_time -0.05) * 360) * 65) + math.abs(math.cos((query.anim_time -0.05) * 360) * 30)"
					]
				},
				"wing_open_left2": {
					"rotation": [
						"-math.cos(query.anim_time * 360) * 5",
						0,
						"(-math.cos((query.anim_time -0.15) * 360) * 20) + math.abs(math.cos((query.anim_time -0.15) * 360) * 5)"
					]
				},
				"wing_open_left3": {
					"rotation": [
						"-math.cos((query.anim_time -0.1) * 360) * 5",
						0,
						"(-math.cos((query.anim_time -0.2) * 360) * 15) + math.abs(math.cos((query.anim_time -0.2) * 360) * 5)"
					]
				},
				"wing_open_left4": {
					"rotation": [
						"-math.cos((query.anim_time -0.15) * 360) * 2",
						0,
						"(-math.cos((query.anim_time -0.3) * 360) * 10) + math.abs(math.cos((query.anim_time -0.3) * 360) * 5)"
					]
				},
				"wing_open_right": {
					"rotation": [
						"-math.cos((query.anim_time +0.1) * 360) * 20",
						0,
						"32.5+(math.cos((query.anim_time -0.05) * 360) * 65) - math.abs(math.cos((query.anim_time -0.05) * 360) * 30)"
					]
				},
				"wing_open_right2": {
					"rotation": [
						"-math.cos(query.anim_time * 360) * 5",
						0,
						"-((-math.cos((query.anim_time -0.15) * 360) * 20) + math.abs(math.cos((query.anim_time -0.15) * 360) * 5))"
					]
				},
				"wing_open_right3": {
					"rotation": [
						"-math.cos((query.anim_time -0.1) * 360) * 5",
						0,
						"-((-math.cos((query.anim_time -0.2) * 360) * 15) + math.abs(math.cos((query.anim_time -0.2) * 360) * 5))"
					]
				},
				"wing_open_right4": {
					"rotation": [
						"-math.cos((query.anim_time -0.15) * 360) * 2",
						0,
						"-((-math.cos((query.anim_time -0.3) * 360) * 10) + math.abs(math.cos((query.anim_time -0.3) * 360) * 5))"
					]
				},
				"wings_closed": {
					"scale": 0
				},
				"tail": {
					"rotation": ["math.cos((query.anim_time -0.4) * 360) * 2", 0, 0]
				},
				"tail_feathers": {
					"rotation": ["math.cos((query.anim_time -0.6) * 360) * 12", 0, 0]
				},
				"tail_feather_left": {
					"rotation": [0, "-math.sin((query.anim_time -0.4) * 360) * 6", 0]
				},
				"tail_feather_left2": {
					"rotation": ["math.cos((query.anim_time -0.6) * 360) * 7", 0, 0]
				},
				"tail_feather_right": {
					"rotation": [0, "math.sin((query.anim_time -0.4) * 360) * 6", 0]
				},
				"tail_feather_right2": {
					"rotation": ["math.cos((query.anim_time -0.6) * 360) * 7", 0, 0]
				},
				"neck": {
					"rotation": ["-10+math.sin((query.anim_time -0.25) * 360) * 3", 0, 0]
				},
				"head": {
					"rotation": ["5+math.sin((query.anim_time -0.2) * 360) * 4", 0, 0]
				}
			}
		}
	}
}