{
	"format_version": "1.8.0",
	"animations": {
		"animation.keldeo.ground_idle": {
			"loop": true,
			"animation_length": 1,
			"bones": {
				"torso": {
					"rotation": {
						"0.0": {
							"post": [-2.5, 0, 0],
							"lerp_mode": "catmullrom"
						},
						"0.5": {
							"post": [-5, 0, 0],
							"lerp_mode": "catmullrom"
						},
						"1.0": {
							"post": [-2.5, 0, 0],
							"lerp_mode": "catmullrom"
						}
					},
					"position": {
						"0.0": {
							"post": [0, -0.8, 0],
							"lerp_mode": "catmullrom"
						},
						"1.0": {
							"post": [0, -0.8, 0],
							"lerp_mode": "catmullrom"
						}
					}
				},
				"right_back_leg": {
					"rotation": {
						"0.0": {
							"post": [-4.99527, 0.21782, 2.4905],
							"lerp_mode": "catmullrom"
						}
					},
					"position": {
						"0.0": {
							"post": [0, -2.15, 0],
							"lerp_mode": "catmullrom"
						}
					}
				},
				"right_front_leg": {
					"rotation": {
						"0.0": {
							"post": [0, 0, -2.5],
							"lerp_mode": "catmullrom"
						}
					}
				},
				"neck": {
					"rotation": {
						"0.0": {
							"post": [5, 0, 0],
							"lerp_mode": "catmullrom"
						},
						"0.5": {
							"post": [12.5, 0, 0],
							"lerp_mode": "catmullrom"
						},
						"1.0": {
							"post": [5, 0, 0],
							"lerp_mode": "catmullrom"
						}
					}
				},
				"head": {
					"rotation": {
						"0.0": {
							"post": [7.5, 0, 0],
							"lerp_mode": "catmullrom"
						},
						"0.5": {
							"post": [2.5369, 0.45307, 0.38401],
							"lerp_mode": "catmullrom"
						},
						"1.0": {
							"post": [7.5, 0, 0],
							"lerp_mode": "catmullrom"
						}
					}
				},
				"right_back_leg2": {
					"rotation": {
						"0.0": {
							"post": [22.5, 0, 0],
							"lerp_mode": "catmullrom"
						}
					},
					"position": {
						"0.0": {
							"post": [0.075, 0.625, 0],
							"lerp_mode": "catmullrom"
						}
					}
				},
				"right_back_leg3": {
					"rotation": {
						"0.0": {
							"post": [-32.5, 0, 0],
							"lerp_mode": "catmullrom"
						}
					},
					"position": {
						"0.0": {
							"post": [0.025, 0.675, 0.225],
							"lerp_mode": "catmullrom"
						}
					}
				},
				"right_back_toe": {
					"rotation": {
						"0.0": {
							"post": [14.98637, 0.64686, -2.41492],
							"lerp_mode": "catmullrom"
						}
					},
					"position": {
						"0.0": {
							"post": [-0.025, 0.425, 0],
							"lerp_mode": "catmullrom"
						}
					}
				},
				"right_front_leg2": {
					"rotation": {
						"0.0": {
							"post": [0, 0, 2.5],
							"lerp_mode": "catmullrom"
						}
					},
					"position": {
						"0.0": {
							"post": [0, 0.1, 0],
							"lerp_mode": "catmullrom"
						}
					}
				},
				"left_front_leg": {
					"rotation": {
						"0.0": {
							"post": [0, 0, 2.5],
							"lerp_mode": "catmullrom"
						}
					}
				},
				"left_front_leg2": {
					"rotation": {
						"0.0": {
							"post": [0, 0, -2.5],
							"lerp_mode": "catmullrom"
						}
					},
					"position": {
						"0.0": {
							"post": [0, 0.1, 0],
							"lerp_mode": "catmullrom"
						}
					}
				},
				"left_back_leg": {
					"rotation": {
						"0.0": {
							"post": [-4.99527, -0.21782, -2.4905],
							"lerp_mode": "catmullrom"
						}
					},
					"position": {
						"0.0": {
							"post": [0, -2.15, 0],
							"lerp_mode": "catmullrom"
						}
					}
				},
				"left_back_leg2": {
					"rotation": {
						"0.0": {
							"post": [22.5, 0, 0],
							"lerp_mode": "catmullrom"
						}
					},
					"position": {
						"0.0": {
							"post": [-0.075, 0.625, 0],
							"lerp_mode": "catmullrom"
						}
					}
				},
				"left_back_leg3": {
					"rotation": {
						"0.0": {
							"post": [-32.5, 0, 0],
							"lerp_mode": "catmullrom"
						}
					},
					"position": {
						"0.0": {
							"post": [-0.025, 0.675, 0.225],
							"lerp_mode": "catmullrom"
						}
					}
				},
				"left_back_toe": {
					"rotation": {
						"0.0": {
							"post": [14.98637, -0.64686, 2.41492],
							"lerp_mode": "catmullrom"
						}
					},
					"position": {
						"0.0": {
							"post": [0.025, 0.425, 0],
							"lerp_mode": "catmullrom"
						}
					}
				},
				"tail1": {
					"rotation": {
						"0.0": {
							"post": [17.5, 0, 0],
							"lerp_mode": "catmullrom"
						},
						"0.5": {
							"post": [5, 0, 0],
							"lerp_mode": "catmullrom"
						},
						"1.0": {
							"post": [17.5, 0, 0],
							"lerp_mode": "catmullrom"
						}
					}
				},
				"tail2": {
					"rotation": {
						"0.0": {
							"post": [5, 0, 0],
							"lerp_mode": "catmullrom"
						},
						"0.25": {
							"post": [15, 0, 0],
							"lerp_mode": "catmullrom"
						},
						"0.7083": {
							"post": [2.02558, 1.94888, 1.4959],
							"lerp_mode": "catmullrom"
						},
						"1.0": {
							"post": [5, 0, 0],
							"lerp_mode": "catmullrom"
						}
					}
				},
				"tail3": {
					"rotation": {
						"0.0": {
							"post": [-5, 0, 0],
							"lerp_mode": "catmullrom"
						},
						"0.2917": {
							"post": [2.5, 0, 0],
							"lerp_mode": "catmullrom"
						},
						"0.625": {
							"post": [-15, 0, 0],
							"lerp_mode": "catmullrom"
						},
						"1.0": {
							"post": [-5, 0, 0],
							"lerp_mode": "catmullrom"
						}
					}
				}
			}
		},
		"animation.keldeo.ground_walk": {
			"loop": true,
			"bones": {
				"body": {
					"rotation": [0, 0, "math.clamp(math.sin(q.anim_time*90*4-90)*1,-0.5,0.5)+math.sin(q.anim_time*90*4-180)*1"],
					"position": [0, "-1.75+math.clamp(math.sin(q.anim_time*90*4)*1,0.5,2)+math.clamp(math.sin(q.anim_time*90*4+180)*1,0.5,1)", 0]
				},
				"right_front_leg": {
					"rotation": [
						"20-math.clamp(20*(math.sin(q.anim_time*90*4-90+33+180)*1+1),-0,60)",
						0,
						"math.clamp(math.sin(q.anim_time*90*4-90+180)*1,-0.8,0.8)+math.sin(q.anim_time*90*4-180*0)*1"
					],
					"position": [0, "(math.clamp(math.sin(q.anim_time*90*4-10)*-0.1,-0.5,1)+0.2)+(math.clamp(math.sin(q.anim_time*90*4-150)*0.5,0,1)-0)", 0]
				},
				"right_front_leg2": {
					"rotation": [
						"math.clamp(math.sin(q.anim_time*90*4-180*1+33)*40,0,40)+(math.clamp(math.sin(q.anim_time*90*2-90*3)*1,0.5,0.7)*1-0.6)*30+(math.clamp(math.sin(q.anim_time*90*2-90*1)*1,0.5,0.7)*1-0.5)*30",
						0,
						0
					]
				},
				"right_front_toe": {
					"rotation": ["-20+math.clamp(10*(math.sin(q.anim_time*90*4-90-180*1)*1+2),-0,60)+math.clamp(math.sin(q.anim_time*90*4-220*1+40)*30,-2.5,30)", 0, 0],
					"position": [0, "math.clamp(math.sin(q.anim_time*90*4-120+180)*1.1,0.9,1)-0.9+math.clamp(math.sin(q.anim_time*90*2-130+90)*1.3,0.9,1)-0.9", 0]
				},
				"left_front_leg": {
					"rotation": [
						"20-math.clamp(20*(math.sin(q.anim_time*90*4-90+33)*1+1),-0,60)",
						0,
						"math.clamp(math.sin(q.anim_time*90*4-90+180)*1,-0.8,0.8)+math.sin(q.anim_time*90*4-180*0)*1"
					],
					"position": [0, "(math.clamp(math.sin(q.anim_time*90*4-10)*-0.1,-0.5,1)+0.2)+(math.clamp(math.sin(q.anim_time*90*4-150+180)*0.6,0,1)-0)", 0]
				},
				"left_front_leg2": {
					"rotation": [
						"math.clamp(math.sin(q.anim_time*90*4*1+33)*40,0,40)+(math.clamp(math.sin(q.anim_time*90*2-90*3)*1,0.5,0.7)*1-0.6)*30+(math.clamp(math.sin(q.anim_time*90*2-90*1)*1,0.5,0.7)*1-0.5)*30",
						0,
						0
					]
				},
				"left_front_toe": {
					"rotation": ["-20+math.clamp(10*(-math.sin(q.anim_time*90*4-90)*1+2)+25,0,60)-math.clamp(math.sin(q.anim_time*90*4-220*1+40)*30,-2.5,30)", 0, 0],
					"position": [0, "math.clamp(math.sin(q.anim_time*90*4-120)*1.1,0.9,1)-0.9+math.clamp(math.sin(q.anim_time*90*2-130)*1.3,0.9,1)-0.9", 0]
				},
				"right_back_leg": {
					"rotation": ["-20+math.clamp(15*(math.sin(q.anim_time*90*4-90+180)*1+1),-0,60)", 0, 0],
					"position": [
						0,
						"-0.5+math.clamp(-math.sin(q.anim_time*90*4+90+180*1)*0.01,0,0.01)+math.clamp(-math.sin(q.anim_time*90*4+20+180*1)*1,0.4,1)-0.4+math.clamp(math.sin(q.anim_time*90*4-130+180*1)*1.5,0.4,0.6)-0.3+(math.clamp(-math.sin(q.anim_time*90*2+70+180*1)*1,0.5,1)-0.5)*0.5+(math.clamp(-math.sin(q.anim_time*90*2+70+180*0)*1,0.5,1)+0.5)*0.5",
						0
					]
				},
				"right_back_leg3": {
					"rotation": [
						"math.clamp(math.sin(q.anim_time*90*4+180)*10,0,10)-math.clamp(math.sin(q.anim_time*90*4-95+180)*10,0,45)-math.clamp(math.sin(q.anim_time*90*4+180*0)*10,0,45)",
						0,
						0
					],
					"position": [0, "math.clamp(math.sin(q.anim_time*90*4-130+180)*1,0.7,1)-math.clamp(math.sin(q.anim_time*90*4-40+180)*1,0.75,1)+0.25", 0]
				},
				"right_back_toe": {
					"rotation": [
						"-math.clamp(math.sin(q.anim_time*90*4+180*1)*10,0,10)+math.clamp(math.sin(q.anim_time*90*4+10+180*0)*25,0,45)-(-20+math.clamp(11*(math.sin(q.anim_time*90*4-90+180*1)*1+1),-0,60))+math.clamp(math.sin(q.anim_time*90*4-130+180*1)*00,50,100)-50",
						0,
						0
					],
					"position": [0, "(math.clamp(math.sin(q.anim_time*90*4-110+180*0)*1,0.5,1)-0.5)*0.7", 0]
				},
				"left_back_leg": {
					"rotation": [
						"-20+math.clamp(15*(math.sin(q.anim_time*90*4-90)*1+1),-0,60)",
						0,
						"-math.clamp(math.sin(q.anim_time*90*4-90)*1,-0.8,0.8)-math.sin(q.anim_time*90*4-180)*1"
					],
					"position": [
						0,
						"-0.5+math.clamp(-math.sin(q.anim_time*90*4+90+180*0)*0.01,0,0.01)+math.clamp(-math.sin(q.anim_time*90*4+20+180*0)*1,0.4,1)-0.4+math.clamp(math.sin(q.anim_time*90*4-130+180*0)*1.5,0.4,0.6)-0.3+(math.clamp(-math.sin(q.anim_time*90*2+70+180*0)*1,0.5,1)-0.5)*0.5+(math.clamp(-math.sin(q.anim_time*90*2+70+180*1)*1,0.5,1)+0)*0.5",
						0
					]
				},
				"left_back_leg3": {
					"rotation": [
						"math.clamp(math.sin(q.anim_time*90*4)*10,0,10)-math.clamp(math.sin(q.anim_time*90*4-95)*10,0,45)-math.clamp(math.sin(q.anim_time*90*4+180)*10,0,45)",
						0,
						0
					],
					"position": [0, "math.clamp(math.sin(q.anim_time*90*4-130)*1,0.7,1)-math.clamp(math.sin(q.anim_time*90*4-40)*1,0.75,1)+0.25", 0]
				},
				"left_back_toe": {
					"rotation": [
						"-math.clamp(math.sin(q.anim_time*90*4+180*0)*10,0,10)+math.clamp(math.sin(q.anim_time*90*4+10+180*1)*25,0,45)-(-20+math.clamp(11*(math.sin(q.anim_time*90*4-90+180*0)*1+1),-0,60))+math.clamp(math.sin(q.anim_time*90*4-130+180*0)*00,50,100)-50",
						0,
						0
					],
					"position": [0, "(math.clamp(math.sin(q.anim_time*90*4-110+180)*1,0.5,1)-0.5)*0.7", 0]
				},
				"torso": {
					"rotation": ["math.sin(q.anim_time*90*8-90)*1+0.5", 0, 0]
				},
				"tail1": {
					"rotation": ["7.9304 - math.cos((query.anim_time + 0.8) * 90 * 2) * 2", 0, -2.10352]
				},
				"tail2": {
					"rotation": ["7.6457 - math.cos((query.anim_time + 0.4) * 90 * 2) * 8", 0, -1.85723]
				},
				"tail3": {
					"rotation": ["4.9634 - math.cos((query.anim_time + 0) * 90 * 2) * 16", 0, 1.39979]
				},
				"neck": {
					"rotation": ["math.sin(q.anim_time*90*8-90)*1+10", 0, 0]
				},
				"head": {
					"rotation": ["math.sin(q.anim_time*90*8-50)*-2+0", 0, "-math.clamp(math.sin(q.anim_time*90*4-90)*1,-0.8,0.8)-math.sin(q.anim_time*90*4-180)*1"],
					"position": ["math.sin(q.anim_time*90*4-45)*0.1", "math.sin(-q.anim_time*90*4*2-45)*0.1", 0]
				},
				"hair": {
					"rotation": ["math.sin(q.anim_time*90*10)*1", 0, 0]
				}
			}
		},
		"animation.keldeo.water_idle": {
			"loop": true,
			"bones": {
				"body": {
					"position": [0, "1-math.sin(q.anim_time*90*4+50)*0.07", "1+math.sin(q.anim_time*90*4)*0.02"]
				},
				"right_front_leg": {
					"rotation": [
						"20-math.clamp(20*(math.sin(q.anim_time*90*4-90+33+180)*1+1),-0,60)",
						0,
						"math.clamp(math.sin(q.anim_time*90*4-90+180)*1,-0.8,0.8)+math.sin(q.anim_time*90*4-180*0)*1"
					],
					"position": [0, "(math.clamp(math.sin(q.anim_time*90*4-10)*-0.1,-0.5,1)+0.2)+(math.clamp(math.sin(q.anim_time*90*4-150)*0.5,0,1)-0)", 0]
				},
				"right_front_leg2": {
					"rotation": [
						"math.clamp(math.sin(q.anim_time*90*4-180*1+33)*40,0,40)+(math.clamp(math.sin(q.anim_time*90*2-90*3)*1,0.5,0.7)*1-0.6)*30+(math.clamp(math.sin(q.anim_time*90*2-90*1)*1,0.5,0.7)*1-0.5)*30",
						0,
						0
					]
				},
				"left_front_leg": {
					"rotation": [
						"20-math.clamp(20*(math.sin(q.anim_time*90*4-90+33)*1+1),-0,60)",
						0,
						"math.clamp(math.sin(q.anim_time*90*4-90+180)*1,-0.8,0.8)+math.sin(q.anim_time*90*4-180*0)*1"
					],
					"position": [0, "(math.clamp(math.sin(q.anim_time*90*4-10)*-0.1,-0.5,1)+0.2)+(math.clamp(math.sin(q.anim_time*90*4-150+180)*0.6,0,1)-0)", 0]
				},
				"left_front_leg2": {
					"rotation": [
						"math.clamp(math.sin(q.anim_time*90*4*1+33)*40,0,40)+(math.clamp(math.sin(q.anim_time*90*2-90*3)*1,0.5,0.7)*1-0.6)*30+(math.clamp(math.sin(q.anim_time*90*2-90*1)*1,0.5,0.7)*1-0.5)*30",
						0,
						0
					]
				},
				"right_back_leg": {
					"rotation": ["-20+math.clamp(15*(math.sin(q.anim_time*90*4-90+180)*1+1),-0,60)", 0, 0],
					"position": [
						0,
						"-0.5+math.clamp(-math.sin(q.anim_time*90*4+90+180*1)*0.01,0,0.01)+math.clamp(-math.sin(q.anim_time*90*4+20+180*1)*1,0.4,1)-0.4+math.clamp(math.sin(q.anim_time*90*4-130+180*1)*1.5,0.4,0.6)-0.3+(math.clamp(-math.sin(q.anim_time*90*2+70+180*1)*1,0.5,1)-0.5)*0.5+(math.clamp(-math.sin(q.anim_time*90*2+70+180*0)*1,0.5,1)+0.5)*0.5",
						0
					]
				},
				"right_back_leg3": {
					"rotation": [
						"math.clamp(math.sin(q.anim_time*90*4+180)*10,0,10)-math.clamp(math.sin(q.anim_time*90*4-95+180)*10,0,45)-math.clamp(math.sin(q.anim_time*90*4+180*0)*10,0,45)",
						0,
						0
					],
					"position": [0, "math.clamp(math.sin(q.anim_time*90*4-130+180)*1,0.7,1)-math.clamp(math.sin(q.anim_time*90*4-40+180)*1,0.75,1)+0.25", 0]
				},
				"left_back_leg": {
					"rotation": [
						"-20+math.clamp(15*(math.sin(q.anim_time*90*4-90)*1+1),-0,60)",
						0,
						"-math.clamp(math.sin(q.anim_time*90*4-90)*1,-0.8,0.8)-math.sin(q.anim_time*90*4-180)*1"
					],
					"position": [
						0,
						"-0.5+math.clamp(-math.sin(q.anim_time*90*4+90+180*0)*0.01,0,0.01)+math.clamp(-math.sin(q.anim_time*90*4+20+180*0)*1,0.4,1)-0.4+math.clamp(math.sin(q.anim_time*90*4-130+180*0)*1.5,0.4,0.6)-0.3+(math.clamp(-math.sin(q.anim_time*90*2+70+180*0)*1,0.5,1)-0.5)*0.5+(math.clamp(-math.sin(q.anim_time*90*2+70+180*1)*1,0.5,1)+0)*0.5",
						0
					]
				},
				"left_back_leg3": {
					"rotation": [
						"math.clamp(math.sin(q.anim_time*90*4)*10,0,10)-math.clamp(math.sin(q.anim_time*90*4-95)*10,0,45)-math.clamp(math.sin(q.anim_time*90*4+180)*10,0,45)",
						0,
						0
					],
					"position": [0, "math.clamp(math.sin(q.anim_time*90*4-130)*1,0.7,1)-math.clamp(math.sin(q.anim_time*90*4-40)*1,0.75,1)+0.25", 0]
				},
				"tail1": {
					"rotation": ["7.9304 - math.cos((query.anim_time + 0.8) * 90 * 2) * 2", 0, -2.10352]
				},
				"tail2": {
					"rotation": ["7.9304 - math.cos((query.anim_time + 0.8) * 90 * 2) * 2", 0, -2.10352]
				},
				"tail3": {
					"rotation": ["4.9634 - math.cos((query.anim_time + 0) * 90 * 2) * 16", 0, 1.39979]
				},
				"head": {
					"rotation": [12.5, 0, 0]
				}
			}
		},
		"animation.keldeo.water_swim": {
			"loop": true,
			"bones": {
				"body": {
					"position": [
						0,
						"-1+math.clamp(math.sin(q.anim_time*90*4-15)*1*1,0.2,1)+math.clamp(math.sin(q.anim_time*90*4+180-15)*1*1,0.2,1)",
						"math.sin(q.anim_time*90*4*2-20)*0.4"
					]
				},
				"right_front_leg": {
					"rotation": ["10-(20*(math.sin(q.anim_time*90*4*2-90+45+90)*1.5+1.2 ))", 0, 0],
					"position": [0, "(math.clamp(math.sin(q.anim_time*90*4*2-10+45+90)*-0.1,-0.1,1))+(math.clamp(math.sin(q.anim_time*90*4*2+45+90)*1,0,1)-0.3)", 0]
				},
				"right_front_leg2": {
					"rotation": ["math.clamp(math.sin(q.anim_time*90*4*2+20+45+90)*70,0,100)+5+math.clamp(math.sin(q.anim_time*90*4*2+20+45+90)*15,-10,0)", 0, 0]
				},
				"left_front_leg": {
					"rotation": ["10-(20*(math.sin(q.anim_time*90*4*2-90+45)*1.5+1.2 ))", 0, 0],
					"position": [0, "(math.clamp(math.sin(q.anim_time*90*4*2-10+45)*-0.1,-0.1,1))+(math.clamp(math.sin(q.anim_time*90*4*2+45)*1,0,1)-0.3)", 0]
				},
				"left_front_leg2": {
					"rotation": ["math.clamp(math.sin(q.anim_time*90*4*2+20+45)*70,0,100)+5+math.clamp(math.sin(q.anim_time*90*4*2+20+45)*15,-10,0)", 0, 0]
				},
				"right_back_leg": {
					"rotation": ["-(math.sin(q.anim_time*90*4*2-90+90+90)*35)", 0, 0],
					"position": [0, "(math.clamp(math.sin(q.anim_time*90*4*2-10+100+90)*-0.05,-0.1,1)+0.2)+(math.clamp(math.sin(q.anim_time*90*4*2+100+90)*1,0,2)-0)", 0]
				},
				"right_back_leg3": {
					"rotation": [
						"-5+((math.clamp(math.sin(q.anim_time*90*4*2-40+90)*20,0,20))+(math.clamp(math.sin(q.anim_time*90*4*2-175+90)*30,0,45))-(math.clamp(math.sin(q.anim_time*90*4*2+100+90)*80,0,30)))",
						0,
						0
					],
					"position": [0, "math.clamp(math.sin(q.anim_time*90*4*2-160+180+90)*1.5,0.7,1.3)-math.clamp(math.sin(q.anim_time*90*4*2-70+180)*1.5,0.75,1.3)+0.3", 0]
				},
				"left_back_leg": {
					"rotation": ["-(math.sin(q.anim_time*90*4*2-90+90)*35)", 0, 0],
					"position": [0, "(math.clamp(math.sin(q.anim_time*90*4*2-10+100)*-0.05,-0.1,1)+0.2)+(math.clamp(math.sin(q.anim_time*90*4*2+100)*1,0,2)-0)", 0]
				},
				"left_back_leg3": {
					"rotation": [
						"-5+((math.clamp(math.sin(q.anim_time*90*4*2-40)*20,0,20))+(math.clamp(math.sin(q.anim_time*90*4*2-175)*30,0,45))-(math.clamp(math.sin(q.anim_time*90*4*2+100)*80,0,30)))",
						0,
						0
					],
					"position": [0, "math.clamp(math.sin(q.anim_time*90*4*2-160+180)*1.5,0.7,1.3)-math.clamp(math.sin(q.anim_time*90*4*2-70+180)*1.5,0.75,1.3)+0.3", 0]
				},
				"tail1": {
					"rotation": ["-7.5 - math.cos((query.anim_time + 0.2) * 90 * 8) * -2", 0, 0]
				},
				"neck": {
					"rotation": ["30 + math.sin(q.anim_time*90*4*2)*8", 0, 0]
				},
				"head": {
					"rotation": ["-17.5 + math.sin(q.anim_time*90*4*2-50)*-10", 0, 0]
				},
				"tail2": {
					"rotation": ["0 - math.cos((query.anim_time + 0.2) * 90 * 8) * -10", 0, 0]
				},
				"tail3": {
					"rotation": ["0 - math.cos((query.anim_time + 0) * 90 * 8) * -18", 0, 0]
				}
			}
		},
		"animation.keldeo.cry": {
			"animation_length": 1,
			"bones": {
				"head": {
					"rotation": {
						"0.0": [0, 0, 0],
						"0.0417": [-10, 0, 0],
						"0.1667": [-5, 0, 0],
						"0.2083": [-5, 0, 0],
						"0.3333": [0, 0, 0],
						"0.375": [-2.5, 0, 0],
						"0.5": [0, 0, 0],
						"0.5417": [-7.5, 0, 0],
						"0.625": [-5, 0, 0],
						"0.7917": [0, 0, 0]
					}
				}
			},
			"sound_effects": {
				"0.0": {
					"effect": "pokemon.keldeo.cry"
				}
			}
		}
	}
}