{
    "species": "cobblemon:ironcrown",
    "order": 0,
    "variations": [
      {
        "aspects": [],
        "poser": "cobblemon:ironcrown",
        "model": "cobblemon:ironcrown.geo",
        "texture": "cobblemon:textures/pokemon/ironcrown/ironcrown.png",
        "layers": [
          {
            "name": "emissive",
            "emissive": true,
            "texture": "cobblemon:textures/pokemon/ironcrown/ironcrown_emissive.png",
            "translucent": true
          }
        ]
      },

      {
        "aspects": [ "shiny" ],
        "texture": "cobblemon:textures/pokemon/ironcrown/ironcrown.png",
        "layers": [
          {
            "name": "emissive",
            "emissive": true,
            "texture": "cobblemon:textures/pokemon/ironcrown/ironcrown_emissive.png",
            "translucent": true
         }
        ]
      }
    ]
  }
  