{
	"format_version": "1.8.0",
	"animations": {
		"animation.foxy.ground_idle": {
			"loop": true,
			"bones": {
				"torso": {
					"rotation": ["12.5+Math.sin(query.anim_time * -90) * 1 * 2", 0, "0+Math.sin(query.anim_time * -90) * 1 * 2"]
				},
				"head": {
					"rotation": ["-7.3873+Math.sin(query.anim_time * -90) * 1 * 2", -1.29876, "-9.9161+Math.sin(query.anim_time * 90) * 1 * 2"]
				},
				"left_arm": {
					"rotation": [6.00571, 12.43722, "39.4787+Math.sin(query.anim_time * 90) * 2 * 2"]
				},
				"left_arm2": {
					"rotation": [-66.84589, 40.11485, "15.4053+Math.sin(query.anim_time * 90) * 2 * 6"]
				},
				"left_hand": {
					"rotation": [0, 0, 22.5]
				},
				"right_arm": {
					"rotation": [-6.42848, -26.79524, "-13.4673+Math.sin(query.anim_time * -90) * 2 * 2"]
				},
				"right_arm2": {
					"rotation": [-50.36073, -53.13995, "56.4625+Math.sin(query.anim_time * 90) * 2 * 6"]
				},
				"right_leg": {
					"rotation": [7.5, 0, 10]
				},
				"right_leg2": {
					"rotation": [9.85108, 1.72794, -9.85108]
				},
				"right_feet": {
					"rotation": [-17.5, 0, 0],
					"position": [0, -1.75, 0]
				},
				"left_leg": {
					"rotation": [-7.5, 0, -5]
				},
				"left_leg2": {
					"rotation": [12.45392, -1.08089, 4.88206]
				},
				"left_feet": {
					"rotation": [-5, 0, 0],
					"position": [0, -0.75, 0]
				}
			}
		},
		"animation.foxy.ground_walk": {
			"loop": true,
			"bones": {
				"torso": {
					"rotation": ["12.5+Math.sin(query.anim_time * -180) * 1 * 2", 0, "0+Math.sin(query.anim_time * -180) * 1 * 2"]
				},
				"head": {
					"rotation": ["-7.3873+Math.sin(query.anim_time * -180) * 1 * 2", -1.29876, "-9.9161+Math.sin(query.anim_time * 180) * 1 * 2"]
				},
				"left_arm": {
					"rotation": [6.00571, 12.43722, "39.4787+Math.sin(query.anim_time * 180) * 2 * 2"]
				},
				"left_arm2": {
					"rotation": [-66.84589, 40.11485, "15.4053+Math.sin(query.anim_time * 180) * 2 * 6"]
				},
				"left_hand": {
					"rotation": [0, 0, 22.5]
				},
				"right_arm": {
					"rotation": [-6.42848, -26.79524, "-13.4673+Math.sin(query.anim_time * -180) * 2 * 2"]
				},
				"right_arm2": {
					"rotation": [-50.36073, -53.13995, "56.4625+Math.sin(query.anim_time * 180) * 2 * 6"]
				},
				"right_leg": {
					"rotation": ["Math.sin(query.anim_time * 180) * 4 * 6", 0, 0]
				},
				"left_leg": {
					"rotation": ["Math.sin(query.anim_time * -180) * 4 * 6", 0, 0]
				}
			}
		},
		"animation.foxy.faint": {
			"loop": true,
			"bones": {
				"torso": {
					"rotation": ["12.5+Math.sin(query.anim_time * -90) * 1 * 2", 0, "0+Math.sin(query.anim_time * -90) * 1 * 2"]
				},
				"head": {
					"rotation": ["-7.3873+Math.sin(query.anim_time * -90) * 1 * 2", -1.29876, "-9.9161+Math.sin(query.anim_time * 90) * 1 * 2"]
				},
				"left_arm": {
					"rotation": [6.00571, 12.43722, "39.4787+Math.sin(query.anim_time * 90) * 2 * 2"]
				},
				"left_arm2": {
					"rotation": [-66.84589, 40.11485, "15.4053+Math.sin(query.anim_time * 90) * 2 * 6"]
				},
				"left_hand": {
					"rotation": [0, 0, 22.5]
				},
				"right_arm": {
					"rotation": [-6.42848, -26.79524, "-13.4673+Math.sin(query.anim_time * -90) * 2 * 2"]
				},
				"right_arm2": {
					"rotation": [-50.36073, -53.13995, "56.4625+Math.sin(query.anim_time * 90) * 2 * 6"]
				},
				"right_leg": {
					"rotation": [7.5, 0, 10]
				},
				"right_leg2": {
					"rotation": [9.85108, 1.72794, -9.85108]
				},
				"right_feet": {
					"rotation": [-17.5, 0, 0],
					"position": [0, -1.75, 0]
				},
				"left_leg": {
					"rotation": [-7.5, 0, -5]
				},
				"left_leg2": {
					"rotation": [12.45392, -1.08089, 4.88206]
				},
				"left_feet": {
					"rotation": [-5, 0, 0],
					"position": [0, -0.75, 0]
				}
			}
		}
	}
}