{
	"format_version": "1.8.0",
	"animations": {
		"animation.sentret.ground_walk": {
			"loop": true,
			"bones": {
				"bone": {
					"position": [
						0,
						"1.75-math.clamp(math.sin(-query.anim_time*90*4+45/2)*1,0,1)-math.clamp(math.sin(-query.anim_time*90*4+45/2+180)*1,0,1)-4.6+math.clamp(math.sin(-query.anim_time*90*4+45/2-50)*3,2.2,3)+math.clamp(math.sin(-query.anim_time*90*4+45/2-50+180)*3,2.2,3)",
						"-math.clamp(math.sin(query.anim_time*90*4)*0.7,0.1,0.6)-math.clamp(math.sin(-query.anim_time*90*4)*0.7,0.1,0.6)+0.2"
					]
				},
				"body": {
					"rotation": ["-3*math.cos(q.anim_time*90*8-10)", 0, 0],
					"position": [0, "0.2*math.sin(q.anim_time*90*8)", 0]
				},
				"rw_1": {
					"rotation": ["3+3*math.cos(q.anim_time*90*8)", "10*math.cos(q.anim_time*90*4)", "-37+3*math.cos(q.anim_time*90*8)"],
					"position": [0, 0, 0.325]
				},
				"rw_2": {
					"rotation": ["0*math.cos(q.anim_time*90*8)", "2*math.cos(q.anim_time*90*4)", "0*math.cos(q.anim_time*90*8)"],
					"position": [0, 0, 0.325]
				},
				"lw_1": {
					"rotation": ["3+3*math.cos(q.anim_time*90*8)", "10*math.cos(q.anim_time*90*4)", "37+3*math.cos(q.anim_time*90*8)"],
					"position": [0, 0, 0.35]
				},
				"lw_2": {
					"rotation": ["0*math.cos(q.anim_time*90*8)", "2*math.cos(q.anim_time*90*4)", "0*math.cos(q.anim_time*90*8)"],
					"position": [0, 0, 0]
				},
				"leftEar": {
					"rotation": ["(-math.sin(query.anim_time*90*8-90)*1+1)*4", 0, 0]
				},
				"rightEar": {
					"rotation": ["(-math.sin(query.anim_time*90*8-90)*1+1)*4", 0, 0]
				},
				"leg_right": {
					"rotation": ["-12+25*math.cos(q.anim_time*90*4-90)", 0, 0],
					"position": [0, "0.3-0.5*math.cos(q.anim_time*90*4)", 0]
				},
				"leg_left": {
					"rotation": ["-12-25*math.cos(q.anim_time*90*4-90)", 0, 0],
					"position": [0, "0.5*math.cos(q.anim_time*90*4)", 0]
				},
				"bone5": {
					"rotation": ["-3*math.cos(q.anim_time*90*8-90)", "-15*math.sin(q.anim_time*90*4-90)", 0],
					"position": [0, 0.3, 0.2]
				},
				"bone6": {
					"rotation": ["-3*math.cos(q.anim_time*90*8-100)", "-15*math.sin(q.anim_time*90*4-100)", 0],
					"position": [0, 0.3, 0.2]
				},
				"bone7": {
					"rotation": ["-3*math.cos(q.anim_time*90*4-120)", "-15*math.sin(q.anim_time*90*4-120)", 0],
					"position": [0, 0.3, 0.2]
				},
				"torso": {
					"rotation": [5, 0, 0]
				},
				"bone2": {
					"rotation": [7.5, 0, 0],
					"position": [0, "0.3+0.5*math.cos(q.anim_time*90*4)", 0]
				},
				"bone3": {
					"rotation": ["2.5-5*math.cos(q.anim_time*90*4)", 0, 0]
				}
			}
		},
		"animation.sentret.ground_idle": {
			"loop": true,
			"bones": {
				"body": {
					"rotation": [0, 0, "math.sin(q.anim_time*90*1.5-90)*2"],
					"position": [0, "0.25+math.sin(q.anim_time*90*6-90)*0.1", 0]
				},
				"rw_1": {
					"rotation": [5, "-5-math.sin(query.anim_time*90*1.5-90)*4", "-5*(math.sin(query.anim_time*90*3-90)*1-1)-15"]
				},
				"lw_1": {
					"rotation": [5, "5-math.sin(query.anim_time*90*1.5-90)*4", "-5*(-math.sin(query.anim_time*90*3-90)*1+1)+15"]
				},
				"leftEar": {
					"rotation": [0, 0, "0-math.cos(q.anim_time*90*3-160)*3"]
				},
				"rightEar": {
					"rotation": [0, 0, "0+math.cos(q.anim_time*90*3-160)*3"]
				},
				"bone5": {
					"rotation": [12.5, "0+math.cos(q.anim_time*90*2-30)*7", "0+math.sin(q.anim_time*90*2-40)*2"]
				},
				"bone6": {
					"rotation": [15, "math.cos(q.anim_time*90*2-60)*7", "math.sin(q.anim_time*90*2-60)*2"]
				},
				"bone7": {
					"rotation": [15, "math.cos(q.anim_time*90*2-90)*6", "math.sin(q.anim_time*90*2-90)*2"]
				}
			}
		},
		"animation.sentret.ground_pose": {
			"loop": true,
			"bones": {
				"leg_left": {
					"rotation": [35.02564, -2.04767, -1.43455]
				},
				"bone5": {
					"rotation": [-107.5, 0, 0]
				},
				"bone6": {
					"rotation": [-17.5, 0, 0]
				},
				"bone7": {
					"rotation": [-7.5, 0, 0]
				},
				"lw_2": {
					"rotation": [0, 15, 0]
				},
				"lw_1": {
					"rotation": [0, 10, 0]
				},
				"rw_1": {
					"rotation": [0, -15, 0]
				},
				"bone": {
					"position": [0, 16, 0]
				},
				"leg_right": {
					"rotation": [35.02564, 2.04767, 1.43455]
				}
			}
		},
		"animation.sentret.blink": {
			"animation_length": 0.625,
			"bones": {
				"eye_right": {
					"scale": {
						"0.0": [1, 1, 1],
						"0.2083": [1, 1, 1],
						"0.2917": [1, 0, 1],
						"0.375": [1, 0, 1],
						"0.4583": [1, 1.1, 1],
						"0.5": [1, 1, 1],
						"0.625": [1, 1, 1]
					}
				},
				"eye_left": {
					"scale": {
						"0.0": [1, 1, 1],
						"0.2083": [1, 1, 1],
						"0.2917": [1, 0, 1],
						"0.375": [1, 0, 1],
						"0.4583": [1, 1.1, 1],
						"0.5": [1, 1, 1],
						"0.625": [1, 1, 1]
					}
				}
			}
		}
	}
}