{
	"format_version": "1.8.0",
	"animations": {
		"animation.wugtrio.ground_idle": {
			"loop": true,
			"bones": {
				"LowerTorso": {
					"rotation": [45, 0, -90],
					"position": [5, 6, 12]
				},
				"MediumTorso": {
					"rotation": [0, 0, "22.5+math.cos(query.anim_time*720)*2"]
				},
				"UpperTorso": {
					"rotation": [0, 45, 67.5]
				},
				"LowerTorso2": {
					"rotation": [-90, 45, 0],
					"position": [-12, 6, -4]
				},
				"MediumTorso2": {
					"rotation": [0, "-90+math.cos(query.anim_time*720)*2", "22.5+math.cos(query.anim_time*720)*2"],
					"position": [0, 0, 0]
				},
				"UpperTorso2": {
					"rotation": [0, 0, -90]
				},
				"LowerTorso3": {
					"rotation": [45, 0, "90+math.cos((query.anim_time-0.35)*720)*2"],
					"position": [-3, 7, 9]
				},
				"MediumTorso3": {
					"rotation": [0, 0, -22.5]
				},
				"UpperTorso3": {
					"rotation": [0, -45, -67.5]
				},
				"Rock": {
					"position": [0, 7, 0]
				}
			}
		},
		"animation.wugtrio.ground_walk": {
			"loop": true,
			"bones": {
				"LowerTorso": {
					"rotation": [45, 0, -90],
					"position": [-1, 8, 6]
				},
				"MediumTorso": {
					"rotation": ["22.5+math.cos((query.anim_time-0.5)*1080)*3", 45, 90]
				},
				"LowerTorso2": {
					"rotation": [-45, 0, 90],
					"position": [-3, 6, -8]
				},
				"MediumTorso2": {
					"rotation": ["math.cos((query.anim_time+0.6-0.3)*1080)*3", 0, -45]
				},
				"UpperTorso2": {
					"rotation": ["math.cos((query.anim_time+0.6)*1080)*3", 45, -45]
				},
				"LowerTorso3": {
					"rotation": [83.86407, 42.59227, 174.29176],
					"position": [-2, -1, 8]
				},
				"MediumTorso3": {
					"rotation": ["112.5+math.cos(query.anim_time*1080)*3", 0, -135]
				},
				"Rock": {
					"position": [0, 7, 0]
				},
				"UpperTorso": {
					"rotation": ["math.cos((query.anim_time-0.8)*1080)*3", 0, 0]
				},
				"UpperTorso3": {
					"rotation": ["math.cos(query.anim_time*1080-90)*3", 0, 0]
				}
			}
		},
		"animation.wugtrio.faint": {
			"loop": true,
			"animation_length": 3,
			"bones": {
				"LowerTorso": {
					"rotation": {
						"1.25": [0, 0, 0],
						"1.5": [45, 0, -86]
					},
					"position": {
						"1.25": [0, 0, 0],
						"1.5": [0, 0, 0],
						"1.75": [11, 0, 20]
					}
				},
				"MediumTorso": {
					"rotation": {
						"1.5": [0, 0, 0],
						"1.75": [0, 0, 180]
					}
				},
				"UpperTorso": {
					"rotation": {
						"0.75": [0, 0, 0],
						"1.0": [22.5, -67.5, 0],
						"1.125": [-2.8125, -59.0625, 0],
						"1.25": [17.23855, -73.08264, 3.17101],
						"1.5": [0, 0, 0],
						"1.75": [0, 0, 181]
					}
				},
				"LowerTorso2": {
					"rotation": {
						"2.25": [0, 0, 0],
						"2.3333": [-67.5, 22.5, 0],
						"2.5": [0, 0, 0]
					},
					"position": {
						"2.25": [0, 0, 0],
						"2.3333": [-6.67, 5, -3],
						"2.5": [-11, 0, -12]
					}
				},
				"MediumTorso2": {
					"rotation": {
						"2.25": [0, 0, 0],
						"2.5": [180, 0, 0]
					}
				},
				"UpperTorso2": {
					"rotation": {
						"1.25": [0, 0, 0],
						"1.5": [22.5, 0, 0],
						"1.625": [0, 0, 0],
						"1.75": [22.5, 0, 0],
						"2.0": [0, 0, 0],
						"2.25": [0, 0, 0],
						"2.5": [180, 0, 0]
					}
				},
				"LowerTorso3": {
					"rotation": {
						"0.0": [0, 0, 0],
						"0.5": [90, 45, 180],
						"1.75": [90, 45, 180]
					},
					"position": {
						"0.5": [-1, 0, 8],
						"1.75": [-1, 0, 8],
						"2.0": [-9, 0, 19]
					}
				},
				"MediumTorso3": {
					"rotation": {
						"0.0": [0, 0, 0],
						"0.5": [45, 0, 0],
						"1.75": [45, 0, 0],
						"2.0": [-20.94102, -8.42106, -20.94102]
					}
				},
				"UpperTorso3": {
					"rotation": {
						"0.0": [0, 0, 0],
						"0.5": [45, 0, 0],
						"0.75": [45, 0, 0],
						"1.0": [47.26579, -15.69986, -16.32495],
						"1.125": [24.76579, -15.69986, -16.32495],
						"1.25": [47.26579, -15.69986, -16.32495],
						"1.5": [47.26579, 15.69986, 16.32495],
						"1.75": [24.76579, 15.69986, 16.32495],
						"1.875": [47.26579, 15.69986, 16.32495],
						"2.0": [180, 0, 0]
					}
				},
				"Rock": {
					"position": [0, 7, 0]
				}
			}
		},
		"animation.wugtrio.sleep": {
			"loop": true,
			"bones": {
				"LowerTorso": {
					"position": [9, 0, 17]
				},
				"MediumTorso": {
					"rotation": [0, 0, -180]
				},
				"UpperTorso": {
					"rotation": [0, 0, 180]
				},
				"LowerTorso2": {
					"position": [-16, 0, -11]
				},
				"MediumTorso2": {
					"rotation": [0, 0, 180]
				},
				"UpperTorso2": {
					"rotation": [0, 0, -180]
				},
				"LowerTorso3": {
					"position": [-9, 0, 13]
				},
				"MediumTorso3": {
					"rotation": [0, 0, 180]
				},
				"UpperTorso3": {
					"rotation": [0, 0, -180]
				},
				"Rock": {
					"position": [0, 7, 0]
				}
			}
		},
		"animation.wugtrio.blink": {
			"animation_length": 0.20833,
			"bones": {
				"Eyelids": {
					"position": {
						"0.0": [0, 0, 0],
						"0.1667": [0, 0, 0],
						"0.2083": [0, 0, -0.25]
					}
				},
				"Eyelids2": {
					"position": {
						"0.0": [0, 0, 0],
						"0.1667": [0, 0, 0],
						"0.2083": [0, 0, -0.5]
					}
				},
				"Eyelids3": {
					"position": {
						"0.0": [0, 0, 0],
						"0.1667": [0, 0, 0],
						"0.2083": [0, 0, -0.25]
					}
				}
			}
		},
		"animation.wugtrio.water_idle": {
			"loop": true,
			"bones": {
				"LowerTorso": {
					"rotation": [0, 0, "math.cos(query.anim_time*180)*-3"],
					"position": [0, "-3+math.cos((query.anim_time+0.5)*180)*1", 0]
				},
				"MediumTorso": {
					"rotation": [0, 0, "math.cos((query.anim_time+0.3)*180)*3"]
				},
				"UpperTorso": {
					"rotation": [0, 0, "math.cos((query.anim_time+0.6)*180)*3"]
				},
				"LowerTorso2": {
					"rotation": [0, 0, "math.cos(query.anim_time*180)*3"],
					"position": [0, "-3+math.cos((query.anim_time-1)*180)*1", 0]
				},
				"MediumTorso2": {
					"rotation": [0, 0, "math.cos((query.anim_time-0.3)*180)*3"]
				},
				"UpperTorso2": {
					"rotation": [0, 0, "math.cos((query.anim_time-0.6)*180)*3"]
				},
				"LowerTorso3": {
					"rotation": [0, 0, "math.cos(query.anim_time*180)*3"],
					"position": [0, "-3+math.cos((query.anim_time-0.5)*180)*1", 0]
				},
				"MediumTorso3": {
					"rotation": [0, 0, "math.cos((query.anim_time-0.3)*180)*3"]
				},
				"UpperTorso3": {
					"rotation": [0, 0, "math.cos((query.anim_time-0.6)*180)*3"]
				},
				"Rock": {
					"position": [0, 7, 0]
				}
			}
		},
		"animation.wugtrio.water_swim": {
			"loop": true,
			"bones": {
				"LowerTorso": {
					"rotation": [45, 0, -90],
					"position": [-1, 8, 6]
				},
				"MediumTorso": {
					"rotation": ["22.5+math.cos((query.anim_time-0.5)*1080)*3", 45, 90]
				},
				"LowerTorso2": {
					"rotation": [-45, 0, 90],
					"position": [-3, 6, -8]
				},
				"MediumTorso2": {
					"rotation": ["math.cos((query.anim_time+0.6-0.3)*1080)*3", 0, -45]
				},
				"UpperTorso2": {
					"rotation": ["math.cos((query.anim_time+0.6)*1080)*3", 45, -45]
				},
				"LowerTorso3": {
					"rotation": [83.86407, 42.59227, 174.29176],
					"position": [-2, -1, 8]
				},
				"MediumTorso3": {
					"rotation": ["112.5+math.cos(query.anim_time*1080)*3", 0, -135]
				},
				"Rock": {
					"position": [0, 7, 0]
				},
				"UpperTorso": {
					"rotation": ["math.cos((query.anim_time-0.8)*1080)*3", 0, 0]
				},
				"UpperTorso3": {
					"rotation": ["math.cos(query.anim_time*1080-90)*3", 0, 0]
				}
			}
		}
	},
	"geckolib_format_version": 2
}