{
	"format_version": "1.12.0",
	"minecraft:geometry": [
		{
			"description": {
				"identifier": "geometry.chienpao",
				"texture_width": 128,
				"texture_height": 128,
				"visible_bounds_width": 9,
				"visible_bounds_height": 3.5,
				"visible_bounds_offset": [0, 1.25, 0]
			},
			"bones": [
				{
					"name": "chienpao",
					"pivot": [0, 0, 0]
				},
				{
					"name": "body",
					"parent": "chienpao",
					"pivot": [0, 12, -5]
				},
				{
					"name": "torso",
					"parent": "body",
					"pivot": [0, 3, -4]
				},
				{
					"name": "torso_upper",
					"parent": "torso",
					"pivot": [0, 15, -7],
					"rotation": [7.5, 0, 0],
					"cubes": [
						{"origin": [-4, 11.5, -7.5], "size": [8, 7, 11], "inflate": 0.2, "uv": [0, 0]},
						{"origin": [4.25, 15.05, 0.675], "size": [0, 2, 2], "inflate": 0.01, "uv": [67, 49]},
						{"origin": [-4.25, 15.05, 0.675], "size": [0, 2, 2], "inflate": 0.01, "uv": [67, 49], "mirror": true},
						{"origin": [-1, 17.25, -2.5], "size": [2, 2, 0], "inflate": 0.02, "pivot": [0, 19.25, -2], "rotation": [90, 0, 0], "uv": [67, 54]},
						{"origin": [-0.5, 16.25, -2.5], "size": [1, 4, 0], "inflate": 0.01, "pivot": [0, 19.25, -2], "rotation": [90, 0, 0], "uv": [74, 43]}
					]
				},
				{
					"name": "waist",
					"parent": "torso",
					"pivot": [0, 11.75, 10.4],
					"rotation": [-7.5, 0, 0],
					"cubes": [
						{"origin": [-4, 11.75, 2.4], "size": [8, 7, 9], "inflate": 0.2, "uv": [25, 25]},
						{"origin": [-4.25, 14.3, 4.425], "size": [0, 2, 2], "inflate": 0.01, "uv": [67, 49], "mirror": true},
						{"origin": [4.25, 14.3, 4.425], "size": [0, 2, 2], "inflate": 0.01, "uv": [67, 49]}
					]
				},
				{
					"name": "hips",
					"parent": "waist",
					"pivot": [0, 19.95915, 2.9],
					"cubes": [
						{"origin": [-4.5, 11.25, 8.4], "size": [9, 8, 8], "uv": [0, 18]},
						{"origin": [-4, 19.249, 10.4], "size": [2, 0, 2], "inflate": 0.01, "uv": [65, 45], "mirror": true},
						{"origin": [2, 19.249, 10.4], "size": [2, 0, 2], "inflate": 0.01, "uv": [65, 45]}
					]
				},
				{
					"name": "tail1",
					"parent": "hips",
					"pivot": [0, 18.25, 16.5],
					"cubes": [
						{"origin": [-2, 14.25, 16.5], "size": [4, 4, 9], "inflate": 0.02, "uv": [102, 0]},
						{"origin": [-1.02, 18.269, 22.52], "size": [2, 0, 2], "inflate": 0.02, "uv": [65, 45], "mirror": true},
						{"origin": [-0.52, 18.269, 21.52], "size": [1, 0, 4], "inflate": 0.01, "uv": [67, 43], "mirror": true},
						{"origin": [-0.52, 14.231, 21.52], "size": [1, 0, 4], "inflate": 0.01, "uv": [67, 43], "mirror": true},
						{"origin": [-1.02, 14.231, 22.52], "size": [2, 0, 2], "inflate": 0.02, "uv": [65, 45], "mirror": true},
						{"origin": [-2.019, 14.73, 22.52], "size": [0, 2, 2], "inflate": 0.01, "uv": [67, 49], "mirror": true},
						{"origin": [2.019, 14.73, 22.52], "size": [0, 2, 2], "inflate": 0.01, "uv": [67, 49]}
					]
				},
				{
					"name": "tail2",
					"parent": "tail1",
					"pivot": [0, 14.25, 25.5],
					"cubes": [
						{"origin": [-2, 14.25, 25.5], "size": [4, 4, 7], "inflate": 0.01, "uv": [106, 13]},
						{"origin": [-2.019, 15.73, 28.52], "size": [0, 2, 2], "inflate": 0.01, "uv": [67, 49], "mirror": true},
						{"origin": [2.019, 15.73, 28.52], "size": [0, 2, 2], "inflate": 0.01, "uv": [67, 49]}
					]
				},
				{
					"name": "tail3",
					"parent": "tail2",
					"pivot": [0, 14.25, 32.5],
					"cubes": [
						{"origin": [-2, 14.25, 32.5], "size": [4, 4, 5], "uv": [110, 24]},
						{"origin": [-0.52, 18.269, 33.02], "size": [1, 0, 4], "inflate": 0.01, "uv": [67, 43], "mirror": true},
						{"origin": [-1.02, 18.269, 34.02], "size": [2, 0, 2], "inflate": 0.02, "uv": [65, 45], "mirror": true},
						{"origin": [-0.52, 14.231, 33.02], "size": [1, 0, 4], "inflate": 0.01, "uv": [67, 43], "mirror": true},
						{"origin": [-1.02, 14.231, 34.02], "size": [2, 0, 2], "inflate": 0.02, "uv": [65, 45], "mirror": true}
					]
				},
				{
					"name": "tail4",
					"parent": "tail3",
					"pivot": [0, 14.25, 37.5],
					"cubes": [
						{"origin": [-2, 14.25, 37.5], "size": [4, 4, 6], "inflate": 0.01, "uv": [108, 33]},
						{"origin": [-2.019, 14.73, 38.52], "size": [0, 2, 2], "inflate": 0.01, "uv": [67, 49], "mirror": true},
						{"origin": [2.019, 14.73, 38.52], "size": [0, 2, 2], "inflate": 0.01, "uv": [67, 49]}
					]
				},
				{
					"name": "tail5",
					"parent": "tail4",
					"pivot": [0, 14.25, 43.5],
					"cubes": [
						{"origin": [-2, 14.25, 43.5], "size": [4, 4, 6], "uv": [108, 43]},
						{"origin": [-1.02, 18.269, 45.52], "size": [2, 0, 2], "inflate": 0.02, "uv": [65, 45], "mirror": true},
						{"origin": [-0.52, 18.269, 44.52], "size": [1, 0, 4], "inflate": 0.01, "uv": [67, 43], "mirror": true},
						{"origin": [-1.02, 14.231, 45.52], "size": [2, 0, 2], "inflate": 0.02, "uv": [65, 45], "mirror": true},
						{"origin": [-0.52, 14.231, 44.52], "size": [1, 0, 4], "inflate": 0.01, "uv": [67, 43], "mirror": true},
						{"origin": [-2.019, 14.73, 46.52], "size": [0, 2, 2], "inflate": 0.01, "uv": [67, 49], "mirror": true},
						{"origin": [2.019, 14.73, 46.52], "size": [0, 2, 2], "inflate": 0.01, "uv": [67, 49]}
					]
				},
				{
					"name": "tail6",
					"parent": "tail5",
					"pivot": [0, 14.5, 49.5],
					"cubes": [
						{"origin": [-1.5, 14.75, 49.5], "size": [3, 3, 6], "inflate": 0.2, "uv": [110, 53]},
						{"origin": [-1.719, 15.23, 53.02], "size": [0, 2, 2], "inflate": 0.01, "uv": [67, 49], "mirror": true},
						{"origin": [1.719, 15.23, 53.02], "size": [0, 2, 2], "inflate": 0.01, "uv": [67, 49]}
					]
				},
				{
					"name": "tail7",
					"parent": "tail6",
					"pivot": [0, 14.7, 55.75],
					"cubes": [
						{"origin": [-1.5, 14.75, 55.8], "size": [3, 3, 6], "inflate": 0.1, "uv": [110, 62]},
						{"origin": [-1.02, 14.631, 57.77], "size": [2, 0, 2], "inflate": 0.02, "uv": [65, 45], "mirror": true}
					]
				},
				{
					"name": "chest",
					"parent": "torso",
					"pivot": [0, 15, -7.5],
					"cubes": [
						{"origin": [-4.5, 11, -14.5], "size": [9, 8, 9], "inflate": 0.1, "uv": [17, 42]}
					]
				},
				{
					"name": "neck",
					"parent": "chest",
					"pivot": [0, 17, -13],
					"rotation": [32.5, 0, 0],
					"cubes": [
						{"origin": [-4, 15.5, -15], "size": [8, 7, 8], "uv": [0, 113]},
						{"origin": [-0.5, 17.25, -7], "size": [1, 4, 0], "inflate": 0.01, "uv": [74, 43]},
						{"origin": [-1, 18.25, -7], "size": [2, 2, 0], "inflate": 0.02, "uv": [67, 54]},
						{"origin": [-3.999, 18.5, -9.5], "size": [0, 2, 2], "inflate": 0.01, "uv": [67, 46]},
						{"origin": [3.999, 18.5, -9.5], "size": [0, 2, 2], "inflate": 0.01, "uv": [67, 46], "mirror": true}
					]
				},
				{
					"name": "neck2",
					"parent": "neck",
					"pivot": [0, 21, -9],
					"cubes": [
						{"origin": [-3.5, 20.5, -14.5], "size": [7, 10, 7], "uv": [32, 111]},
						{"origin": [-1, 24.55, -7.475], "size": [2, 2, 0], "inflate": 0.02, "uv": [67, 54]},
						{"origin": [-0.5, 23.55, -7.475], "size": [1, 4, 0], "inflate": 0.01, "uv": [74, 43]},
						{"origin": [-3.499, 24.5, -10], "size": [0, 2, 2], "inflate": 0.01, "uv": [67, 46]},
						{"origin": [3.499, 24.5, -10], "size": [0, 2, 2], "inflate": 0.01, "uv": [67, 46], "mirror": true}
					]
				},
				{
					"name": "head",
					"parent": "neck2",
					"pivot": [-1, 26.76142, -9.04725],
					"rotation": [-30, 0, 0],
					"cubes": [
						{"origin": [-4.5, 22.64775, -15.79309], "size": [9, 8, 6], "uv": [40, 2]}
					]
				},
				{
					"name": "muzzle",
					"parent": "head",
					"pivot": [-2.5, 26.54669, -15.92453],
					"cubes": [
						{"origin": [-3.5, 23.79775, -18.79309], "size": [7, 3, 3], "uv": [26, 18]},
						{"origin": [3.475, 21.39776, -18.76809], "size": [0, 3, 3], "pivot": [3.475, 23.89776, -17.29309], "rotation": [2.5, 0, 0], "uv": [47, 40]},
						{"origin": [-3.475, 21.39776, -18.76809], "size": [0, 3, 3], "pivot": [-3.475, 23.89776, -17.29309], "rotation": [2.5, 0, 0], "uv": [47, 40], "mirror": true},
						{"origin": [-3.05, 21.14775, -18.76809], "size": [3, 4, 0], "pivot": [-1.75, 24.14775, -18.79309], "rotation": [0, 0, 5], "uv": [51, 65]},
						{"origin": [0.05, 21.14775, -18.76809], "size": [3, 4, 0], "pivot": [1.75, 24.14775, -18.79309], "rotation": [0, 0, -5], "uv": [51, 61]},
						{"origin": [3.99226, 25.66846, -17.76809], "size": [7, 1, 0], "pivot": [4.24868, 26.4193, -17.76759], "rotation": [0, -20, -10], "uv": [10, 44]},
						{"origin": [5.48226, 25.72726, -18.07484], "size": [3, 1, 1], "pivot": [4.24868, 26.4193, -17.76759], "rotation": [-45, -20, -10], "uv": [9, 45]},
						{"origin": [-10.99226, 25.66846, -17.76809], "size": [7, 1, 0], "pivot": [-4.24868, 26.4193, -17.76759], "rotation": [0, 20, 10], "uv": [10, 44], "mirror": true},
						{"origin": [-8.48226, 25.72726, -18.07484], "size": [3, 1, 1], "pivot": [-4.24868, 26.4193, -17.76759], "rotation": [-45, 20, 10], "uv": [9, 45], "mirror": true},
						{"origin": [1.05, 26.29775, -18.39309], "size": [2, 1, 1], "pivot": [1, 27.29775, -18.29309], "rotation": [0, -15, -7.5], "uv": [27, 7]},
						{"origin": [-3.05, 26.29775, -18.39309], "size": [2, 1, 1], "pivot": [-1, 27.29775, -18.29309], "rotation": [0, 15, 7.5], "uv": [26, 24]}
					]
				},
				{
					"name": "tooth_front_left",
					"parent": "muzzle",
					"pivot": [2.5, 23.64775, -18.44309],
					"rotation": [0, -67.5, 0],
					"cubes": [
						{"origin": [2.55761, 9.14775, -18.18272], "size": [2, 15, 0], "inflate": 0.02, "uv": [122, 75]},
						{"origin": [2.05761, 4.14775, -18.18272], "size": [3, 20, 0], "uv": [101, 75]}
					]
				},
				{
					"name": "tooth_front_right",
					"parent": "muzzle",
					"pivot": [-2.56522, 23.64775, -17.86655],
					"rotation": [0, 67.5, 0],
					"cubes": [
						{"origin": [-4.06522, 12.14775, -17.76655], "size": [2, 12, 0], "inflate": 0.02, "uv": [118, 75]},
						{"origin": [-4.56522, 4.14775, -17.76655], "size": [3, 20, 0], "uv": [112, 75]},
						{"origin": [-4.06522, 9.39775, -17.76655], "size": [2, 2, 0], "inflate": 0.01, "uv": [115, 104]},
						{"origin": [-5.56522, 13.12275, -17.79155], "size": [5, 1, 0], "uv": [115, 101]}
					]
				},
				{
					"name": "eyes",
					"parent": "head",
					"pivot": [-1, 28.04669, -15.04953]
				},
				{
					"name": "eye_left",
					"parent": "eyes",
					"pivot": [2.025, 28.04669, -15.04953],
					"cubes": [
						{"origin": [1.525, 26.64775, -15.81809], "size": [3, 3, 2], "uv": [54, 16]},
						{"origin": [1.075, 29.04775, -15.81809], "size": [3, 1, 0], "inflate": 0.02, "pivot": [3.025, 29.14775, -15.81809], "rotation": [0, 0, -35], "uv": [65, 6], "mirror": true},
						{"origin": [2.025, 27.14775, -15.81809], "size": [1, 2, 0], "inflate": 0.01, "pivot": [2.525, 29.14775, -15.81809], "rotation": [0, 0, -10], "uv": [67, 19], "mirror": true}
					]
				},
				{
					"name": "eyelid_left",
					"parent": "eye_left",
					"pivot": [1.925, 28.04669, -14.94953],
					"cubes": [
						{"origin": [1.425, 26.64775, -15.71809], "size": [3, 3, 2], "inflate": 0.01, "uv": [0, 0]}
					]
				},
				{
					"name": "eye_right",
					"parent": "eyes",
					"pivot": [-4.025, 28.04669, -15.04953],
					"cubes": [
						{"origin": [-4.525, 26.64775, -15.81809], "size": [3, 3, 2], "uv": [43, 16]},
						{"origin": [-4.075, 29.04775, -15.81809], "size": [3, 1, 0], "inflate": 0.02, "pivot": [-3.025, 29.14775, -15.81809], "rotation": [0, 0, 35], "uv": [65, 6]},
						{"origin": [-3.025, 27.14775, -15.81809], "size": [1, 2, 0], "inflate": 0.01, "pivot": [-2.525, 29.14775, -15.81809], "rotation": [0, 0, 10], "uv": [67, 19]}
					]
				},
				{
					"name": "eyelid_right",
					"parent": "eye_right",
					"pivot": [-3.925, 28.04669, -14.94953],
					"cubes": [
						{"origin": [-4.425, 26.64775, -15.71809], "size": [3, 3, 2], "inflate": 0.01, "uv": [0, 5]}
					]
				},
				{
					"name": "jaw",
					"parent": "head",
					"pivot": [0, 23.89775, -14.81809],
					"cubes": [
						{"origin": [-2.5, 22.89775, -18.56809], "size": [5, 1, 3], "uv": [51, 29]},
						{"origin": [1.79645, 23.27704, -18.45951], "size": [0, 1, 1], "pivot": [1.89645, 24.07704, -17.95951], "rotation": [45, 45, 0], "uv": [63, 37]},
						{"origin": [-1.79645, 23.27704, -18.45951], "size": [0, 1, 1], "pivot": [-1.89645, 24.07704, -17.95951], "rotation": [45, -45, 0], "uv": [63, 37], "mirror": true},
						{"origin": [-4, 22.89775, -15.56809], "size": [8, 1, 3], "inflate": 0.01, "uv": [71, 11]}
					]
				},
				{
					"name": "ear_left",
					"parent": "head",
					"pivot": [3.25, 28.04669, -12.77453],
					"rotation": [0, -25, -20],
					"cubes": [
						{"origin": [4.23079, 26.29964, -12.97651], "size": [4, 4, 3], "inflate": 0.02, "uv": [6, 34]}
					]
				},
				{
					"name": "ear_right",
					"parent": "head",
					"pivot": [-5.25, 28.04669, -12.77453],
					"rotation": [0, 25, 20],
					"cubes": [
						{"origin": [-8.52749, 26.98368, -12.18225], "size": [4, 4, 3], "inflate": 0.02, "uv": [27, 0]}
					]
				},
				{
					"name": "leg_front_right1",
					"parent": "body",
					"pivot": [-4, 14.43124, -9.42837],
					"rotation": [10, 0, 0],
					"cubes": [
						{"origin": [-6.5, 6.97682, -12.94931], "size": [5, 9, 6], "inflate": 0.02, "uv": [0, 98]}
					]
				},
				{
					"name": "leg_front_right2",
					"parent": "leg_front_right1",
					"pivot": [-4, 8.50337, -9.76769],
					"rotation": [-20, 0, 0],
					"cubes": [
						{"origin": [-6.5, 1.34227, -12.18133], "size": [5, 8, 5], "uv": [22, 98]}
					]
				},
				{
					"name": "leg_front_right3",
					"parent": "leg_front_right2",
					"pivot": [-4.5, 1.84227, -8.68133],
					"rotation": [10, 0, 0],
					"cubes": [
						{"origin": [-6.5, 0.01592, -14.41613], "size": [5, 3, 7], "inflate": 0.02, "uv": [42, 101]}
					]
				},
				{
					"name": "leg_front_left1",
					"parent": "body",
					"pivot": [4, 14.43124, -9.42837],
					"rotation": [10, 0, 0],
					"cubes": [
						{"origin": [1.5, 6.97682, -12.94931], "size": [5, 9, 6], "inflate": 0.02, "uv": [0, 98], "mirror": true}
					]
				},
				{
					"name": "leg_front_left2",
					"parent": "leg_front_left1",
					"pivot": [4, 8.50337, -9.76769],
					"rotation": [-20, 0, 0],
					"cubes": [
						{"origin": [1.5, 1.34227, -12.18133], "size": [5, 8, 5], "uv": [22, 98], "mirror": true}
					]
				},
				{
					"name": "leg_front_left3",
					"parent": "leg_front_left2",
					"pivot": [4.5, 1.84227, -8.68133],
					"rotation": [10, 0, 0],
					"cubes": [
						{"origin": [1.5, 0.01592, -14.41613], "size": [5, 3, 7], "inflate": 0.02, "uv": [42, 101], "mirror": true}
					]
				},
				{
					"name": "leg_back_right1",
					"parent": "body",
					"pivot": [-4, 15.23202, 13.83811],
					"rotation": [5, 0, 0],
					"cubes": [
						{"origin": [-6.5, 7.74343, 10.57664], "size": [5, 9, 6], "inflate": 0.02, "uv": [0, 68]}
					]
				},
				{
					"name": "leg_back_right2",
					"parent": "leg_back_right1",
					"pivot": [-4, 7.78809, 16.20872],
					"rotation": [-10, 0, 0],
					"cubes": [
						{"origin": [-6.5, 0.98637, 12.26005], "size": [5, 7, 5], "uv": [22, 73]}
					]
				},
				{
					"name": "leg_back_right3",
					"parent": "leg_back_right2",
					"pivot": [-4, 1.04027, 15.51861],
					"rotation": [5, 0, 0],
					"cubes": [
						{"origin": [-6.5, -0.28542, 10.02622], "size": [5, 3, 7], "inflate": 0.02, "uv": [42, 81]}
					]
				},
				{
					"name": "leg_back_left1",
					"parent": "body",
					"pivot": [4, 15.23202, 13.83811],
					"rotation": [5, 0, 0],
					"cubes": [
						{"origin": [1.5, 7.74343, 10.57664], "size": [5, 9, 6], "inflate": 0.02, "uv": [0, 68], "mirror": true}
					]
				},
				{
					"name": "leg_back_left2",
					"parent": "leg_back_left1",
					"pivot": [4, 7.78809, 16.20872],
					"rotation": [-10, 0, 0],
					"cubes": [
						{"origin": [1.5, 0.98637, 12.26005], "size": [5, 7, 5], "uv": [22, 73], "mirror": true}
					]
				},
				{
					"name": "leg_back_left3",
					"parent": "leg_back_left2",
					"pivot": [4, 1.04027, 15.51861],
					"rotation": [5, 0, 0],
					"cubes": [
						{"origin": [1.5, -0.28542, 10.02622], "size": [5, 3, 7], "inflate": 0.02, "uv": [42, 81], "mirror": true}
					]
				}
			]
		}
	]
}