{
	"format_version": "1.8.0",
	"animations": {
		"animation.cobalion.ground_idle": {
			"loop": true,
			"bones": {
				"rightarm": {
					"rotation": [-4.95744, 0.65182, 7.47178]
				},
				"torso": {
					"rotation": ["math.sin(q.anim_time*90*2-90)*0.5+1", "math.sin(q.anim_time*90*1+33)*0.5", 0],
					"position": [0, "-math.sin(q.anim_time*90*2-45)*0.15", 0]
				},
				"head": {
					"rotation": ["math.sin(q.anim_time*90*2-60)*-3-1.5", 0, 0],
					"position": [0, "math.sin(q.anim_time*90*2+60)*0.05", 0]
				},
				"nick": {
					"rotation": ["math.sin(q.anim_time*90*2+40)*-0.6+2.5", 0, 0],
					"position": [0, "math.sin(q.anim_time*90*2-30)*0.1", 0]
				},
				"bone": {
					"rotation": [-15, 0, 0]
				},
				"bone6": {
					"rotation": [4.99527, -0.21782, -2.5095],
					"position": [0, 0.7, 0]
				},
				"leftleg": {
					"rotation": [11.35528, -4.02485, -1.28143]
				},
				"bone4": {
					"rotation": [4.99527, 0.21782, 2.5095],
					"position": [0, 0.7, 0]
				},
				"bone7": {
					"rotation": [4.96617, 0.66398, -7.69771]
				},
				"leftarm": {
					"rotation": [-4.95744, -0.65182, -7.47178]
				},
				"rightleg": {
					"rotation": [11.35528, 4.02485, 1.28143]
				},
				"bone3": {
					"rotation": [-15, 0, 0]
				},
				"bone2": {
					"rotation": [4.96617, -0.66398, 7.69771]
				}
			}
		},
		"animation.cobalion.ground_walk": {
			"loop": true,
			"animation_length": 1,
			"bones": {
				"rightarm": {
					"rotation": {
						"0.0": {
							"post": [7.5, 0, 0],
							"lerp_mode": "catmullrom"
						},
						"0.2917": {
							"post": [-25.29, 0, 0],
							"lerp_mode": "catmullrom"
						},
						"0.5": {
							"post": [-20, 0, 0],
							"lerp_mode": "catmullrom"
						},
						"1.0": {
							"post": [7.5, 0, 0],
							"lerp_mode": "catmullrom"
						}
					}
				},
				"torso": {
					"rotation": {
						"0.0": {
							"post": [-2.5, 0, 0],
							"lerp_mode": "catmullrom"
						},
						"0.25": {
							"post": [0, 0, 0],
							"lerp_mode": "catmullrom"
						},
						"0.5": {
							"post": [-2.5, 0, 0],
							"lerp_mode": "catmullrom"
						},
						"0.75": {
							"post": [-0.16, 0, 0],
							"lerp_mode": "catmullrom"
						},
						"1.0": {
							"post": [-2.5, 0, 0],
							"lerp_mode": "catmullrom"
						}
					}
				},
				"head": {
					"rotation": {
						"0.0": {
							"post": [1.73231, 0.14888, 0],
							"lerp_mode": "catmullrom"
						},
						"0.25": {
							"post": [-3.26769, 0.14888, 0],
							"lerp_mode": "catmullrom"
						},
						"0.5": {
							"post": [1.73231, 0.14888, 0],
							"lerp_mode": "catmullrom"
						},
						"0.75": {
							"post": [-3.26769, 0.14888, 0],
							"lerp_mode": "catmullrom"
						},
						"1.0": {
							"post": [1.73231, 0.14888, 0],
							"lerp_mode": "catmullrom"
						}
					}
				},
				"nick": {
					"rotation": {
						"0.0": {
							"post": [7.5, 0, 0],
							"lerp_mode": "catmullrom"
						},
						"0.25": {
							"post": [10, 0, 0],
							"lerp_mode": "catmullrom"
						},
						"0.5": {
							"post": [7.5, 0, 0],
							"lerp_mode": "catmullrom"
						},
						"0.75": {
							"post": [10, 0, 0],
							"lerp_mode": "catmullrom"
						},
						"1.0": {
							"post": [7.5, 0, 0],
							"lerp_mode": "catmullrom"
						}
					},
					"position": {
						"0.0": {
							"post": [0, -0.8, 0],
							"lerp_mode": "catmullrom"
						},
						"0.5": {
							"post": [0, -0.8, 0],
							"lerp_mode": "catmullrom"
						},
						"1.0": {
							"post": [0, -0.8, 0],
							"lerp_mode": "catmullrom"
						}
					}
				},
				"bone": {
					"rotation": {
						"0.0": {
							"post": [-2.5, 0, 0],
							"lerp_mode": "catmullrom"
						},
						"0.25": {
							"post": [1.94, 0, 0],
							"lerp_mode": "catmullrom"
						},
						"0.5": {
							"post": [-15, 0, 0],
							"lerp_mode": "catmullrom"
						},
						"0.75": {
							"post": [-51.02, 0, 0],
							"lerp_mode": "catmullrom"
						},
						"1.0": {
							"post": [-2.5, 0, 0],
							"lerp_mode": "catmullrom"
						}
					}
				},
				"bone6": {
					"rotation": {
						"0.0": {
							"post": [0.15106, -1.05874, 1.13096],
							"lerp_mode": "catmullrom"
						},
						"0.5": {
							"post": [20, 0, 0],
							"lerp_mode": "catmullrom"
						},
						"0.75": {
							"post": [72.83915, -1.38731, -0.3828],
							"lerp_mode": "catmullrom"
						},
						"1.0": {
							"post": [0.15106, -1.05874, 1.13096],
							"lerp_mode": "catmullrom"
						}
					},
					"position": {
						"0.0": {
							"post": [0, 0, 0],
							"lerp_mode": "catmullrom"
						},
						"0.25": {
							"post": [0, 0.8, 0],
							"lerp_mode": "catmullrom"
						},
						"0.5": {
							"post": [0, 1.2, 0],
							"lerp_mode": "catmullrom"
						},
						"0.75": {
							"post": [0, 2.4, -1.1],
							"lerp_mode": "catmullrom"
						},
						"1.0": {
							"post": [0, 0, 0],
							"lerp_mode": "catmullrom"
						}
					}
				},
				"leftleg": {
					"rotation": {
						"0.0": {
							"post": [26.49849, 0.18779, -4.88831],
							"lerp_mode": "catmullrom"
						},
						"0.5": {
							"post": [-7.5, 0, 0],
							"lerp_mode": "catmullrom"
						},
						"1.0": {
							"post": [26.49849, 0.18779, -4.88831],
							"lerp_mode": "catmullrom"
						}
					}
				},
				"bone4": {
					"rotation": {
						"0.0": {
							"post": [20, 0, 0],
							"lerp_mode": "catmullrom"
						},
						"0.25": {
							"post": [75.38, 0, 0],
							"lerp_mode": "catmullrom"
						},
						"0.5": {
							"post": [0.15106, 1.05874, -1.13096],
							"lerp_mode": "catmullrom"
						},
						"1.0": {
							"post": [20, 0, 0],
							"lerp_mode": "catmullrom"
						}
					},
					"position": {
						"0.0": {
							"post": [0, 1.1, 0],
							"lerp_mode": "catmullrom"
						},
						"0.25": {
							"post": [0, 2.5, -1.2],
							"lerp_mode": "catmullrom"
						},
						"0.5": {
							"post": [0, 0.3, 0],
							"lerp_mode": "catmullrom"
						},
						"1.0": {
							"post": [0, 1.1, 0],
							"lerp_mode": "catmullrom"
						}
					}
				},
				"bone7": {
					"rotation": {
						"0.0": {
							"post": [-2.48976, 0.01093, -0.22603],
							"lerp_mode": "catmullrom"
						},
						"0.1667": {
							"post": [45.48438, 0.00886, -0.18332],
							"lerp_mode": "catmullrom"
						},
						"0.5": {
							"post": [2.5, 0, 0],
							"lerp_mode": "catmullrom"
						},
						"0.75": {
							"post": [4.39631, 0.00509, -0.1052],
							"lerp_mode": "catmullrom"
						},
						"1.0": {
							"post": [-2.48976, 0.01093, -0.22603],
							"lerp_mode": "catmullrom"
						}
					}
				},
				"leftarm": {
					"rotation": {
						"0.0": {
							"post": [-20, 0, 0],
							"lerp_mode": "catmullrom"
						},
						"0.5": {
							"post": [7.5, 0, 0],
							"lerp_mode": "catmullrom"
						},
						"0.7917": {
							"post": [-25.29, 0, 0],
							"lerp_mode": "catmullrom"
						},
						"1.0": {
							"post": [-20, 0, 0],
							"lerp_mode": "catmullrom"
						}
					}
				},
				"rightleg": {
					"rotation": {
						"0.0": {
							"post": [-7.5, 0, 0],
							"lerp_mode": "catmullrom"
						},
						"0.5": {
							"post": [26.49849, -0.18779, 4.88831],
							"lerp_mode": "catmullrom"
						},
						"1.0": {
							"post": [-7.5, 0, 0],
							"lerp_mode": "catmullrom"
						}
					}
				},
				"bone3": {
					"rotation": {
						"0.0": {
							"post": [-15, 0, 0],
							"lerp_mode": "catmullrom"
						},
						"0.25": {
							"post": [-53.52, 0, 0],
							"lerp_mode": "catmullrom"
						},
						"0.5": {
							"post": [-2.5, 0, 0],
							"lerp_mode": "catmullrom"
						},
						"0.75": {
							"post": [1.94, 0, 0],
							"lerp_mode": "catmullrom"
						},
						"1.0": {
							"post": [-15, 0, 0],
							"lerp_mode": "catmullrom"
						}
					}
				},
				"bone2": {
					"rotation": {
						"0.0": {
							"post": [2.5, 0, 0],
							"lerp_mode": "catmullrom"
						},
						"0.25": {
							"post": [4.39631, -0.00509, 0.1052],
							"lerp_mode": "catmullrom"
						},
						"0.5": {
							"post": [-2.48976, -0.01093, 0.22603],
							"lerp_mode": "catmullrom"
						},
						"0.6667": {
							"post": [45.48438, -0.00886, 0.18332],
							"lerp_mode": "catmullrom"
						},
						"1.0": {
							"post": [2.5, 0, 0],
							"lerp_mode": "catmullrom"
						}
					}
				},
				"cobalion": {
					"rotation": {
						"0.0": {
							"post": [0, 0, 0],
							"lerp_mode": "catmullrom"
						},
						"0.5": {
							"post": [0, 0, 0],
							"lerp_mode": "catmullrom"
						},
						"1.0": {
							"post": [0, 0, 0],
							"lerp_mode": "catmullrom"
						}
					},
					"position": {
						"0.0": {
							"post": [0, -0.9, 0],
							"lerp_mode": "catmullrom"
						},
						"0.25": {
							"post": [0, -0.1, 0],
							"lerp_mode": "catmullrom"
						},
						"0.5": {
							"post": [0, -0.9, 0],
							"lerp_mode": "catmullrom"
						},
						"0.75": {
							"post": [0, -0.1, 0],
							"lerp_mode": "catmullrom"
						},
						"1.0": {
							"post": [0, -0.9, 0],
							"lerp_mode": "catmullrom"
						}
					}
				}
			}
		},
		"animation.cobalion.cry": {
			"animation_length": 1.54167,
			"bones": {
				"head": {
					"rotation": {
						"0.0": [0, 0, 0],
						"0.125": [-17.5, 0, 0],
						"0.2083": [-15, 0, 0],
						"0.3333": [-12.5, 0, 0],
						"0.4167": [-15, 0, 0],
						"0.5417": [-12.5, 0, 0],
						"0.6667": [-10, 0, 0],
						"0.75": [-12.5, 0, 0],
						"0.8333": [-10, 0, 0],
						"0.9167": [-7.5, 0, 0],
						"0.9583": [-10, 0, 0],
						"1.0": [-12.5, 0, 0],
						"1.125": [-10, 0, 0],
						"1.2083": [-17.5, 0, 0],
						"1.2917": [-12.5, 0, 0],
						"1.375": [-7.5, 0, 0],
						"1.4167": [0, 0, 0]
					}
				}
			},
			"sound_effects": {
				"0.0": {
					"effect": "pokemon.cobalion.cry"
				}
			}
		}
	}
}