{
	"format_version": "1.12.0",
	"minecraft:geometry": [
		{
			"description": {
				"identifier": "geometry.buzzwole",
				"texture_width": 128,
				"texture_height": 256,
				"visible_bounds_width": 8,
				"visible_bounds_height": 6.5,
				"visible_bounds_offset": [0, 2.75, 0]
			},
			"bones": [
				{
					"name": "buzzwole",
					"pivot": [0, 0, 0]
				},
				{
					"name": "body",
					"parent": "buzzwole",
					"pivot": [0, 42.5, 0]
				},
				{
					"name": "torso",
					"parent": "body",
					"pivot": [0, 36.4, 6.6],
					"cubes": [
						{"origin": [-7.5, 31.5, -5], "size": [15, 5, 11], "inflate": 0.01, "uv": [0, 132]},
						{"origin": [-8, 31.8, -5.5], "size": [16, 2, 12], "uv": [41, 123]},
						{"origin": [1.5, 34.6, -6], "size": [7, 2, 13], "pivot": [5, 35.6, 0.5], "rotation": [0, 0, 3], "uv": [79, 137], "mirror": true},
						{"origin": [-8.5, 34.6, -6], "size": [7, 2, 13], "pivot": [-5, 35.6, 0.5], "rotation": [0, 0, -3], "uv": [39, 137]},
						{"origin": [-5, 34.6, 5], "size": [10, 2, 2], "inflate": 0.01, "uv": [15, 148]}
					]
				},
				{
					"name": "chest",
					"parent": "torso",
					"pivot": [0, 36.7, 7],
					"cubes": [
						{"origin": [-10, 36.5, -6.7], "size": [20, 11, 14], "uv": [50, 0]}
					]
				},
				{
					"name": "chest_muscles",
					"parent": "chest",
					"pivot": [0, 43.56428, 1.85345],
					"cubes": [
						{"origin": [4, 47.5, -2.8], "size": [6, 2, 7], "uv": [31, 18]},
						{"origin": [-10, 47.5, -2.8], "size": [6, 2, 7], "uv": [7, 13], "mirror": true},
						{"origin": [-9.6, 38.1, -8.6], "size": [9, 9, 3], "pivot": [-5.5, 42, -6.7], "rotation": [0.21865, 4.99523, 5.00954], "uv": [6, 22], "mirror": true},
						{"origin": [0.6, 38.1, -8.6], "size": [9, 9, 3], "pivot": [5.5, 42, -6.7], "rotation": [0.21865, -4.99523, -5.00954], "uv": [6, 34]},
						{"origin": [10.2, 36.1, -2.5], "size": [3, 7, 7], "pivot": [13.2, 43.9, 0], "rotation": [0, 0, 15], "uv": [50, 25]},
						{"origin": [-13.2, 36.1, -2.5], "size": [3, 7, 7], "pivot": [-13.2, 43.9, 0], "rotation": [0, 0, -15], "uv": [30, 27], "mirror": true},
						{"origin": [3, 36.8, 6.7], "size": [5, 7, 2], "pivot": [6, 40, 8.3], "rotation": [0, 0, 7.5], "uv": [84, 31]},
						{"origin": [-8, 44.3, 6], "size": [5, 4, 2], "pivot": [-5.5, 46.3, 7.3], "rotation": [7.60723, 2.14976, -4.69318], "uv": [63, 25], "mirror": true},
						{"origin": [-8, 36.8, 6.7], "size": [5, 7, 2], "pivot": [-6, 40, 8.3], "rotation": [0, 0, -7.5], "uv": [70, 31], "mirror": true},
						{"origin": [3, 44.3, 6], "size": [5, 4, 2], "pivot": [5.5, 46.3, 7.3], "rotation": [7.60723, -2.14976, 4.69318], "uv": [77, 25]}
					]
				},
				{
					"name": "neck",
					"parent": "chest",
					"pivot": [0, 47.65, 5.1],
					"cubes": [
						{"origin": [-4.5, 46.6, -3.7], "size": [9, 4, 9], "uv": [0, 0]}
					]
				},
				{
					"name": "head_spikes",
					"parent": "neck",
					"pivot": [0, 51, 4]
				},
				{
					"name": "head_spike_center",
					"parent": "head_spikes",
					"pivot": [-0.05635, 50.7, 4.54264],
					"rotation": [-36.36024, 38.84468, -24.78507],
					"cubes": [
						{"origin": [-1.41801, 50.22554, 4.4043], "size": [3, 3, 0], "uv": [0, 13]},
						{"origin": [0.08199, 50.22554, 2.9043], "size": [0, 3, 3], "uv": [0, 13]}
					]
				},
				{
					"name": "head_spike_right",
					"parent": "head_spikes",
					"pivot": [-2.04365, 50.4, 4.54264],
					"rotation": [-12.5, -45, 0],
					"cubes": [
						{"origin": [-3.04365, 50.3763, 4.3262], "size": [2, 2, 0], "uv": [6, 15], "mirror": true},
						{"origin": [-2.04365, 50.3763, 3.3262], "size": [0, 2, 2], "uv": [6, 11], "mirror": true}
					]
				},
				{
					"name": "head_spike_left2",
					"parent": "head_spikes",
					"pivot": [2.04365, 50.4, 4.54264],
					"rotation": [-12.5, 45, 0],
					"cubes": [
						{"origin": [1.04365, 50.3763, 4.3262], "size": [2, 2, 0], "uv": [10, 13]},
						{"origin": [2.04365, 50.3763, 3.3262], "size": [0, 2, 2], "uv": [10, 13]}
					]
				},
				{
					"name": "head",
					"parent": "neck",
					"pivot": [0, 50.65, 3.8],
					"cubes": [
						{"origin": [-3, 50.6, -2.3], "size": [6, 2, 6], "uv": [27, 0]},
						{"origin": [-2, 52.4, -1.3], "size": [4, 1, 4], "uv": [36, 8]}
					]
				},
				{
					"name": "face",
					"parent": "head",
					"pivot": [0, 51.65, -2.2]
				},
				{
					"name": "eyes",
					"parent": "face",
					"pivot": [0, 51.7, -3]
				},
				{
					"name": "eye_left",
					"parent": "eyes",
					"pivot": [0.65756, 51.62805, -2.3],
					"cubes": [
						{"origin": [0.2, 51.7, -3.4], "size": [1, 1, 1], "inflate": 0.1, "pivot": [1, 52.7, -2.4], "rotation": [0, 0, 5], "uv": [48, 10]}
					]
				},
				{
					"name": "antenna_left",
					"parent": "eye_left",
					"pivot": [0.7161, 52.78956, -3],
					"cubes": [
						{"origin": [0.55, 52.8, -3], "size": [1, 8, 0], "pivot": [0.5, 56.8, -3], "rotation": [0, 0, 5], "uv": [57, 0]}
					]
				},
				{
					"name": "antenna_left2",
					"parent": "antenna_left",
					"pivot": [1.4, 60.72162, -3],
					"cubes": [
						{"origin": [0.55, 60.8, -3], "size": [1, 8, 0], "pivot": [0.5, 56.8, -3], "rotation": [0, 0, 5], "uv": [59, 0]}
					]
				},
				{
					"name": "antenna_left3",
					"parent": "antenna_left2",
					"pivot": [2.05524, 68.69498, -3],
					"cubes": [
						{"origin": [0.55, 68.8, -3], "size": [1, 6, 0], "pivot": [0.5, 56.8, -3], "rotation": [0, 0, 5], "uv": [61, 0]}
					]
				},
				{
					"name": "eye_right",
					"parent": "eyes",
					"pivot": [-0.65756, 51.62805, -2.3],
					"cubes": [
						{"origin": [-1.2, 51.7, -3.4], "size": [1, 1, 1], "inflate": 0.1, "pivot": [-1, 52.7, -2.4], "rotation": [0, 0, -5], "uv": [36, 10], "mirror": true}
					]
				},
				{
					"name": "antenna_right",
					"parent": "eye_right",
					"pivot": [-0.7161, 52.78956, -3],
					"cubes": [
						{"origin": [-1.55, 52.8, -3], "size": [1, 8, 0], "pivot": [-0.5, 56.8, -3], "rotation": [0, 0, -5], "uv": [51, 0], "mirror": true}
					]
				},
				{
					"name": "antenna_right2",
					"parent": "antenna_right",
					"pivot": [-1.4, 60.72162, -3],
					"cubes": [
						{"origin": [-1.55, 60.8, -3], "size": [1, 8, 0], "pivot": [-0.5, 56.8, -3], "rotation": [0, 0, -5], "uv": [53, 0], "mirror": true}
					]
				},
				{
					"name": "antenna_right3",
					"parent": "antenna_right2",
					"pivot": [-2.05524, 68.69498, -3],
					"cubes": [
						{"origin": [-1.55, 68.8, -3], "size": [1, 6, 0], "pivot": [-0.5, 56.8, -3], "rotation": [0, 0, -5], "uv": [55, 0], "mirror": true}
					]
				},
				{
					"name": "needle",
					"parent": "face",
					"pivot": [0, 50.65, -2.2],
					"cubes": [
						{"origin": [-1, 50.6, -19.7], "size": [2, 1, 18], "uv": [43, 155]},
						{"origin": [-0.5, 50.6, -40.7], "size": [1, 0, 21], "uv": [14, 152]},
						{"origin": [-0.5142, 50.6751, -40.7], "size": [1, 0, 21], "pivot": [-0.44142, 50.65208, -30.2], "rotation": [0, 0, -60.1], "uv": [16, 152], "mirror": true},
						{"origin": [-0.4858, 50.6751, -40.7], "size": [1, 0, 21], "pivot": [0.44142, 50.65208, -30.2], "rotation": [0, 0, 60.1], "uv": [18, 152]}
					]
				},
				{
					"name": "arms",
					"parent": "chest",
					"pivot": [0, 46.5, 0]
				},
				{
					"name": "arm_left",
					"parent": "arms",
					"pivot": [11.8, 45.8, 0.7],
					"cubes": [
						{"origin": [8.6, 40.8, -2.8], "size": [10, 10, 7], "inflate": 0.02, "uv": [50, 94]},
						{"origin": [18.6, 42.3, -2.3], "size": [1, 8, 6], "uv": [84, 91]},
						{"origin": [9.6, 41.8, -5.3], "size": [8, 8, 3], "uv": [98, 91]},
						{"origin": [9.6, 41.8, 3.7], "size": [8, 8, 3], "uv": [95, 102]}
					]
				},
				{
					"name": "arm_left_spike",
					"parent": "arm_left",
					"pivot": [11.6, 50.8321, 0.7],
					"rotation": [0, 45, 0],
					"cubes": [
						{"origin": [9.1, 50.4, 0.7], "size": [5, 4, 0], "uv": [118, 19]},
						{"origin": [11.6, 50.4, -1.8], "size": [0, 4, 5], "uv": [118, 18]}
					]
				},
				{
					"name": "arm_left_spike2",
					"parent": "arm_left",
					"pivot": [16, 50.8, 0.7],
					"rotation": [0, 45, 0],
					"cubes": [
						{"origin": [15, 50.8, 0.7], "size": [2, 2, 0], "uv": [10, 54]},
						{"origin": [16, 50.8, -0.3], "size": [0, 2, 2], "uv": [10, 54]}
					]
				},
				{
					"name": "arm_left2",
					"parent": "arm_left",
					"pivot": [20.1, 46.3, 0.7],
					"cubes": [
						{"origin": [19.6, 41.8, -2.8], "size": [7, 9, 7], "inflate": 0.01, "uv": [0, 114]},
						{"origin": [20.6, 42.8, -4.8], "size": [5, 7, 2], "uv": [28, 114]},
						{"origin": [20.6, 42.8, 4.2], "size": [5, 7, 2], "uv": [28, 123]}
					]
				},
				{
					"name": "arm_left3",
					"parent": "arm_left2",
					"pivot": [25.7, 47, 3.7],
					"cubes": [
						{"origin": [25, 44, -2.3], "size": [5, 6, 6], "uv": [79, 107]}
					]
				},
				{
					"name": "arm_left_spike3",
					"parent": "arm_left3",
					"pivot": [27.4, 46.8, 3.5],
					"rotation": [-90, 0, -90],
					"cubes": [
						{"origin": [25.9, 46.4, 3.5], "size": [3, 3, 0], "uv": [16, 52]},
						{"origin": [27.4, 46.4, 2], "size": [0, 3, 3], "uv": [16, 52]}
					]
				},
				{
					"name": "arm_left4",
					"parent": "arm_left3",
					"pivot": [29.44665, 47.06667, 0.21333],
					"cubes": [
						{"origin": [28.4, 43.2, -2.3], "size": [8, 7, 6], "inflate": 0.01, "uv": [37, 174]},
						{"origin": [35.9, 45.2, -2.3], "size": [2, 5, 6], "uv": [70, 152]},
						{"origin": [29.1, 43.7, -4.6], "size": [6, 6, 3], "pivot": [15.4, 44.5, 0.7], "rotation": [0, -2.5, 0], "uv": [42, 114]},
						{"origin": [29.1, 43.7, 3], "size": [6, 6, 3], "pivot": [15.4, 44.5, 0.7], "rotation": [0, 2.5, 0], "uv": [60, 111]}
					]
				},
				{
					"name": "wrist_left",
					"parent": "arm_left4",
					"pivot": [37.9, 46.25, 0.7]
				},
				{
					"name": "hand_left",
					"parent": "wrist_left",
					"pivot": [37.93636, 50.14545, 0.03636],
					"cubes": [
						{"origin": [37.9, 46.2, -3.1], "size": [6, 4, 7], "uv": [50, 83]}
					]
				},
				{
					"name": "fingers_left",
					"parent": "hand_left",
					"pivot": [43.9, 50.3, 0]
				},
				{
					"name": "finger1_left",
					"parent": "fingers_left",
					"pivot": [43.9, 50.2, -2.1],
					"cubes": [
						{"origin": [43.9, 48.2, -3.1], "size": [4, 2, 2], "inflate": 0.02, "uv": [69, 83]}
					]
				},
				{
					"name": "finger1_left2",
					"parent": "finger1_left",
					"pivot": [47.9, 50.2, -2.1],
					"cubes": [
						{"origin": [47.9, 48.2, -3.1], "size": [4, 2, 2], "inflate": 0.01, "uv": [76, 87]}
					]
				},
				{
					"name": "finger2_left",
					"parent": "fingers_left",
					"pivot": [43.9, 50.2, -0.1],
					"cubes": [
						{"origin": [43.9, 48.2, -1.1], "size": [4, 2, 2], "inflate": 0.02, "uv": [81, 83]}
					]
				},
				{
					"name": "finger2_left2",
					"parent": "finger2_left",
					"pivot": [47.9, 50.2, -0.1],
					"cubes": [
						{"origin": [47.9, 48.2, -1.1], "size": [4, 2, 2], "inflate": 0.01, "uv": [88, 87]}
					]
				},
				{
					"name": "finger3_left",
					"parent": "fingers_left",
					"pivot": [43.9, 50.2, 1.9],
					"cubes": [
						{"origin": [43.9, 48.2, 0.9], "size": [4, 2, 2], "inflate": 0.02, "uv": [93, 83]}
					]
				},
				{
					"name": "finger3_left2",
					"parent": "finger3_left",
					"pivot": [47.9, 50.2, 1.9],
					"cubes": [
						{"origin": [47.9, 48.2, 0.9], "size": [4, 2, 2], "inflate": 0.01, "uv": [100, 87]}
					]
				},
				{
					"name": "finger4_left",
					"parent": "fingers_left",
					"pivot": [43.85, 50.2, 3.4],
					"cubes": [
						{"origin": [43.9, 48.2, 2.9], "size": [3, 2, 1], "inflate": 0.02, "uv": [94, 80]}
					]
				},
				{
					"name": "finger4_left2",
					"parent": "finger4_left",
					"pivot": [46.9, 50.2, 3.4],
					"cubes": [
						{"origin": [46.9, 48.2, 2.9], "size": [4, 2, 1], "inflate": 0.01, "uv": [102, 80]}
					]
				},
				{
					"name": "thumb_left",
					"parent": "hand_left",
					"pivot": [39.45, 47.2, -3.1],
					"cubes": [
						{"origin": [39.5, 46.2, -4.1], "size": [4, 2, 2], "inflate": 0.02, "uv": [105, 83]}
					]
				},
				{
					"name": "thumb_left2",
					"parent": "thumb_left",
					"pivot": [43.6, 47.2, -4.1],
					"cubes": [
						{"origin": [43.5, 46.2, -4.1], "size": [3, 2, 2], "inflate": 0.01, "uv": [112, 87]}
					]
				},
				{
					"name": "arm_right",
					"parent": "arms",
					"pivot": [-11.8, 45.8, 0.7],
					"cubes": [
						{"origin": [-18.6, 40.8, -2.8], "size": [10, 10, 7], "inflate": 0.02, "uv": [43, 39], "mirror": true},
						{"origin": [-19.6, 42.3, -2.3], "size": [1, 8, 6], "uv": [28, 44], "mirror": true},
						{"origin": [-17.6, 41.8, -5.3], "size": [8, 8, 3], "uv": [77, 40], "mirror": true},
						{"origin": [-17.6, 41.8, 3.7], "size": [8, 8, 3], "uv": [77, 51], "mirror": true}
					]
				},
				{
					"name": "arm_right_spike",
					"parent": "arm_right",
					"pivot": [-11.6, 50.8321, 0.7],
					"rotation": [0, -45, 0],
					"cubes": [
						{"origin": [-14.1, 50.4, 0.7], "size": [5, 4, 0], "uv": [6, 46], "mirror": true},
						{"origin": [-11.6, 50.4, -1.8], "size": [0, 4, 5], "uv": [6, 45], "mirror": true}
					]
				},
				{
					"name": "arm_right_spike2",
					"parent": "arm_right",
					"pivot": [-16, 50.8, 0.7],
					"rotation": [0, -45, 0],
					"cubes": [
						{"origin": [-17, 50.8, 0.7], "size": [2, 2, 0], "uv": [6, 54], "mirror": true},
						{"origin": [-16, 50.8, -0.3], "size": [0, 2, 2], "uv": [6, 54], "mirror": true}
					]
				},
				{
					"name": "arm_right2",
					"parent": "arm_right",
					"pivot": [-20.1, 46.3, 0.7],
					"cubes": [
						{"origin": [-26.6, 41.8, -2.8], "size": [7, 9, 7], "inflate": 0.01, "uv": [50, 56], "mirror": true},
						{"origin": [-25.6, 42.8, -4.8], "size": [5, 7, 2], "uv": [98, 25], "mirror": true},
						{"origin": [-25.6, 42.8, 4.2], "size": [5, 7, 2], "uv": [98, 34], "mirror": true}
					]
				},
				{
					"name": "arm_right3",
					"parent": "arm_right2",
					"pivot": [-25.7, 47, 3.7],
					"cubes": [
						{"origin": [-30, 44, -2.3], "size": [5, 6, 6], "uv": [106, 38], "mirror": true}
					]
				},
				{
					"name": "arm_right_spike3",
					"parent": "arm_right3",
					"pivot": [-27.4, 46.8, 3.5],
					"rotation": [-90, 0, 90],
					"cubes": [
						{"origin": [-28.9, 46.4, 3.5], "size": [3, 3, 0], "uv": [16, 46], "mirror": true},
						{"origin": [-27.4, 46.4, 2], "size": [0, 3, 3], "uv": [16, 46], "mirror": true}
					]
				},
				{
					"name": "arm_right4",
					"parent": "arm_right3",
					"pivot": [-29.44665, 47.06667, 0.21333],
					"cubes": [
						{"origin": [-36.4, 43.2, -2.3], "size": [8, 7, 6], "inflate": 0.01, "uv": [99, 50], "mirror": true},
						{"origin": [-37.9, 45.2, -2.3], "size": [2, 5, 6], "uv": [112, 27], "mirror": true},
						{"origin": [-35.1, 43.7, -4.6], "size": [6, 6, 3], "pivot": [-15.4, 44.5, 0.7], "rotation": [0, 2.5, 0], "uv": [78, 63], "mirror": true},
						{"origin": [-35.1, 43.7, 3], "size": [6, 6, 3], "pivot": [-15.4, 44.5, 0.7], "rotation": [0, -2.5, 0], "uv": [96, 63], "mirror": true}
					]
				},
				{
					"name": "wrist_right",
					"parent": "arm_right4",
					"pivot": [-37.9, 46.25, 0.7]
				},
				{
					"name": "hand_right",
					"parent": "wrist_right",
					"pivot": [-37.93636, 50.14545, 0.03636],
					"cubes": [
						{"origin": [-43.9, 46.2, -3.1], "size": [6, 4, 7], "uv": [50, 72], "mirror": true}
					]
				},
				{
					"name": "fingers_right",
					"parent": "hand_right",
					"pivot": [-43.9, 50.3, 0]
				},
				{
					"name": "finger1_right",
					"parent": "fingers_right",
					"pivot": [-43.9, 50.2, -2.1],
					"cubes": [
						{"origin": [-47.9, 48.2, -3.1], "size": [4, 2, 2], "inflate": 0.02, "uv": [69, 72], "mirror": true}
					]
				},
				{
					"name": "finger1_right2",
					"parent": "finger1_right",
					"pivot": [-47.9, 50.2, -2.1],
					"cubes": [
						{"origin": [-51.9, 48.2, -3.1], "size": [4, 2, 2], "inflate": 0.01, "uv": [76, 76], "mirror": true}
					]
				},
				{
					"name": "finger2_right",
					"parent": "fingers_right",
					"pivot": [-43.9, 50.2, -0.1],
					"cubes": [
						{"origin": [-47.9, 48.2, -1.1], "size": [4, 2, 2], "inflate": 0.02, "uv": [81, 72], "mirror": true}
					]
				},
				{
					"name": "finger2_right2",
					"parent": "finger2_right",
					"pivot": [-47.9, 50.2, -0.1],
					"cubes": [
						{"origin": [-51.9, 48.2, -1.1], "size": [4, 2, 2], "inflate": 0.01, "uv": [88, 76], "mirror": true}
					]
				},
				{
					"name": "finger3_right",
					"parent": "fingers_right",
					"pivot": [-43.9, 50.2, 1.9],
					"cubes": [
						{"origin": [-47.9, 48.2, 0.9], "size": [4, 2, 2], "inflate": 0.02, "uv": [93, 72], "mirror": true}
					]
				},
				{
					"name": "finger3_right2",
					"parent": "finger3_right",
					"pivot": [-47.9, 50.2, 1.9],
					"cubes": [
						{"origin": [-51.9, 48.2, 0.9], "size": [4, 2, 2], "inflate": 0.01, "uv": [100, 76], "mirror": true}
					]
				},
				{
					"name": "finger4_right",
					"parent": "fingers_right",
					"pivot": [-43.85, 50.2, 3.4],
					"cubes": [
						{"origin": [-46.9, 48.2, 2.9], "size": [3, 2, 1], "inflate": 0.02, "uv": [76, 80], "mirror": true}
					]
				},
				{
					"name": "finger4_right2",
					"parent": "finger4_right",
					"pivot": [-46.9, 50.2, 3.4],
					"cubes": [
						{"origin": [-50.9, 48.2, 2.9], "size": [4, 2, 1], "inflate": 0.01, "uv": [84, 80], "mirror": true}
					]
				},
				{
					"name": "thumb_right",
					"parent": "hand_right",
					"pivot": [-39.45, 47.2, -3.1],
					"cubes": [
						{"origin": [-43.5, 46.2, -4.1], "size": [4, 2, 2], "inflate": 0.02, "uv": [105, 72], "mirror": true}
					]
				},
				{
					"name": "thumb_right2",
					"parent": "thumb_right",
					"pivot": [-43.6, 47.2, -4.1],
					"cubes": [
						{"origin": [-46.5, 46.2, -4.1], "size": [3, 2, 2], "inflate": 0.01, "uv": [112, 76], "mirror": true}
					]
				},
				{
					"name": "wings",
					"parent": "chest",
					"pivot": [2.6, 44, 9]
				},
				{
					"name": "wing_left",
					"parent": "wings",
					"pivot": [2.6, 44, 7],
					"cubes": [
						{"origin": [1, 42.5, 6.9], "size": [3, 3, 2], "uv": [36, 13]}
					]
				},
				{
					"name": "wing_left2",
					"parent": "wing_left",
					"pivot": [2.6, 44, 8.9]
				},
				{
					"name": "wing_upper_left",
					"parent": "wing_left2",
					"pivot": [2.6, 44, 8.9],
					"rotation": [0, -22.5, 0],
					"cubes": [
						{"origin": [2.73618, 37, 8.9428], "size": [25, 14, 0], "uv": [0, 86]}
					]
				},
				{
					"name": "wing_lower_left",
					"parent": "wing_left2",
					"pivot": [2.6, 43.9, 8.9],
					"rotation": [0, -7, 32.5],
					"cubes": [
						{"origin": [2.61331, 36.87688, 8.91891], "size": [25, 14, 0], "uv": [0, 100]}
					]
				},
				{
					"name": "wing_right",
					"parent": "wings",
					"pivot": [-2.6, 44, 7],
					"cubes": [
						{"origin": [-4, 42.5, 6.9], "size": [3, 3, 2], "uv": [26, 13], "mirror": true}
					]
				},
				{
					"name": "wing_right2",
					"parent": "wing_right",
					"pivot": [-2.6, 44, 8.9]
				},
				{
					"name": "wing_upper_right",
					"parent": "wing_right2",
					"pivot": [-2.6, 44, 8.9],
					"rotation": [0, 22.5, 0],
					"cubes": [
						{"origin": [-27.73618, 37, 8.9428], "size": [25, 14, 0], "uv": [0, 58], "mirror": true}
					]
				},
				{
					"name": "wing_lower_right",
					"parent": "wing_right2",
					"pivot": [-2.6, 43.9, 8.9],
					"rotation": [0, 7, -32.5],
					"cubes": [
						{"origin": [-27.61331, 36.87688, 8.91891], "size": [25, 14, 0], "uv": [0, 72], "mirror": true}
					]
				},
				{
					"name": "hips",
					"parent": "body",
					"pivot": [0, 31.5, 1],
					"cubes": [
						{"origin": [-6.5, 26.5, -4], "size": [13, 5, 10], "uv": [32, 202]},
						{"origin": [-7, 29, -4.5], "size": [14, 2, 11], "uv": [27, 189]}
					]
				},
				{
					"name": "legs",
					"parent": "hips",
					"pivot": [0, 27.5, 0]
				},
				{
					"name": "leg_front_left",
					"parent": "legs",
					"pivot": [4.96667, 28, -2.46667],
					"cubes": [
						{"origin": [2.5, 26, -5], "size": [5, 2, 5], "uv": [12, 206]},
						{"origin": [3.5, 17, -5], "size": [4, 2, 4], "uv": [14, 187]},
						{"origin": [2, 19, -5.5], "size": [6, 7, 6], "uv": [3, 193]}
					]
				},
				{
					"name": "leg_front_left2",
					"parent": "leg_front_left",
					"pivot": [7.525, 17.025, -4.975],
					"cubes": [
						{"origin": [5, 17.025, -5.45], "size": [3, 1, 3], "uv": [26, 187]},
						{"origin": [3, 12.025, -5.45], "size": [5, 5, 5], "uv": [0, 215]},
						{"origin": [4, 6.025, -5.45], "size": [4, 6, 4], "uv": [20, 213]},
						{"origin": [5, 0.025, -5.45], "size": [3, 6, 3], "uv": [25, 223]}
					]
				},
				{
					"name": "spike_front_left",
					"parent": "leg_front_left2",
					"pivot": [7.53536, 16.35, -4.93536],
					"rotation": [90, -45, 0],
					"cubes": [
						{"origin": [6.5, 16.26421, -4.93536], "size": [2, 3, 0], "uv": [43, 27]},
						{"origin": [7.5, 16.26421, -5.93536], "size": [0, 3, 2], "uv": [43, 28]}
					]
				},
				{
					"name": "leg_front_right",
					"parent": "legs",
					"pivot": [-4.96667, 28, -2.46667],
					"cubes": [
						{"origin": [-7.5, 26, -5], "size": [5, 2, 5], "uv": [8, 160], "mirror": true},
						{"origin": [-7.5, 17, -5], "size": [4, 2, 4], "uv": [7, 152], "mirror": true},
						{"origin": [-8, 19, -5.5], "size": [6, 7, 6], "uv": [104, 0], "mirror": true}
					]
				},
				{
					"name": "leg_front_right2",
					"parent": "leg_front_right",
					"pivot": [-7.525, 17.025, -4.975],
					"cubes": [
						{"origin": [-8, 17.025, -5.45], "size": [3, 1, 3], "uv": [114, 63], "mirror": true},
						{"origin": [-8, 12.025, -5.45], "size": [5, 5, 5], "uv": [13, 167], "mirror": true},
						{"origin": [-8, 6.025, -5.45], "size": [4, 6, 4], "uv": [18, 177], "mirror": true},
						{"origin": [-8, 0.025, -5.45], "size": [3, 6, 3], "uv": [23, 156], "mirror": true}
					]
				},
				{
					"name": "spike_front_right",
					"parent": "leg_front_right2",
					"pivot": [-7.53536, 16.35, -4.93536],
					"rotation": [90, 45, 0],
					"cubes": [
						{"origin": [-8.5, 16.26421, -4.93536], "size": [2, 3, 0], "uv": [30, 27], "mirror": true},
						{"origin": [-7.5, 16.26421, -5.93536], "size": [0, 3, 2], "uv": [30, 28], "mirror": true}
					]
				},
				{
					"name": "leg_back_left",
					"parent": "legs",
					"pivot": [4.96667, 28, 4.46667],
					"cubes": [
						{"origin": [2.5, 26, 2], "size": [5, 2, 5], "uv": [42, 220]},
						{"origin": [3.5, 17, 3], "size": [4, 2, 4], "uv": [80, 152]},
						{"origin": [2, 19, 1.5], "size": [6, 7, 6], "uv": [66, 137]}
					]
				},
				{
					"name": "leg_back_left2",
					"parent": "leg_back_left",
					"pivot": [7.525, 17.025, 6.975],
					"cubes": [
						{"origin": [5, 17.025, 4.45], "size": [3, 1, 3], "uv": [41, 131]},
						{"origin": [3, 12.025, 2.45], "size": [5, 5, 5], "uv": [85, 119]},
						{"origin": [4, 6.025, 3.45], "size": [4, 6, 4], "uv": [62, 217]},
						{"origin": [5, 0.025, 4.45], "size": [3, 6, 3], "uv": [66, 191]}
					]
				},
				{
					"name": "spike_back_left",
					"parent": "leg_back_left2",
					"pivot": [7.53536, 16.35, 6.93536],
					"rotation": [-90, 45, 0],
					"cubes": [
						{"origin": [6.5, 16.26421, 6.93536], "size": [2, 3, 0], "uv": [60, 8]},
						{"origin": [7.5, 16.26421, 5.93536], "size": [0, 3, 2], "uv": [60, 9]}
					]
				},
				{
					"name": "leg_back_right",
					"parent": "legs",
					"pivot": [-4.96667, 28, 4.46667],
					"cubes": [
						{"origin": [-7.5, 26, 2], "size": [5, 2, 5], "uv": [41, 164], "mirror": true},
						{"origin": [-7.5, 17, 3], "size": [4, 2, 4], "uv": [44, 154], "mirror": true},
						{"origin": [-8, 19, 1.5], "size": [6, 7, 6], "uv": [2, 226], "mirror": true}
					]
				},
				{
					"name": "leg_back_right2",
					"parent": "leg_back_right",
					"pivot": [-7.525, 17.025, 6.975],
					"cubes": [
						{"origin": [-8, 17.025, 4.45], "size": [3, 1, 3], "uv": [46, 160], "mirror": true},
						{"origin": [-8, 12.025, 2.45], "size": [5, 5, 5], "uv": [66, 181], "mirror": true},
						{"origin": [-8, 6.025, 3.45], "size": [4, 6, 4], "uv": [70, 163], "mirror": true},
						{"origin": [-8, 0.025, 4.45], "size": [3, 6, 3], "uv": [68, 202], "mirror": true}
					]
				},
				{
					"name": "spike_back_right",
					"parent": "leg_back_right2",
					"pivot": [-7.53536, 16.35, 6.93536],
					"rotation": [-90, -45, 0],
					"cubes": [
						{"origin": [-8.5, 16.26421, 6.93536], "size": [2, 3, 0], "uv": [52, 8], "mirror": true},
						{"origin": [-7.5, 16.26421, 5.93536], "size": [0, 3, 2], "uv": [52, 9], "mirror": true}
					]
				}
			]
		}
	]
}