{
	"format_version": "1.12.0",
	"minecraft:geometry": [
		{
			"description": {
				"identifier": "geometry.fraxure",
				"texture_width": 64,
				"texture_height": 64,
				"visible_bounds_width": 3,
				"visible_bounds_height": 2.5,
				"visible_bounds_offset": [0, 0.75, 0]
			},
			"bones": [
				{
					"name": "Fraxure",
					"pivot": [0, 0, 0]
				},
				{
					"name": "body",
					"parent": "Fraxure",
					"pivot": [0, 0, 0]
				},
				{
					"name": "torso",
					"parent": "body",
					"pivot": [0, 5, 0],
					"cubes": [
						{"origin": [-3, 3, -3], "size": [6, 5, 6], "inflate": 0.1, "uv": [0, 14]}
					]
				},
				{
					"name": "Tail",
					"parent": "torso",
					"pivot": [0, 5, 2],
					"cubes": [
						{"origin": [-2, 3, 3], "size": [4, 4, 4], "uv": [20, 21]},
						{"origin": [-2, 3.002, 2], "size": [4, 4, 1], "uv": [23, 22]}
					]
				},
				{
					"name": "tail2",
					"parent": "Tail",
					"pivot": [0, 5, 6],
					"cubes": [
						{"origin": [-1.5, 3.5, 7], "size": [3, 3, 3], "uv": [32, 5]}
					]
				},
				{
					"name": "tail3",
					"parent": "tail2",
					"pivot": [0, 5, 9],
					"cubes": [
						{"origin": [-1, 4, 10], "size": [2, 2, 3], "uv": [0, 33]}
					]
				},
				{
					"name": "Upper_body",
					"parent": "torso",
					"pivot": [0, 8, 3],
					"cubes": [
						{"origin": [-3, 7.89333, -2.966], "size": [6, 5, 6], "pivot": [0, 7.79142, 2.53001], "rotation": [12.5, 0, 0], "uv": [0, 3]},
						{"origin": [-3, 13.29142, 2.53001], "size": [6, 3, 0], "pivot": [0, 9.79142, -0.46999], "rotation": [12.5, 0, 0], "uv": [21, 35]},
						{"origin": [-3, 12.29142, 1.53001], "size": [6, 1, 1], "pivot": [0, 9.79142, -0.46999], "rotation": [12.5, 0, 0], "uv": [30, 3]}
					]
				},
				{
					"name": "head",
					"parent": "Upper_body",
					"pivot": [0, 12.73413, -1],
					"cubes": [
						{"origin": [-9, 13.03, -4.46999], "size": [18, 0, 3], "uv": [0, 0]},
						{"origin": [-2, 13.02556, -5.46999], "size": [4, 3, 6], "uv": [18, 8]},
						{"origin": [-2, 12.02556, -1.46999], "size": [4, 1, 2], "uv": [32, 11]},
						{"origin": [-1.5, 16.02556, 0.53001], "size": [3, 2, 0], "pivot": [1.5, 16.02556, 0.53001], "rotation": [15, 0, 0], "uv": [0, 44]},
						{"origin": [-0.5, 18.02556, 0.53001], "size": [1, 1, 0], "pivot": [1.5, 16.02556, 0.53001], "rotation": [15, 0, 0], "uv": [0, 39]}
					]
				},
				{
					"name": "eye",
					"parent": "head",
					"pivot": [0, -0.26587, 0],
					"cubes": [
						{"origin": [2.001, 13.28413, -4.46999], "size": [0, 2, 4], "pivot": [2.001, 14.02556, -1.96999], "rotation": [10, 0, 0], "uv": [39, -4]},
						{"origin": [2.0047, 14.59066, -3.19393], "size": [0, 1, 1], "pivot": [2.002, 15.09066, -2.69393], "rotation": [9.99067, 0.43399, -2.4621], "uv": [45, -1]}
					]
				},
				{
					"name": "eye2",
					"parent": "head",
					"pivot": [0, -0.26587, 0],
					"cubes": [
						{"origin": [-2.001, 13.28413, -4.46999], "size": [0, 2, 4], "pivot": [-2.001, 14.02556, -1.96999], "rotation": [10, 0, 0], "uv": [39, -4], "mirror": true},
						{"origin": [-2.0047, 14.59066, -3.19393], "size": [0, 1, 1], "pivot": [-2.002, 15.09066, -2.69393], "rotation": [9.99067, -0.43399, 2.4621], "uv": [45, -1], "mirror": true}
					]
				},
				{
					"name": "jaw",
					"parent": "head",
					"pivot": [2, 13.02556, -1.46999],
					"cubes": [
						{"origin": [-2, 12.02556, -5.46999], "size": [4, 1, 4], "uv": [18, 3]}
					]
				},
				{
					"name": "armR",
					"parent": "Upper_body",
					"pivot": [-3, 10, 0],
					"cubes": [
						{"origin": [-4, 9.29142, -1.46999], "size": [1, 2, 2], "uv": [0, 3]},
						{"origin": [-3, 9.29142, -1.46999], "size": [1, 2, 2], "uv": [0, 3]}
					]
				},
				{
					"name": "armR2",
					"parent": "armR",
					"pivot": [-3, 10, 0],
					"cubes": [
						{"origin": [-5, 9.79142, -0.96999], "size": [2, 1, 1], "inflate": 0.01, "uv": [36, 25], "mirror": true}
					]
				},
				{
					"name": "armR3",
					"parent": "armR2",
					"pivot": [-5.001, 9.79042, 0.03101],
					"cubes": [
						{"origin": [-8, 9.79142, -0.96999], "size": [3, 1, 1], "uv": [5, 40], "mirror": true}
					]
				},
				{
					"name": "finger3",
					"parent": "armR3",
					"pivot": [-8, 9.79142, 0.03001],
					"cubes": [
						{"origin": [-7.999, 9.79142, 0.03001], "size": [0, 1, 1], "uv": [0, 1]}
					]
				},
				{
					"name": "finger1",
					"parent": "armR3",
					"pivot": [-8, 9.79142, -0.96999],
					"cubes": [
						{"origin": [-8, 9.79142, -1.96999], "size": [0, 1, 1], "uv": [0, 2]}
					]
				},
				{
					"name": "finger2",
					"parent": "armR3",
					"pivot": [-8, 10.79142, -0.96999],
					"cubes": [
						{"origin": [-7.999, 10.79142, -0.96999], "size": [0, 1, 1], "uv": [0, 0]}
					]
				},
				{
					"name": "armL",
					"parent": "Upper_body",
					"pivot": [3, 10, 0],
					"cubes": [
						{"origin": [3, 9.29142, -1.46999], "size": [1, 2, 2], "uv": [0, 14]},
						{"origin": [2, 9.29142, -1.46999], "size": [1, 2, 2], "uv": [0, 14]}
					]
				},
				{
					"name": "armL2",
					"parent": "armL",
					"pivot": [3, 10, 0],
					"cubes": [
						{"origin": [3, 9.79142, -0.96999], "size": [2, 1, 1], "inflate": 0.01, "uv": [36, 25]}
					]
				},
				{
					"name": "armL3",
					"parent": "armL2",
					"pivot": [5, 10.79142, 0.03001],
					"cubes": [
						{"origin": [5, 9.79142, -0.96999], "size": [3, 1, 1], "uv": [5, 40]}
					]
				},
				{
					"name": "finger6",
					"parent": "armL3",
					"pivot": [8, 10.79142, 0.03001],
					"cubes": [
						{"origin": [8, 9.79142, 0.03001], "size": [0, 1, 1], "uv": [4, 3]}
					]
				},
				{
					"name": "finger5",
					"parent": "armL3",
					"pivot": [8, 10.79142, 0.03001],
					"cubes": [
						{"origin": [8, 10.79142, -0.96999], "size": [0, 1, 1], "uv": [0, 3]}
					]
				},
				{
					"name": "finger4",
					"parent": "armL3",
					"pivot": [8, 10.79142, -0.96999],
					"cubes": [
						{"origin": [8, 9.79142, -1.96999], "size": [0, 1, 1], "uv": [4, 2]}
					]
				},
				{
					"name": "Colar",
					"parent": "Upper_body",
					"pivot": [3, 12.29142, -3.46999],
					"rotation": [-12.5, 0, 0],
					"cubes": [
						{"origin": [-2.5, 9.49791, -3.77547], "size": [5, 1, 2], "uv": [30, 29]},
						{"origin": [-1, 8.49791, -3.77547], "size": [2, 1, 2], "uv": [8, 36]},
						{"origin": [-3, 10.49791, -3.77547], "size": [6, 1, 2], "inflate": 0.01, "uv": [18, 17]}
					]
				},
				{
					"name": "legL",
					"parent": "body",
					"pivot": [2, 5, 0],
					"rotation": [0, -35, 0],
					"cubes": [
						{"origin": [1.64097, 1.56791, -2.37566], "size": [3, 4, 3], "pivot": [3.14097, 3.56791, -0.87566], "rotation": [-40, 0, 0], "uv": [9, 29]}
					]
				},
				{
					"name": "kneeL",
					"parent": "legL",
					"pivot": [3, 3, -3],
					"cubes": [
						{"origin": [4.14097, 0, -5.3103], "size": [0, 1, 2], "uv": [0, 16]},
						{"origin": [1.64097, 0, -3.3103], "size": [3, 3, 3], "inflate": 0.001, "uv": [32, 17]},
						{"origin": [2.14097, 0, -5.3103], "size": [0, 1, 2], "uv": [0, 17]},
						{"origin": [-0.35903, 0, -1.3103], "size": [2, 1, 0], "pivot": [1.64097, -1, -1.3103], "rotation": [0, -45, 0], "uv": [18, 4]}
					]
				},
				{
					"name": "legR",
					"parent": "body",
					"pivot": [-2, 5, 0],
					"rotation": [0, 35, 0],
					"cubes": [
						{"origin": [-4.64097, 1.56791, -2.37566], "size": [3, 4, 3], "pivot": [-3.14097, 3.56791, -0.87566], "rotation": [-40, 0, 0], "uv": [0, 25]}
					]
				},
				{
					"name": "kneeR",
					"parent": "legR",
					"pivot": [-3, 3, -3],
					"cubes": [
						{"origin": [-4.64097, 0, -3.3103], "size": [3, 3, 3], "inflate": 0.001, "uv": [21, 29]},
						{"origin": [-2.14097, 0, -5.3103], "size": [0, 1, 2], "uv": [0, 5]},
						{"origin": [-4.14097, 0, -5.3103], "size": [0, 1, 2], "uv": [0, 6]},
						{"origin": [-1.64097, 0, -1.3103], "size": [2, 1, 0], "pivot": [-1.64097, -1, -1.3103], "rotation": [0, 45, 0], "uv": [18, 3]}
					]
				}
			]
		}
	]
}