{
	"format_version": "1.12.0",
	"minecraft:geometry": [
		{
			"description": {
				"identifier": "geometry.latios",
				"texture_width": 152,
				"texture_height": 243,
				"visible_bounds_width": 10,
				"visible_bounds_height": 5,
				"visible_bounds_offset": [0, 1.5, 0]
			},
			"bones": [
				{
					"name": "latios",
					"pivot": [0, 0, 0]
				},
				{
					"name": "body",
					"parent": "latios",
					"pivot": [0, 0, 0]
				},
				{
					"name": "torso",
					"parent": "body",
					"pivot": [0, 0, 0],
					"cubes": [
						{"origin": [-11, 0, -0.82893], "size": [22, 22, 35], "uv": [0, 85]},
						{"origin": [4.925, -9, 30.17107], "size": [0, 37, 20], "pivot": [4.8, 22, 30.17107], "rotation": [0, 15, 0], "uv": [70, -19]},
						{"origin": [-4.925, -9, 30.17107], "size": [0, 37, 20], "pivot": [-4.8, 22, 30.17107], "rotation": [0, -15, 0], "uv": [70, 20]},
						{"origin": [-6, 5, 34.17107], "size": [12, 12, 6], "uv": [81, 90]},
						{"origin": [-3, 8, 40.17107], "size": [6, 6, 3], "uv": [81, 109]}
					]
				},
				{
					"name": "torso2",
					"parent": "torso",
					"pivot": [0, 2, -0.82893],
					"cubes": [
						{"origin": [-9, 2, -11.82893], "size": [18, 18, 11], "uv": [62, 145]}
					]
				},
				{
					"name": "neck",
					"parent": "torso2",
					"pivot": [0, 7, -11.82893],
					"cubes": [
						{"origin": [-4, 7, -34.82893], "size": [8, 8, 23], "uv": [88, 56]},
						{"origin": [-5, 13.75, -21.82893], "size": [3, 2, 10], "pivot": [-3.5, 14.75, -18.82893], "rotation": [0, 0, -42.5], "uv": [112, 42]},
						{"origin": [2, 13.75, -21.82893], "size": [3, 2, 10], "pivot": [3.5, 14.75, -18.82893], "rotation": [0, 0, 42.5], "uv": [112, 42], "mirror": true}
					]
				},
				{
					"name": "head",
					"parent": "neck",
					"pivot": [-0.11856, 15.11765, -31.11063],
					"cubes": [
						{"origin": [-8.87132, 7.17157, -41.52868], "size": [10, 10, 10], "pivot": [-0.17157, 15.07157, -32.82893], "rotation": [14.89503, -44.29713, -10.49429], "uv": [61, 204]},
						{"origin": [-9.5015, 9.81844, -37.88243], "size": [5, 8, 2], "inflate": -0.001, "pivot": [-6.52145, 16.62071, -34.90929], "rotation": [-2.60497, -44.29713, -10.49429], "uv": [1, 201]},
						{"origin": [-9.5015, 17.81844, -36.88243], "size": [5, 6, 0], "inflate": -0.001, "pivot": [-6.52145, 16.62071, -34.90929], "rotation": [-2.60497, -44.29713, -10.49429], "uv": [3, 195]},
						{"origin": [4.2515, 9.81844, -38.13243], "size": [5, 8, 2], "inflate": -0.001, "pivot": [6.52145, 16.62071, -34.90929], "rotation": [-2.60497, 44.29713, 10.49429], "uv": [15, 201], "mirror": true},
						{"origin": [4.2515, 17.81844, -37.13243], "size": [5, 6, 0], "inflate": -0.001, "pivot": [6.52145, 16.62071, -34.90929], "rotation": [-2.60497, 44.29713, 10.49429], "uv": [17, 195], "mirror": true},
						{"origin": [-8.89632, 11.17157, -38.47868], "size": [0, 4, 6], "pivot": [-0.17157, 15.07157, -32.82893], "rotation": [14.89503, -44.29713, -10.49429], "uv": [16, 147]},
						{"origin": [-8.92132, 12.17157, -37.72868], "size": [0, 2, 2], "pivot": [-0.17157, 15.07157, -32.82893], "rotation": [14.89503, -44.29713, -10.49429], "uv": [14, 148]},
						{"origin": [8.74632, 11.17157, -38.70368], "size": [0, 4, 6], "pivot": [0.17157, 15.07157, -32.82893], "rotation": [14.89503, 44.29713, 10.49429], "uv": [3, 147]},
						{"origin": [8.77132, 12.19657, -37.97868], "size": [0, 2, 2], "pivot": [0.17157, 15.07157, -32.82893], "rotation": [14.89503, 44.29713, 10.49429], "uv": [14, 146]}
					]
				},
				{
					"name": "arms",
					"parent": "torso2",
					"pivot": [0, 7, 0]
				},
				{
					"name": "right_arm",
					"parent": "arms",
					"pivot": [-13, 7, 1.17107],
					"cubes": [
						{"origin": [-13, 4, -9.82893], "size": [4, 6, 11], "pivot": [-13, 7, 1.17107], "rotation": [0, -10, 0], "uv": [110, 19]}
					]
				},
				{
					"name": "right_arm2",
					"parent": "right_arm",
					"pivot": [-11, 8, -3.82893],
					"cubes": [
						{"origin": [-20, 6, -4.82893], "size": [9, 2, 2], "uv": [5, 158]}
					]
				},
				{
					"name": "right_hand",
					"parent": "right_arm2",
					"pivot": [-19.98125, 7, -2.82893],
					"cubes": [
						{"origin": [-23, 3, -12.82893], "size": [3, 8, 12], "uv": [93, 192]},
						{"origin": [-19.975, 9, -13.32893], "size": [0, 2, 2], "uv": [16, 170]},
						{"origin": [-19.975, 3, -13.32893], "size": [0, 2, 2], "uv": [16, 168]},
						{"origin": [-19.975, 6, -13.32893], "size": [0, 2, 2], "uv": [16, 166]}
					]
				},
				{
					"name": "left_arm",
					"parent": "arms",
					"pivot": [13, 7, 1.17107],
					"cubes": [
						{"origin": [9, 4, -9.82893], "size": [4, 6, 11], "pivot": [13, 7, 1.17107], "rotation": [0, 10, 0], "uv": [110, 0]}
					]
				},
				{
					"name": "left_arm2",
					"parent": "left_arm",
					"pivot": [11, 8, -3.82893],
					"cubes": [
						{"origin": [11, 6, -4.82893], "size": [9, 2, 2], "uv": [5, 163]}
					]
				},
				{
					"name": "left_hand",
					"parent": "left_arm2",
					"pivot": [19.98125, 7, -2.82893],
					"cubes": [
						{"origin": [20, 3, -12.82893], "size": [3, 8, 12], "uv": [94, 215]},
						{"origin": [19.975, 9, -13.32893], "size": [0, 2, 2], "uv": [12, 170]},
						{"origin": [19.975, 3, -13.32893], "size": [0, 2, 2], "uv": [12, 168]},
						{"origin": [19.975, 6, -13.32893], "size": [0, 2, 2], "uv": [12, 166]}
					]
				},
				{
					"name": "wings",
					"parent": "body",
					"pivot": [0, 22, 15.97872]
				},
				{
					"name": "right_wing",
					"parent": "wings",
					"pivot": [-9.94639, 24.75714, 12.17107],
					"cubes": [
						{"origin": [-14.95475, 16.46521, 0.17107], "size": [10, 6, 27], "pivot": [-9.95475, 19.96521, 16.67107], "rotation": [0, 0, -50.75], "uv": [6, 199]}
					]
				},
				{
					"name": "bone",
					"parent": "right_wing",
					"pivot": [-9.94639, 23.75714, 12.17107],
					"cubes": [
						{"origin": [-9.91213, 21.34817, 1.17107], "size": [0, 41, 35], "pivot": [-9.94639, 23.50714, 13.17107], "rotation": [-12.5, 0, -62.5], "uv": [0, 6]}
					]
				},
				{
					"name": "left_wing",
					"parent": "wings",
					"pivot": [9.94639, 24.75714, 12.17107],
					"cubes": [
						{"origin": [4.82507, 16.44804, 0.17107], "size": [10, 6, 27], "pivot": [9.82507, 19.94804, 16.67107], "rotation": [0, 0, 50.75], "uv": [6, 150]}
					]
				},
				{
					"name": "bone2",
					"parent": "left_wing",
					"pivot": [9.94639, 23.75714, 12.17107],
					"cubes": [
						{"origin": [9.91213, 21.34817, 1.17107], "size": [0, 41, 35], "pivot": [9.94639, 23.50714, 13.17107], "rotation": [-12.5, 0, 62.5], "uv": [0, -35]}
					]
				}
			]
		}
	]
}