{
	"format_version": "1.12.0",
	"minecraft:geometry": [
		{
			"description": {
				"identifier": "geometry.megagengar",
				"texture_width": 255,
				"texture_height": 160,
				"visible_bounds_width": 9,
				"visible_bounds_height": 4.5,
				"visible_bounds_offset": [0, 1.75, 0]
			},
			"bones": [
				{
					"name": "megagengar",
					"pivot": [0, 0, 0]
				},
				{
					"name": "body",
					"parent": "megagengar",
					"pivot": [0, 14.5, 0.5]
				},
				{
					"name": "torso",
					"parent": "body",
					"pivot": [0, 5.5, 0.25],
					"cubes": [
						{"origin": [-10.5, 5, -9], "size": [21, 22, 20], "uv": [53, 11]},
						{"origin": [-4.5, 26.925, -8.1], "size": [9, 13, 0], "pivot": [0, 27, -8], "rotation": [-22.5, 0, 0], "uv": [206, 138]},
						{"origin": [-8.5, 0, -8], "size": [17, 5, 17], "uv": [60, 73]},
						{"origin": [-2, 21.5, -9.25], "size": [4, 4, 1], "pivot": [0, 23.5, -9.25], "rotation": [0, 0, 45], "uv": [89, 53]},
						{"origin": [-0.5, 23, -9.3], "size": [1, 1, 1], "pivot": [0, 23.5, -9.25], "rotation": [0, 0, 45], "uv": [100, 56]},
						{"origin": [0, 12, 1.5], "size": [0, 20, 17], "uv": [198, 94]},
						{"origin": [6, 13.1, 0.5], "size": [0, 18, 15], "pivot": [6, 42.1, 9], "rotation": [0, 20, 0], "uv": [185, 60]},
						{"origin": [-6, 13, 1.5], "size": [0, 18, 15], "pivot": [-6, 42, 9], "rotation": [0, -20, 0], "uv": [215, 60]},
						{"origin": [-9.25, 12.1, 4.5], "size": [0, 18, 15], "pivot": [-6, 42.1, 9], "rotation": [0, -25, 0], "uv": [215, 78]},
						{"origin": [9.25, 12.1, 3.5], "size": [0, 18, 15], "pivot": [6, 42.1, 9], "rotation": [0, 25, 0], "uv": [185, 78]}
					]
				},
				{
					"name": "eye_right",
					"parent": "torso",
					"pivot": [-6, 19, -8.5],
					"cubes": [
						{"origin": [-9, 15, -9.025], "size": [7, 7, 0], "uv": [79, 59]}
					]
				},
				{
					"name": "eyelid_right",
					"parent": "eye_right",
					"pivot": [-5.5, 18.5, -8.4],
					"cubes": [
						{"origin": [-9, 15, -8.9], "size": [7, 7, 1], "inflate": 0.02, "uv": [62, 57]}
					]
				},
				{
					"name": "eye_left",
					"parent": "torso",
					"pivot": [6, 19, -8.5],
					"cubes": [
						{"origin": [2, 15, -9.025], "size": [7, 7, 0], "uv": [95, 59]}
					]
				},
				{
					"name": "eyelid_left",
					"parent": "eye_left",
					"pivot": [5.5, 18.5, -8.4],
					"cubes": [
						{"origin": [2, 15, -8.9], "size": [7, 7, 1], "inflate": 0.02, "uv": [110, 57]}
					]
				},
				{
					"name": "mouth_closed",
					"parent": "torso",
					"pivot": [0, 11.95, -9],
					"cubes": [
						{"origin": [-10.5, 7.95, -9.025], "size": [21, 7, 0], "uv": [73, 66]}
					]
				},
				{
					"name": "ear_right",
					"parent": "torso",
					"pivot": [-7.75, 23.25, 0.5],
					"rotation": [-20, 20, -35],
					"cubes": [
						{"origin": [-8.85586, 21.50024, -5.68116], "size": [9, 20, 0], "uv": [188, 131]}
					]
				},
				{
					"name": "ear_left",
					"parent": "torso",
					"pivot": [7.75, 23.25, 0.5],
					"rotation": [-20, -20, 35],
					"cubes": [
						{"origin": [-0.14414, 21.50024, -5.68116], "size": [9, 20, 0], "uv": [224, 131]}
					]
				},
				{
					"name": "arm_right",
					"parent": "torso",
					"pivot": [-10.5, 19.25, -2.25],
					"cubes": [
						{"origin": [-24, 15.25, -4.25], "size": [18, 3, 4], "uv": [7, 45]}
					]
				},
				{
					"name": "arm_right2",
					"parent": "arm_right",
					"pivot": [-24, 18.25, -1.5],
					"cubes": [
						{"origin": [-39, 13.75, -5.75], "size": [15, 6, 7], "uv": [7, 52]}
					]
				},
				{
					"name": "arm_right_spikes",
					"parent": "arm_right2",
					"pivot": [-39, 19.75, 1.25],
					"cubes": [
						{"origin": [-39, 16.75, -6.75], "size": [15, 0, 8], "pivot": [-39, 16.75, 1.25], "rotation": [0, -47.5, 0], "uv": [207, 35]},
						{"origin": [-39, 13.75, 1.25], "size": [15, 8, 0], "pivot": [-39, 13.75, 1.25], "rotation": [18.3225, -24.1782, 51.0434], "uv": [215, 51]},
						{"origin": [-39, 13.75, -2.25], "size": [15, 8, 0], "pivot": [-39, 13.75, -2.25], "rotation": [0, 0, 60], "uv": [215, 59]},
						{"origin": [-39, 13.75, -5.75], "size": [15, 8, 0], "pivot": [-39, 13.75, -5.75], "rotation": [-18.3225, 24.1782, 51.0434], "uv": [215, 67]},
						{"origin": [-39, 16.75, -5.75], "size": [15, 0, 8], "pivot": [-39, 16.75, -5.75], "rotation": [0, 47.5, 0], "uv": [207, 43]},
						{"origin": [-39, 11.75, -5.75], "size": [15, 8, 0], "pivot": [-39, 19.75, -5.75], "rotation": [18.32252, 24.1782, -51.04342], "uv": [215, 27]},
						{"origin": [-39, 11.75, -2.25], "size": [15, 8, 0], "pivot": [-39, 19.75, -2.25], "rotation": [0, 0, -60], "uv": [215, 11]},
						{"origin": [-39, 11.75, 1.25], "size": [15, 8, 0], "pivot": [-39, 19.75, 1.25], "rotation": [-18.32255, -24.17818, -51.04338], "uv": [215, 19]}
					]
				},
				{
					"name": "arm_left",
					"parent": "torso",
					"pivot": [10.5, 19.25, -2.25],
					"cubes": [
						{"origin": [5, 15.25, -4.25], "size": [18, 3, 4], "uv": [137, 45]}
					]
				},
				{
					"name": "arm_left2",
					"parent": "arm_left",
					"pivot": [23, 18.25, -2.25],
					"cubes": [
						{"origin": [23, 13.75, -5.75], "size": [15, 6, 7], "uv": [137, 52]}
					]
				},
				{
					"name": "arm_left_spikes",
					"parent": "arm_left2",
					"pivot": [38, 13.75, -5.75],
					"cubes": [
						{"origin": [23, 13.75, -2.25], "size": [15, 8, 0], "pivot": [38, 13.75, -2.25], "rotation": [0, 0, -60], "uv": [185, 59], "mirror": true},
						{"origin": [23, 13.75, 1.25], "size": [15, 8, 0], "pivot": [38, 13.75, 1.25], "rotation": [18.3225, 24.1782, -51.0434], "uv": [185, 67], "mirror": true},
						{"origin": [23, 16.75, -6.75], "size": [15, 0, 8], "pivot": [38, 16.75, 1.25], "rotation": [0, 47.5, 0], "uv": [177, 35], "mirror": true},
						{"origin": [23, 11.75, 1.25], "size": [15, 8, 0], "pivot": [38, 19.75, 1.25], "rotation": [-18.3225, 24.1782, 51.0434], "uv": [185, 27], "mirror": true},
						{"origin": [23, 11.75, -2.25], "size": [15, 8, 0], "pivot": [38, 19.75, -2.25], "rotation": [0, 0, 60], "uv": [185, 19], "mirror": true},
						{"origin": [23, 11.75, -5.75], "size": [15, 8, 0], "pivot": [38, 19.75, -5.75], "rotation": [18.3225, -24.1782, 51.0434], "uv": [185, 11], "mirror": true},
						{"origin": [23, 16.75, -5.75], "size": [15, 0, 8], "pivot": [38, 16.75, -5.75], "rotation": [0, -47.5, 0], "uv": [177, 43], "mirror": true},
						{"origin": [23, 13.75, -5.75], "size": [15, 8, 0], "pivot": [38, 13.75, -5.75], "rotation": [-18.3225, -24.1782, -51.0434], "uv": [185, 51], "mirror": true}
					]
				},
				{
					"name": "tail",
					"parent": "torso",
					"pivot": [0, 7, 6.5],
					"cubes": [
						{"origin": [-5.5, 1.5, 8], "size": [11, 10, 13], "uv": [134, 69]}
					]
				},
				{
					"name": "tail2",
					"parent": "tail",
					"pivot": [0, 2.5, 21],
					"cubes": [
						{"origin": [-8.5, 6, 16], "size": [17, 0, 14], "uv": [127, 137]},
						{"origin": [-3.5, 2.5, 21], "size": [7, 7, 9], "uv": [142, 92]}
					]
				},
				{
					"name": "tail3",
					"parent": "tail2",
					"pivot": [0, 3.5, 30],
					"cubes": [
						{"origin": [-3, 3.5, 30], "size": [6, 5, 9], "uv": [143, 108]},
						{"origin": [-7, 6, 31], "size": [14, 0, 15], "uv": [129, 122]}
					]
				}
			]
		}
	]
}