{
  "species": "cobblemon:lopunnymega",
  "order": 0,
  "variations": [
    {
      "aspects": [],
      "poser": "cobblemon:lopunnymega",
      "model": "cobblemon:lopunnymega.geo",
      "texture": "cobblemon:textures/pokemon/lopunnymega/lopunnymega.png",
      "layers": []
    },
    {
      "aspects": ["shiny"],
      "poser": "cobblemon:lopunnymega",
      "model": "cobblemon:lopunnymega.geo",
      "texture": "cobblemon:textures/pokemon/lopunnymega/lopunnymega_shiny.png",
      "layers": []
    }
  ]
}
