{
  "species": "cobblemon:slowking",
  "order": 0,
  "variations": [
    {
      "aspects": [
        "galarian"
      ],
      "poser": "cobblemon:slowking_galarian",
      "model": "cobblemon:slowking_galarian.geo",
      "texture": "cobblemon:textures/pokemon/slowking/slowking_galarian.png",
      "layers": []
    },
    {
      "aspects": [
        "galarian",
        "shiny"
      ],
      "poser": "cobblemon:slowking_galarian",
      "model": "cobblemon:slowking_galarian.geo",
      "texture": "cobblemon:textures/pokemon/slowking/slowking_galarian_shiny.png",
      "layers": []
    }
  ]
}
