{
	"format_version": "1.12.0",
	"minecraft:geometry": [
		{
			"description": {
				"identifier": "geometry.unknown",
				"texture_width": 128,
				"texture_height": 128,
				"visible_bounds_width": 4,
				"visible_bounds_height": 4.5,
				"visible_bounds_offset": [0, 1.75, 0]
			},
			"bones": [
				{
					"name": "genesect",
					"pivot": [0, 0, 0]
				},
				{
					"name": "mid_torso",
					"parent": "genesect",
					"pivot": [0, 19.7, 3]
				},
				{
					"name": "flight_movement",
					"parent": "mid_torso",
					"pivot": [0, 22, -4]
				},
				{
					"name": "flight_rotation",
					"parent": "flight_movement",
					"pivot": [0, 17.84604, -0.16012]
				},
				{
					"name": "right_leg_rotate",
					"parent": "flight_rotation",
					"pivot": [-3.12551, 15.67938, 3.82259]
				},
				{
					"name": "right_leg",
					"parent": "right_leg_rotate",
					"pivot": [-3.12551, 15.67938, 3.82259],
					"rotation": [0, 15, 0]
				},
				{
					"name": "right_stick",
					"parent": "right_leg",
					"pivot": [-5.12551, 15.67938, 3.82259],
					"cubes": [
						{"origin": [-5.62551, 15.17938, 3.32259], "size": [5, 1, 1], "uv": [48, 12]}
					]
				},
				{
					"name": "bone3",
					"parent": "right_leg",
					"pivot": [-6.80051, 12.17938, 3.32259]
				},
				{
					"name": "bone5",
					"parent": "bone3",
					"pivot": [-6.80051, 12.17938, 3.32259],
					"rotation": [-25, 0, 0],
					"cubes": [
						{"origin": [-8.18266, 7.84604, 1.64755], "size": [3, 9, 1], "pivot": [-6.68266, 3.84604, 4.14755], "rotation": [0, 45, 0], "uv": [72, 57]},
						{"origin": [-7.18266, 16.84604, 1.64755], "size": [2, 2, 1], "pivot": [-6.68266, 3.84604, 4.14755], "rotation": [0, 45, 0], "uv": [29, 14]},
						{"origin": [-5.18266, 7.84604, 1.64755], "size": [1, 9, 4], "pivot": [-6.68266, 3.84604, 4.14755], "rotation": [0, 45, 0], "uv": [32, 69]},
						{"origin": [-5.18266, 16.84604, 1.64755], "size": [1, 2, 3], "pivot": [-6.68266, 3.84604, 4.14755], "rotation": [0, 45, 0], "uv": [15, 26]}
					]
				},
				{
					"name": "bone9",
					"parent": "bone5",
					"pivot": [-6.68266, 7.84604, 4.14755],
					"rotation": [25.81427, 0, 0],
					"cubes": [
						{"origin": [-8.18266, -0.15396, 2.64755], "size": [3, 9, 3], "pivot": [-6.68266, 3.84604, 4.14755], "rotation": [0, 45, 0], "uv": [0, 0]}
					]
				},
				{
					"name": "bone10",
					"parent": "bone9",
					"pivot": [-6.68266, 0.37104, 4.1479],
					"cubes": [
						{"origin": [-8.18266, -0.12896, -1.3521], "size": [3, 1, 5], "uv": [67, 51]}
					]
				},
				{
					"name": "leg_left_rotate",
					"parent": "flight_rotation",
					"pivot": [3.12551, 15.67938, 3.82259]
				},
				{
					"name": "left_leg",
					"parent": "leg_left_rotate",
					"pivot": [3.12551, 15.67938, 3.82259],
					"rotation": [0, -15, 0]
				},
				{
					"name": "left_stick",
					"parent": "left_leg",
					"pivot": [5.12551, 15.67938, 3.82259],
					"cubes": [
						{"origin": [0.62551, 15.17938, 3.32259], "size": [5, 1, 1], "uv": [46, 56]}
					]
				},
				{
					"name": "bone4",
					"parent": "left_leg",
					"pivot": [6.80051, 12.17938, 3.32259]
				},
				{
					"name": "bone7",
					"parent": "bone4",
					"pivot": [6.80051, 12.17938, 3.32259],
					"rotation": [-25, 0, 0],
					"cubes": [
						{"origin": [5.18266, 7.84604, 1.64755], "size": [3, 9, 1], "pivot": [6.68266, 3.84604, 4.14755], "rotation": [0, -45, 0], "uv": [64, 73]},
						{"origin": [5.18266, 16.84604, 1.64755], "size": [2, 2, 1], "pivot": [6.68266, 3.84604, 4.14755], "rotation": [0, -45, 0], "uv": [29, 17]},
						{"origin": [4.18266, 7.84604, 1.64755], "size": [1, 9, 4], "pivot": [6.68266, 3.84604, 4.14755], "rotation": [0, -45, 0], "uv": [42, 69]},
						{"origin": [4.18266, 16.84604, 1.64755], "size": [1, 2, 3], "pivot": [6.68266, 3.84604, 4.14755], "rotation": [0, -45, 0], "uv": [38, 14]}
					]
				},
				{
					"name": "bone6",
					"parent": "bone7",
					"pivot": [6.68266, 7.84604, 4.14755],
					"rotation": [25.81427, 0, 0],
					"cubes": [
						{"origin": [5.18266, -0.15396, 2.64755], "size": [3, 9, 3], "pivot": [6.68266, 3.84604, 4.14755], "rotation": [0, -45, 0], "uv": [0, 26]}
					]
				},
				{
					"name": "bone8",
					"parent": "bone6",
					"pivot": [6.68266, 0.37104, 4.1479],
					"cubes": [
						{"origin": [5.18266, -0.12896, -1.3521], "size": [3, 1, 5], "uv": [14, 70]}
					]
				},
				{
					"name": "torso",
					"parent": "flight_rotation",
					"pivot": [0, 16.04604, 3.33988],
					"rotation": [5, 0, 0]
				},
				{
					"name": "middle_chest",
					"parent": "torso",
					"pivot": [0, 15.10276, 2.98454]
				},
				{
					"name": "top_sec",
					"parent": "middle_chest",
					"pivot": [0, 22.10276, 2.98454],
					"cubes": [
						{"origin": [-4.5, 21.10276, 0.04093], "size": [9, 6, 6], "inflate": 0.02, "uv": [35, 0]},
						{"origin": [-4.525, 20.60276, -0.52955], "size": [2, 7, 7], "inflate": 0.02, "uv": [18, 56]},
						{"origin": [3.55, 21.60276, 0.47045], "size": [2, 5, 5], "inflate": 0.02, "uv": [67, 18]},
						{"origin": [2.525, 20.60276, -0.52955], "size": [2, 7, 7], "inflate": 0.02, "uv": [0, 55]},
						{"origin": [-5.55, 21.60276, 0.47045], "size": [2, 5, 5], "inflate": 0.02, "uv": [0, 69]}
					]
				},
				{
					"name": "hand_right",
					"parent": "top_sec",
					"pivot": [-5.45, 24.10276, 3.27045],
					"cubes": [
						{"origin": [-9.45, 23.10276, 2.27045], "size": [6, 2, 2], "inflate": -0.225, "uv": [59, 0]}
					]
				},
				{
					"name": "hand_right_2",
					"parent": "hand_right",
					"pivot": [-8.89751, 24.10276, 3.77705],
					"cubes": [
						{"origin": [-13.3, 23.10276, 2.27045], "size": [5, 2, 2], "inflate": 0.01, "uv": [75, 0]},
						{"origin": [-13.575, 23.10276, 2.82045], "size": [5, 2, 2], "pivot": [-12.3, 24.10276, 4.27045], "rotation": [0, -20.75, 0], "uv": [72, 47]}
					]
				},
				{
					"name": "hand_right_3",
					"parent": "hand_right_2",
					"pivot": [-12.63333, 24.22776, 3.60378],
					"cubes": [
						{"origin": [-15.3, 22.72776, -2.72955], "size": [3, 3, 9], "inflate": 0.01, "uv": [24, 44]},
						{"origin": [-14.3, 23.22776, -5.72955], "size": [2, 2, 3], "inflate": 0.01, "uv": [9, 69]},
						{"origin": [-14.8, 23.22776, 5.27045], "size": [2, 2, 4], "inflate": 0.01, "uv": [72, 73]}
					]
				},
				{
					"name": "hand_left",
					"parent": "top_sec",
					"pivot": [5.45, 24.10276, 3.27045],
					"cubes": [
						{"origin": [3.45, 23.10276, 2.27045], "size": [6, 2, 2], "inflate": -0.225, "uv": [38, 23]}
					]
				},
				{
					"name": "hand_left_2",
					"parent": "hand_left",
					"pivot": [8.89751, 24.10276, 3.77705],
					"cubes": [
						{"origin": [8.3, 23.10276, 2.27045], "size": [5, 2, 2], "inflate": 0.01, "uv": [29, 56]},
						{"origin": [8.575, 23.10276, 2.82045], "size": [5, 2, 2], "pivot": [12.3, 24.10276, 4.27045], "rotation": [0, 20.75, 0], "uv": [11, 55]}
					]
				},
				{
					"name": "hand_left_3",
					"parent": "hand_left_2",
					"pivot": [12.63333, 24.22776, 3.60378],
					"cubes": [
						{"origin": [12.3, 22.72776, -2.72955], "size": [3, 3, 9], "inflate": 0.01, "uv": [0, 43]},
						{"origin": [12.3, 23.22776, -5.72955], "size": [2, 2, 3], "inflate": 0.01, "uv": [62, 17]},
						{"origin": [12.8, 23.22776, 5.27045], "size": [2, 2, 4], "inflate": 0.01, "uv": [39, 44]}
					]
				},
				{
					"name": "neck",
					"parent": "top_sec",
					"pivot": [0, 26.60276, 1.54093],
					"rotation": [15, 0, 0],
					"cubes": [
						{"origin": [-1.5, 25.10276, 0.04093], "size": [3, 5, 3], "inflate": 0.02, "uv": [72, 28]}
					]
				},
				{
					"name": "head",
					"parent": "neck",
					"pivot": [0, 30.60276, 1.81887],
					"rotation": [-7.5, 0, 0],
					"cubes": [
						{"origin": [-13.1991, 29.10276, -9.02253], "size": [8, 5, 8], "inflate": 0.01, "pivot": [-7.1241, 31.60276, 7.12747], "rotation": [0, -45, 0], "uv": [28, 31]},
						{"origin": [-5.5, 29.10276, -2.93113], "size": [11, 5, 7], "inflate": 0.02, "uv": [0, 14]},
						{"origin": [2.8, 34.12776, -2.88113], "size": [1, 0, 2], "pivot": [4, 33.77776, -1.93113], "rotation": [0, 27.5, 0], "uv": [7, 26]},
						{"origin": [-3.8, 34.12776, -2.88113], "size": [1, 0, 2], "pivot": [-4, 33.77776, -1.93113], "rotation": [0, -27.5, 0], "uv": [2, 14]}
					]
				},
				{
					"name": "eye_left",
					"parent": "head",
					"pivot": [4.44437, 32.62776, -4.53702],
					"cubes": [
						{"origin": [3.94437, 30.62776, -6.63702], "size": [1, 2, 4], "pivot": [4.44437, 31.62776, -4.53702], "rotation": [5, 45, 0], "uv": [76, 63]}
					]
				},
				{
					"name": "eye_right",
					"parent": "head",
					"pivot": [-4.44437, 32.62776, -4.53702],
					"cubes": [
						{"origin": [-4.94437, 30.62776, -6.63702], "size": [1, 2, 4], "pivot": [-4.44437, 31.62776, -4.53702], "rotation": [5, -45, 0], "uv": [76, 13]}
					]
				},
				{
					"name": "bone",
					"parent": "head",
					"pivot": [-0.5, 36.10276, -2.88113],
					"cubes": [
						{"origin": [-1.5, 33.80276, -3.18113], "size": [3, 2, 3], "inflate": 0.01, "pivot": [0, 35.10276, -0.88113], "rotation": [45, 0, 0], "uv": [11, 76]},
						{"origin": [-2.5, 34.10276, -0.88113], "size": [5, 2, 5], "inflate": 0.02, "uv": [15, 31]}
					]
				},
				{
					"name": "cannon",
					"parent": "top_sec",
					"pivot": [-0.5, 25.10276, 6.04093],
					"rotation": [47.5, 0, 0]
				},
				{
					"name": "stick_cannon",
					"parent": "cannon",
					"pivot": [-0.5, 24.10276, 4.04093],
					"cubes": [
						{"origin": [-0.5, 23.10276, 3.04093], "size": [1, 3, 8], "uv": [62, 62]},
						{"origin": [-0.5, 23.10276, 11.04093], "size": [1, 5, 2], "uv": [0, 14]}
					]
				},
				{
					"name": "full_cannon",
					"parent": "cannon",
					"pivot": [0, 24.84604, 14.83988]
				},
				{
					"name": "top_cannon",
					"parent": "full_cannon",
					"pivot": [-0.5, 24.10276, 4.04093],
					"cubes": [
						{"origin": [-1, 23.10276, 17.04093], "size": [2, 2, 2], "uv": [0, 43]},
						{"origin": [-2.5, 22.10276, 13.04093], "size": [5, 10, 5], "uv": [52, 23]},
						{"origin": [-3.5, 20.10276, 15.04093], "size": [7, 7, 2], "uv": [66, 38]}
					]
				},
				{
					"name": "cannon_topsie",
					"parent": "top_cannon",
					"pivot": [0.00833, 38.58609, 15.56593],
					"cubes": [
						{"origin": [-2, 30.10276, 13.51593], "size": [4, 8, 4], "uv": [54, 56]}
					]
				},
				{
					"name": "cannontopsie_2",
					"parent": "cannon_topsie",
					"pivot": [0.0125, 41.32776, 15.59093],
					"cubes": [
						{"origin": [-1.5, 36.07776, 14.04093], "size": [3, 7, 3], "uv": [52, 70]},
						{"origin": [-0.975, 43.07776, 14.56593], "size": [2, 0, 2], "inflate": 0.01, "uv": [7, 0]}
					]
				},
				{
					"name": "sheild",
					"parent": "full_cannon",
					"pivot": [-7.1241, 28.60276, 12.95439],
					"rotation": [-90, 0, 0],
					"cubes": [
						{"origin": [12.1991, 26.10276, 21.10439], "size": [1, 5, 7], "inflate": 0.01, "pivot": [7.1241, 28.60276, 12.95439], "rotation": [0, -45, 0], "uv": [62, 5]},
						{"origin": [-5.5, 30.10276, 10.01298], "size": [11, 1, 13], "inflate": 0.02, "uv": [0, 0]},
						{"origin": [4.5, 26.10276, 10.01298], "size": [1, 4, 13], "inflate": 0.02, "uv": [0, 26]},
						{"origin": [-5.5, 26.10276, 10.01298], "size": [1, 4, 13], "inflate": 0.02, "uv": [23, 14]},
						{"origin": [-12.1991, 30.10276, 21.10439], "size": [7, 1, 7], "inflate": 0.01, "pivot": [-7.1241, 28.60276, 12.95439], "rotation": [0, 45, 0], "uv": [39, 15]},
						{"origin": [-13.1991, 26.10276, 21.10439], "size": [1, 5, 8], "inflate": 0.01, "pivot": [-7.1241, 28.60276, 12.95439], "rotation": [0, 45, 0], "uv": [36, 56]}
					]
				},
				{
					"name": "bot_sec",
					"parent": "middle_chest",
					"pivot": [0, 19.60276, 3.54093],
					"rotation": [-2.5, 0, 0],
					"cubes": [
						{"origin": [-1.5, 17.10276, 2.04093], "size": [3, 5, 3], "inflate": 0.02, "pivot": [0, 19.60276, 3.54093], "rotation": [5, 0, 0], "uv": [71, 4]}
					]
				},
				{
					"name": "abodoment_rotate",
					"parent": "bot_sec",
					"pivot": [0, 15.10276, 6.74093],
					"rotation": [5, 0, 0]
				},
				{
					"name": "abdoment",
					"parent": "abodoment_rotate",
					"pivot": [-0.70711, 15.10276, 3.04041],
					"rotation": [0, -45, 0],
					"cubes": [
						{"origin": [-2.70711, 13.37776, 0.04041], "size": [6, 6, 6], "uv": [48, 44]},
						{"origin": [-1.70711, 8.37776, 1.04041], "size": [4, 5, 4], "inflate": 0.02, "uv": [15, 43]}
					]
				}
			]
		}
	]
}