{
	"species": "cobblemon:ironvaliant",
	"order": 1,
	"variations": [
		{
			"aspects": [],
			"poser": "cobblemon:ironvaliant",
			"model": "cobblemon:ironvaliant.geo",
			"texture": "cobblemon:textures/pokemon/ironvaliant/ironvaliant.png",
			"layers": [
				{
					"name": "glow",
					"texture": "cobblemon:textures/pokemon/ironvaliant/ironvaliant_emissive.png",
					"emissive": true
				  }
			]
		},
		{
			"aspects": [ "shiny" ],
			"texture": "cobblemon:textures/pokemon/ironvaliant/ironvaliant_shiny.png",
			"layers": [
				{
					"name": "glow",
					"texture": "cobblemon:textures/pokemon/ironvaliant/ironvaliant_emissive.png",
					"emissive": true
				  }
			]
		}
	]
}