{
  "species": "cobblemon:rotomwash",
  "order": 0,
  "variations": [
    {
      "aspects": [],
      "poser": "cobblemon:rotomwash",
      "model": "cobblemon:rotomwash.geo",
      "texture": "cobblemon:textures/pokemon/rotomwash/rotomwash.png",
      "layers": []
    },
    {
      "aspects": ["shiny"],
      "poser": "cobblemon:rotomwash",
      "model": "cobblemon:rotomwash.geo",
      "texture": "cobblemon:textures/pokemon/rotomwash/rotomwash_shiny.png",
      "layers": []
    }
  ]
}
