{
	"format_version": "1.12.0",
	"minecraft:geometry": [
		{
			"description": {
				"identifier": "geometry.mysticaraangel",
				"texture_width": 368,
				"texture_height": 302,
				"visible_bounds_width": 13,
				"visible_bounds_height": 11,
				"visible_bounds_offset": [0, 4.5, 0]
			},
			"bones": [
				{
					"name": "root",
					"pivot": [0, 0, 0]
				},
				{
					"name": "mysticaraangel",
					"parent": "root",
					"pivot": [0, 0, 0]
				},
				{
					"name": "body",
					"parent": "mysticaraangel",
					"pivot": [0, 0, 0]
				},
				{
					"name": "torso",
					"parent": "body",
					"pivot": [0, 37, 0],
					"cubes": [
						{"origin": [8.5, 53.5, 6.5], "size": [-17, -10, -12], "uv": [360, 88]},
						{"origin": [6.5, 44.5, 5.5], "size": [-13, -17, -10], "uv": [360, 88]},
						{"origin": [-8, 44, -5], "size": [16, 9, 11], "uv": [13, 12]},
						{"origin": [-6, 28, -4], "size": [12, 16, 9], "uv": [205, 121]}
					]
				},
				{
					"name": "wings",
					"parent": "torso",
					"pivot": [0, 53, 24]
				},
				{
					"name": "right_wings",
					"parent": "wings",
					"pivot": [0, 53, 24]
				},
				{
					"name": "upper_right_wing",
					"parent": "right_wings",
					"pivot": [-8, 69, 20],
					"rotation": [33.71464, -64.16942, 12.22951],
					"cubes": [
						{"origin": [-8, 42, 20], "size": [0, 47, 42], "uv": [181, 191]}
					]
				},
				{
					"name": "upper_right_wing2",
					"parent": "upper_right_wing",
					"pivot": [-8, 66.5, 62],
					"rotation": [0, -30, 0],
					"cubes": [
						{"origin": [-8, 47, 62], "size": [0, 42, 48], "uv": [109, 96]}
					]
				},
				{
					"name": "middle_right_wing",
					"parent": "right_wings",
					"pivot": [-8, 58, 20],
					"rotation": [3.30309, -74.99372, -0.84128],
					"cubes": [
						{"origin": [-8, 31, 20], "size": [0, 47, 42], "uv": [98, 191]}
					]
				},
				{
					"name": "middle_right_wing2",
					"parent": "middle_right_wing",
					"pivot": [-8, 55.5, 62],
					"rotation": [0, -30, 0],
					"cubes": [
						{"origin": [-8, 36, 62], "size": [0, 42, 48], "uv": [109, 54]}
					]
				},
				{
					"name": "bottom_right_wing",
					"parent": "right_wings",
					"pivot": [-7, 49, 20],
					"rotation": [-35.9638, -82.46914, -4.1309],
					"cubes": [
						{"origin": [-7, 22, 20], "size": [0, 47, 42], "uv": [13, 191]}
					]
				},
				{
					"name": "bottom_right_wing2",
					"parent": "bottom_right_wing",
					"pivot": [-7, 46.5, 62],
					"rotation": [0, -30, 0],
					"cubes": [
						{"origin": [-7, 27, 62], "size": [0, 42, 48], "uv": [109, 12]}
					]
				},
				{
					"name": "left_wings",
					"parent": "wings",
					"pivot": [0, 53, 24]
				},
				{
					"name": "upper_left_wing",
					"parent": "left_wings",
					"pivot": [8, 69, 20],
					"rotation": [33.71464, 64.16942, -12.22951],
					"cubes": [
						{"origin": [8, 42, 20], "size": [0, 47, 42], "uv": [181, 144]}
					]
				},
				{
					"name": "upper_left_wing2",
					"parent": "upper_left_wing",
					"pivot": [8, 66.5, 62],
					"rotation": [0, 30, 0],
					"cubes": [
						{"origin": [8, 47, 62], "size": [0, 42, 48], "uv": [13, 96]}
					]
				},
				{
					"name": "middle_left_wing",
					"parent": "left_wings",
					"pivot": [8, 58, 20],
					"rotation": [3.30309, 74.99372, 0.84128],
					"cubes": [
						{"origin": [8, 31, 20], "size": [0, 47, 42], "uv": [97, 144]}
					]
				},
				{
					"name": "middle_left_wing2",
					"parent": "middle_left_wing",
					"pivot": [8, 55.5, 62],
					"rotation": [0, 30, 0],
					"cubes": [
						{"origin": [8, 36, 62], "size": [0, 42, 48], "uv": [13, 54]}
					]
				},
				{
					"name": "bottom_left_wing",
					"parent": "left_wings",
					"pivot": [7, 49, 20],
					"rotation": [-35.9638, 82.46914, 4.1309],
					"cubes": [
						{"origin": [7, 22, 20], "size": [0, 47, 42], "uv": [13, 144]}
					]
				},
				{
					"name": "bottom_left_wing2",
					"parent": "bottom_left_wing",
					"pivot": [7, 46.5, 62],
					"rotation": [0, 30, 0],
					"cubes": [
						{"origin": [7, 27, 62], "size": [0, 42, 48], "uv": [13, 12]}
					]
				},
				{
					"name": "hands",
					"parent": "torso",
					"pivot": [0, 26, 0]
				},
				{
					"name": "right_hand",
					"parent": "hands",
					"pivot": [-32.5, 57, 0],
					"cubes": [
						{"origin": [-27.5, 57.5, 5.25], "size": [-10, -6, -10], "uv": [355, 57]},
						{"origin": [-37, 52, -4.25], "size": [9, 5, 9], "uv": [241, 172]}
					]
				},
				{
					"name": "thumb",
					"parent": "right_hand",
					"pivot": [-30, 55, -4],
					"rotation": [11.23272, -36.01651, -18.66201],
					"cubes": [
						{"origin": [-29.5, 57.5, -0.5], "size": [-6, -5, -4], "uv": [355, 57]},
						{"origin": [-35, 53, -4], "size": [5, 4, 3], "uv": [89, 280]}
					]
				},
				{
					"name": "thumb2",
					"parent": "thumb",
					"pivot": [-35, 55, -4],
					"rotation": [0, 20, 0],
					"cubes": [
						{"origin": [-34.5, 57.5, -0.5], "size": [-6, -5, -4], "uv": [355, 57]},
						{"origin": [-40, 53, -4], "size": [5, 4, 3], "uv": [281, 78]}
					]
				},
				{
					"name": "middle_finger",
					"parent": "right_hand",
					"pivot": [-37, 57, 2.75],
					"rotation": [0, 0, -10],
					"cubes": [
						{"origin": [-36.5, 57.5, 4.75], "size": [-8, -5, -4], "uv": [355, 57]},
						{"origin": [-44, 53, 1.25], "size": [7, 4, 3], "uv": [270, 85]}
					]
				},
				{
					"name": "middle_finger2",
					"parent": "middle_finger",
					"pivot": [-44, 57, 2.75],
					"rotation": [0, 0, -17.5],
					"cubes": [
						{"origin": [-43.5, 57.5, 4.75], "size": [-6, -5, -4], "uv": [355, 57]},
						{"origin": [-49, 53, 1.25], "size": [5, 4, 3], "uv": [73, 280]}
					]
				},
				{
					"name": "index_finger",
					"parent": "right_hand",
					"pivot": [-37, 57, -2],
					"rotation": [0, 0, -10],
					"cubes": [
						{"origin": [-36.5, 57.5, 0], "size": [-8, -5, -4], "uv": [355, 57]},
						{"origin": [-44, 53, -3.5], "size": [7, 4, 3], "uv": [268, 172]}
					]
				},
				{
					"name": "index_finger2",
					"parent": "index_finger",
					"pivot": [-44, 57, -2],
					"rotation": [0, 0, -17.5],
					"cubes": [
						{"origin": [-43.5, 57.5, 0], "size": [-6, -5, -4], "uv": [355, 57]},
						{"origin": [-49, 53, -3.5], "size": [5, 4, 3], "uv": [281, 71]}
					]
				},
				{
					"name": "left_hand",
					"parent": "hands",
					"pivot": [32.5, 57, 0],
					"cubes": [
						{"origin": [37.5, 57.5, 5.25], "size": [-10, -6, -10], "uv": [355, 57], "mirror": true},
						{"origin": [28, 52, -4.25], "size": [9, 5, 9], "uv": [205, 172]}
					]
				},
				{
					"name": "thumb3",
					"parent": "left_hand",
					"pivot": [30, 55, -4],
					"rotation": [11.23272, 36.01651, 18.66201],
					"cubes": [
						{"origin": [35.5, 57.5, -0.5], "size": [-6, -5, -4], "uv": [355, 57], "mirror": true},
						{"origin": [30, 53, -4], "size": [5, 4, 3], "uv": [281, 64]}
					]
				},
				{
					"name": "thumb4",
					"parent": "thumb3",
					"pivot": [35, 55, -4],
					"rotation": [0, -20, 0],
					"cubes": [
						{"origin": [40.5, 57.5, -0.5], "size": [-6, -5, -4], "uv": [355, 57], "mirror": true},
						{"origin": [35, 53, -4], "size": [5, 4, 3], "uv": [57, 280]}
					]
				},
				{
					"name": "middle_finger3",
					"parent": "left_hand",
					"pivot": [37, 57, 2.75],
					"rotation": [0, 0, 10],
					"cubes": [
						{"origin": [44.5, 57.5, 4.75], "size": [-8, -5, -4], "uv": [355, 57], "mirror": true},
						{"origin": [37, 53, 1.25], "size": [7, 4, 3], "uv": [251, 108]}
					]
				},
				{
					"name": "middle_finger4",
					"parent": "middle_finger3",
					"pivot": [44, 57, 2.75],
					"rotation": [0, 0, 17.5],
					"cubes": [
						{"origin": [49.5, 57.5, 4.75], "size": [-6, -5, -4], "uv": [355, 57], "mirror": true},
						{"origin": [44, 53, 1.25], "size": [5, 4, 3], "uv": [41, 280]}
					]
				},
				{
					"name": "index_finger3",
					"parent": "left_hand",
					"pivot": [37, 57, -2],
					"rotation": [0, 0, 10],
					"cubes": [
						{"origin": [44.5, 57.5, 0], "size": [-8, -5, -4], "uv": [355, 57], "mirror": true},
						{"origin": [37, 53, -3.5], "size": [7, 4, 3], "uv": [247, 137]}
					]
				},
				{
					"name": "index_finger4",
					"parent": "index_finger3",
					"pivot": [44, 57, -2],
					"rotation": [0, 0, 17.5],
					"cubes": [
						{"origin": [49.5, 57.5, 0], "size": [-6, -5, -4], "uv": [355, 57], "mirror": true},
						{"origin": [44, 53, -3.5], "size": [5, 4, 3], "uv": [277, 179]}
					]
				},
				{
					"name": "cloak",
					"parent": "torso",
					"pivot": [0, 55.25, 0],
					"cubes": [
						{"origin": [-10, 54.25, -10], "size": [20, 0, 21], "uv": [278, 12]}
					]
				},
				{
					"name": "right_cloak",
					"parent": "cloak",
					"pivot": [-10, 54.25, 0.5],
					"rotation": [0, 0, 12.5],
					"cubes": [
						{"origin": [-10, 28.25, -10], "size": [0, 26, 21], "uv": [139, 12]}
					]
				},
				{
					"name": "right_cloak2",
					"parent": "right_cloak",
					"pivot": [-10, 28.25, 0.5],
					"cubes": [
						{"origin": [-10, 2.25, -10], "size": [0, 26, 21], "uv": [97, 12]}
					]
				},
				{
					"name": "left_cloak",
					"parent": "cloak",
					"pivot": [10, 54.25, 0.5],
					"rotation": [0, 0, -12.5],
					"cubes": [
						{"origin": [10, 28.25, -10], "size": [0, 26, 21], "uv": [55, 12]}
					]
				},
				{
					"name": "left_cloak2",
					"parent": "left_cloak",
					"pivot": [10, 28.25, 0.5],
					"cubes": [
						{"origin": [10, 2.25, -10], "size": [0, 26, 21], "uv": [13, 12]}
					]
				},
				{
					"name": "front_cloak",
					"parent": "cloak",
					"pivot": [0, 54.25, -10],
					"rotation": [-15, 0, 0],
					"cubes": [
						{"origin": [-10, 28.25, -10], "size": [20, 26, 0], "uv": [251, 38]}
					]
				},
				{
					"name": "front_cloak2",
					"parent": "front_cloak",
					"pivot": [0, 28.25, -10],
					"cubes": [
						{"origin": [-10, 2.25, -10], "size": [20, 26, 0], "uv": [245, 146]}
					]
				},
				{
					"name": "back_cloak",
					"parent": "cloak",
					"pivot": [0, 54.25, 11],
					"rotation": [15, 0, 0],
					"cubes": [
						{"origin": [-10, 28.25, 11], "size": [20, 26, 0], "uv": [235, 12]}
					]
				},
				{
					"name": "back_cloak2",
					"parent": "back_cloak",
					"pivot": [0, 28.25, 11],
					"cubes": [
						{"origin": [-10, 2.25, 11], "size": [20, 26, 0], "uv": [205, 146]}
					]
				},
				{
					"name": "head",
					"parent": "torso",
					"pivot": [0, 64, 0],
					"cubes": [
						{"origin": [6.5, 71.5, 7.5], "size": [-13, -15, -12], "uv": [360, 88]},
						{"origin": [-6, 57, -4], "size": [12, 14, 11], "uv": [205, 96]}
					]
				},
				{
					"name": "hat",
					"parent": "head",
					"pivot": [0, 26, 0],
					"cubes": [
						{"origin": [-7, 59, -5], "size": [14, 13, 13], "uv": [181, 12]}
					]
				},
				{
					"name": "hat_tails",
					"parent": "hat",
					"pivot": [0, 0, -1]
				},
				{
					"name": "left_hat_tails",
					"parent": "hat_tails",
					"pivot": [7, 59, 2],
					"rotation": [3.90399, -17.07228, -13.0862],
					"cubes": [
						{"origin": [7, 59, 2], "size": [14, 13, 0], "uv": [265, 230]}
					]
				},
				{
					"name": "left_hat_tails2",
					"parent": "left_hat_tails",
					"pivot": [21, 72, 2],
					"rotation": [0, -15, 0],
					"cubes": [
						{"origin": [21, 61, 2], "size": [14, 11, 0], "uv": [265, 270]}
					]
				},
				{
					"name": "right_hat_tails",
					"parent": "hat_tails",
					"pivot": [-7, 59, 2],
					"rotation": [3.90399, 17.07228, 13.0862],
					"cubes": [
						{"origin": [-21, 59, 2], "size": [14, 13, 0], "uv": [162, 12]}
					]
				},
				{
					"name": "right_hat_tails2",
					"parent": "right_hat_tails",
					"pivot": [-21, 72, 2],
					"rotation": [0, 15, 0],
					"cubes": [
						{"origin": [-35, 61, 2], "size": [14, 11, 0], "uv": [265, 259]}
					]
				},
				{
					"name": "front_hat_tails",
					"parent": "hat_tails",
					"pivot": [0, 72.16121, -1],
					"rotation": [-17.5, 0, 0],
					"cubes": [
						{"origin": [-7, 71.16121, -1], "size": [14, 15, 0], "uv": [112, 12]}
					]
				},
				{
					"name": "front_hat_tails2",
					"parent": "front_hat_tails",
					"pivot": [0, 86.16121, -1],
					"rotation": [-15, 0, 0],
					"cubes": [
						{"origin": [-6, 86.16121, -1], "size": [12, 16, 0], "uv": [265, 243]}
					]
				},
				{
					"name": "halo",
					"parent": "hat",
					"pivot": [-0.25, 66, 0]
				},
				{
					"name": "first_halo",
					"parent": "halo",
					"pivot": [-0.25, 66, 0],
					"rotation": [0, 0, 30]
				},
				{
					"name": "left_front_halo",
					"parent": "first_halo",
					"pivot": [-0.25, 66.5, -14.75],
					"rotation": [0, -7.5, 0],
					"cubes": [
						{"origin": [-0.25, 63.5, -14.75], "size": [6, 6, 0], "uv": [285, 146]}
					]
				},
				{
					"name": "left_front_halo2",
					"parent": "left_front_halo",
					"pivot": [5.75, 66.5, -14.75],
					"rotation": [0, -30, 0],
					"cubes": [
						{"origin": [5.75, 63.5, -14.75], "size": [10, 6, 0], "uv": [277, 121]}
					]
				},
				{
					"name": "left_front_halo3",
					"parent": "left_front_halo2",
					"pivot": [15.75, 66.5, -14.75],
					"rotation": [0, -45, 0],
					"cubes": [
						{"origin": [15.75, 63.5, -14.75], "size": [8, 6, 0], "uv": [217, 280]}
					]
				},
				{
					"name": "left_back_halo",
					"parent": "first_halo",
					"pivot": [-0.25, 66.5, 14.75],
					"rotation": [0, 7.5, 0],
					"cubes": [
						{"origin": [-0.25, 63.5, 14.75], "size": [6, 6, 0], "uv": [261, 281]}
					]
				},
				{
					"name": "left_back_halo2",
					"parent": "left_back_halo",
					"pivot": [5.75, 66.5, 14.75],
					"rotation": [0, 30, 0],
					"cubes": [
						{"origin": [5.75, 63.5, 14.75], "size": [10, 6, 0], "uv": [275, 30]}
					]
				},
				{
					"name": "left_back_halo3",
					"parent": "left_back_halo2",
					"pivot": [15.75, 66.5, 14.75],
					"rotation": [0, 45, 0],
					"cubes": [
						{"origin": [15.75, 63.5, 14.75], "size": [8, 6, 0], "uv": [169, 280]}
					]
				},
				{
					"name": "right_front_halo",
					"parent": "first_halo",
					"pivot": [-0.25, 66.5, -14.75],
					"rotation": [0, 7.5, 0],
					"cubes": [
						{"origin": [-6.25, 63.5, -14.75], "size": [6, 6, 0], "uv": [284, 186]}
					]
				},
				{
					"name": "right_front_halo2",
					"parent": "right_front_halo",
					"pivot": [-6.25, 66.5, -14.75],
					"rotation": [0, 30, 0],
					"cubes": [
						{"origin": [-16.25, 63.5, -14.75], "size": [10, 6, 0], "uv": [277, 98]}
					]
				},
				{
					"name": "right_front_halo3",
					"parent": "right_front_halo2",
					"pivot": [-16.25, 66.5, -14.75],
					"rotation": [0, 45, 0],
					"cubes": [
						{"origin": [-24.25, 63.5, -14.75], "size": [8, 6, 0], "uv": [201, 280]}
					]
				},
				{
					"name": "right_back_halo",
					"parent": "first_halo",
					"pivot": [-0.25, 66.5, 14.75],
					"rotation": [0, -7.5, 0],
					"cubes": [
						{"origin": [-6.25, 63.5, 14.75], "size": [6, 6, 0], "uv": [273, 281]}
					]
				},
				{
					"name": "right_back_halo2",
					"parent": "right_back_halo",
					"pivot": [-6.25, 66.5, 14.75],
					"rotation": [0, -30, 0],
					"cubes": [
						{"origin": [-16.25, 63.5, 14.75], "size": [10, 6, 0], "uv": [277, 92]}
					]
				},
				{
					"name": "right_back_halo3",
					"parent": "right_back_halo2",
					"pivot": [-16.25, 66.5, 14.75],
					"rotation": [0, -45, 0],
					"cubes": [
						{"origin": [-24.25, 63.5, 14.75], "size": [8, 6, 0], "uv": [185, 280]}
					]
				},
				{
					"name": "second_halo",
					"parent": "halo",
					"pivot": [-0.25, 66, 0],
					"rotation": [0, 0, -30]
				},
				{
					"name": "left_front_halo4",
					"parent": "second_halo",
					"pivot": [-0.25, 65.5, -13.75],
					"rotation": [0, -7.5, 0],
					"cubes": [
						{"origin": [-0.25, 62.5, -13.75], "size": [6, 6, 0], "uv": [249, 280]}
					]
				},
				{
					"name": "left_front_halo5",
					"parent": "left_front_halo4",
					"pivot": [5.75, 65.5, -13.75],
					"rotation": [0, -30, 0],
					"cubes": [
						{"origin": [5.75, 62.5, -13.75], "size": [10, 6, 0], "uv": [275, 24]}
					]
				},
				{
					"name": "left_front_halo6",
					"parent": "left_front_halo5",
					"pivot": [15.75, 65.5, -13.75],
					"rotation": [0, -45, 0],
					"cubes": [
						{"origin": [15.75, 62.5, -13.75], "size": [8, 6, 0], "uv": [153, 280]}
					]
				},
				{
					"name": "left_back_halo4",
					"parent": "second_halo",
					"pivot": [-0.25, 65.5, 15.75],
					"rotation": [0, 7.5, 0],
					"cubes": [
						{"origin": [-0.25, 62.5, 15.75], "size": [6, 6, 0], "uv": [222, 18]}
					]
				},
				{
					"name": "left_back_halo5",
					"parent": "left_back_halo4",
					"pivot": [5.75, 65.5, 15.75],
					"rotation": [0, 30, 0],
					"cubes": [
						{"origin": [5.75, 62.5, 15.75], "size": [10, 6, 0], "uv": [275, 18]}
					]
				},
				{
					"name": "left_back_halo6",
					"parent": "left_back_halo5",
					"pivot": [15.75, 65.5, 15.75],
					"rotation": [0, 45, 0],
					"cubes": [
						{"origin": [15.75, 62.5, 15.75], "size": [8, 6, 0], "uv": [137, 280]}
					]
				},
				{
					"name": "right_front_halo4",
					"parent": "second_halo",
					"pivot": [-0.25, 65.5, -13.75],
					"rotation": [0, 7.5, 0],
					"cubes": [
						{"origin": [-6.25, 62.5, -13.75], "size": [6, 6, 0], "uv": [222, 12]}
					]
				},
				{
					"name": "right_front_halo5",
					"parent": "right_front_halo4",
					"pivot": [-6.25, 65.5, -13.75],
					"rotation": [0, 30, 0],
					"cubes": [
						{"origin": [-16.25, 62.5, -13.75], "size": [10, 6, 0], "uv": [275, 12]}
					]
				},
				{
					"name": "right_front_halo6",
					"parent": "right_front_halo5",
					"pivot": [-16.25, 65.5, -13.75],
					"rotation": [0, 45, 0],
					"cubes": [
						{"origin": [-24.25, 62.5, -13.75], "size": [8, 6, 0], "uv": [121, 280]}
					]
				},
				{
					"name": "right_back_halo4",
					"parent": "second_halo",
					"pivot": [-0.25, 65.5, 15.75],
					"rotation": [0, -7.5, 0],
					"cubes": [
						{"origin": [-6.25, 62.5, 15.75], "size": [6, 6, 0], "uv": [203, 43]}
					]
				},
				{
					"name": "right_back_halo5",
					"parent": "right_back_halo4",
					"pivot": [-6.25, 65.5, 15.75],
					"rotation": [0, -30, 0],
					"cubes": [
						{"origin": [-16.25, 62.5, 15.75], "size": [10, 6, 0], "uv": [67, 23]}
					]
				},
				{
					"name": "right_back_halo6",
					"parent": "right_back_halo5",
					"pivot": [-16.25, 65.5, 15.75],
					"rotation": [0, -45, 0],
					"cubes": [
						{"origin": [-24.25, 62.5, 15.75], "size": [8, 6, 0], "uv": [105, 280]}
					]
				},
				{
					"name": "hat_ears",
					"parent": "hat",
					"pivot": [0.07661, 70.625, -7]
				},
				{
					"name": "right",
					"parent": "hat_ears",
					"pivot": [-3.00161, 66.55, -6.65],
					"rotation": [-12.45392, 1.08089, -42.61794],
					"cubes": [
						{"origin": [3.5, 83.05153, -1.15028], "size": [-7, -17, -6], "uv": [351, 56]},
						{"origin": [-3, 66.55153, -6.65028], "size": [6, 16, 5], "uv": [265, 209]}
					]
				},
				{
					"name": "right2",
					"parent": "right",
					"pivot": [2.49839, 82.55, -6.65],
					"rotation": [-11.5, 0, -37.5],
					"cubes": [
						{"origin": [3, 92.05153, -2.15028], "size": [-6, -10, -5], "uv": [351, 56]},
						{"origin": [-2.5, 82.55153, -6.65028], "size": [5, 9, 4], "uv": [273, 133]}
					]
				},
				{
					"name": "right3",
					"parent": "right2",
					"pivot": [1.99839, 91.55, -6.15],
					"rotation": [-12.5, 0, -45],
					"cubes": [
						{"origin": [2.5, 101.05153, -2.65028], "size": [-5, -10, -4], "uv": [351, 56]},
						{"origin": [-2, 91.55153, -6.15028], "size": [4, 9, 3], "uv": [27, 280]}
					]
				},
				{
					"name": "left",
					"parent": "hat_ears",
					"pivot": [3.00161, 66.55, -6.65],
					"rotation": [-12.45392, -1.08089, 42.61794],
					"cubes": [
						{"origin": [3.5, 83.05153, -1.15028], "size": [-7, -17, -6], "uv": [351, 56], "mirror": true},
						{"origin": [-3, 66.55153, -6.65028], "size": [6, 16, 5], "uv": [181, 38]}
					]
				},
				{
					"name": "left2",
					"parent": "left",
					"pivot": [-2.49839, 82.55, -6.65],
					"rotation": [-11.5, 0, 37.5],
					"cubes": [
						{"origin": [3, 92.05153, -2.15028], "size": [-6, -10, -5], "uv": [351, 56], "mirror": true},
						{"origin": [-2.5, 82.55153, -6.65028], "size": [5, 9, 4], "uv": [272, 108]}
					]
				},
				{
					"name": "left3",
					"parent": "left2",
					"pivot": [-1.99839, 91.55, -6.15],
					"rotation": [-12.5, 0, 45],
					"cubes": [
						{"origin": [2.5, 101.05153, -2.65028], "size": [-5, -10, -4], "uv": [351, 56], "mirror": true},
						{"origin": [-2, 91.55153, -6.15028], "size": [4, 9, 3], "uv": [13, 280]}
					]
				},
				{
					"name": "mask",
					"parent": "head",
					"pivot": [0, 64, -9],
					"cubes": [
						{"origin": [0, 56, -9], "size": [10, 16, 5], "pivot": [0, 64, -9], "rotation": [7.85952, -17.34551, -2.35666], "uv": [251, 64]},
						{"origin": [0.86326, 65.14535, -8.03315], "size": [8, 5, 0], "pivot": [4.36326, 67.14535, -8.03315], "rotation": [10.79642, -15.72011, -12.65077], "uv": [233, 280]},
						{"origin": [-8.86326, 65.14535, -8.03315], "size": [8, 5, 0], "pivot": [-4.36326, 67.14535, -8.03315], "rotation": [10.79642, 15.72011, 12.65077], "uv": [198, 38]},
						{"origin": [-10, 56, -9], "size": [10, 16, 5], "pivot": [0, 64, -9], "rotation": [7.85952, 17.34551, 2.35666], "uv": [247, 116]}
					]
				},
				{
					"name": "mouth",
					"parent": "head",
					"pivot": [0, 64, -9],
					"cubes": [
						{"origin": [-9.0292, 57.04715, -8.14096], "size": [9, 6, 0], "pivot": [0, 57.05462, -8.18357], "rotation": [7.85952, 17.34551, 2.35666], "uv": [277, 127]},
						{"origin": [0.0292, 57.04715, -8.14096], "size": [9, 6, 0], "pivot": [0, 57.05462, -8.18357], "rotation": [7.85952, -17.34551, -2.35666], "uv": [232, 172]}
					]
				},
				{
					"name": "legs",
					"parent": "body",
					"pivot": [0, 26, 0]
				},
				{
					"name": "right_leg",
					"parent": "legs",
					"pivot": [-5.75, 37.25, 0],
					"cubes": [
						{"origin": [1.5, 37.5, 6.5], "size": [-13, -19, -12], "uv": [360, 88]},
						{"origin": [-11, 19, -5], "size": [12, 18, 11], "uv": [205, 67]}
					]
				},
				{
					"name": "right_leg2",
					"parent": "right_leg",
					"pivot": [-5, 19, -3],
					"cubes": [
						{"origin": [-1.75, 19.5, 4.5], "size": [-7, -17, -8], "uv": [360, 88]},
						{"origin": [-8.25, 3, -3], "size": [6, 16, 7], "uv": [265, 186]}
					]
				},
				{
					"name": "right_foot",
					"parent": "right_leg2",
					"pivot": [-5, 3, 0],
					"cubes": [
						{"origin": [-0.75, 3.5, 5.5], "size": [-9, -4, -18], "uv": [360, 88]},
						{"origin": [-9.25, 0, -12], "size": [8, 3, 17], "uv": [129, 12]}
					]
				},
				{
					"name": "left_leg",
					"parent": "legs",
					"pivot": [5.75, 37.25, 0],
					"cubes": [
						{"origin": [11.5, 37.5, 6.5], "size": [-13, -19, -12], "uv": [360, 88], "mirror": true},
						{"origin": [-1, 19, -5], "size": [12, 18, 11], "uv": [205, 38]}
					]
				},
				{
					"name": "left_leg2",
					"parent": "left_leg",
					"pivot": [5, 19, -3],
					"cubes": [
						{"origin": [8.75, 19.5, 4.5], "size": [-7, -17, -8], "uv": [360, 88], "mirror": true},
						{"origin": [2.25, 3, -3], "size": [6, 16, 7], "uv": [251, 85]}
					]
				},
				{
					"name": "left_foot",
					"parent": "left_leg2",
					"pivot": [5, 3, 0.5],
					"cubes": [
						{"origin": [9.75, 3.5, 5.5], "size": [-9, -4, -18], "uv": [360, 88], "mirror": true},
						{"origin": [1.25, 0, -12], "size": [8, 3, 17], "uv": [79, 12]}
					]
				}
			]
		}
	]
}