{
	"format_version": "1.12.0",
	"minecraft:geometry": [
		{
			"description": {
				"identifier": "geometry.megamachamp",
				"texture_width": 96,
				"texture_height": 96,
				"visible_bounds_width": 5,
				"visible_bounds_height": 3.5,
				"visible_bounds_offset": [0, 1.25, 0]
			},
			"bones": [
				{
					"name": "machamp",
					"pivot": [0, -0.5, 0]
				},
				{
					"name": "body",
					"parent": "machamp",
					"pivot": [0, -0.5, 0]
				},
				{
					"name": "torso",
					"parent": "body",
					"pivot": [0, 14.5, 0],
					"cubes": [
						{"origin": [-4, 12.75, -2.5], "size": [8, 4, 5], "inflate": 0.01, "uv": [29, 33]},
						{"origin": [-8, 11.75, -2.5], "size": [0, 6, 5], "uv": [44, 72]},
						{"origin": [-8, 11.75, -8.5], "size": [0, 6, 6], "pivot": [-8, 14.75, -2.5], "rotation": [0, -45, 0], "uv": [66, 29]},
						{"origin": [-8, 11.75, 2.5], "size": [0, 6, 6], "pivot": [-8, 14.75, 2.5], "rotation": [0, 45, 0], "uv": [32, 65]},
						{"origin": [8, 11.75, 2.5], "size": [0, 6, 6], "pivot": [8, 14.75, 2.5], "rotation": [0, -45, 0], "uv": [8, 64]},
						{"origin": [8, 11.75, -2.5], "size": [0, 6, 5], "uv": [44, 66]},
						{"origin": [8, 11.75, -8.5], "size": [0, 6, 6], "pivot": [8, 14.75, -2.5], "rotation": [0, 45, 0], "uv": [20, 65]},
						{"origin": [-2, 10.75, -2.5], "size": [4, 2, 5], "uv": [22, 64]}
					]
				},
				{
					"name": "chest",
					"parent": "torso",
					"pivot": [0, 16.25, 0.5],
					"cubes": [
						{"origin": [-5, 16.25, -4.25], "size": [10, 8, 8], "uv": [8, 11]},
						{"origin": [-4.5, 19.25, 0.75], "size": [9, 7, 4], "uv": [8, 27]}
					]
				},
				{
					"name": "head",
					"parent": "chest",
					"pivot": [0, 22.75, -3]
				},
				{
					"name": "head_correction",
					"parent": "head",
					"pivot": [0, 22.75, -3]
				},
				{
					"name": "head_ai",
					"parent": "head_correction",
					"pivot": [0, 22.75, -3]
				},
				{
					"name": "head_angle",
					"parent": "head_ai",
					"pivot": [0, 22.75, -3],
					"cubes": [
						{"origin": [-3, 24.75, -6.25], "size": [6, 4, 6], "inflate": 0.01, "uv": [8, 38]},
						{"origin": [-3, 22.75, -3.25], "size": [6, 2, 3], "uv": [8, 77]},
						{"origin": [-2, 25, -6.75], "size": [0, 6, 7], "pivot": [-2, 27.75, -3.25], "rotation": [0, -15, -10], "uv": [40, 51]},
						{"origin": [0, 25.25, -6.75], "size": [0, 6, 7], "uv": [8, 57]},
						{"origin": [2, 25, -6.75], "size": [0, 6, 7], "pivot": [2, 27.75, -3.25], "rotation": [0, 15, 10], "uv": [26, 51]},
						{"origin": [-3.5, 24.75, -6.75], "size": [7, 1, 4], "uv": [50, 30]},
						{"origin": [-1.5, 24.5, -6.75], "size": [3, 1, 1], "inflate": 0.01, "uv": [8, 11]}
					]
				},
				{
					"name": "jaw",
					"parent": "head_angle",
					"pivot": [0, 24.75, -3.25],
					"cubes": [
						{"origin": [-3, 22.75, -6.25], "size": [6, 2, 3], "inflate": 0.01, "uv": [26, 77]},
						{"origin": [-3.5, 23.75, -6.75], "size": [7, 1, 3], "uv": [68, 30]}
					]
				},
				{
					"name": "eye_right",
					"parent": "head_angle",
					"pivot": [-2.025, 26.75, -5.775],
					"cubes": [
						{"origin": [-3, 25.75, -6.25], "size": [2, 2, 1], "inflate": 0.02, "uv": [34, 30]}
					]
				},
				{
					"name": "eyelid_right",
					"parent": "eye_right",
					"pivot": [-1.9, 26.75, -5.65],
					"cubes": [
						{"origin": [-2.9, 25.75, -6.15], "size": [2, 2, 1], "inflate": 0.03, "uv": [8, 13]}
					]
				},
				{
					"name": "eye_left",
					"parent": "head_angle",
					"pivot": [2.025, 26.75, -5.775],
					"cubes": [
						{"origin": [1, 25.75, -6.25], "size": [2, 2, 1], "inflate": 0.02, "uv": [30, 27]}
					]
				},
				{
					"name": "eyelid_left",
					"parent": "eye_left",
					"pivot": [1.9, 26.75, -5.65],
					"cubes": [
						{"origin": [0.9, 25.75, -6.15], "size": [2, 2, 1], "inflate": 0.03, "uv": [8, 16]}
					]
				},
				{
					"name": "arm_right",
					"parent": "chest",
					"pivot": [-5, 24.25, -1.5],
					"cubes": [
						{"origin": [-10, 19.75, -3.5], "size": [5, 5, 4], "inflate": 0.01, "uv": [8, 55]},
						{"origin": [-14, 19.75, -3.5], "size": [4, 4, 4], "uv": [68, 73]}
					]
				},
				{
					"name": "forearm_right",
					"parent": "arm_right",
					"pivot": [-14, 21.5, 0.5],
					"cubes": [
						{"origin": [-21, 20, -3.5], "size": [7, 3, 4], "uv": [40, 23]}
					]
				},
				{
					"name": "hand_right",
					"parent": "forearm_right",
					"pivot": [-21, 21.5, -1.25],
					"rotation": [0, 0, 0],
					"cubes": [
						{"origin": [-24, 20.5, -3.25], "size": [3, 2, 4], "uv": [74, 37]}
					]
				},
				{
					"name": "finger_index_right",
					"parent": "hand_right",
					"pivot": [-24, 22.5, -2.75],
					"cubes": [
						{"origin": [-26, 21.5, -3.25], "size": [2, 1, 1], "inflate": 0.01, "uv": [66, 58]}
					]
				},
				{
					"name": "finger_index_right2",
					"parent": "finger_index_right",
					"pivot": [-26, 22.5, -2.75],
					"cubes": [
						{"origin": [-28, 21.5, -3.25], "size": [2, 1, 1], "uv": [66, 56]}
					]
				},
				{
					"name": "finger_middle_right",
					"parent": "hand_right",
					"pivot": [-24, 22.5, -1.75],
					"cubes": [
						{"origin": [-26, 21.5, -2.25], "size": [2, 1, 1], "inflate": 0.01, "uv": [70, 11]}
					]
				},
				{
					"name": "finger_middle_right2",
					"parent": "finger_middle_right",
					"pivot": [-26, 22.5, -1.75],
					"cubes": [
						{"origin": [-28, 21.5, -2.25], "size": [2, 1, 1], "uv": [68, 13]}
					]
				},
				{
					"name": "finger_ring_right",
					"parent": "hand_right",
					"pivot": [-24, 22.5, -0.75],
					"cubes": [
						{"origin": [-26, 21.5, -1.25], "size": [2, 1, 1], "inflate": 0.01, "uv": [72, 19]}
					]
				},
				{
					"name": "finger_ring_right2",
					"parent": "finger_ring_right",
					"pivot": [-26, 22.5, -0.75],
					"cubes": [
						{"origin": [-28, 21.5, -1.25], "size": [2, 1, 1], "uv": [70, 43]}
					]
				},
				{
					"name": "finger_pinky_right",
					"parent": "hand_right",
					"pivot": [-24, 22.5, 0.25],
					"cubes": [
						{"origin": [-26, 21.5, -0.25], "size": [2, 1, 1], "inflate": 0.01, "uv": [23, 77]}
					]
				},
				{
					"name": "finger_pinky_right2",
					"parent": "finger_pinky_right",
					"pivot": [-26, 22.5, 0.25],
					"cubes": [
						{"origin": [-28, 21.5, -0.25], "size": [2, 1, 1], "uv": [72, 21]}
					]
				},
				{
					"name": "thumb_right",
					"parent": "hand_right",
					"pivot": [-23.5, 21, -3],
					"cubes": [
						{"origin": [-25, 20.5, -3.5], "size": [2, 1, 1], "inflate": 0.01, "uv": [64, 11]}
					]
				},
				{
					"name": "thumb_right2",
					"parent": "thumb_right",
					"pivot": [-25, 21, -3.5],
					"cubes": [
						{"origin": [-26, 20.5, -3.5], "size": [1, 1, 1], "uv": [36, 11]}
					]
				},
				{
					"name": "arm_left",
					"parent": "chest",
					"pivot": [5, 24.25, -1.5],
					"cubes": [
						{"origin": [5, 19.75, -3.5], "size": [5, 5, 4], "inflate": 0.01, "uv": [54, 14]},
						{"origin": [10, 19.75, -3.5], "size": [4, 4, 4], "uv": [72, 11]}
					]
				},
				{
					"name": "forearm_left",
					"parent": "arm_left",
					"pivot": [14, 21.5, 0.5],
					"cubes": [
						{"origin": [14, 20, -3.5], "size": [7, 3, 4], "uv": [8, 48]}
					]
				},
				{
					"name": "hand_left",
					"parent": "forearm_left",
					"pivot": [21, 21.5, -1.25],
					"rotation": [0, 0, 0],
					"cubes": [
						{"origin": [21, 20.5, -3.25], "size": [3, 2, 4], "uv": [50, 80]}
					]
				},
				{
					"name": "finger_index_left",
					"parent": "hand_left",
					"pivot": [24, 22.5, -2.75],
					"cubes": [
						{"origin": [24, 21.5, -3.25], "size": [2, 1, 1], "inflate": 0.01, "uv": [78, 34]}
					]
				},
				{
					"name": "finger_index_left2",
					"parent": "finger_index_left",
					"pivot": [26, 22.5, -2.75],
					"cubes": [
						{"origin": [26, 21.5, -3.25], "size": [2, 1, 1], "uv": [60, 80]}
					]
				},
				{
					"name": "finger_middle_left",
					"parent": "hand_left",
					"pivot": [24, 22.5, -1.75],
					"cubes": [
						{"origin": [24, 21.5, -2.25], "size": [2, 1, 1], "inflate": 0.01, "uv": [77, 81]}
					]
				},
				{
					"name": "finger_middle_left2",
					"parent": "finger_middle_left",
					"pivot": [26, 22.5, -1.75],
					"cubes": [
						{"origin": [26, 21.5, -2.25], "size": [2, 1, 1], "uv": [71, 81]}
					]
				},
				{
					"name": "finger_ring_left",
					"parent": "hand_left",
					"pivot": [24, 22.5, -0.75],
					"cubes": [
						{"origin": [24, 21.5, -1.25], "size": [2, 1, 1], "inflate": 0.01, "uv": [14, 82]}
					]
				},
				{
					"name": "finger_ring_left2",
					"parent": "finger_ring_left",
					"pivot": [26, 22.5, -0.75],
					"cubes": [
						{"origin": [26, 21.5, -1.25], "size": [2, 1, 1], "uv": [8, 82]}
					]
				},
				{
					"name": "finger_pinky_left",
					"parent": "hand_left",
					"pivot": [24, 22.5, 0.25],
					"cubes": [
						{"origin": [24, 21.5, -0.25], "size": [2, 1, 1], "inflate": 0.01, "uv": [26, 82]}
					]
				},
				{
					"name": "finger_pinky_left2",
					"parent": "finger_pinky_left",
					"pivot": [26, 22.5, 0.25],
					"cubes": [
						{"origin": [26, 21.5, -0.25], "size": [2, 1, 1], "uv": [20, 82]}
					]
				},
				{
					"name": "thumb_left",
					"parent": "hand_left",
					"pivot": [23.5, 21, -3],
					"cubes": [
						{"origin": [23, 20.5, -3.5], "size": [2, 1, 1], "inflate": 0.01, "uv": [75, 25]}
					]
				},
				{
					"name": "thumb_left2",
					"parent": "thumb_left",
					"pivot": [25, 21, -3.5],
					"cubes": [
						{"origin": [25, 20.5, -3.5], "size": [1, 1, 1], "uv": [36, 13]}
					]
				},
				{
					"name": "arm_back_right",
					"parent": "chest",
					"pivot": [-4, 25.25, 3.75],
					"cubes": [
						{"origin": [-9, 21.75, 1.75], "size": [5, 5, 4], "inflate": 0.01, "uv": [30, 49]},
						{"origin": [-13, 21.75, 1.75], "size": [4, 4, 4], "uv": [66, 65]}
					]
				},
				{
					"name": "forearm_back_right",
					"parent": "arm_back_right",
					"pivot": [-13, 23.5, 5.75],
					"cubes": [
						{"origin": [-20, 22, 1.75], "size": [7, 3, 4], "uv": [36, 11]}
					]
				},
				{
					"name": "hand_back_right",
					"parent": "forearm_back_right",
					"pivot": [-20, 23.5, 4],
					"rotation": [0, 0, 0],
					"cubes": [
						{"origin": [-23, 22.5, 2], "size": [3, 2, 4], "uv": [75, 19]}
					]
				},
				{
					"name": "finger_index_back_right",
					"parent": "hand_back_right",
					"pivot": [-23, 24.5, 2.5],
					"cubes": [
						{"origin": [-25, 23.5, 2], "size": [2, 1, 1], "inflate": 0.01, "uv": [26, 50]}
					]
				},
				{
					"name": "finger_index_back_right2",
					"parent": "finger_index_back_right",
					"pivot": [-25, 24.5, 2.5],
					"cubes": [
						{"origin": [-27, 23.5, 2], "size": [2, 1, 1], "uv": [44, 49]}
					]
				},
				{
					"name": "finger_middle_back_right",
					"parent": "hand_back_right",
					"pivot": [-23, 24.5, 3.5],
					"cubes": [
						{"origin": [-25, 23.5, 3], "size": [2, 1, 1], "inflate": 0.01, "uv": [45, 31]}
					]
				},
				{
					"name": "finger_middle_back_right2",
					"parent": "finger_middle_back_right",
					"pivot": [-25, 24.5, 3.5],
					"cubes": [
						{"origin": [-27, 23.5, 3], "size": [2, 1, 1], "uv": [26, 48]}
					]
				},
				{
					"name": "finger_ring_back_right",
					"parent": "hand_back_right",
					"pivot": [-23, 24.5, 4.5],
					"cubes": [
						{"origin": [-25, 23.5, 4], "size": [2, 1, 1], "inflate": 0.01, "uv": [40, 30]}
					]
				},
				{
					"name": "finger_ring_back_right2",
					"parent": "finger_ring_back_right",
					"pivot": [-25, 24.5, 4.5],
					"cubes": [
						{"origin": [-27, 23.5, 4], "size": [2, 1, 1], "uv": [26, 42]}
					]
				},
				{
					"name": "finger_pinky_back_right",
					"parent": "hand_back_right",
					"pivot": [-23, 24.5, 5.5],
					"cubes": [
						{"origin": [-25, 23.5, 5], "size": [2, 1, 1], "inflate": 0.01, "uv": [8, 42]}
					]
				},
				{
					"name": "finger_pinky_back_right2",
					"parent": "finger_pinky_back_right",
					"pivot": [-25, 24.5, 5.5],
					"cubes": [
						{"origin": [-27, 23.5, 5], "size": [2, 1, 1], "uv": [8, 40]}
					]
				},
				{
					"name": "thumb_back_right",
					"parent": "hand_back_right",
					"pivot": [-22.5, 23, 2.25],
					"cubes": [
						{"origin": [-24, 22.5, 1.75], "size": [2, 1, 1], "inflate": 0.01, "uv": [8, 38]}
					]
				},
				{
					"name": "thumb_back_right2",
					"parent": "thumb_back_right",
					"pivot": [-24, 23, 1.75],
					"cubes": [
						{"origin": [-25, 22.5, 1.75], "size": [1, 1, 1], "uv": [8, 27]}
					]
				},
				{
					"name": "arm_back_left",
					"parent": "chest",
					"pivot": [4, 25.25, 3.75],
					"cubes": [
						{"origin": [4, 21.75, 1.75], "size": [5, 5, 4], "inflate": 0.01, "uv": [48, 49]},
						{"origin": [9, 21.75, 1.75], "size": [4, 4, 4], "uv": [70, 56]}
					]
				},
				{
					"name": "forearm_back_left",
					"parent": "arm_back_left",
					"pivot": [13, 23.5, 5.75],
					"cubes": [
						{"origin": [13, 22, 1.75], "size": [7, 3, 4], "uv": [32, 42]}
					]
				},
				{
					"name": "hand_back_left",
					"parent": "forearm_back_left",
					"pivot": [20, 23.5, 4],
					"rotation": [0, 0, 0],
					"cubes": [
						{"origin": [20, 22.5, 2], "size": [3, 2, 4], "uv": [76, 43]}
					]
				},
				{
					"name": "finger_index_back_left",
					"parent": "hand_back_left",
					"pivot": [23, 24.5, 2.5],
					"cubes": [
						{"origin": [23, 23.5, 2], "size": [2, 1, 1], "inflate": 0.01, "uv": [22, 55]}
					]
				},
				{
					"name": "finger_index_back_left2",
					"parent": "finger_index_back_left",
					"pivot": [25, 24.5, 2.5],
					"cubes": [
						{"origin": [25, 23.5, 2], "size": [2, 1, 1], "uv": [50, 35]}
					]
				},
				{
					"name": "finger_middle_back_left",
					"parent": "hand_back_left",
					"pivot": [23, 24.5, 3.5],
					"cubes": [
						{"origin": [23, 23.5, 3], "size": [2, 1, 1], "inflate": 0.01, "uv": [55, 36]}
					]
				},
				{
					"name": "finger_middle_back_left2",
					"parent": "finger_middle_back_left",
					"pivot": [25, 24.5, 3.5],
					"cubes": [
						{"origin": [25, 23.5, 3], "size": [2, 1, 1], "uv": [54, 11]}
					]
				},
				{
					"name": "finger_ring_back_left",
					"parent": "hand_back_left",
					"pivot": [23, 24.5, 4.5],
					"cubes": [
						{"origin": [23, 23.5, 4], "size": [2, 1, 1], "inflate": 0.01, "uv": [58, 25]}
					]
				},
				{
					"name": "finger_ring_back_left2",
					"parent": "finger_ring_back_left",
					"pivot": [25, 24.5, 4.5],
					"cubes": [
						{"origin": [25, 23.5, 4], "size": [2, 1, 1], "uv": [58, 23]}
					]
				},
				{
					"name": "finger_pinky_back_left",
					"parent": "hand_back_left",
					"pivot": [23, 24.5, 5.5],
					"cubes": [
						{"origin": [23, 23.5, 5], "size": [2, 1, 1], "inflate": 0.01, "uv": [60, 35]}
					]
				},
				{
					"name": "finger_pinky_back_left2",
					"parent": "finger_pinky_back_left",
					"pivot": [25, 24.5, 5.5],
					"cubes": [
						{"origin": [25, 23.5, 5], "size": [2, 1, 1], "uv": [59, 12]}
					]
				},
				{
					"name": "thumb_back_left",
					"parent": "hand_back_left",
					"pivot": [22.5, 23, 2.25],
					"cubes": [
						{"origin": [22, 22.5, 1.75], "size": [2, 1, 1], "inflate": 0.01, "uv": [44, 51]}
					]
				},
				{
					"name": "thumb_back_left2",
					"parent": "thumb_back_left",
					"pivot": [24, 23, 1.75],
					"cubes": [
						{"origin": [24, 22.5, 1.75], "size": [1, 1, 1], "uv": [8, 29]}
					]
				},
				{
					"name": "leg_right",
					"parent": "body",
					"pivot": [-2.5, 12.5, 0],
					"rotation": [-10, 2.5, 10],
					"cubes": [
						{"origin": [-4.5, 6.5, -2], "size": [4, 7, 4], "uv": [54, 58]}
					]
				},
				{
					"name": "leg_right2",
					"parent": "leg_right",
					"pivot": [-2.5, 6.5, -2],
					"rotation": [27.5, 0, 0],
					"cubes": [
						{"origin": [-4, -0.5, -2], "size": [3, 7, 4], "uv": [54, 69]}
					]
				},
				{
					"name": "foot_right",
					"parent": "leg_right2",
					"pivot": [-2.5, 0.5, 0],
					"rotation": [-17.5, 0, -10],
					"cubes": [
						{"origin": [-4.5, -1.5, -2.75], "size": [4, 2, 5], "uv": [62, 23]}
					]
				},
				{
					"name": "toe_right1",
					"parent": "foot_right",
					"pivot": [-3.5, -1.5, -2.75],
					"rotation": [0, 5, 0],
					"cubes": [
						{"origin": [-4.5, -1.5, -5.5], "size": [2, 2, 3], "uv": [78, 64]}
					]
				},
				{
					"name": "toe_right2",
					"parent": "foot_right",
					"pivot": [-1.5, -1.5, -2.75],
					"rotation": [0, -5, 0],
					"cubes": [
						{"origin": [-2.5, -1.5, -5.5], "size": [2, 2, 3], "uv": [64, 81]}
					]
				},
				{
					"name": "leg_left",
					"parent": "body",
					"pivot": [2.5, 12.5, 0],
					"rotation": [-10, -2.5, -10],
					"cubes": [
						{"origin": [0.5, 6.5, -2], "size": [4, 7, 4], "uv": [54, 38]}
					]
				},
				{
					"name": "leg_left2",
					"parent": "leg_left",
					"pivot": [2.5, 6.5, -2],
					"rotation": [27.5, 0, 0],
					"cubes": [
						{"origin": [1, -0.5, -2], "size": [3, 7, 4], "uv": [66, 45]}
					]
				},
				{
					"name": "foot_left",
					"parent": "leg_left2",
					"pivot": [2.5, 0.5, 0],
					"rotation": [-17.5, 0, 10],
					"cubes": [
						{"origin": [0.5, -1.5, -2.75], "size": [4, 2, 5], "inflate": 0.01, "uv": [40, 64]}
					]
				},
				{
					"name": "toe_left1",
					"parent": "foot_left",
					"pivot": [1.5, -1.5, -2.75],
					"rotation": [0, 5, 0],
					"cubes": [
						{"origin": [0.5, -1.5, -5.5], "size": [2, 2, 3], "uv": [35, 64]}
					]
				},
				{
					"name": "toe_left2",
					"parent": "foot_left",
					"pivot": [3.5, -1.5, -2.75],
					"rotation": [0, -5, 0],
					"cubes": [
						{"origin": [2.5, -1.5, -5.5], "size": [2, 2, 3], "uv": [44, 18]}
					]
				}
			]
		}
	]
}