{
	"format_version": "1.12.0",
	"minecraft:geometry": [
		{
			"description": {
				"identifier": "geometry.unknown",
				"texture_width": 256,
				"texture_height": 256,
				"visible_bounds_width": 4,
				"visible_bounds_height": 5.5,
				"visible_bounds_offset": [0, 2.25, 0]
			},
			"bones": [
				{
					"name": "rabsca",
					"pivot": [0, 0, 0]
				},
				{
					"name": "rabsca_1",
					"parent": "rabsca",
					"pivot": [0, 0, 0]
				},
				{
					"name": "body",
					"parent": "rabsca_1",
					"pivot": [0, 0, 0]
				},
				{
					"name": "head",
					"parent": "body",
					"pivot": [0, 11.59419, -0.9168],
					"cubes": [
						{"origin": [-5, 4, -2.5], "size": [10, 14, 5], "uv": [137, 99]},
						{"origin": [-4.5, 3.5, -2.525], "size": [9, 5, 0], "uv": [0, 0]},
						{"origin": [-0.25, 3.75, -2.55], "size": [1, 1, 0], "pivot": [0, 4, -2.55], "rotation": [0, 0, -45], "uv": [21, 144]},
						{"origin": [-3.975, 2.65, 0], "size": [2, 2, 0], "pivot": [-2.75, 2, 0], "rotation": [0, 0, -19.75], "uv": [61, 7]},
						{"origin": [-2.625, 1.2, -0.025], "size": [2, 2, 0], "pivot": [-2.75, 2, 0], "rotation": [0, 0, -46.25], "uv": [14, 19]},
						{"origin": [0.625, 1.2, -0.025], "size": [2, 2, 0], "pivot": [2.75, 2, 0], "rotation": [0, 0, 46.25], "uv": [66, 7]},
						{"origin": [2.51933, 2.47691, 0], "size": [2, 2, 0], "pivot": [3.51933, 3.47691, 0], "rotation": [0, 0, 19.75], "uv": [66, 53]},
						{"origin": [-4, 3, -2], "size": [8, 1, 4], "uv": [43, 92]},
						{"origin": [-0.5, 7.5, -3.525], "size": [1, 2, 1], "uv": [7, 66]},
						{"origin": [-4.5, 8.492, -2.6512], "size": [9, 2, 0], "pivot": [0, 9.492, -2.6512], "rotation": [7.25, 0, 0], "uv": [0, 6]}
					]
				},
				{
					"name": "eyelids",
					"parent": "head",
					"pivot": [0, 6.5, -2.575],
					"cubes": [
						{"origin": [-3.5, 6, -2.575], "size": [3, 1, 0], "uv": [7, 19]},
						{"origin": [0.5, 6, -2.575], "size": [3, 1, 0], "uv": [0, 19]}
					]
				},
				{
					"name": "eye_left",
					"parent": "head",
					"pivot": [0, -1, 0],
					"cubes": [
						{"origin": [-3, 6.5, -2.55], "size": [2, 1, 0], "uv": [5, 45]}
					]
				},
				{
					"name": "eye_right",
					"parent": "head",
					"pivot": [0, -1, 0],
					"cubes": [
						{"origin": [1, 6.5, -2.55], "size": [2, 1, 0], "uv": [0, 45]}
					]
				},
				{
					"name": "antennae_left",
					"parent": "head",
					"pivot": [-0.84481, 6.27609, -2.6],
					"rotation": [0, 0, 10],
					"cubes": [
						{"origin": [-3.325, 2.5, -2.6], "size": [2, 4, 0], "pivot": [-2, 2.75, -2.6], "rotation": [0, 0, 22.5], "uv": [56, 64]},
						{"origin": [-3.31981, -2.97391, -2.6], "size": [3, 6, 0], "uv": [11, 60]}
					]
				},
				{
					"name": "antennae_right",
					"parent": "head",
					"pivot": [0.875, 6.3, -2.6],
					"rotation": [0, 0, -8.25],
					"cubes": [
						{"origin": [0.31981, -2.99891, -2.6], "size": [3, 6, 0], "uv": [11, 53]},
						{"origin": [1.325, 2.475, -2.6], "size": [2, 4, 0], "pivot": [2, 2.725, -2.6], "rotation": [0, 0, -22.5], "uv": [56, 59]}
					]
				},
				{
					"name": "mustache_left",
					"parent": "head",
					"pivot": [-2.5, 9.46802, -2.2798],
					"rotation": [0, -5, 0],
					"cubes": [
						{"origin": [-4.50631, 10.55981, -2.76951], "size": [2, 5, 0], "pivot": [-2.5, 10.46802, -2.2798], "rotation": [6.28705, 3.61774, -29.80125], "uv": [56, 53]}
					]
				},
				{
					"name": "mustache_left2",
					"parent": "mustache_left",
					"pivot": [-6.725, 13.76802, -2.7048],
					"rotation": [0, 0, -7.5],
					"cubes": [
						{"origin": [-21.69863, 9.48647, -3.20475], "size": [15, 7, 0], "pivot": [-7.25, 13.49302, -3.2548], "rotation": [6.28705, 3.61774, -29.80125], "uv": [25, 53], "mirror": true}
					]
				},
				{
					"name": "mustache_right",
					"parent": "head",
					"pivot": [2.5, 9.46802, -2.2798],
					"rotation": [0, 5, 0],
					"cubes": [
						{"origin": [2.50631, 10.55981, -2.76951], "size": [2, 5, 0], "pivot": [2.5, 10.46802, -2.2798], "rotation": [6.28705, -3.61774, 29.80125], "uv": [57, 25]}
					]
				},
				{
					"name": "mustache_right2",
					"parent": "mustache_right",
					"pivot": [9.075, 16.76802, -2.7048],
					"rotation": [0, 0, 9],
					"cubes": [
						{"origin": [7.24863, 9.48647, -3.20475], "size": [15, 7, 0], "pivot": [7.25, 13.49302, -3.2548], "rotation": [6.28705, -3.61774, 29.80125], "uv": [25, 61]}
					]
				},
				{
					"name": "leg_right",
					"parent": "body",
					"pivot": [5.04186, 12.53405, 0],
					"cubes": [
						{"origin": [8.225, 14.075, -0.5], "size": [2, 5, 1], "pivot": [8, 21, -0.5], "rotation": [0, 0, 33], "uv": [80, 103]},
						{"origin": [3, 12, -1], "size": [3, 7, 2], "uv": [84, 68]}
					]
				},
				{
					"name": "leg_right2",
					"parent": "leg_right",
					"pivot": [5.02481, 19.03449, 0],
					"cubes": [
						{"origin": [5.225, 18.35, -0.5], "size": [2, 5, 1], "pivot": [8, 21.275, -0.5], "rotation": [0, 0, 29.5], "uv": [87, 103]},
						{"origin": [3, 19, -1], "size": [3, 7, 2], "uv": [0, 53]}
					]
				},
				{
					"name": "leg_left",
					"parent": "body",
					"pivot": [-5.04186, 12.53405, 0],
					"cubes": [
						{"origin": [-10.15, 14.075, -0.5], "size": [2, 5, 1], "pivot": [-8, 21, -0.5], "rotation": [0, 0, -33.5], "uv": [43, 98]},
						{"origin": [-6, 12, -1], "size": [3, 7, 2], "uv": [11, 35]}
					]
				},
				{
					"name": "leg_left2",
					"parent": "leg_left",
					"pivot": [-5.02481, 19.03449, 0],
					"cubes": [
						{"origin": [-7.225, 18.35, -0.5], "size": [2, 5, 1], "pivot": [-8, 21.275, -0.5], "rotation": [0, 0, -29.5], "uv": [98, 0]},
						{"origin": [-6, 19, -1], "size": [3, 7, 2], "uv": [0, 35]}
					]
				},
				{
					"name": "arm_right",
					"parent": "body",
					"pivot": [5.04186, 8.46595, 0],
					"cubes": [
						{"origin": [8.15, 1.925, -0.5], "size": [2, 5, 1], "pivot": [8, 0, -0.5], "rotation": [0, 0, -33.75], "uv": [95, 75]},
						{"origin": [3, 2, -1], "size": [3, 7, 2], "uv": [11, 25]}
					]
				},
				{
					"name": "arm_right2",
					"parent": "arm_right",
					"pivot": [5.02481, 1.96551, 0],
					"cubes": [
						{"origin": [5.225, -2.3, -0.5], "size": [2, 5, 1], "pivot": [8, -0.225, -0.5], "rotation": [0, 0, -29.5], "uv": [95, 68]},
						{"origin": [1.65, -3.5, -0.5], "size": [2, 3, 1], "pivot": [8, 0, -0.5], "rotation": [0, 0, -47], "uv": [50, 98]},
						{"origin": [3, -5, -1], "size": [3, 7, 2], "uv": [0, 25]}
					]
				},
				{
					"name": "arm_left",
					"parent": "body",
					"pivot": [-5.04186, 8.46595, 0],
					"cubes": [
						{"origin": [-10.175, 1.925, -0.5], "size": [2, 5, 1], "pivot": [-8, 0, -0.5], "rotation": [0, 0, 33.75], "uv": [0, 63]},
						{"origin": [-6, 2, -1], "size": [3, 7, 2], "uv": [11, 9]}
					]
				},
				{
					"name": "arm_left2",
					"parent": "arm_left",
					"pivot": [-5.02481, 1.96551, 0],
					"cubes": [
						{"origin": [-7.225, -2.3, -0.5], "size": [2, 5, 1], "pivot": [-8, -0.225, -0.5], "rotation": [0, 0, 29.5], "uv": [61, 0]},
						{"origin": [-3.65, -3.5, -0.5], "size": [2, 3, 1], "pivot": [-8, 0, -0.5], "rotation": [0, 0, 47], "uv": [67, 97]},
						{"origin": [-6, -5, -1], "size": [3, 7, 2], "uv": [0, 9]}
					]
				},
				{
					"name": "ball",
					"parent": "rabsca_1",
					"pivot": [0, 40, 0],
					"cubes": [
						{"origin": [-8, 48.125, -11], "size": [19, 2, 22], "uv": [0, 0]},
						{"origin": [9, 28.125, -7], "size": [2, 20, 18], "uv": [43, 53]},
						{"origin": [-8, 33.15, 5], "size": [17, 15, 6], "uv": [57, 25]},
						{"origin": [-10.025, 28, -11.025], "size": [21, 21, 0], "uv": [0, 94]},
						{"origin": [-10.025, 28, -11.025], "size": [0, 22, 4], "uv": [70, 121]},
						{"origin": [10.975, 28, -11.025], "size": [0, 21, 4], "uv": [0, 139]},
						{"origin": [-11, 28.15, -7], "size": [3, 22, 18], "uv": [0, 53]},
						{"origin": [-8, 28.125, -11], "size": [17, 5, 22], "uv": [0, 25]},
						{"origin": [-6, 33, -7], "size": [12, 10, 10], "uv": [74, 82]},
						{"origin": [7, 39, -10], "size": [7, 12, 10], "uv": [35, 121]},
						{"origin": [9.025, 31, -5], "size": [7, 12, 10], "uv": [115, 119]},
						{"origin": [5, 27, -12], "size": [8, 7, 10], "uv": [119, 81]},
						{"origin": [-9, 24, -4], "size": [13, 7, 10], "uv": [43, 103]},
						{"origin": [-4, 27, 4], "size": [13, 10, 10], "uv": [69, 47]},
						{"origin": [-4, 42, 4], "size": [13, 10, 10], "uv": [61, 0]},
						{"origin": [-9, 48, -4], "size": [13, 7, 10], "uv": [98, 11]},
						{"origin": [-8, 47, -13], "size": [12, 6, 9], "uv": [104, 29]},
						{"origin": [-9, 25, -13], "size": [14, 6, 9], "uv": [90, 103]},
						{"origin": [7, 33, 3], "size": [7, 12, 10], "uv": [80, 119]},
						{"origin": [-14, 33, 3], "size": [7, 12, 10], "uv": [106, 58]},
						{"origin": [-16, 31, -5], "size": [7, 12, 10], "uv": [0, 116]},
						{"origin": [-13.975, 43, -12], "size": [6, 8, 10], "uv": [135, 0]},
						{"origin": [-13, 26, -12], "size": [4, 8, 12], "uv": [131, 45]}
					]
				}
			]
		}
	]
}