{
	"format_version": "1.12.0",
	"minecraft:geometry": [
		{
			"description": {
				"identifier": "geometry.unknown",
				"texture_width": 128,
				"texture_height": 128,
				"visible_bounds_width": 4,
				"visible_bounds_height": 3.5,
				"visible_bounds_offset": [0, 1.25, 0]
			},
			"bones": [
				{
					"name": "registeel",
					"pivot": [0, 0, 0]
				},
				{
					"name": "body",
					"parent": "registeel",
					"pivot": [0.26133, 13.94653, 0],
					"rotation": [0, 180, 0]
				},
				{
					"name": "chest",
					"parent": "body",
					"pivot": [0.425, 8.1, 0],
					"cubes": [
						{"origin": [2.5, 10.075, -5], "size": [3, 5, 10], "uv": [73, 71]},
						{"origin": [-1.5, 10.075, -4], "size": [4, 5, 8], "uv": [85, 28]},
						{"origin": [-4.5, 10.075, -5], "size": [3, 5, 10], "uv": [76, 12]},
						{"origin": [-6.5, 8.075, -6], "size": [14, 2, 12], "uv": [0, 28]},
						{"origin": [-3.5, 10.075, -6], "size": [8, 5, 2], "uv": [69, 100]}
					]
				},
				{
					"name": "head",
					"parent": "chest",
					"pivot": [0.66496, 14.49909, 0],
					"cubes": [
						{"origin": [8.76133, 16.94653, -3.975], "size": [5, 9, 8], "uv": [0, 65]},
						{"origin": [-5.5, 14.075, -6], "size": [12, 15, 12], "uv": [0, 0]},
						{"origin": [-14.37704, 15.40136, -7], "size": [4, 7, 14], "pivot": [-5.16496, 28.49909, 0], "rotation": [0, 0, -37.5], "uv": [49, 0]},
						{"origin": [-6.48131, 13.39392, -6.95], "size": [5, 14, 1], "pivot": [-5.16496, 28.49909, 0], "rotation": [0, 0, -10], "uv": [13, 109]},
						{"origin": [2.46612, 13.54256, -6.875], "size": [5, 14, 1], "pivot": [5.16496, 28.49909, 0], "rotation": [0, 0, 10], "uv": [53, 109], "mirror": true},
						{"origin": [-8.76133, 17.94653, -7.025], "size": [4, 7, 14], "uv": [0, 43]},
						{"origin": [-6.64184, 23.21239, -7], "size": [4, 7, 14], "pivot": [-5.14728, 27.20136, 0], "rotation": [0, 0, 37.5], "uv": [39, 29]},
						{"origin": [-12.76133, 16.94653, -3.975], "size": [5, 9, 8], "uv": [27, 73]},
						{"origin": [3.4352, 22.60363, -7], "size": [4, 7, 14], "pivot": [5.14728, 27.20136, 0], "rotation": [0, 0, -37.5], "uv": [46, 59]},
						{"origin": [5.76133, 17.94653, -7.025], "size": [4, 7, 14], "uv": [62, 37]},
						{"origin": [11.1704, 16.01012, -7], "size": [4, 7, 14], "pivot": [5.16496, 28.49909, 0], "rotation": [0, 0, 37.5], "uv": [23, 51]}
					]
				},
				{
					"name": "eyes",
					"parent": "head",
					"pivot": [0.00357, 21.56964, 6.0625],
					"cubes": [
						{"origin": [0.75, 23.075, 6.05], "size": [2, 2, 0], "uv": [41, 28]},
						{"origin": [0.95, 23.25, 6.075], "size": [1, 1, 0], "uv": [44, 37]},
						{"origin": [0.95, 18.825, 6.075], "size": [1, 1, 0], "uv": [44, 35]},
						{"origin": [0.75, 18.075, 6.05], "size": [2, 2, 0], "uv": [5, 37]},
						{"origin": [2.95, 21.075, 6.075], "size": [1, 1, 0], "uv": [44, 33]},
						{"origin": [2.75, 20.575, 6.05], "size": [2, 2, 0], "uv": [37, 3]},
						{"origin": [-3.95, 21.075, 6.075], "size": [1, 1, 0], "uv": [23, 43]},
						{"origin": [-1.95, 23.25, 6.075], "size": [1, 1, 0], "uv": [33, 43]},
						{"origin": [-2.75, 23.075, 6.05], "size": [2, 2, 0], "uv": [0, 34]},
						{"origin": [-4.75, 20.575, 6.05], "size": [2, 2, 0], "uv": [5, 34]},
						{"origin": [-2.75, 18.075, 6.05], "size": [2, 2, 0], "uv": [0, 37]},
						{"origin": [-1.95, 18.825, 6.075], "size": [1, 1, 0], "uv": [36, 43]},
						{"origin": [-0.45, 21.15, 6.075], "size": [1, 1, 0], "uv": [44, 31]},
						{"origin": [-1, 20.575, 6.05], "size": [2, 2, 0], "uv": [37, 0]}
					]
				},
				{
					"name": "arm_left",
					"parent": "head",
					"pivot": [-10.51133, 19.44653, -0.65],
					"rotation": [0, -90, 90],
					"cubes": [
						{"origin": [-11.16671, 7.31213, -2.16627], "size": [3, 10, 3], "pivot": [-10.51133, 16.32153, 0.025], "rotation": [0, 0, 0], "uv": [23, 43]}
					]
				},
				{
					"name": "hand_left",
					"parent": "arm_left",
					"pivot": [-9.58302, 7.57729, -0.69944],
					"cubes": [
						{"origin": [-8.33302, 1.95229, 0.43806], "size": [1, 1, 0], "pivot": [-14.17764, 7.47027, 5.18104], "rotation": [0, 0, 0], "uv": [0, 43]},
						{"origin": [-12.58302, 1.45229, -1.61194], "size": [6, 6, 2], "pivot": [-14.17764, 7.47027, 5.18104], "rotation": [0, 0, 0], "uv": [75, 87]},
						{"origin": [-10.08302, 1.95229, 0.43806], "size": [1, 1, 0], "pivot": [-14.17764, 7.47027, 5.18104], "rotation": [0, 0, 0], "uv": [41, 37]},
						{"origin": [-11.83302, 1.95229, 0.43806], "size": [1, 1, 0], "pivot": [-14.17764, 7.47027, 5.18104], "rotation": [0, 0, 0], "uv": [10, 43]}
					]
				},
				{
					"name": "finger_left_1",
					"parent": "hand_left",
					"pivot": [-7.63441, 1.47417, -0.83811],
					"cubes": [
						{"origin": [-8.63441, -0.81333, -0.83811], "size": [2, 2.825, 0], "uv": [5, 31]}
					]
				},
				{
					"name": "fingertip_1",
					"parent": "finger_left_1",
					"pivot": [-7.63441, -0.82583, -0.83811],
					"cubes": [
						{"origin": [-8.63441, -3.63833, -0.83811], "size": [2, 2.825, 0], "uv": [0, 28]}
					]
				},
				{
					"name": "finger_left_2",
					"parent": "hand_left",
					"pivot": [-9.53441, 1.44739, -0.33633],
					"cubes": [
						{"origin": [-10.53441, -1.26511, -0.33633], "size": [2, 2.825, 0], "uv": [0, 31]}
					]
				},
				{
					"name": "fingertip_2",
					"parent": "finger_left_2",
					"pivot": [-9.53441, -1.27761, -0.33633],
					"cubes": [
						{"origin": [-10.53441, -4.09011, -0.33633], "size": [2, 2.825, 0], "uv": [5, 9]}
					]
				},
				{
					"name": "finger_left_3",
					"parent": "hand_left",
					"pivot": [-11.50941, 1.49917, -0.83811],
					"cubes": [
						{"origin": [-12.50941, -0.81333, -0.83811], "size": [2, 2.825, 0], "uv": [5, 28]}
					]
				},
				{
					"name": "fingertip_3",
					"parent": "finger_left_3",
					"pivot": [-11.50941, -0.82583, -0.83811],
					"cubes": [
						{"origin": [-12.50941, -3.63833, -0.83811], "size": [2, 2.825, 0], "uv": [0, 9]}
					]
				},
				{
					"name": "arm_right",
					"parent": "head",
					"pivot": [10.51133, 19.44653, -0.65],
					"rotation": [0, 90, -90],
					"cubes": [
						{"origin": [8.16671, 7.31213, -2.16627], "size": [3, 10, 3], "pivot": [10.51133, 16.32153, 0.025], "rotation": [0, 0, 0], "uv": [23, 43], "mirror": true}
					]
				},
				{
					"name": "hand_right",
					"parent": "arm_right",
					"pivot": [9.58302, 7.57729, -0.69944],
					"cubes": [
						{"origin": [7.33302, 1.95229, 0.43806], "size": [1, 1, 0], "pivot": [14.17764, 7.47027, 5.18104], "rotation": [0, 0, 0], "uv": [0, 43], "mirror": true},
						{"origin": [6.58302, 1.45229, -1.61194], "size": [6, 6, 2], "pivot": [14.17764, 7.47027, 5.18104], "rotation": [0, 0, 0], "uv": [85, 42], "mirror": true},
						{"origin": [9.08302, 1.95229, 0.43806], "size": [1, 1, 0], "pivot": [14.17764, 7.47027, 5.18104], "rotation": [0, 0, 0], "uv": [41, 37], "mirror": true},
						{"origin": [10.83302, 1.95229, 0.43806], "size": [1, 1, 0], "pivot": [14.17764, 7.47027, 5.18104], "rotation": [0, 0, 0], "uv": [10, 43], "mirror": true}
					]
				},
				{
					"name": "finger_right_1",
					"parent": "hand_right",
					"pivot": [7.63441, 1.47417, -0.83811],
					"cubes": [
						{"origin": [6.63441, -0.81333, -0.83811], "size": [2, 2.825, 0], "uv": [5, 31], "mirror": true}
					]
				},
				{
					"name": "fingertip_4",
					"parent": "finger_right_1",
					"pivot": [7.63441, -0.82583, -0.83811],
					"cubes": [
						{"origin": [6.63441, -3.63833, -0.83811], "size": [2, 2.825, 0], "uv": [0, 28], "mirror": true}
					]
				},
				{
					"name": "finger_right_2",
					"parent": "hand_right",
					"pivot": [9.53441, 1.44739, -0.33633],
					"cubes": [
						{"origin": [8.53441, -1.26511, -0.33633], "size": [2, 2.825, 0], "uv": [0, 31], "mirror": true}
					]
				},
				{
					"name": "fingertip_5",
					"parent": "finger_right_2",
					"pivot": [9.53441, -1.27761, -0.33633],
					"cubes": [
						{"origin": [8.53441, -4.09011, -0.33633], "size": [2, 2.825, 0], "uv": [5, 9], "mirror": true}
					]
				},
				{
					"name": "finger_right_3",
					"parent": "hand_right",
					"pivot": [11.50941, 1.49917, -0.83811],
					"cubes": [
						{"origin": [10.50941, -0.81333, -0.83811], "size": [2, 2.825, 0], "uv": [5, 28], "mirror": true}
					]
				},
				{
					"name": "fingertip_6",
					"parent": "finger_right_3",
					"pivot": [11.50941, -0.82583, -0.83811],
					"cubes": [
						{"origin": [10.50941, -3.63833, -0.83811], "size": [2, 2.825, 0], "uv": [0, 9], "mirror": true}
					]
				},
				{
					"name": "leg_left",
					"parent": "body",
					"pivot": [-3, 8.15, 0],
					"cubes": [
						{"origin": [-5.5, 5.075, -3.5], "size": [5, 4, 7], "uv": [69, 59]}
					]
				},
				{
					"name": "leg_left_1",
					"parent": "leg_left",
					"pivot": [-3, 5.125, 0],
					"cubes": [
						{"origin": [-5, 4.075, -3], "size": [4, 1, 6], "uv": [62, 28]},
						{"origin": [-6, 0.075, -4], "size": [6, 4, 8], "uv": [46, 83]}
					]
				},
				{
					"name": "leg_right",
					"parent": "body",
					"pivot": [4, 8, 0],
					"cubes": [
						{"origin": [1.5, 5.075, -3.5], "size": [5, 4, 7], "uv": [37, 0]}
					]
				},
				{
					"name": "leg_right_1",
					"parent": "leg_right",
					"pivot": [1, 14.5, 0],
					"cubes": [
						{"origin": [1, 0.075, -4], "size": [6, 4, 8], "uv": [0, 83]},
						{"origin": [2, 4.075, -3], "size": [4, 1, 6], "uv": [72, 0]}
					]
				}
			]
		}
	]
}