{
	"format_version": "1.12.0",
	"minecraft:geometry": [
		{
			"description": {
				"identifier": "geometry.unknown",
				"texture_width": 128,
				"texture_height": 128,
				"visible_bounds_width": 8,
				"visible_bounds_height": 4.5,
				"visible_bounds_offset": [0, 1.75, 0]
			},
			"bones": [
				{
					"name": "regigigas",
					"pivot": [0, 0, 0]
				},
				{
					"name": "body",
					"parent": "regigigas",
					"pivot": [0, 14.2, 0]
				},
				{
					"name": "chest",
					"parent": "body",
					"pivot": [0, 25.45, -1.45],
					"cubes": [
						{"origin": [-9.5, 13, -6.25], "size": [19, 26, 12], "uv": [0, 0]},
						{"origin": [3.5, 39, -0.25], "size": [6, 4, 0], "uv": [0, 44]},
						{"origin": [-9.5, 39, -0.25], "size": [6, 4, 0], "uv": [0, 39]},
						{"origin": [8.5, 25, -7.25], "size": [5, 16, 14], "uv": [62, 2]},
						{"origin": [-3.5, 28, -7.25], "size": [7, 15, 14], "uv": [0, 39]},
						{"origin": [-0.625, 40.175, -7.275], "size": [1, 1, 0], "uv": [69, 37]},
						{"origin": [1.6, 38.125, -7.275], "size": [1, 1, 0], "uv": [69, 36]},
						{"origin": [-2.65, 38.175, -7.275], "size": [1, 1, 0], "uv": [69, 36]},
						{"origin": [-0.625, 23.2, -7.275], "size": [1, 1, 0], "uv": [25, 69]},
						{"origin": [-0.625, 27.175, -7.275], "size": [1, 1, 0], "uv": [5, 69]},
						{"origin": [-0.625, 31.175, -7.275], "size": [1, 1, 0], "uv": [0, 69]},
						{"origin": [-0.625, 35.175, -7.275], "size": [1, 1, 0], "uv": [6, 69]},
						{"origin": [-2.5, 21, -7.25], "size": [5, 7, 2], "uv": [51, 0]},
						{"origin": [-13.5, 25, -7.25], "size": [5, 16, 14], "uv": [43, 39]}
					]
				},
				{
					"name": "buttons",
					"parent": "chest",
					"pivot": [0, 24.5, -6.30833],
					"cubes": [
						{"origin": [-7, 18.5, -6.35], "size": [2, 2, 0], "uv": [7, 0]},
						{"origin": [-7.5, 17.5, -6.3], "size": [3, 4, 0], "uv": [0, 0]},
						{"origin": [-8, 19, -6.275], "size": [4, 1, 0], "uv": [0, 10]},
						{"origin": [-7.5, 22.5, -6.3], "size": [3, 4, 0], "uv": [0, 5]},
						{"origin": [-8, 24, -6.275], "size": [4, 1, 0], "uv": [0, 49]},
						{"origin": [-7, 23.5, -6.35], "size": [2, 2, 0], "uv": [7, 3]},
						{"origin": [-7, 28.5, -6.35], "size": [2, 2, 0], "uv": [7, 6]},
						{"origin": [-7.5, 27.5, -6.3], "size": [3, 4, 0], "uv": [50, 39]},
						{"origin": [-8, 29, -6.275], "size": [4, 1, 0], "uv": [0, 51]},
						{"origin": [5, 18.5, -6.35], "size": [2, 2, 0], "uv": [29, 39]},
						{"origin": [4.5, 17.5, -6.3], "size": [3, 4, 0], "uv": [63, 33]},
						{"origin": [4, 19, -6.275], "size": [4, 1, 0], "uv": [51, 10]},
						{"origin": [4.5, 22.5, -6.3], "size": [3, 4, 0], "uv": [66, 0]},
						{"origin": [5, 23.5, -6.35], "size": [2, 2, 0], "uv": [29, 42]},
						{"origin": [4, 24, -6.275], "size": [4, 1, 0], "uv": [60, 10]},
						{"origin": [5, 28.5, -6.35], "size": [2, 2, 0], "uv": [9, 49]},
						{"origin": [4.5, 27.5, -6.3], "size": [3, 4, 0], "uv": [66, 5]},
						{"origin": [4, 29, -6.275], "size": [4, 1, 0], "uv": [63, 12]}
					]
				},
				{
					"name": "arm_left",
					"parent": "chest",
					"pivot": [13.65, 33, -0.25],
					"cubes": [
						{"origin": [13.5, 29, -4.25], "size": [14, 8, 8], "uv": [84, 51]}
					]
				},
				{
					"name": "arm_left_2",
					"parent": "arm_left",
					"pivot": [27.5, 33.425, -0.25],
					"cubes": [
						{"origin": [27.5, 28.5, -4.75], "size": [13, 9, 9], "uv": [30, 89]},
						{"origin": [39.5, 26, -7.25], "size": [5, 14, 14], "uv": [0, 69]}
					]
				},
				{
					"name": "finger_left_1",
					"parent": "arm_left_2",
					"pivot": [44.42819, 34.90901, -2.5],
					"cubes": [
						{"origin": [48.2198, 36.12518, -4.25], "size": [4, 3, 3], "pivot": [48.25319, 37.28401, -2.75], "rotation": [9.54589, -2.99318, -0.24998], "uv": [37, 121]},
						{"origin": [43.775, 36.05, -4.25], "size": [5, 3, 3], "pivot": [48.25319, 37.28401, -2.75], "rotation": [10, 0, -17.5], "uv": [104, 33]}
					]
				},
				{
					"name": "finger_left_2",
					"parent": "arm_left_2",
					"pivot": [44.45319, 32.95901, 2.325],
					"cubes": [
						{"origin": [48.2198, 33.62518, 2.525], "size": [4, 3, 3], "pivot": [48.25319, 34.78401, 4.025], "rotation": [-33.55917, -7.06167, 4.18875], "uv": [77, 121]},
						{"origin": [43.775, 33.55, 2.525], "size": [5, 3, 3], "pivot": [48.25319, 34.78401, 4.025], "rotation": [-30.45413, -16.39253, -10.95255], "uv": [93, 121]}
					]
				},
				{
					"name": "finger_left_3",
					"parent": "arm_left_2",
					"pivot": [44.27819, 32.35901, -2.075],
					"cubes": [
						{"origin": [46.4948, 29.02518, -4.45], "size": [4, 3, 3], "pivot": [46.52819, 30.18401, -2.95], "rotation": [150.03121, -1.91261, 9.97995], "uv": [78, 96]},
						{"origin": [42.53654, 30.98043, -4.80665], "size": [5, 3, 3], "pivot": [43.46303, 32.04171, -2.84531], "rotation": [150.68458, 6.79382, 25.18908], "uv": [96, 72]}
					]
				},
				{
					"name": "arm_right",
					"parent": "chest",
					"pivot": [-13.65, 33, -0.25],
					"cubes": [
						{"origin": [-27.5, 29, -4.25], "size": [14, 8, 8], "uv": [81, 103]}
					]
				},
				{
					"name": "arm_right_2",
					"parent": "arm_right",
					"pivot": [-27.4, 33.425, -0.25],
					"cubes": [
						{"origin": [-40.5, 28.5, -4.75], "size": [13, 9, 9], "uv": [67, 33]},
						{"origin": [-44.5, 26, -7.25], "size": [5, 14, 14], "uv": [68, 68]}
					]
				},
				{
					"name": "finger_right_1",
					"parent": "arm_right_2",
					"pivot": [-44.42819, 34.90901, -2.5],
					"cubes": [
						{"origin": [-52.2198, 36.12518, -4.25], "size": [4, 3, 3], "pivot": [-48.25319, 37.28401, -2.75], "rotation": [9.54589, 2.99318, 0.24998], "uv": [96, 96]},
						{"origin": [-48.775, 36.05, -4.25], "size": [5, 3, 3], "pivot": [-48.25319, 37.28401, -2.75], "rotation": [10, 0, 17.5], "uv": [13, 99]}
					]
				},
				{
					"name": "finger_right_2",
					"parent": "arm_right_2",
					"pivot": [-44.45319, 32.95901, 2.325],
					"cubes": [
						{"origin": [-52.2198, 33.62518, 2.525], "size": [4, 3, 3], "pivot": [-48.25319, 34.78401, 4.025], "rotation": [-33.55917, 7.06167, -4.18875], "uv": [37, 109]},
						{"origin": [-48.775, 33.55, 2.525], "size": [5, 3, 3], "pivot": [-48.25319, 34.78401, 4.025], "rotation": [-30.45413, 16.39253, 10.95255], "uv": [52, 80]}
					]
				},
				{
					"name": "finger_right_3",
					"parent": "arm_right_2",
					"pivot": [-44.27819, 32.35901, -2.075],
					"cubes": [
						{"origin": [-50.4948, 29.02518, -4.45], "size": [4, 3, 3], "pivot": [-46.52819, 30.18401, -2.95], "rotation": [150.03121, 1.91261, -9.97995], "uv": [1, 104]},
						{"origin": [-47.53654, 30.98043, -4.80665], "size": [5, 3, 3], "pivot": [-43.46303, 32.04171, -2.84531], "rotation": [150.68458, -6.79382, -25.18908], "uv": [53, 72]}
					]
				},
				{
					"name": "leg_left",
					"parent": "body",
					"pivot": [5, 13.175, 0],
					"cubes": [
						{"origin": [1.5, 6, -3.5], "size": [7, 8, 7], "uv": [100, 17]}
					]
				},
				{
					"name": "foot_left",
					"parent": "leg_left",
					"pivot": [5, 5.9875, 0],
					"cubes": [
						{"origin": [0.5, -0.3, -4.5], "size": [9, 7, 0], "uv": [0, 120], "mirror": true},
						{"origin": [0.5, 6.7, -4.5], "size": [9, 0, 9], "uv": [-9, 111]},
						{"origin": [9.5, -0.3, -4.5], "size": [0, 7, 9], "uv": [18, 111], "mirror": true},
						{"origin": [0.5, -0.3, -4.5], "size": [9, 0, 9], "uv": [9, 111], "mirror": true},
						{"origin": [0.5, -0.3, -4.5], "size": [0, 7, 9], "uv": [18, 111]},
						{"origin": [0.5, -0.3, 4.5], "size": [9, 7, 0], "uv": [0, 120], "mirror": true},
						{"origin": [1.5, 0, -3.5], "size": [7, 6, 7], "uv": [24, 69]}
					]
				},
				{
					"name": "leg_right",
					"parent": "body",
					"pivot": [-5, 13.275, 0],
					"cubes": [
						{"origin": [-8.5, 6, -3.5], "size": [7, 8, 7], "uv": [51, 108]}
					]
				},
				{
					"name": "foot_right",
					"parent": "leg_right",
					"pivot": [-5, 6.0375, 0],
					"cubes": [
						{"origin": [-8.5, 0, -3.5], "size": [7, 6, 7], "uv": [28, 39]},
						{"origin": [-9.5, -0.3, -4.5], "size": [0, 7, 9], "uv": [18, 111]},
						{"origin": [-9.5, -0.3, 4.5], "size": [9, 7, 0], "uv": [0, 120]},
						{"origin": [-0.5, -0.3, -4.5], "size": [0, 7, 9], "uv": [18, 111]},
						{"origin": [-9.5, -0.3, -4.5], "size": [9, 7, 0], "uv": [0, 120]},
						{"origin": [-9.5, 6.7, -4.5], "size": [9, 0, 9], "uv": [-9, 111]},
						{"origin": [-9.5, -0.3, -4.5], "size": [9, 0, 9], "uv": [9, 111], "mirror": true}
					]
				}
			]
		}
	]
}