{
	"format_version": "1.12.0",
	"minecraft:geometry": [
		{
			"description": {
				"identifier": "geometry.unknown",
				"texture_width": 256,
				"texture_height": 256,
				"visible_bounds_width": 6,
				"visible_bounds_height": 4.5,
				"visible_bounds_offset": [0, 1.75, 0]
			},
			"bones": [
				{
					"name": "regice",
					"pivot": [0, 0, 0]
				},
				{
					"name": "torso",
					"parent": "regice",
					"pivot": [0, 7.1, 0]
				},
				{
					"name": "chest",
					"parent": "torso",
					"pivot": [-0.01475, 26.321, -3.45748],
					"cubes": [
						{"origin": [-9, 7.225, -9], "size": [18, 2, 18], "pivot": [-0.03163, 23.78601, 0], "rotation": [0, -45, 0], "uv": [158, 133]},
						{"origin": [-11, 8.925, -11], "size": [22, 18, 22], "pivot": [-0.03163, 23.78601, 0], "rotation": [0, -45, 0], "uv": [23, 157]},
						{"origin": [-12.325, 21.225, 3.55], "size": [7, 7, 15], "pivot": [-8.825, 24.725, 14.78223], "rotation": [30.47234, 10.35277, -69.26949], "uv": [0, 95]},
						{"origin": [-13.96409, 21.725, 14.92132], "size": [5, 6, 5], "pivot": [-8.825, 24.725, 14.78223], "rotation": [46.55833, 46.60114, -37.8091], "uv": [75, 102]},
						{"origin": [8.96409, 21.725, 14.92132], "size": [5, 6, 5], "pivot": [8.825, 24.725, 14.78223], "rotation": [46.55833, -46.60114, 37.8091], "uv": [71, 79]},
						{"origin": [5.325, 21.225, 3.55], "size": [7, 7, 15], "pivot": [8.825, 24.725, 14.78223], "rotation": [30.47234, -10.35277, 69.26949], "uv": [86, 79]}
					]
				},
				{
					"name": "head",
					"parent": "chest",
					"pivot": [-0.35663, 26.88601, 0],
					"cubes": [
						{"origin": [-11.325, 34.675, 0.8], "size": [7, 7, 15], "pivot": [-7.825, 38.175, 12.03223], "rotation": [43.486, 21.48879, -66.65729], "uv": [45, 102]},
						{"origin": [-12.96409, 35.175, 12.17132], "size": [5, 6, 5], "pivot": [-7.825, 38.175, 12.03223], "rotation": [71.17133, 47.42576, -20.66349], "uv": [116, 79]},
						{"origin": [4.325, 34.675, 0.8], "size": [7, 7, 15], "pivot": [7.825, 38.175, 12.03223], "rotation": [43.486, -21.48879, 66.65729], "uv": [41, 79]},
						{"origin": [7.96409, 35.175, 12.17132], "size": [5, 6, 5], "pivot": [7.825, 38.175, 12.03223], "rotation": [71.17133, -47.42576, 20.66349], "uv": [53, 36]},
						{"origin": [-17.05729, 28.76694, -8], "size": [12, 12, 16], "pivot": [-0.03163, 23.78601, 0], "rotation": [-35.26439, -30, 54.73561], "uv": [179, 177]},
						{"origin": [-9, 26.925, -9], "size": [18, 13, 18], "pivot": [-0.03163, 23.78601, 0], "rotation": [0, -45, 0], "uv": [84, 217]}
					]
				},
				{
					"name": "eyes",
					"parent": "head",
					"pivot": [-0.01952, 35.3875, -10.8971],
					"cubes": [
						{"origin": [-0.17255, 36.925, -12.40441], "size": [2, 2, 0], "pivot": [0.32745, 35.425, -12.40441], "rotation": [0, -45, 0], "uv": [6, 20]},
						{"origin": [-2.075, 36.925, -9.425], "size": [2, 2, 0], "pivot": [-4.075, 35.425, -11.15], "rotation": [0, 45, 0], "uv": [5, 9]},
						{"origin": [-2.075, 34.425, -9.425], "size": [2, 2, 0], "pivot": [-4.075, 35.425, -11.15], "rotation": [0, 45, 0], "uv": [5, 9]},
						{"origin": [-0.17255, 34.425, -12.40441], "size": [2, 2, 0], "pivot": [0.32745, 35.425, -12.40441], "rotation": [0, -45, 0], "uv": [6, 20]},
						{"origin": [5.45, 34.425, -9.375], "size": [2, 2, 0], "pivot": [4.125, 35.425, -11.15], "rotation": [0, -45, 0], "uv": [1, 20], "mirror": true},
						{"origin": [2.7, 34.425, -9.375], "size": [2, 2, 0], "pivot": [4.125, 35.425, -11.15], "rotation": [0, -45, 0], "uv": [6, 20]},
						{"origin": [-0.17255, 31.925, -12.40441], "size": [2, 2, 0], "pivot": [0.32745, 35.425, -12.40441], "rotation": [0, -45, 0], "uv": [6, 20]},
						{"origin": [-2.075, 31.925, -9.425], "size": [2, 2, 0], "pivot": [-4.075, 35.425, -11.15], "rotation": [0, 45, 0], "uv": [5, 9]},
						{"origin": [-4.7, 34.425, -9.4], "size": [2, 2, 0], "pivot": [-4.125, 35.425, -11.15], "rotation": [0, 45, 0], "uv": [5, 9]},
						{"origin": [-7.45, 34.425, -9.4], "size": [2, 2, 0], "pivot": [-4.125, 35.425, -11.15], "rotation": [0, 45, 0], "uv": [0, 9]},
						{"origin": [-0.13058, 36.85, -12.36244], "size": [2, 2, 0], "inflate": 0.01, "pivot": [0.34442, 35.35, -12.38744], "rotation": [0, -45, 0], "uv": [25, 11]},
						{"origin": [-2.125, 36.85, -9.4], "size": [2, 2, 0], "inflate": 0.01, "pivot": [-4.075, 35.35, -11.15], "rotation": [0, 45, 0], "uv": [25, 11]},
						{"origin": [-2.125, 34.35, -9.4], "size": [2, 2, 0], "inflate": 0.01, "pivot": [-4.075, 35.35, -11.15], "rotation": [0, 45, 0], "uv": [25, 11]},
						{"origin": [-0.13058, 34.35, -12.36244], "size": [2, 2, 0], "inflate": 0.01, "pivot": [0.34442, 35.35, -12.38744], "rotation": [0, -45, 0], "uv": [25, 11]},
						{"origin": [2.75, 34.35, -9.35], "size": [2, 2, 0], "inflate": 0.01, "pivot": [4.125, 35.35, -11.15], "rotation": [0, -45, 0], "uv": [25, 11], "mirror": true},
						{"origin": [5.5, 34.35, -9.35], "size": [2, 2, 0], "inflate": 0.01, "pivot": [4.125, 35.35, -11.15], "rotation": [0, -45, 0], "uv": [20, 11], "mirror": true},
						{"origin": [-0.13058, 31.85, -12.36244], "size": [2, 2, 0], "inflate": 0.01, "pivot": [0.34442, 35.35, -12.38744], "rotation": [0, -45, 0], "uv": [25, 11]},
						{"origin": [-2.125, 31.85, -9.4], "size": [2, 2, 0], "inflate": 0.01, "pivot": [-4.075, 35.35, -11.15], "rotation": [0, 45, 0], "uv": [25, 11]},
						{"origin": [-4.75, 34.35, -9.375], "size": [2, 2, 0], "inflate": 0.01, "pivot": [-4.125, 35.35, -11.15], "rotation": [0, 45, 0], "uv": [25, 11]},
						{"origin": [-7.5, 34.35, -9.375], "size": [2, 2, 0], "inflate": 0.01, "pivot": [-4.125, 35.35, -11.15], "rotation": [0, 45, 0], "uv": [20, 11]}
					]
				},
				{
					"name": "arm_left",
					"parent": "chest",
					"pivot": [12.84815, 27.37796, -0.075],
					"rotation": [0, 0, -90],
					"cubes": [
						{"origin": [9.13634, 25.13835, -4.075], "size": [7, 7, 8], "pivot": [15.74419, 31.25551, -0.075], "rotation": [0, 0, -45], "uv": [82, 120]},
						{"origin": [10.4, 9.225, -5.075], "size": [10, 18, 10], "uv": [79, 16]}
					]
				},
				{
					"name": "hand_left",
					"parent": "arm_left",
					"pivot": [15.43628, 9.10372, -0.71185],
					"cubes": [
						{"origin": [-16.11366, -6.13835, -4.075], "size": [7, 7, 8], "pivot": [15.74419, -30.50551, -0.075], "rotation": [0, 0, 45], "uv": [0, 118]},
						{"origin": [17.31145, 2.16013, -3.95], "size": [3, 5, 3], "pivot": [15.89578, 4.96159, -2.45], "rotation": [-9.54589, -2.99318, -17.25002], "uv": [41, 81]},
						{"origin": [10.78473, 1.70518, -3.95], "size": [3, 5, 3], "pivot": [15.89578, 4.96159, -2.45], "rotation": [-9.54589, 2.99318, 17.25002], "uv": [41, 72]},
						{"origin": [13.85635, 1.19686, 0.4], "size": [3, 5, 3], "pivot": [15.75635, 4.17186, 1.9], "rotation": [7.5, 0, 0], "uv": [31, 66]}
					]
				},
				{
					"name": "arm_right",
					"parent": "chest",
					"pivot": [-12.84815, 27.37796, -0.075],
					"rotation": [0, 0, 90],
					"cubes": [
						{"origin": [-16.13634, 25.13835, -4.075], "size": [7, 7, 8], "pivot": [-15.74419, 31.25551, -0.075], "rotation": [0, 0, 45], "uv": [113, 37]},
						{"origin": [-20.4, 9.225, -5.075], "size": [10, 18, 10], "uv": [0, 66]}
					]
				},
				{
					"name": "hand_right",
					"parent": "arm_right",
					"pivot": [-15.43628, 9.12872, -0.71185],
					"cubes": [
						{"origin": [9.11366, -6.13835, -4.075], "size": [7, 7, 8], "pivot": [-15.74419, -30.50551, -0.075], "rotation": [0, 0, -45], "uv": [109, 63]},
						{"origin": [-20.31145, 2.16013, -3.95], "size": [3, 5, 3], "pivot": [-15.89578, 4.96159, -2.45], "rotation": [-9.54589, 2.99318, 17.25002], "uv": [62, 0]},
						{"origin": [-16.85635, 1.19686, 0.4], "size": [3, 5, 3], "pivot": [-15.75635, 4.17186, 1.9], "rotation": [7.5, 0, 0], "uv": [0, 36]},
						{"origin": [-13.78473, 1.70518, -3.95], "size": [3, 5, 3], "pivot": [-15.89578, 4.96159, -2.45], "rotation": [-9.54589, -2.99318, -17.25002], "uv": [0, 0]}
					]
				},
				{
					"name": "leg_right",
					"parent": "torso",
					"pivot": [-6.09428, 7.2198, -0.0403],
					"cubes": [
						{"origin": [-12, -1.625, -2], "size": [6, 6, 4], "pivot": [-4, -0.575, 0], "rotation": [0, 0, 45], "uv": [128, 98]},
						{"origin": [-7.075, 3.76865, -6.07335], "size": [3, 5, 12], "pivot": [-6.075, 6.25241, -0.0467], "rotation": [-45, 0, 90], "uv": [113, 4]},
						{"origin": [-7.075, 3.75761, -6.06447], "size": [3, 5, 12], "pivot": [-6.075, 6.25241, -0.0467], "rotation": [0, 0, 90], "uv": [109, 108]},
						{"origin": [-7.075, 0.23312, -2.53782], "size": [3, 12, 5], "pivot": [-6.075, 6.25241, -0.0467], "rotation": [-45, 0, 90], "uv": [113, 126]},
						{"origin": [-7.075, 0.22208, -2.52893], "size": [3, 12, 5], "pivot": [-6.075, 6.25241, -0.0467], "rotation": [0, 0, 90], "uv": [65, 125]}
					]
				},
				{
					"name": "leg_left",
					"parent": "torso",
					"pivot": [6.09428, 7.2198, -0.0403],
					"cubes": [
						{"origin": [6, -1.625, -2], "size": [6, 6, 4], "pivot": [4, -0.575, 0], "rotation": [0, 0, -45], "uv": [120, 22]},
						{"origin": [5.075, 2.76865, -6.07335], "size": [3, 5, 12], "pivot": [6.075, 5.25241, -0.0467], "rotation": [-45, 0, -90], "uv": [90, 102]},
						{"origin": [5.075, 2.75761, -6.06447], "size": [3, 5, 12], "pivot": [6.075, 5.25241, -0.0467], "rotation": [0, 0, -90], "uv": [94, 45]},
						{"origin": [5.075, -0.76688, -2.53782], "size": [3, 12, 5], "pivot": [6.075, 5.25241, -0.0467], "rotation": [-45, 0, -90], "uv": [48, 125]},
						{"origin": [5.075, -0.77792, -2.52893], "size": [3, 12, 5], "pivot": [6.075, 5.25241, -0.0467], "rotation": [0, 0, -90], "uv": [31, 120]}
					]
				}
			]
		}
	]
}