{
	"format_version": "1.12.0",
	"minecraft:geometry": [
		{
			"description": {
				"identifier": "geometry.unknown",
				"texture_width": 128,
				"texture_height": 128,
				"visible_bounds_width": 4,
				"visible_bounds_height": 3.5,
				"visible_bounds_offset": [0, 1.25, 0]
			},
			"bones": [
				{
					"name": "regirock",
					"pivot": [0, 0, 0]
				},
				{
					"name": "regirock1",
					"parent": "regirock",
					"pivot": [0, 0, 0],
					"rotation": [0, 180, 0]
				},
				{
					"name": "body",
					"parent": "regirock1",
					"pivot": [0.07786, 17.73173, -6.31587]
				},
				{
					"name": "chest",
					"parent": "body",
					"pivot": [0.11679, 19.66771, -5.6687],
					"cubes": [
						{"origin": [-6.5, 8.075, -5], "size": [13, 8, 10], "uv": [0, 20]},
						{"origin": [-8, 16.075, -6], "size": [16, 7, 12], "uv": [0, 0]},
						{"origin": [-2.5, 3.825, -3.7], "size": [5, 5, 5], "pivot": [0, 12.075, 0], "rotation": [-37.5, 0, 0], "uv": [97, 73]},
						{"origin": [-4.07284, 7.03845, -12.9937], "size": [7, 5, 7], "pivot": [0.11679, 13.44271, -9.4937], "rotation": [90, -7.5, -90], "uv": [76, 39]},
						{"origin": [-2.99086, 10.45962, -12.4937], "size": [5, 6, 6], "pivot": [0.11679, 13.44271, -9.4937], "rotation": [90, -17.5, -90], "uv": [71, 91]},
						{"origin": [-3.12286, 15.73756, -11.9937], "size": [4, 3, 5], "pivot": [0.11679, 13.44271, -9.4937], "rotation": [90, -30, -90], "uv": [87, 52]},
						{"origin": [-2.39786, 21.76256, -10.9437], "size": [3, 3, 4], "pivot": [0.61679, 20.46771, -9.4437], "rotation": [90, -42.5, -90], "uv": [108, 56]},
						{"origin": [-2.49086, 18.48462, -11.4437], "size": [4, 4, 5], "pivot": [0.61679, 20.46771, -9.4437], "rotation": [90, -30, -90], "uv": [0, 100]},
						{"origin": [-3.57284, 15.06345, -11.9437], "size": [6, 5, 6], "pivot": [0.61679, 20.46771, -9.4437], "rotation": [90, -20, -90], "uv": [52, 85]},
						{"origin": [-4.07284, 19.78845, -7.9937], "size": [5, 6, 5], "pivot": [0.11679, 25.19271, -5.4937], "rotation": [90, -35, -90], "uv": [45, 97]},
						{"origin": [-2.99086, 24.75962, -7.6687], "size": [4, 4, 4], "pivot": [0.11679, 24.74271, -5.6687], "rotation": [90, -45, -90], "uv": [90, 102]}
					]
				},
				{
					"name": "arm_left",
					"parent": "chest",
					"pivot": [-7.00137, 21.05851, 0.31763],
					"cubes": [
						{"origin": [-16.95352, 20.044, -4.975], "size": [9, 7, 10], "pivot": [-10.95137, 18.15851, 0.31763], "rotation": [0, 0, 15], "uv": [0, 39], "mirror": true},
						{"origin": [-17.146, 25.16775, -4.475], "size": [6, 6, 9], "pivot": [-11.45137, 18.15851, 0.31763], "rotation": [0, 0, 25], "uv": [55, 69], "mirror": true},
						{"origin": [-19.01415, 29.17289, -3.975], "size": [5, 5, 8], "pivot": [-11.45137, 18.15851, 0.31763], "rotation": [0, 0, 37.5], "uv": [78, 77], "mirror": true}
					]
				},
				{
					"name": "arm_left2",
					"parent": "arm_left",
					"pivot": [-11.60137, 20.30851, 0.31763],
					"cubes": [
						{"origin": [-15.82343, 9.92425, -2.26623], "size": [6, 4, 6], "pivot": [-10.95137, 18.15851, 0.31763], "rotation": [0.66963, -14.98539, 12.41193], "uv": [99, 27]},
						{"origin": [-15.69105, 13.71383, -2.54083], "size": [6, 3, 6], "pivot": [-10.95137, 18.15851, 0.31763], "rotation": [0, 5, 15], "uv": [102, 46]},
						{"origin": [-15.36837, 16.40843, -2.37985], "size": [6, 4, 6], "pivot": [-10.95137, 18.15851, 0.31763], "rotation": [-1.3378, -14.94159, 20.17544], "uv": [94, 91]}
					]
				},
				{
					"name": "arm_left3",
					"parent": "arm_left2",
					"pivot": [-14.72662, 11.07172, 0.025],
					"cubes": [
						{"origin": [-18.39044, 1.94265, -4.975], "size": [9, 3, 10], "pivot": [-10.95137, 18.15851, 0.31763], "rotation": [0, 0, 5], "uv": [29, 47]},
						{"origin": [-17.39044, 4.69265, -3.975], "size": [7, 6, 8], "pivot": [-10.95137, 18.15851, 0.31763], "rotation": [0, 0, 5], "uv": [0, 74]}
					]
				},
				{
					"name": "arm_right",
					"parent": "chest",
					"pivot": [7.00137, 21.05851, 0.31763],
					"cubes": [
						{"origin": [7.95352, 20.044, -4.975], "size": [9, 7, 10], "pivot": [10.95137, 18.15851, 0.31763], "rotation": [0, 0, -15], "uv": [39, 29]},
						{"origin": [11.146, 25.16775, -4.475], "size": [6, 6, 9], "pivot": [11.45137, 18.15851, 0.31763], "rotation": [0, 0, -25], "uv": [33, 61]},
						{"origin": [14.01415, 29.17289, -3.975], "size": [5, 5, 8], "pivot": [11.45137, 18.15851, 0.31763], "rotation": [0, 0, -37.5], "uv": [31, 77]}
					]
				},
				{
					"name": "arm_right2",
					"parent": "arm_right",
					"pivot": [11.60137, 20.30851, 0.31763],
					"cubes": [
						{"origin": [9.82343, 9.92425, -2.26623], "size": [6, 4, 6], "pivot": [10.95137, 18.15851, 0.31763], "rotation": [0.66963, 14.98539, -12.41193], "uv": [25, 91]},
						{"origin": [9.69105, 13.71383, -2.54083], "size": [6, 3, 6], "pivot": [10.95137, 18.15851, 0.31763], "rotation": [0, -5, -15], "uv": [48, 0]},
						{"origin": [9.36837, 16.40843, -2.37985], "size": [6, 4, 6], "pivot": [10.95137, 18.15851, 0.31763], "rotation": [-1.3378, 14.94159, -20.17544], "uv": [0, 89]}
					]
				},
				{
					"name": "arm_right3",
					"parent": "arm_right2",
					"pivot": [14.72662, 11.07172, 0.025],
					"cubes": [
						{"origin": [9.39044, 1.94265, -4.975], "size": [9, 3, 10], "pivot": [10.95137, 18.15851, 0.31763], "rotation": [0, 0, -5], "uv": [51, 10]},
						{"origin": [10.39044, 4.69265, -3.975], "size": [7, 6, 8], "pivot": [10.95137, 18.15851, 0.31763], "rotation": [0, 0, -5], "uv": [68, 24]}
					]
				},
				{
					"name": "head",
					"parent": "chest",
					"pivot": [-0.00625, 22.98438, 2.62813],
					"cubes": [
						{"origin": [1.2, 28, 3.075], "size": [1, 1, 0], "uv": [0, 6]},
						{"origin": [1.2, 24.075, 3.075], "size": [1, 1, 0], "uv": [3, 4]},
						{"origin": [1.2, 26.075, 3.075], "size": [1, 1, 0], "uv": [0, 4]},
						{"origin": [-2.2, 26.075, 3.075], "size": [1, 1, 0], "uv": [0, 0]},
						{"origin": [-2.2, 28, 3.075], "size": [1, 1, 0], "uv": [0, 2]},
						{"origin": [-2.2, 24.075, 3.075], "size": [1, 1, 0], "uv": [3, 0]},
						{"origin": [-0.55, 26.1, 3.075], "size": [1, 1, 0], "uv": [3, 2]},
						{"origin": [1.25, 24.025, 3.05], "size": [1, 1, 0], "uv": [9, 4]},
						{"origin": [-2.15, 24.025, 3.05], "size": [1, 1, 0], "uv": [9, 0]},
						{"origin": [-2.15, 26.025, 3.05], "size": [1, 1, 0], "uv": [6, 0]},
						{"origin": [-0.5, 26.05, 3.05], "size": [1, 1, 0], "uv": [9, 2]},
						{"origin": [1.25, 26.025, 3.05], "size": [1, 1, 0], "uv": [6, 4]},
						{"origin": [1.25, 27.95, 3.05], "size": [1, 1, 0], "uv": [6, 6]},
						{"origin": [-2.15, 27.95, 3.05], "size": [1, 1, 0], "uv": [6, 2]},
						{"origin": [-4, 23.075, -4], "size": [8, 7, 7], "uv": [80, 0]}
					]
				},
				{
					"name": "leg_left",
					"parent": "body",
					"pivot": [-6.1, 11.05, 0],
					"cubes": [
						{"origin": [-10, 4.075, -4.5], "size": [7, 7, 9], "uv": [60, 52]}
					]
				},
				{
					"name": "leg_left2",
					"parent": "leg_left",
					"pivot": [-6.5, 4.2, 0],
					"cubes": [
						{"origin": [-8.5, 3.075, -3], "size": [4, 1, 6], "uv": [102, 38]},
						{"origin": [-9.5, 0.075, -4], "size": [6, 3, 8], "uv": [91, 15]}
					]
				},
				{
					"name": "leg_right",
					"parent": "body",
					"pivot": [6.125, 11.19167, 0],
					"cubes": [
						{"origin": [3, 4.075, -4.5], "size": [7, 7, 9], "uv": [0, 57]}
					]
				},
				{
					"name": "leg_right2",
					"parent": "leg_right",
					"pivot": [6.5, 4.1, 0],
					"cubes": [
						{"origin": [3.5, 0.075, -4], "size": [6, 3, 8], "uv": [87, 61]},
						{"origin": [4.5, 3.075, -3], "size": [4, 1, 6], "uv": [19, 102]}
					]
				}
			]
		}
	]
}