{
	"format_version": "1.8.0",
	"animations": {
		"animation.megalucario.ground_idle": {
			"loop": true,
			"bones": {
				"arm_left": {
					"rotation": [6.32526, -10.80355, "41.9013+Math.sin(query.anim_time * 60*2-3) * -2"]
				},
				"arm_left2": {
					"rotation": [2.5324, 27.33647, "8.3201+Math.sin(query.anim_time * 60*2-3) * -2"]
				},
				"hand_left": {
					"rotation": [0, 0, 12.5]
				},
				"figner_front_left": {
					"rotation": [0, 0, 20]
				},
				"figner_back_left": {
					"rotation": [0, 0, 12.5]
				},
				"head": {
					"rotation": [5, 0, 0]
				},
				"dread_left": {
					"rotation": ["-20+Math.sin(query.anim_time * 25*4-3) * -8", 0, 0],
					"position": [-0.375, 0, 0]
				},
				"dread_left2": {
					"rotation": ["0+Math.sin(query.anim_time * 60*2-3) * -6 ", "0+Math.sin(query.anim_time * 60+ 60) * -2", 0]
				},
				"dread_back_left": {
					"rotation": ["-20+Math.sin(query.anim_time * 25*4-3) * 8", 0, 0]
				},
				"dread_back_left2": {
					"rotation": ["0+Math.sin(query.anim_time * 60*2-3) * 6 ", 0, 0]
				},
				"dread_back_right": {
					"rotation": ["-20+Math.sin(query.anim_time * 25*4-3) * -8", 0, 0]
				},
				"dread_back_right2": {
					"rotation": ["0+Math.sin(query.anim_time * 60*2-3) * -6 ", 0, 0]
				},
				"leg_left": {
					"rotation": [5, -5, 0]
				},
				"leg_left2": {
					"rotation": [0, -7.5, 0]
				},
				"leg_left4": {
					"rotation": [7.5, 0, 0]
				},
				"foot_left": {
					"rotation": [-2.5, 0, 0]
				},
				"foot_left2": {
					"rotation": [-7.5, 0, 0]
				},
				"leg_right": {
					"rotation": [0, 5, 0]
				},
				"figner_center_left": {
					"rotation": [0, 0, 5]
				},
				"shoulder_left": {
					"rotation": [0, 0, 10]
				},
				"dread_right": {
					"rotation": ["-20+Math.sin(query.anim_time * 25*4-3) * 8", 0, 0],
					"position": [0.375, 0, 0]
				},
				"dread_right2": {
					"rotation": ["0+Math.sin(query.anim_time * 60*2-3) * 6 ", "0+Math.sin(query.anim_time * 60+ 60) * 2", 0]
				},
				"shoulder_right": {
					"rotation": [0, 0, -10]
				},
				"arm_right": {
					"rotation": [2.61298, 9.65594, "-37.2793+Math.sin(query.anim_time * 60*2-3) * 2"]
				},
				"arm_right2": {
					"rotation": [4.6653, -16.88547, "-15.6928+Math.sin(query.anim_time * 60*2-3) * 2"]
				},
				"hand_right": {
					"rotation": [0, 0, -10]
				},
				"figner_front_right": {
					"rotation": [0, 0, -22.5]
				},
				"figner_center_right": {
					"rotation": [0, 0, -10]
				},
				"figner_back_right": {
					"rotation": [0, 0, -27.5]
				},
				"tail": {
					"rotation": ["-20-20+Math.sin(query.anim_time * 25*4-3) * 8", 0, 0],
					"position": [0, 0, 0.5]
				},
				"tail2": {
					"rotation": ["20+Math.sin(query.anim_time * 30*4-3) * -6", 0, 0]
				},
				"tail3": {
					"rotation": [27.5, 0, 0]
				},
				"tail_end": {
					"rotation": [-17.5, 0, 0]
				},
				"waist": {
					"rotation": [0, 0, 0]
				},
				"taileend": {
					"rotation": ["0+Math.sin(query.anim_time * 60*2-3) * -6", 0, 0]
				},
				"left": {
					"rotation": [0, -20, 0],
					"position": [0, 0, 0.25]
				},
				"front": {
					"rotation": [55, 0, 0],
					"position": [0, 0, 0.2]
				},
				"right": {
					"rotation": [0, 20, 0],
					"position": [0, 0, 0.25]
				},
				"dread_left2_end": {
					"rotation": ["0+Math.sin(query.anim_time * 60*2-3) * -8", 0, 0]
				},
				"dread_right2_end": {
					"rotation": ["0+Math.sin(query.anim_time * 60*2-3) * 8", 0, 0]
				}
			}
		},
		"animation.megalucario.ground_walk": {
			"loop": true,
			"animation_length": 1,
			"bones": {
				"body": {
					"position": [0, "0 - (12/21) + math.abs(math.sin(((query.anim_time) - (1/4)) * 90 * 4+40) * (12/21))", 0]
				},
				"torso": {
					"rotation": [0, "0 - math.sin(((query.anim_time) - (0.25/4)) * 90 * 4) * 0", 0]
				},
				"head": {
					"rotation": ["math.clamp(math.sin(((query.anim_time) - (0.75/4)) * 90 * 8) * 0.6, 0, 0.6)", 0, 0],
					"position": [0, 0, "0 - (0 / 10)"]
				},
				"arm_left2": {
					"rotation": [0, "-0+math.clamp(math.sin(((query.anim_time) + (0.75/4)) * 90 * 4+90) * 12, 0, 12)", 0]
				},
				"arm_right2": {
					"rotation": [0, "0- math.clamp(math.sin(((query.anim_time) - (0.75/4)) * 90 * 4+90) * 12, 0, 12)", 0]
				},
				"torso2": {
					"rotation": [0, "0 - math.sin(((query.anim_time) - (0.5/4)) * 90 * 4) * 0", 0]
				},
				"leg_left": {
					"rotation": [
						"math.sin((query.anim_time) * 90 * 4+270) * 7.5",
						0,
						"0 - 0 + (math.clamp((math.sin(((query.anim_time - (1.75 / 4))) * 180 * 4) * 1) - math.clamp((math.sin(((query.anim_time - (1.75 / 4))) * 90 * 4) * 2), 0, 1), 0, 1)) * 0"
					],
					"position": [0, "math.clamp(math.sin(((query.anim_time) + (1/4)) * 90 * 4) * 0.1, 0, 0.1)", 0]
				},
				"leg_left2": {
					"rotation": {
						"0.0": [-18, 0, 0],
						"0.125": [-11.75, 0, 0],
						"0.2083": [-0.5, 0, 0],
						"0.3333": [11, 0, 0],
						"0.4167": [14.5, 0, 0],
						"0.5": [13.5, 0, 0],
						"0.6667": [6, 0, 0],
						"0.8333": [-12.5, 0, 0],
						"0.875": [-17.55, 0, 0]
					}
				},
				"foot_left": {
					"rotation": ["0 - math.clamp(math.sin(((query.anim_time) - (0.75/4)) * 90 * 4) * 0, -0, 0)", 0, 0]
				},
				"tail": {
					"rotation": ["-20-20+Math.sin(query.anim_time * 90*4-3) * 8", 0, 0],
					"position": [0, 0, 0.5]
				},
				"tail2": {
					"rotation": ["20+Math.sin(query.anim_time * 90*4-3) * -6", 0, 0]
				},
				"tail3": {
					"rotation": [25, "6*(math.sin(q.anim_time*90*4-90)*1)+7*(math.sin(q.anim_time*150*0/2-150)*1)", 0]
				},
				"arm_left": {
					"rotation": [0, "0 - math.sin(((query.anim_time) - (0.5/4)) * 90 * 4+90) * 20", 65]
				},
				"arm_right": {
					"rotation": [0, "0 - math.sin(((query.anim_time) - (0.5/4)) * 90 * 4+90) * 20", -65]
				},
				"knee_left": {
					"rotation": ["0 - math.clamp(math.sin(((query.anim_time) - (0.75/4)) * 90 * 4) * 11, -11, 0)", 0, 0]
				},
				"knee_right": {
					"rotation": ["math.clamp(math.sin(((query.anim_time) - (0.75/4)) * 90 * 4) * 11, 0, 11)", 0, 0]
				},
				"dread_left": {
					"rotation": ["-20+Math.sin(query.anim_time * 90*4-3) * -8", 0, 0],
					"position": [-0.375, 0, 0]
				},
				"dread_right": {
					"rotation": ["-20+Math.sin(query.anim_time * 90*4-3) * 8", 0, 0],
					"position": [0.375, 0, 0]
				},
				"hand_left2": {
					"rotation": [0, 0, 35]
				},
				"hand_right2": {
					"rotation": [0, 0, -30]
				},
				"leg_left3": {
					"rotation": {
						"0.0": [29.95, 0, 0],
						"0.125": [10.55, 0, 0],
						"0.25": [4.35, 0, 0],
						"0.5": [11, 0, 0],
						"0.625": [25.25, 0, 0],
						"0.7917": [50.2, 0, 0],
						"0.875": [53.33, 0, 0],
						"1.0": [29.95, 0, 0]
					}
				},
				"finger_right_front": {
					"rotation": [0, 0, -25]
				},
				"finger_right_middle": {
					"rotation": [0, 0, -20]
				},
				"finger_right_back": {
					"rotation": [0, 0, -25]
				},
				"finger_left_front": {
					"rotation": [0, 0, 25]
				},
				"finger_left_middle": {
					"rotation": [0, 0, 20]
				},
				"finger_left_back": {
					"rotation": [0, 0, 25]
				},
				"aura_sensor_right_outer": {
					"rotation": ["math.clamp(math.sin(((query.anim_time) + (0.75/4)) * 90 * 8) * 0.5, 0, 0.5)", 0, 0]
				},
				"aura_sensor_right_inner": {
					"rotation": ["math.clamp(math.sin(((query.anim_time) + (0.75/4)) * 90 * 8) * 0.5, 0, 0.5)", 0, 0]
				},
				"aura_sensor_left_outer": {
					"rotation": ["math.clamp(math.sin(((query.anim_time) + (0.75/4)) * 90 * 8) * 0.5, 0, 0.5)", 0, 0]
				},
				"aura_sensor_left_inner": {
					"rotation": ["math.clamp(math.sin(((query.anim_time) + (0.75/4)) * 90 * 8) * 0.5, 0, 0.5)", 0, 0]
				},
				"foot_left3": {
					"rotation": {
						"0.0": [-8.42, 0, 0],
						"0.125": [-5.57, 0, 0],
						"0.2083": [-4.6, 0, 0],
						"0.2917": [-9, 0, 0],
						"0.375": [-23.6, 0, 0],
						"0.4167": [-25.8, 0, 0],
						"0.5": [-22.8, 0, 0],
						"0.6667": [-21.24, 0, 0],
						"1.0": [-9.84, 0, 0]
					}
				},
				"leg_right": {
					"rotation": [
						"math.sin((query.anim_time) * 90 * 4+90) * 7.5",
						0,
						"0 - (math.clamp((math.sin(((query.anim_time + (0.25 / 4))) * 180 * 4) * 1) - math.clamp((math.sin(((query.anim_time + (0.25 / 4))) * 90 * 4) * 2), 0, 1), 0, 1)) * 0"
					],
					"position": [0, "math.clamp(math.sin(((query.anim_time) - (1/4)) * 90 * 4) * 0.1, 0, 0.1)", 0]
				},
				"leg_right2": {
					"rotation": {
						"0.0": [13.5, 0, 0],
						"0.1667": [6, 0, 0],
						"0.3333": [-12.5, 0, 0],
						"0.375": [-17.55, 0, 0],
						"0.5": [-19, 0, 0],
						"0.625": [-12.75, 0, 0],
						"0.7083": [-1.5, 0, 0],
						"0.8333": [10, 0, 0],
						"0.9167": [13.5, 0, 0]
					}
				},
				"leg_right3": {
					"rotation": {
						"0.0": [12, 0, 0],
						"0.125": [25.25, 0, 0],
						"0.2917": [50.2, 0, 0],
						"0.375": [53.33, 0, 0],
						"0.5": [29.95, 0, 0],
						"0.625": [11.55, 0, 0],
						"0.75": [5.35, 0, 0],
						"1.0": [12, 0, 0]
					}
				},
				"foot_right": {
					"rotation": ["math.clamp(math.sin(((query.anim_time) - (0.75/4)) * 90 * 4) * 0, 0, 0)", 0, 0]
				},
				"foot_right3": {
					"rotation": {
						"0.0": [-22.8, 0, 0],
						"0.1667": [-21.24, 0, 0],
						"0.625": [-5.57, 0, 0],
						"0.7083": [-4.6, 0, 0],
						"0.7917": [-9, 0, 0],
						"0.875": [-23.6, 0, 0],
						"0.9167": [-25.8, 0, 0],
						"1.0": [-22.8, 0, 0]
					}
				},
				"waist": {
					"rotation": [-2.5, 0, 0],
					"position": {
						"0.1667": [0, 0, 0],
						"0.25": [0, -0.1, 0],
						"0.375": [0, 0, 0],
						"0.6667": [0, 0, 0],
						"0.75": [0, -0.1, 0],
						"0.875": [0, 0, 0]
					}
				},
				"chest": {
					"rotation": [5, 0, 0]
				},
				"foot_right2": {
					"rotation": {
						"0.0": [10, 0, 0],
						"0.5833": [-6.37, 0, 0],
						"0.6667": [-7.5, 0, 0],
						"0.75": [-7.5, 0, 0],
						"0.8333": [-2.5, 0, 0],
						"0.875": [5, 0, 0],
						"0.9167": [9.8, 0, 0],
						"1.0": [10, 0, 0]
					}
				},
				"foot_left2": {
					"rotation": {
						"0.0": [-4.03, 0, 0],
						"0.0833": [-6.37, 0, 0],
						"0.1667": [-7.5, 0, 0],
						"0.25": [-7.5, 0, 0],
						"0.3333": [-2.5, 0, 0],
						"0.375": [5, 0, 0],
						"0.4167": [9.8, 0, 0],
						"0.5": [10, 0, 0],
						"1.0": [-4.03, 0, 0]
					}
				},
				"front": {
					"rotation": [55, 0, 0],
					"position": [0, 0, 0.2]
				},
				"right": {
					"rotation": [0, 20, 0],
					"position": [0, 0, 0.25]
				},
				"left": {
					"rotation": [0, -20, 0],
					"position": [0, 0, 0.25]
				},
				"dread_left2": {
					"rotation": ["0+Math.sin(query.anim_time * 90*2-3) * -6 ", "0+Math.sin(query.anim_time * 90+90) * -2", 0]
				},
				"dread_left2_end": {
					"rotation": ["0+Math.sin(query.anim_time * 90*2-3) * -8", 0, 0]
				},
				"dread_back_left": {
					"rotation": ["-20+Math.sin(query.anim_time * 90*4-3) * 8", 0, 0]
				},
				"dread_back_left2": {
					"rotation": ["0+Math.sin(query.anim_time * 90*2-3) * 6 ", 0, 0]
				},
				"dread_right2": {
					"rotation": ["0+Math.sin(query.anim_time * 90*2-3) * 6 ", "0+Math.sin(query.anim_time * 90+90) * 2", 0]
				},
				"dread_right2_end": {
					"rotation": ["0+Math.sin(query.anim_time * 90*2-3) * 8", 0, 0]
				},
				"dread_back_right": {
					"rotation": ["-20+Math.sin(query.anim_time * 90*4-3) * -8", 0, 0]
				},
				"dread_back_right2": {
					"rotation": ["0+Math.sin(query.anim_time * 90*2-3) * -6 ", 0, 0]
				},
				"taileend": {
					"rotation": ["20+Math.sin(query.anim_time * 90*4-3) * -6", 0, 0]
				},
				"leg_right4": {
					"rotation": ["math.clamp(math.sin(((query.anim_time) - (0.75/4)) * 90 * 4) * 11, 0, 11)", 0, 0]
				},
				"leg_left4": {
					"rotation": ["0 - math.clamp(math.sin(((query.anim_time) - (0.75/4)) * 90 * 4) * 11, -11, 0)", 0, 0]
				}
			}
		},
		"animation.megalucario.water_idle": {
			"loop": true,
			"bones": {
				"body": {
					"rotation": ["-math.clamp(math.sin(q.anim_time*90*2+80)*0.5,0,0.5)-math.clamp(math.sin(q.anim_time*90*2+80)*0.5,-0.5,0)", 0, 0],
					"position": [0, "-math.clamp(math.sin(q.anim_time*90*2-45)*0.25,0,0.25)-math.clamp(math.sin(q.anim_time*90*2-45)*0.25,-0.25,0)-0.5", 0]
				},
				"torso": {
					"rotation": [-5, 0, 0]
				},
				"tail": {
					"rotation": ["-20-20+Math.sin(query.anim_time * 25*4-3) * 8", 0, 0],
					"position": [0, 0, 0.5]
				},
				"tail2": {
					"rotation": ["20+Math.sin(query.anim_time * 30*4-3) * -6", 0, 0]
				},
				"tail3": {
					"rotation": [35, "4*(math.sin(q.anim_time*90*1)*1)+4*(math.sin(q.anim_time*90*2/2)*1)", 0]
				},
				"waist": {
					"rotation": [2.5, 0, 0]
				},
				"chest": {
					"rotation": [2.5, 0, 0]
				},
				"head": {
					"rotation": ["2.5-1.5*(math.sin(q.anim_time*90*2+45+180)*1)", 0, 0]
				},
				"aura_sensor_right_outer": {
					"rotation": ["5+1*(math.sin(q.anim_time*90*2+90)*1+1)", 0, 0]
				},
				"aura_sensor_right_inner": {
					"rotation": ["12.5+2*(math.sin(q.anim_time*90*2+90)*1+1)", 0, 0]
				},
				"aura_sensor_left_outer": {
					"rotation": ["5+1*(math.sin(q.anim_time*90*2+90)*1+1)", 0, 0]
				},
				"aura_sensor_left_inner": {
					"rotation": ["12.5+2*(math.sin(q.anim_time*90*2+90)*1+1)", 0, 0]
				},
				"arm_right": {
					"rotation": [
						"35+2*(math.sin(q.anim_time*90*2+45+180)*2-2)",
						"math.sin(query.anim_time*90*2+45+180)*10",
						"-12.5+2*(math.sin(q.anim_time*90*2+45+180)*1)"
					]
				},
				"arm_right2": {
					"rotation": [0, -45, 0]
				},
				"finger_right_front": {
					"rotation": [0, 0, -15]
				},
				"finger_right_middle": {
					"rotation": [0, 0, -10]
				},
				"finger_right_back": {
					"rotation": [0, 0, -15]
				},
				"arm_left": {
					"rotation": [
						"35+2*(math.sin(q.anim_time*90*2+45+180)*2-2)",
						"-math.sin(query.anim_time*90*2+45+180)*10",
						"12.5-2*(math.sin(q.anim_time*90*2+45+180)*1)"
					]
				},
				"arm_left2": {
					"rotation": [0, 45, 0]
				},
				"finger_left_front": {
					"rotation": [0, 0, 15]
				},
				"finger_left_middle": {
					"rotation": [0, 0, 10]
				},
				"finger_left_back": {
					"rotation": [0, 0, 15]
				},
				"leg_right": {
					"rotation": ["1.6*(math.sin(q.anim_time*90*4+90)*1+1)", 0, 0]
				},
				"leg_right2": {
					"rotation": ["5+8*(math.sin(q.anim_time*90*4+90)*1+1)", 0, 0]
				},
				"foot_right": {
					"rotation": [17.5, 0, 0]
				},
				"foot_right2": {
					"rotation": [15, 0, 0]
				},
				"leg_left": {
					"rotation": ["1.6*(math.sin(q.anim_time*90*4-90)*1+1)", 0, 0]
				},
				"leg_left2": {
					"rotation": ["5+8*(math.sin(q.anim_time*90*4-90)*1+1)", 0, 0]
				},
				"foot_left": {
					"rotation": [17.5, 0, 0]
				},
				"foot_left2": {
					"rotation": [15, 0, 0]
				},
				"front": {
					"rotation": [55, 0, 0],
					"position": [0, 0, 0.2]
				},
				"right": {
					"rotation": [0, 20, 0],
					"position": [0, 0, 0.25]
				},
				"left": {
					"rotation": [0, -20, 0],
					"position": [0, 0, 0.25]
				},
				"dread_left": {
					"rotation": ["-20+Math.sin(query.anim_time * 25*4-3) * -8", 0, 0],
					"position": [-0.375, 0, 0]
				},
				"dread_left2": {
					"rotation": ["0+Math.sin(query.anim_time * 60*2-3) * -6 ", "0+Math.sin(query.anim_time * 60+ 60) * -2", 0]
				},
				"dread_left2_end": {
					"rotation": ["0+Math.sin(query.anim_time * 60*2-3) * -8", 0, 0]
				},
				"dread_back_left": {
					"rotation": ["-20+Math.sin(query.anim_time * 25*4-3) * 8", 0, 0]
				},
				"dread_back_left2": {
					"rotation": ["0+Math.sin(query.anim_time * 60*2-3) * 6 ", 0, 0]
				},
				"dread_right": {
					"rotation": ["-20+Math.sin(query.anim_time * 25*4-3) * 8", 0, 0],
					"position": [0.375, 0, 0]
				},
				"dread_right2": {
					"rotation": ["0+Math.sin(query.anim_time * 60*2-3) * 6 ", "0+Math.sin(query.anim_time * 60+ 60) * 2", 0]
				},
				"dread_right2_end": {
					"rotation": ["0+Math.sin(query.anim_time * 60*2-3) * 8", 0, 0]
				},
				"dread_back_right": {
					"rotation": ["-20+Math.sin(query.anim_time * 25*4-3) * -8", 0, 0]
				},
				"dread_back_right2": {
					"rotation": ["0+Math.sin(query.anim_time * 60*2-3) * -6 ", 0, 0]
				},
				"taileend": {
					"rotation": ["0+Math.sin(query.anim_time * 60*2-3) * -6", 0, 0]
				}
			}
		},
		"animation.megalucario.water_swim": {
			"loop": true,
			"bones": {
				"body": {
					"rotation": ["37.5-math.clamp(math.sin(q.anim_time*90*4*2+80)*2,0,2)-math.clamp(math.sin(q.anim_time*90*4*2+80)*2,-2,0)", 0, 0],
					"position": [
						0,
						"-math.clamp(math.sin(q.anim_time*90*4*2-45)*0.25,0,5)-math.clamp(math.sin(q.anim_time*90*4*2-45)*0.5,-3,0)-0.5",
						"-math.clamp(math.sin(q.anim_time*90*4*2+90)*0.5,0,5)-math.clamp(math.sin(q.anim_time*90*4*2+90)*1,-3,0)-0.5"
					]
				},
				"tail": {
					"rotation": [-35, "7*(math.sin(q.anim_time*90*4)*1)+4*(math.sin(q.anim_time*90*4)*1)", 0]
				},
				"tail2": {
					"rotation": [20, "7*(math.sin(q.anim_time*90*4)*1)+4*(math.sin(q.anim_time*90*4)*1)", 0]
				},
				"tail3": {
					"rotation": [25, "7*(math.sin(q.anim_time*90*4)*1)+4*(math.sin(q.anim_time*90*4)*1)", 0]
				},
				"waist": {
					"rotation": [-5, 0, 0]
				},
				"chest": {
					"rotation": [-5, 0, 0]
				},
				"head": {
					"rotation": ["-25-2*(math.sin(q.anim_time*90*8+45+180)*1)", 0, 0]
				},
				"aura_sensor_right_outer": {
					"rotation": ["20+3.5*(math.sin(q.anim_time*90*4+90)*1+1)", 0, 0]
				},
				"aura_sensor_right_inner": {
					"rotation": ["30+4*(math.sin(q.anim_time*90*4+90)*1+1)", 0, 0]
				},
				"aura_sensor_left_outer": {
					"rotation": ["20+3.5*(math.sin(q.anim_time*90*4+90)*1+1)", 0, 0]
				},
				"aura_sensor_left_inner": {
					"rotation": ["30+4*(math.sin(q.anim_time*90*4+90)*1+1)", 0, 0]
				},
				"arm_right": {
					"rotation": [25, "-80+45*(math.sin(q.anim_time*90*4)*1.2+1)", "0+5*(math.sin(q.anim_time*90*4)*1+1)"]
				},
				"arm_right2": {
					"rotation": [0, "-45+25*(math.sin(q.anim_time*90*4-140)*1+1)", 0]
				},
				"hand_right": {
					"rotation": [12.5, 0, 0]
				},
				"arm_left": {
					"rotation": [25, "80-45*(math.sin(q.anim_time*90*4+180)*1.2+1)", "0-5*(math.sin(q.anim_time*90*4)*1+1)"]
				},
				"arm_left2": {
					"rotation": [0, "45-25*(math.sin(q.anim_time*90*4+40)*1+1)", 0]
				},
				"hand_left": {
					"rotation": [12.5, 0, 0]
				},
				"leg_right": {
					"rotation": ["0+3.5*(math.sin(q.anim_time*90*4+90)*1+1)", 0, 0]
				},
				"leg_right2": {
					"rotation": ["4+16*(math.sin(q.anim_time*90*4+90)*1+1)", 0, 0]
				},
				"foot_right": {
					"rotation": ["20-math.clamp(math.sin(q.anim_time*90*4*2+140)*6,0,200)-math.clamp(math.sin(q.anim_time*90*4*2+140)*10,-200,0)", 0, 0]
				},
				"leg_left": {
					"rotation": ["0+3.5*(math.sin(q.anim_time*90*4-90)*1+1)", 0, 0]
				},
				"leg_left2": {
					"rotation": ["4+16*(math.sin(q.anim_time*90*4-90)*1+1)", 0, 0]
				},
				"foot_left": {
					"rotation": ["20-math.clamp(math.sin(q.anim_time*90*4*2+140)*6,0,200)-math.clamp(math.sin(q.anim_time*90*4*2+140)*10,-200,0)", 0, 0]
				},
				"front": {
					"rotation": [55, 0, 0],
					"position": [0, 0, 0.2]
				},
				"right": {
					"rotation": [0, 20, 0],
					"position": [0, 0, 0.25]
				},
				"left": {
					"rotation": [0, -20, 0],
					"position": [0, 0, 0.25]
				},
				"dread_left": {
					"rotation": ["-20+Math.sin(query.anim_time * 90*4-3) * -8", 0, 0],
					"position": [-0.375, 0, 0]
				},
				"dread_left2": {
					"rotation": ["0+Math.sin(query.anim_time * 90*2-3) * -6 ", "0+Math.sin(query.anim_time * 90+90) * -2", 0]
				},
				"dread_left2_end": {
					"rotation": ["0+Math.sin(query.anim_time * 90*2-3) * -8", 0, 0]
				},
				"dread_back_left": {
					"rotation": ["-20+Math.sin(query.anim_time * 90*4-3) * 8", 0, 0]
				},
				"dread_back_left2": {
					"rotation": ["0+Math.sin(query.anim_time * 90*2-3) * 6 ", 0, 0]
				},
				"dread_right": {
					"rotation": ["-20+Math.sin(query.anim_time * 90*4-3) * 8", 0, 0],
					"position": [0.375, 0, 0]
				},
				"dread_right2": {
					"rotation": ["0+Math.sin(query.anim_time * 90*2-3) * 6 ", "0+Math.sin(query.anim_time * 90+90) * 2", 0]
				},
				"dread_right2_end": {
					"rotation": ["0+Math.sin(query.anim_time * 90*2-3) * 8", 0, 0]
				},
				"dread_back_right": {
					"rotation": ["-20+Math.sin(query.anim_time * 90*4-3) * -8", 0, 0]
				},
				"dread_back_right2": {
					"rotation": ["0+Math.sin(query.anim_time * 90*2-3) * -6 ", 0, 0]
				}
			}
		},
		"animation.megalucario.blink": {
			"animation_length": 0.16667,
			"bones": {
				"eyelid_left": {
					"position": {
						"0.0": [0.1, 0, -0.1],
						"0.125": [0.1, 0, -0.1],
						"0.1667": [0, 0, 0]
					}
				},
				"eyelid_right": {
					"position": {
						"0.0": [-0.1, 0, -0.1],
						"0.125": [-0.1, 0, -0.1],
						"0.1667": [0, 0, 0]
					}
				}
			}
		},
		"animation.megalucario.faint": {
			"loop": true,
			"bones": {
				"arm_left": {
					"rotation": [6.32526, -10.80355, "41.9013+Math.sin(query.anim_time * 60*2-3) * -2"]
				},
				"arm_left2": {
					"rotation": [2.5324, 27.33647, "8.3201+Math.sin(query.anim_time * 60*2-3) * -2"]
				},
				"hand_left": {
					"rotation": [0, 0, 12.5]
				},
				"figner_front_left": {
					"rotation": [0, 0, 20]
				},
				"figner_back_left": {
					"rotation": [0, 0, 12.5]
				},
				"head": {
					"rotation": [5, 0, 0]
				},
				"dread_left": {
					"rotation": ["-20+Math.sin(query.anim_time * 25*4-3) * -8", 0, 0],
					"position": [-0.375, 0, 0]
				},
				"dread_left2": {
					"rotation": ["0+Math.sin(query.anim_time * 60*2-3) * -6 ", "0+Math.sin(query.anim_time * 60+ 60) * -2", 0]
				},
				"dread_back_left": {
					"rotation": ["-20+Math.sin(query.anim_time * 25*4-3) * 8", 0, 0]
				},
				"dread_back_left2": {
					"rotation": ["0+Math.sin(query.anim_time * 60*2-3) * 6 ", 0, 0]
				},
				"dread_back_right": {
					"rotation": ["-20+Math.sin(query.anim_time * 25*4-3) * -8", 0, 0]
				},
				"dread_back_right2": {
					"rotation": ["0+Math.sin(query.anim_time * 60*2-3) * -6 ", 0, 0]
				},
				"leg_left": {
					"rotation": [5, -5, 0]
				},
				"leg_left2": {
					"rotation": [0, -7.5, 0]
				},
				"leg_left4": {
					"rotation": [7.5, 0, 0]
				},
				"foot_left": {
					"rotation": [-2.5, 0, 0]
				},
				"foot_left2": {
					"rotation": [-7.5, 0, 0]
				},
				"leg_right": {
					"rotation": [0, 5, 0]
				},
				"figner_center_left": {
					"rotation": [0, 0, 5]
				},
				"shoulder_left": {
					"rotation": [0, 0, 10]
				},
				"dread_right": {
					"rotation": ["-20+Math.sin(query.anim_time * 25*4-3) * 8", 0, 0],
					"position": [0.375, 0, 0]
				},
				"dread_right2": {
					"rotation": ["0+Math.sin(query.anim_time * 60*2-3) * 6 ", "0+Math.sin(query.anim_time * 60+ 60) * 2", 0]
				},
				"shoulder_right": {
					"rotation": [0, 0, -10]
				},
				"arm_right": {
					"rotation": [2.61298, 9.65594, "-37.2793+Math.sin(query.anim_time * 60*2-3) * 2"]
				},
				"arm_right2": {
					"rotation": [4.6653, -16.88547, "-15.6928+Math.sin(query.anim_time * 60*2-3) * 2"]
				},
				"hand_right": {
					"rotation": [0, 0, -10]
				},
				"figner_front_right": {
					"rotation": [0, 0, -22.5]
				},
				"figner_center_right": {
					"rotation": [0, 0, -10]
				},
				"figner_back_right": {
					"rotation": [0, 0, -27.5]
				},
				"tail": {
					"rotation": ["-20-20+Math.sin(query.anim_time * 25*4-3) * 8", 0, 0],
					"position": [0, 0, 0.5]
				},
				"tail2": {
					"rotation": ["20+Math.sin(query.anim_time * 30*4-3) * -6", 0, 0]
				},
				"tail3": {
					"rotation": [27.5, 0, 0]
				},
				"tail_end": {
					"rotation": [-17.5, 0, 0]
				},
				"waist": {
					"rotation": [0, 0, 0]
				},
				"taileend": {
					"rotation": ["0+Math.sin(query.anim_time * 60*2-3) * -6", 0, 0]
				},
				"left": {
					"rotation": [0, -20, 0],
					"position": [0, 0, 0.25]
				},
				"front": {
					"rotation": [55, 0, 0],
					"position": [0, 0, 0.2]
				},
				"right": {
					"rotation": [0, 20, 0],
					"position": [0, 0, 0.25]
				},
				"dread_left2_end": {
					"rotation": ["0+Math.sin(query.anim_time * 60*2-3) * -8", 0, 0]
				},
				"dread_right2_end": {
					"rotation": ["0+Math.sin(query.anim_time * 60*2-3) * 8", 0, 0]
				}
			}
		}
	}
}