{
	"format_version": "1.8.0",
	"animations": {
		"animation.salamence.pose": {
			"loop": true,
			"bones": {
				"body": {
					"rotation": [1, 0, 0]
				},
				"torso": {
					"rotation": [-7.5, 0, 0],
					"position": [0, -2, 0]
				},
				"neck": {
					"rotation": [-25, 0, 0],
					"position": [0, 0, 1.25]
				},
				"head": {
					"rotation": [37.5, 0, 0],
					"position": [0, 0, 2]
				},
				"mouth": {
					"rotation": [10, 0, 0]
				},
				"wing_right2": {
					"rotation": [0, 0, 15],
					"position": [0.1, 0, 0]
				},
				"wing_left2": {
					"rotation": [0, 0, -15],
					"position": [-0.1, 0, 0]
				},
				"tail": {
					"rotation": [-5, 0, 0],
					"position": [0, 0, -0.75]
				},
				"tail2": {
					"rotation": [-5, 0, 0],
					"position": [0, 0, -0.5]
				},
				"tail3": {
					"rotation": [5, 0, 0],
					"position": [0, 0, -0.5]
				},
				"tail4": {
					"rotation": [10, 0, 0],
					"position": [0, 0, -0.5]
				},
				"tail5": {
					"rotation": [-5, 0, 0],
					"position": [0, 0, -0.5]
				},
				"leg_front_right": {
					"rotation": [0, 0, -5],
					"position": [0, -0.25, 0]
				},
				"leg_front_right2": {
					"rotation": [-0.43688, -4.98093, 5.019],
					"position": [0, 0.5, 0]
				},
				"leg_front_left": {
					"rotation": [0, 0, 5],
					"position": [0, -0.25, 0]
				},
				"leg_front_left2": {
					"rotation": [0, 5, -5],
					"position": [0, 0.5, 0]
				},
				"leg_back_right": {
					"rotation": [0, 0, -10],
					"position": [0, -2, 0]
				},
				"leg_back_right2": {
					"rotation": [-1.75378, -9.84655, 10.15108],
					"position": [0, 1.25, 0]
				},
				"leg_back_left": {
					"rotation": [0, 0, 10],
					"position": [0, -2, 0]
				},
				"leg_back_left2": {
					"rotation": [-1.75378, 9.84655, -10.15108],
					"position": [0, 1.25, 0]
				}
			}
		},
		"animation.salamence.ground_idle": {
			"loop": true,
			"bones": {
				"body": {
					"rotation": [1, 0, 0]
				},
				"torso": {
					"rotation": [-7.5, 0, 0],
					"position": [0, "-2-math.sin(q.anim_time*90*2)*0.25", 0]
				},
				"neck": {
					"rotation": ["-25+math.sin(q.anim_time*90*2+30)*1", "0-math.sin(q.anim_time*90*1+30)*2", 0],
					"position": [0, 0, 1.25]
				},
				"head": {
					"rotation": ["37.5+math.sin(q.anim_time*90*2+60)*1", 0, 0],
					"position": [0, 0, 2]
				},
				"mouth": {
					"rotation": ["7.5+math.sin(q.anim_time*90*2+90)*2", 0, 0]
				},
				"wing_right2": {
					"rotation": [0, 0, "15-math.sin(q.anim_time*90*2-120)*3"],
					"position": [0.1, 0, 0]
				},
				"wing_left2": {
					"rotation": [0, 0, "-15+math.sin(q.anim_time*90*2-120)*3"],
					"position": [-0.1, 0, 0]
				},
				"tail": {
					"rotation": ["-5+math.sin(q.anim_time*90*2+60)*1.5", "0-math.sin(q.anim_time*90*2+60+75)*5", 0],
					"position": [0, 0, -0.75]
				},
				"tail2": {
					"rotation": ["-5+math.sin(q.anim_time*90*2+120)*1.25", "0-math.sin(q.anim_time*90*2+120+75)*5", 0],
					"position": [0, 0, -0.5]
				},
				"tail3": {
					"rotation": ["5+math.sin(q.anim_time*90*2+150)*1.5", "0-math.sin(q.anim_time*90*2+150+75)*5", 0],
					"position": [0, 0, -0.5]
				},
				"tail4": {
					"rotation": ["10+math.sin(q.anim_time*90*2+180)*1.75", "0-math.sin(q.anim_time*90*2+180+75)*5", 0],
					"position": [0, 0, -0.5]
				},
				"tail5": {
					"rotation": ["5+math.sin(q.anim_time*90*2+210)*2", "0-math.sin(q.anim_time*90*2+210+75)*5", 0],
					"position": [0, 0, -0.5]
				},
				"leg_front_right": {
					"rotation": [0, 0, -5],
					"position": [0, "-0.25-math.sin(q.anim_time*90*2)*0.2", 0]
				},
				"leg_front_right2": {
					"rotation": ["-0.4369+math.sin(q.anim_time*90*2-60)*1", -4.98093, 5.019],
					"position": [0, "0.5+math.sin(q.anim_time*90*2)*0.1", 0]
				},
				"leg_front_left": {
					"rotation": [0, 0, 5],
					"position": [0, "-0.25-math.sin(q.anim_time*90*2)*0.2", 0]
				},
				"leg_front_left2": {
					"rotation": ["0+math.sin(q.anim_time*90*2-60)*1", 5, -5],
					"position": [0, "0.5+math.sin(q.anim_time*90*2)*0.1", 0]
				},
				"leg_back_right": {
					"rotation": [0, 0, -10],
					"position": [0, "-2-math.sin(q.anim_time*90*2)*0.2", 0]
				},
				"leg_back_right2": {
					"rotation": ["-1.7538+math.sin(q.anim_time*90*2-60)*0.5", -9.84655, 10.15108],
					"position": [0, "1.25+math.sin(q.anim_time*90*2)*0.1", 0]
				},
				"leg_back_left": {
					"rotation": [0, 0, 10],
					"position": [0, "-2-math.sin(q.anim_time*90*2)*0.2", 0]
				},
				"leg_back_left2": {
					"rotation": ["-1.7538+math.sin(q.anim_time*90*2-60)*0.5", 9.84655, -10.15108],
					"position": [0, "1.25+math.sin(q.anim_time*90*2)*0.1", 0]
				},
				"wing_right": {
					"rotation": [0, 0, "0-math.sin(q.anim_time*90*2-60)*2"]
				},
				"wing_left": {
					"rotation": [0, 0, "0+math.sin(q.anim_time*90*2-60)*2"]
				}
			}
		},
		"animation.salamence.ground_walk": {
			"loop": true,
			"bones": {
				"body": {
					"rotation": [2, 0, 0]
				},
				"torso": {
					"rotation": [-7.5, "0-math.sin(q.anim_time*90*4+30)*1", 0],
					"position": [0, "-2-math.sin(q.anim_time*90*4)*0.25", "0+math.sin(q.anim_time*90*4-60)*0.25"]
				},
				"neck": {
					"rotation": ["-25+math.sin(q.anim_time*90*4+30)*1", "0-math.sin(q.anim_time*90*2+30)*2", 0],
					"position": [0, 0, 1.25]
				},
				"head": {
					"rotation": ["37.5+math.sin(q.anim_time*90*4+60)*1", 0, 0],
					"position": [0, 0, 2]
				},
				"mouth": {
					"rotation": ["7.5+math.sin(q.anim_time*90*4+90)*2", 0, 0]
				},
				"wing_right2": {
					"rotation": [0, 0, "15-math.sin(q.anim_time*90*4-120)*3"],
					"position": [0.1, 0, 0]
				},
				"wing_left2": {
					"rotation": [0, 0, "-15+math.sin(q.anim_time*90*4-120)*3"],
					"position": [-0.1, 0, 0]
				},
				"tail": {
					"rotation": ["-5+math.sin(q.anim_time*90*4+60)*1.5", "0-math.sin(q.anim_time*90*4+60+75)*5", 0],
					"position": [0, 0, -0.75]
				},
				"tail2": {
					"rotation": ["-5+math.sin(q.anim_time*90*4+120)*1.25", "0-math.sin(q.anim_time*90*4+120+75)*5", 0],
					"position": [0, 0, -0.5]
				},
				"tail3": {
					"rotation": ["5+math.sin(q.anim_time*90*4+150)*1.5", "0-math.sin(q.anim_time*90*4+150+75)*5", 0],
					"position": [0, 0, -0.5]
				},
				"tail4": {
					"rotation": ["10+math.sin(q.anim_time*90*4+180)*1.75", "0-math.sin(q.anim_time*90*4+180+75)*5", 0],
					"position": [0, 0, -0.5]
				},
				"tail5": {
					"rotation": ["5+math.sin(q.anim_time*90*4+210)*2", "0-math.sin(q.anim_time*90*4+210+75)*5", 0],
					"position": [0, 0, -0.5]
				},
				"leg_front_right": {
					"rotation": ["0+math.sin(q.anim_time*90*4)*10", 0, -5],
					"position": [0, "-0.25-math.clamp(math.sin(q.anim_time*90*4+50)*0.5,-0.5,0)", "0-math.sin(q.anim_time*90*4+50)*0.5"]
				},
				"leg_front_right2": {
					"rotation": ["-0.4369-math.sin(q.anim_time*90*4)*7.5", -4.98093, 5.019],
					"position": [0, "0.5-math.clamp(math.sin(q.anim_time*90*4+60)*1,-1,-0.25)", 0]
				},
				"leg_front_left": {
					"rotation": ["0-math.sin(q.anim_time*90*4)*10", 0, 5],
					"position": [0, "-0.25+math.clamp(math.sin(q.anim_time*90*4+50)*0.5,0,0.5)", "0+math.sin(q.anim_time*90*4+50)*0.5"]
				},
				"leg_front_left2": {
					"rotation": ["0+math.sin(q.anim_time*90*4)*7.5", 5, -5],
					"position": [0, "0.5+math.clamp(math.sin(q.anim_time*90*4+60)*1,0.25,1)", 0]
				},
				"leg_back_right": {
					"rotation": ["0-math.sin(q.anim_time*90*4+90)*10", 0, -10],
					"position": [0, "-2+math.clamp(math.sin(q.anim_time*90*4+50+90)*0.5,0,0.5)", "0+math.sin(q.anim_time*90*4+50+90)*0.5"]
				},
				"leg_back_right2": {
					"rotation": ["-1.7538-math.sin(q.anim_time*90*4-90)*7.5", -9.84655, 10.15108],
					"position": [0, "1.25+math.clamp(math.sin(q.anim_time*90*4+60+90)*0.75,0,0.75)", 0]
				},
				"leg_back_left": {
					"rotation": ["0+math.sin(q.anim_time*90*4+90)*10", 0, 10],
					"position": [0, "-2-math.clamp(math.sin(q.anim_time*90*4+50+90)*0.5,-0.5,0)", "0-math.sin(q.anim_time*90*4+50+90)*0.5"]
				},
				"leg_back_left2": {
					"rotation": ["-1.7538+math.sin(q.anim_time*90*4-90)*7.5", 9.84655, -10.15108],
					"position": [0, "1.25-math.clamp(math.sin(q.anim_time*90*4+60+90)*0.75,-0.75,0)", 0]
				},
				"wing_right": {
					"rotation": [0, 0, "0-math.sin(q.anim_time*90*4-60)*2"]
				},
				"wing_left": {
					"rotation": [0, 0, "0+math.sin(q.anim_time*90*4-60)*2"]
				}
			}
		},
		"animation.salamence.sleep": {
			"loop": true,
			"bones": {
				"body": {
					"rotation": [1, 0, 0]
				},
				"torso": {
					"rotation": [-7.5, 0, 0],
					"position": [0, "-2-math.sin(q.anim_time*90*1)*0.25", 0]
				},
				"neck": {
					"rotation": ["-25+math.sin(q.anim_time*90*1+30)*1", "0-math.sin(q.anim_time*90*0.5+30)*2", 0],
					"position": [0, 0, 1.25]
				},
				"head": {
					"rotation": ["37.5+math.sin(q.anim_time*90*1+60)*1", 0, 0],
					"position": [0, 0, 2]
				},
				"mouth": {
					"rotation": ["7.5+math.sin(q.anim_time*90*1+90)*2", 0, 0]
				},
				"wing_right2": {
					"rotation": [0, 0, "15-math.sin(q.anim_time*90*1-120)*3"],
					"position": [0.1, 0, 0]
				},
				"wing_left2": {
					"rotation": [0, 0, "-15+math.sin(q.anim_time*90*1-120)*3"],
					"position": [-0.1, 0, 0]
				},
				"tail": {
					"rotation": ["-5+math.sin(q.anim_time*90*1+60)*1.5", "0-math.sin(q.anim_time*90*1+60+75)*5", 0],
					"position": [0, 0, -0.75]
				},
				"tail2": {
					"rotation": ["-5+math.sin(q.anim_time*90*1+120)*1.25", "0-math.sin(q.anim_time*90*1+120+75)*5", 0],
					"position": [0, 0, -0.5]
				},
				"tail3": {
					"rotation": ["5+math.sin(q.anim_time*90*1+150)*1.5", "0-math.sin(q.anim_time*90*1+150+75)*5", 0],
					"position": [0, 0, -0.5]
				},
				"tail4": {
					"rotation": ["10+math.sin(q.anim_time*90*1+180)*1.75", "0-math.sin(q.anim_time*90*1+180+75)*5", 0],
					"position": [0, 0, -0.5]
				},
				"tail5": {
					"rotation": ["5+math.sin(q.anim_time*90*1+210)*2", "0-math.sin(q.anim_time*90*1+210+75)*5", 0],
					"position": [0, 0, -0.5]
				},
				"leg_front_right": {
					"rotation": [0, 0, -5],
					"position": [0, "-0.25-math.sin(q.anim_time*90*1)*0.2", 0]
				},
				"leg_front_right2": {
					"rotation": ["-0.4369+math.sin(q.anim_time*90*1-60)*1", -4.98093, 5.019],
					"position": [0, "0.5+math.sin(q.anim_time*90*1)*0.1", 0]
				},
				"leg_front_left": {
					"rotation": [0, 0, 5],
					"position": [0, "-0.25-math.sin(q.anim_time*90*1)*0.2", 0]
				},
				"leg_front_left2": {
					"rotation": ["0+math.sin(q.anim_time*90*1-60)*1", 5, -5],
					"position": [0, "0.5+math.sin(q.anim_time*90*1)*0.1", 0]
				},
				"leg_back_right": {
					"rotation": [0, 0, -10],
					"position": [0, "-2-math.sin(q.anim_time*90*1)*0.2", 0]
				},
				"leg_back_right2": {
					"rotation": ["-1.7538+math.sin(q.anim_time*90*1-60)*0.5", -9.84655, 10.15108],
					"position": [0, "1.25+math.sin(q.anim_time*90*1)*0.1", 0]
				},
				"leg_back_left": {
					"rotation": [0, 0, 10],
					"position": [0, "-2-math.sin(q.anim_time*90*1)*0.2", 0]
				},
				"leg_back_left2": {
					"rotation": ["-1.7538+math.sin(q.anim_time*90*1-60)*0.5", 9.84655, -10.15108],
					"position": [0, "1.25+math.sin(q.anim_time*90*1)*0.1", 0]
				},
				"wing_right": {
					"rotation": [0, 0, "0-math.sin(q.anim_time*90*1-60)*2"]
				},
				"wing_left": {
					"rotation": [0, 0, "0+math.sin(q.anim_time*90*1-60)*2"]
				},
				"eyelid_left": {
					"position": [0.1, 0, 0]
				},
				"eyelid_right": {
					"position": [-0.1, 0, 0]
				}
			}
		},
		"animation.salamence.blink": {
			"animation_length": 0.16667,
			"bones": {
				"eyelid_left": {
					"position": {
						"0.0": [0.1, 0, 0],
						"0.125": [0.1, 0, 0],
						"0.1667": [0, 0, 0]
					}
				},
				"eyelid_right": {
					"position": {
						"0.0": [-0.1, 0, 0],
						"0.125": [-0.1, 0, 0],
						"0.1667": [0, 0, 0]
					}
				}
			}
		}
	},
	"geckolib_format_version": 2
}