{
	"format_version": "1.8.0",
	"animations": {
		"animation.nihilego.ground_idle": {
			"loop": true,
			"bones": {
				"nihilego": {
					"position": [0, "6+math.cos((query.anim_time) * 45*2) *2", 0]
				},
				"right_arm_front": {
					"rotation": [0, 0, "12- 2*math.sin(q.anim_time*90*1.6-35+25-45)+ 13*math.sin(q.anim_time*90*1.6*2-45+25-45)"]
				},
				"bone7": {
					"rotation": [0, 0, "5--15*math.sin(q.anim_time*90*1.6*2-45-25-45)"]
				},
				"left_arm_front": {
					"rotation": [0, 0, "-12+ 2*math.sin(q.anim_time*90*1.6-35+25-45)- 13*math.sin(q.anim_time*90*1.6*2-45+25-45)"]
				},
				"bone6": {
					"rotation": [0, 0, "-5+-15*math.sin(q.anim_time*90*1.6*2-90-25-45)"]
				},
				"right_arm_back": {
					"rotation": [0, 0, "15+ 2*math.sin(q.anim_time*90*1.6-35+25-90)+ 13*math.sin(q.anim_time*90*1.6*2-45+25-90)"]
				},
				"bone4": {
					"rotation": [0, 0, "-5+15*math.sin(q.anim_time*90*1.6*2-90+25-90)"]
				},
				"bone5": {
					"rotation": [0, 0, "17*math.sin(q.anim_time*90*1.6*2-90-90+25-90)"]
				},
				"left_arm_back": {
					"rotation": [0, 0, "-15- 2*math.sin(q.anim_time*90*1.6-35-90)- 13*math.sin(q.anim_time*90*1.6*2-45-90)"]
				},
				"bone2": {
					"rotation": [0, 0, "5-15*math.sin(q.anim_time*90*1.6*2-90-90)"]
				},
				"bone3": {
					"rotation": [0, 0, "5-15*math.sin(q.anim_time*90*1.6*2-90-90-90)"]
				},
				"tentacle_r_arm": {
					"rotation": [0, 0, "20+ 2*math.sin(q.anim_time*90*1.6+24-90)+ 14*math.sin(q.anim_time*90*1.6*2+24-90)"]
				},
				"middle_ten_r": {
					"rotation": [0, 0, "0+ 20*math.sin(q.anim_time*90*1.6*2-90+24-90)"]
				},
				"tentacle_r_2": {
					"rotation": [0, 0, "0+ 28*math.sin(q.anim_time*90*1.6*2-90-90+24-90)"]
				},
				"tentacle_r_4": {
					"rotation": [0, 0, "0+ 28*math.sin(q.anim_time*90*1.6*2-90-90+24-90)"]
				},
				"tentacle_r_1": {
					"rotation": [0, 0, "0+ 28*math.sin(q.anim_time*90*1.6*2-45-90+24-90)"]
				},
				"tentacle_r_3": {
					"rotation": [0, 0, "0+ 28*math.sin(q.anim_time*90*1.6*2-45-90+24-90)"]
				},
				"tentacle_r_arm2": {
					"rotation": [0, 0, "-20- 2*math.sin(q.anim_time*90*1.6+24-90)- 14*math.sin(q.anim_time*90*1.6*2+24-90)"]
				},
				"middle_ten_r2": {
					"rotation": [0, 0, "0- 20*math.sin(q.anim_time*90*1.6*2-90+24-90)"]
				},
				"tentacle_r_5": {
					"rotation": [0, 0, "0- 28*math.sin(q.anim_time*90*1.6*2-90-90+24-90)"]
				},
				"tentacle_r_6": {
					"rotation": [0, 0, "0- 28*math.sin(q.anim_time*90*1.6*2-90-90+24-90)"]
				},
				"tentacle_r_7": {
					"rotation": [0, 0, "0- 28*math.sin(q.anim_time*90*1.6*2-45-90+24-90)"]
				},
				"tentacle_r_8": {
					"rotation": [0, 0, "0- 28*math.sin(q.anim_time*90*1.6*2-90-90+24-90)"]
				},
				"body_2": {
					"rotation": ["-3+2*math.sin(q.anim_time*90*1.6*2-45-25-20)", 0, 0]
				},
				"tentacle_mid_l4": {
					"rotation": [0, 0, "5-5*math.sin(q.anim_time*90*1.6*2-90-90-25-90)"]
				},
				"tentacle_mid_l_5": {
					"rotation": [0, 0, "-1*math.sin(q.anim_time*90*1.6*2-90-90-25-90)"]
				},
				"tentacle_mid_l2": {
					"rotation": [0, 0, "-5+5*math.sin(q.anim_time*90*1.6*2-90-90-25-90)"]
				},
				"tentacle_mid_l_3": {
					"rotation": [0, 0, "1*math.sin(q.anim_time*90*1.6*2-90-90-25-90)"]
				},
				"tentacle_mid_l3": {
					"rotation": ["-4*math.sin(q.anim_time*90*1.6*2-90-90-25-90)", 0, 0]
				},
				"tentacle_mid_l_4": {
					"rotation": ["-4*math.sin(q.anim_time*90*1.6*2-90-90-25-90)", 0, 0]
				},
				"tentacle_mid_l": {
					"rotation": ["4*math.sin(q.anim_time*90*1.6*2-90-90-25-90)", 0, 0]
				},
				"tentacle_mid_l_2": {
					"rotation": ["4*math.sin(q.anim_time*90*1.6*2-90-90-25-90)", 0, 0]
				},
				"ring": {
					"rotation": [
						"1*math.sin(q.anim_time*90*1.6-35)+ 1*math.sin(q.anim_time*90*1.6*2-45)",
						"math.sin(q.anim_time*90*1.6-90)*3",
						"math.sin(q.anim_time*90*1.6-180)"
					],
					"position": [0, -0.5, 1],
					"scale": [1, "1 + math.sin(q.anim_time*90*1.6*2+90+90)*0.075", 1]
				},
				"main": {
					"position": [
						"0.05*math.sin(q.anim_time*90/2*1.6) +0.2*math.sin(q.anim_time*90*1.6)",
						"7+0.1*math.sin(q.anim_time*90*1.6) +0.3*math.sin(q.anim_time*90*1.6*2)",
						"0.05*math.sin(q.anim_time*90/2*1.6-160) +0.2*math.sin(q.anim_time*90*1.6-80)"
					],
					"scale": [1, "1 + math.sin(q.anim_time*90*1.6*2+90+90)*0.025", 1]
				}
			}
		},
		"animation.nihilego.ground_walk": {
			"loop": true,
			"bones": {
				"nihilego": {
					"position": [0, "6+math.cos((query.anim_time) * 45*2) *2", 0]
				},
				"right_arm_front": {
					"rotation": [-7.5, 0, "12- 2*math.sin(q.anim_time*90*1.6-35+25-45)+ 13*math.sin(q.anim_time*90*1.6*2-45+25-45)"]
				},
				"bone7": {
					"rotation": [0, 0, "5+-15*math.sin(q.anim_time*90*1.6*2-45-25-45)"]
				},
				"left_arm_front": {
					"rotation": [-7.5, 0, "-12+ 2*math.sin(q.anim_time*90*1.6-35+25-45)- 13*math.sin(q.anim_time*90*1.6*2-45+25-45)"]
				},
				"bone6": {
					"rotation": [0, 0, "-5+-15*math.sin(q.anim_time*90*1.6*2-90-25-45)"]
				},
				"right_arm_back": {
					"rotation": [0, 0, "15+ 2*math.sin(q.anim_time*90*1.6-35+25-90)+ 13*math.sin(q.anim_time*90*1.6*2-45+25-90)"]
				},
				"bone4": {
					"rotation": [0, 0, "-5+15*math.sin(q.anim_time*90*1.6*2-90+25-90)"]
				},
				"bone5": {
					"rotation": [0, 0, "17*math.sin(q.anim_time*90*1.6*2-90-90+25-90)"]
				},
				"left_arm_back": {
					"rotation": [0, 0, "-15- 2*math.sin(q.anim_time*90*1.6-35-90)- 13*math.sin(q.anim_time*90*1.6*2-45-90)"]
				},
				"bone2": {
					"rotation": [0, 0, "5-15*math.sin(q.anim_time*90*1.6*2-90-90)"]
				},
				"bone3": {
					"rotation": [0, 0, "5-15*math.sin(q.anim_time*90*1.6*2-90-90-90)"]
				},
				"tentacle_r_arm": {
					"rotation": [7.5, 0, "20+ 2*math.sin(q.anim_time*90*1.6+24-90)+ 14*math.sin(q.anim_time*90*1.6*2+24-90)"]
				},
				"middle_ten_r": {
					"rotation": [0, 0, "0+ 20*math.sin(q.anim_time*90*1.6*2-90+24-90)"]
				},
				"tentacle_r_2": {
					"rotation": [0, 0, "0+ 28*math.sin(q.anim_time*90*1.6*2-90-90+24-90)"]
				},
				"tentacle_r_4": {
					"rotation": [0, 0, "0+ 28*math.sin(q.anim_time*90*1.6*2-90-90+24-90)"]
				},
				"tentacle_r_1": {
					"rotation": [0, 0, "0+ 28*math.sin(q.anim_time*90*1.6*2-45-90+24-90)"]
				},
				"tentacle_r_3": {
					"rotation": [0, 0, "0+ 28*math.sin(q.anim_time*90*1.6*2-45-90+24-90)"]
				},
				"tentacle_r_arm2": {
					"rotation": [7.5, 0, "-20- 2*math.sin(q.anim_time*90*1.6+24-90)- 14*math.sin(q.anim_time*90*1.6*2+24-90)"]
				},
				"middle_ten_r2": {
					"rotation": [0, 0, "0- 20*math.sin(q.anim_time*90*1.6*2-90+24-90)"]
				},
				"tentacle_r_5": {
					"rotation": [0, 0, "0- 28*math.sin(q.anim_time*90*1.6*2-90-90+24-90)"]
				},
				"tentacle_r_6": {
					"rotation": [0, 0, "0- 28*math.sin(q.anim_time*90*1.6*2-90-90+24-90)"]
				},
				"tentacle_r_7": {
					"rotation": [0, 0, "0- 28*math.sin(q.anim_time*90*1.6*2-45-90+24-90)"]
				},
				"tentacle_r_8": {
					"rotation": [0, 0, "0- 28*math.sin(q.anim_time*90*1.6*2-90-90+24-90)"]
				},
				"body_2": {
					"rotation": ["5+15*math.sin(q.anim_time*90*1.6*2-90-25-90)", 0, 0]
				},
				"tentacle_mid_l4": {
					"rotation": [0, 0, "5-5*math.sin(q.anim_time*90*1.6*2-90-90-25-90)"]
				},
				"tentacle_mid_l_5": {
					"rotation": [0, 0, "-1*math.sin(q.anim_time*90*1.6*2-90-90-25-90)"]
				},
				"tentacle_mid_l2": {
					"rotation": [0, 0, "-5+5*math.sin(q.anim_time*90*1.6*2-90-90-25-90)"]
				},
				"tentacle_mid_l_3": {
					"rotation": [0, 0, "1*math.sin(q.anim_time*90*1.6*2-90-90-25-90)"]
				},
				"tentacle_mid_l3": {
					"rotation": ["12*math.sin(q.anim_time*90*1.6*2-90-90-25-90)", 0, 0]
				},
				"tentacle_mid_l_4": {
					"rotation": ["12*math.sin(q.anim_time*90*1.6*2-90-90-25-90)", 0, 0]
				},
				"tentacle_mid_l": {
					"rotation": ["17*math.sin(q.anim_time*90*1.6*2-90-90-25-90)", 0, 0]
				},
				"tentacle_mid_l_2": {
					"rotation": ["17*math.sin(q.anim_time*90*1.6*2-90-90-25-90)", 0, 0]
				},
				"ring": {
					"rotation": [
						"1*math.sin(q.anim_time*90*1.6-35)+ 1*math.sin(q.anim_time*90*1.6*2-45)",
						"math.sin(q.anim_time*90*1.6-90)*3",
						"math.sin(q.anim_time*90*1.6-180)"
					],
					"position": [0, -0.5, 1],
					"scale": [1, "1 + math.sin(q.anim_time*90*1.6*2+90+90)*0.075", 1]
				},
				"main": {
					"position": [
						"0.05*math.sin(q.anim_time*90/2*1.6) +0.2*math.sin(q.anim_time*90*1.6)",
						"7+0.1*math.sin(q.anim_time*90*1.6) +0.3*math.sin(q.anim_time*90*1.6*2)",
						"0.05*math.sin(q.anim_time*90/2*1.6-160) +0.2*math.sin(q.anim_time*90*1.6-80)"
					],
					"scale": [1, "1 + math.sin(q.anim_time*90*1.6*2+90+90)*0.025", 1]
				},
				"head": {
					"rotation": [10, 0, 0]
				},
				"body_1": {
					"rotation": ["12+ 2*math.sin(q.anim_time*90*1.6-35+25-90)+ 13*math.sin(q.anim_time*90*1.6*2-45+25-90)", 0, 0]
				}
			}
		}
	}
}