{
	"format_version": "1.12.0",
	"minecraft:geometry": [
		{
			"description": {
				"identifier": "geometry.unknown",
				"texture_width": 64,
				"texture_height": 64,
				"visible_bounds_width": 5,
				"visible_bounds_height": 3.5,
				"visible_bounds_offset": [0, 1.25, 0]
			},
			"bones": [
				{
					"name": "bodysec_1",
					"pivot": [0, 0, 0],
					"cubes": [
						{"origin": [-0.10198, 19.15269, -3.22043], "size": [0, 12, 7], "uv": [24, 40]},
						{"origin": [-0.10198, 2.15269, -3.22043], "size": [0, 12, 7], "uv": [38, 8]},
						{"origin": [-3.15198, 13.15269, -5.47043], "size": [6, 7, 11], "uv": [15, 17]}
					]
				},
				{
					"name": "fin2",
					"parent": "bodysec_1",
					"pivot": [-3.22698, 15.65269, -5.37043]
				},
				{
					"name": "fin_2",
					"parent": "fin2",
					"pivot": [-3.22698, 13.17769, -5.37043],
					"cubes": [
						{"origin": [-3.22698, 13.27769, -4.59543], "size": [0, 5, 7], "pivot": [-3.22698, 15.65269, -5.37043], "rotation": [-21.25, -22.75, 0], "uv": [17, 28], "mirror": true}
					]
				},
				{
					"name": "fin_1",
					"parent": "fin2",
					"pivot": [2.92302, 13.17769, -5.37043],
					"cubes": [
						{"origin": [2.92302, 13.27769, -4.59543], "size": [0, 5, 7], "pivot": [2.92302, 15.65269, -5.37043], "rotation": [-21.25, 22.75, 0], "uv": [17, 28]}
					]
				},
				{
					"name": "fin",
					"parent": "bodysec_1",
					"pivot": [-2.15198, 6.15269, -4.47043],
					"cubes": [
						{"origin": [2.84802, 16.15269, 0.52957], "size": [4, 0, 5], "uv": [15, 5]},
						{"origin": [-7.15198, 16.15269, 0.52957], "size": [4, 0, 5], "uv": [15, 5], "mirror": true}
					]
				},
				{
					"name": "head",
					"parent": "bodysec_1",
					"pivot": [-0.15198, 16.20269, -5.34543],
					"cubes": [
						{"origin": [-2.65198, 14.94565, -9.03392], "size": [5, 2, 6], "inflate": 0.05, "uv": [40, 41]}
					]
				},
				{
					"name": "eye_right",
					"parent": "head",
					"pivot": [-0.15198, 14.61928, -5.55658],
					"cubes": [
						{"origin": [-2.72698, 16.04565, -8.50892], "size": [0, 2, 2], "uv": [28, 1], "mirror": true},
						{"origin": [-2.58, 16.52065, -8.05892], "size": [0, 1, 1], "inflate": 0.15, "uv": [27, 14], "mirror": true},
						{"origin": [-2.77698, 16.52065, -8.05892], "size": [0, 1, 1], "uv": [0, 3], "mirror": true},
						{"origin": [-2.72698, 16.52065, -6.50892], "size": [0, 1, 1], "uv": [2, 3], "mirror": true}
					]
				},
				{
					"name": "eye_left",
					"parent": "head",
					"pivot": [-0.15198, 14.61928, -5.55658],
					"cubes": [
						{"origin": [2.42302, 16.04565, -8.50892], "size": [0, 2, 2], "uv": [28, 1]},
						{"origin": [2.28, 16.52065, -8.05892], "size": [0, 1, 1], "inflate": 0.15, "uv": [27, 14]},
						{"origin": [2.47302, 16.52065, -8.05892], "size": [0, 1, 1], "uv": [0, 3]},
						{"origin": [2.42302, 16.52065, -6.50892], "size": [0, 1, 1], "uv": [2, 3]}
					]
				},
				{
					"name": "head_top",
					"parent": "head",
					"pivot": [-0.15198, 18.20269, -5.34543],
					"cubes": [
						{"origin": [-2.65198, 16.42769, -15.34543], "size": [5, 3, 10], "inflate": 0.025, "pivot": [-0.15198, 18.20269, -5.34543], "rotation": [5, 0, 0], "uv": [0, 0]},
						{"origin": [2.07302, 13.97769, -14.14543], "size": [0, 1, 1], "pivot": [0.84802, 14.70269, -11.84543], "rotation": [-40, 0, 0], "uv": [8, 1]},
						{"origin": [-2.35198, 14.97769, -13.14543], "size": [0, 1, 1], "pivot": [0.84802, 14.70269, -11.84543], "rotation": [-40, 0, 0], "uv": [6, 0]},
						{"origin": [-2.35198, 13.97769, -14.14543], "size": [0, 1, 1], "pivot": [0.84802, 14.70269, -11.84543], "rotation": [-40, 0, 0], "uv": [6, 3]},
						{"origin": [2.07302, 14.97769, -13.14543], "size": [0, 1, 1], "pivot": [0.84802, 14.70269, -11.84543], "rotation": [-40, 0, 0], "uv": [8, 0]},
						{"origin": [2.07302, 16.97769, -11.47043], "size": [0, 1, 1], "pivot": [0.84802, 14.70269, -11.84543], "rotation": [-40, 0, 0], "uv": [4, 3]},
						{"origin": [-2.40198, 16.97769, -11.47043], "size": [0, 1, 1], "pivot": [0.84802, 14.70269, -11.84543], "rotation": [-40, 0, 0], "uv": [4, 0]}
					]
				},
				{
					"name": "jaw_bot",
					"parent": "head",
					"pivot": [-0.15198, 15.21928, -5.18158],
					"rotation": [8.5, 0, 0],
					"cubes": [
						{"origin": [-2.15198, 13.94565, -14.03392], "size": [4, 2, 9], "pivot": [-0.15198, 15.61928, -5.55658], "rotation": [-17.25, 0, 0], "uv": [29, 50]},
						{"origin": [1.74802, 16.56928, -11.35658], "size": [0, 1, 1], "pivot": [0.84802, 17.71928, -11.68158], "rotation": [27.5, 0, 0], "uv": [28, 5]},
						{"origin": [1.74802, 15.56928, -10.35658], "size": [0, 1, 1], "pivot": [0.84802, 17.71928, -11.68158], "rotation": [27.5, 0, 0], "uv": [28, 4]},
						{"origin": [-2.05198, 16.56928, -11.35658], "size": [0, 1, 1], "pivot": [-1.15198, 17.71928, -11.68158], "rotation": [27.5, 0, 0], "uv": [28, 5], "mirror": true},
						{"origin": [-2.05198, 15.56928, -10.35658], "size": [0, 1, 1], "pivot": [-1.15198, 17.71928, -11.68158], "rotation": [27.5, 0, 0], "uv": [28, 4], "mirror": true}
					]
				},
				{
					"name": "bodysec_2",
					"parent": "bodysec_1",
					"pivot": [-0.13198, 16.43929, 5.44927],
					"cubes": [
						{"origin": [-0.10198, 17.00269, 6.77957], "size": [0, 5, 5], "pivot": [-0.10198, 21.15269, 8.77957], "rotation": [-32.5, 0, 0], "uv": [0, 43]},
						{"origin": [-0.10198, 6.30269, 24.35457], "size": [0, 5, 5], "pivot": [-0.10198, -20.84731, 8.77957], "rotation": [32.5, 0, 0], "uv": [0, 0]},
						{"origin": [0.84802, 16.15269, 7.02957], "size": [4, 0, 3], "uv": [41, 0]},
						{"origin": [-5.15198, 16.15269, 7.02957], "size": [4, 0, 3], "uv": [41, 0], "mirror": true},
						{"origin": [-2.65198, 13.52769, 4.02957], "size": [5, 6, 7], "uv": [0, 35]}
					]
				},
				{
					"name": "bodysec_3",
					"parent": "bodysec_2",
					"pivot": [-0.13198, 16.35834, 11.05338],
					"cubes": [
						{"origin": [-0.10198, 18.00269, 11.77957], "size": [0, 5, 4], "pivot": [-0.10198, 21.15269, 8.77957], "rotation": [-32.5, 0, 0], "uv": [45, 0]},
						{"origin": [-0.10198, 4.92769, 29.32957], "size": [0, 5, 4], "pivot": [-0.10198, -20.84731, 8.77957], "rotation": [32.5, 0, 0], "uv": [10, 44]},
						{"origin": [-0.15198, 16.15269, 12.12957], "size": [4, 0, 3], "uv": [33, 0]},
						{"origin": [-4.15198, 16.15269, 12.12957], "size": [4, 0, 3], "uv": [33, 0], "mirror": true},
						{"origin": [-2.15198, 13.95269, 8.62957], "size": [4, 5, 7], "uv": [24, 35]}
					]
				},
				{
					"name": "tail",
					"parent": "bodysec_3",
					"pivot": [-0.15198, 16.45269, 14.02957],
					"cubes": [
						{"origin": [-1.65198, 14.95269, 12.52957], "size": [3, 3, 7], "uv": [42, 28]},
						{"origin": [-0.05198, 8.95269, 15.52957], "size": [0, 15, 13], "uv": [0, 0]}
					]
				},
				{
					"name": "bone",
					"parent": "bodysec_1",
					"pivot": [1.84802, 6.15269, -4.47043]
				}
			]
		}
	]
}