{
	"format_version": "1.8.0",
	"animations": {
		"animation.terrakion.ground_idle": {
			"loop": true,
			"bones": {
				"head": {
					"rotation": ["-5+math.cos(query.anim_time*90*3/2-200)*3/2", 0, 0],
					"position": [0, 0, 0]
				},
				"torso": {
					"rotation": ["2.5+math.cos(query.anim_time*90*3/2)*1/2", 0, 0],
					"position": [0, "-2+math.sin(query.anim_time*90*3/2)*0.2", 0]
				},
				"tail": {
					"rotation": ["-17.5+math.cos(query.anim_time*90*3/2-60)*3", "0+math.cos(query.anim_time*90*3/2/2-60)*3", 0],
					"position": [0, -1.8, 0]
				},
				"leftleg": {
					"rotation": [9.96271, 0.86717, -4.92442],
					"position": [0, -0.9, 0]
				},
				"leftarm": {
					"rotation": [0, 0, -7.5]
				},
				"bone": {
					"rotation": [0, 0, 0],
					"position": [0, 0, 0]
				},
				"bone2": {
					"rotation": [-7.47178, 0.65182, 4.95744],
					"position": [0.03433, 0.39242, 0.06946]
				},
				"rightleg": {
					"rotation": [9.96271, -0.86717, 4.92442],
					"position": [0, -0.9, 0]
				},
				"bone3": {
					"rotation": [0, 0, 0],
					"position": [0, 0, 0]
				},
				"bone4": {
					"rotation": [-7.47178, -0.65182, -4.95744],
					"position": [-0.03433, 0.39242, 0.06946]
				},
				"bone5": {
					"rotation": [0, 0, 7.5],
					"position": [0.08682, 0.4924, 0]
				},
				"rightarm": {
					"rotation": [0, 0, 7.5]
				},
				"bone6": {
					"rotation": [0, 0, -7.5],
					"position": [-0.08682, 0.4924, 0]
				}
			}
		},
		"animation.terrakion.ground_walk": {
			"loop": true,
			"animation_length": 1,
			"bones": {
				"head": {
					"rotation": {
						"0.0": {
							"post": [-7.5, 0, 0],
							"lerp_mode": "catmullrom"
						},
						"0.25": {
							"post": [-12.48848, -0.54094, -2.44081],
							"lerp_mode": "catmullrom"
						},
						"0.5": {
							"post": [-7.5, 0, 0],
							"lerp_mode": "catmullrom"
						},
						"0.75": {
							"post": [-12.48848, 0.54094, 2.44081],
							"lerp_mode": "catmullrom"
						},
						"1.0": {
							"post": [-7.5, 0, 0],
							"lerp_mode": "catmullrom"
						}
					},
					"position": {
						"0.0": {
							"post": [0, 0, 0],
							"lerp_mode": "catmullrom"
						},
						"0.25": {
							"post": [0, 0, 0.3],
							"lerp_mode": "catmullrom"
						},
						"0.5": {
							"post": [0, 0, 0],
							"lerp_mode": "catmullrom"
						},
						"0.75": {
							"post": [0, 0, 0.3],
							"lerp_mode": "catmullrom"
						},
						"1.0": {
							"post": [0, 0, 0],
							"lerp_mode": "catmullrom"
						}
					}
				},
				"torso": {
					"rotation": {
						"0.0": {
							"post": [2.5, 0, 0],
							"lerp_mode": "catmullrom"
						},
						"0.25": {
							"post": [4.99762, -0.10901, 2.49762],
							"lerp_mode": "catmullrom"
						},
						"0.5": {
							"post": [2.5, 0, 0],
							"lerp_mode": "catmullrom"
						},
						"0.75": {
							"post": [4.99762, 0.10901, -2.49762],
							"lerp_mode": "catmullrom"
						},
						"1.0": {
							"post": [2.5, 0, 0],
							"lerp_mode": "catmullrom"
						}
					},
					"position": {
						"0.0": {
							"post": [0, -2, 0],
							"lerp_mode": "catmullrom"
						},
						"0.5": {
							"post": [0, -2, 0],
							"lerp_mode": "catmullrom"
						},
						"1.0": {
							"post": [0, -2, 0],
							"lerp_mode": "catmullrom"
						}
					}
				},
				"tail": {
					"rotation": {
						"0.0": {
							"post": [-23.4477, 7.30111, 23.97594],
							"lerp_mode": "catmullrom"
						},
						"0.25": {
							"post": [-37.36704, 1.73846, -8.03674],
							"lerp_mode": "catmullrom"
						},
						"0.5": {
							"post": [-23.4477, -7.30111, -23.97594],
							"lerp_mode": "catmullrom"
						},
						"0.75": {
							"post": [-37.36704, -1.73846, 8.03674],
							"lerp_mode": "catmullrom"
						},
						"1.0": {
							"post": [-23.4477, 7.30111, 23.97594],
							"lerp_mode": "catmullrom"
						}
					},
					"position": {
						"0.0": {
							"post": [0, -1.8, 0],
							"lerp_mode": "catmullrom"
						},
						"0.5": {
							"post": [0, -1.8, 0],
							"lerp_mode": "catmullrom"
						},
						"1.0": {
							"post": [0, -1.8, 0],
							"lerp_mode": "catmullrom"
						}
					}
				},
				"leftleg": {
					"rotation": {
						"0.0": {
							"post": [32.40109, 2.68407, -4.22005],
							"lerp_mode": "catmullrom"
						},
						"0.25": {
							"post": [20.76865, 0.44721, -4.5634],
							"lerp_mode": "catmullrom"
						},
						"0.5": {
							"post": [-14.94548, -1.29256, -4.83045],
							"lerp_mode": "catmullrom"
						},
						"0.7917": {
							"post": [6.8239, 1.01959, -4.47554],
							"lerp_mode": "catmullrom"
						},
						"1.0": {
							"post": [32.40109, 2.68407, -4.22005],
							"lerp_mode": "catmullrom"
						}
					},
					"position": {
						"0.0": {
							"post": [0, -0.9, 0],
							"lerp_mode": "catmullrom"
						},
						"1.0": {
							"post": [0, -0.9, 0],
							"lerp_mode": "catmullrom"
						}
					}
				},
				"leftarm": {
					"rotation": {
						"0.0": {
							"post": [-19.8423, -2.55868, -7.05239],
							"lerp_mode": "catmullrom"
						},
						"0.5": {
							"post": [34.76905, 4.29357, -6.15518],
							"lerp_mode": "catmullrom"
						},
						"0.8333": {
							"post": [-14.12342, 1.29571, -6.54771],
							"lerp_mode": "catmullrom"
						},
						"1.0": {
							"post": [-19.8423, -2.55868, -7.05239],
							"lerp_mode": "catmullrom"
						}
					}
				},
				"bone": {
					"rotation": {
						"0.0": {
							"post": [0, 0, 0],
							"lerp_mode": "catmullrom"
						},
						"0.2083": {
							"post": [47.5, 0, 0],
							"lerp_mode": "catmullrom"
						},
						"0.3333": {
							"post": [4.64, 0, 0],
							"lerp_mode": "catmullrom"
						},
						"0.5": {
							"post": [0, 0, 0],
							"lerp_mode": "catmullrom"
						},
						"1.0": {
							"post": [0, 0, 0],
							"lerp_mode": "catmullrom"
						}
					},
					"position": {
						"0.0": {
							"post": [0, 0, 0],
							"lerp_mode": "catmullrom"
						},
						"0.2083": {
							"post": [0, 1.8, 0],
							"lerp_mode": "catmullrom"
						},
						"0.5": {
							"post": [0, 0, 0],
							"lerp_mode": "catmullrom"
						},
						"1.0": {
							"post": [0, 0, 0],
							"lerp_mode": "catmullrom"
						}
					}
				},
				"bone2": {
					"rotation": {
						"0.0": {
							"post": [-7.47178, 0.65182, 4.95744],
							"lerp_mode": "catmullrom"
						},
						"0.0833": {
							"post": [-35.73958, -5.73846, -1.14806],
							"lerp_mode": "catmullrom"
						},
						"0.2083": {
							"post": [-77.12466, -7.52638, -0.81264],
							"lerp_mode": "catmullrom"
						},
						"0.4167": {
							"post": [-27.51829, 0.44902, -3.42864],
							"lerp_mode": "catmullrom"
						},
						"0.5": {
							"post": [-7.47178, 0.65182, 4.95744],
							"lerp_mode": "catmullrom"
						},
						"1.0": {
							"post": [-7.47178, 0.65182, 4.95744],
							"lerp_mode": "catmullrom"
						}
					},
					"position": {
						"0.0": {
							"post": [0.03433, 0.39242, 0.06946],
							"lerp_mode": "catmullrom"
						},
						"0.2083": {
							"post": [0.03, 2.09, -0.23],
							"lerp_mode": "catmullrom"
						},
						"0.5": {
							"post": [0.03433, 0.39242, 0.06946],
							"lerp_mode": "catmullrom"
						},
						"1.0": {
							"post": [0.03433, 0.39242, 0.06946],
							"lerp_mode": "catmullrom"
						}
					}
				},
				"rightleg": {
					"rotation": {
						"0.0": {
							"post": [-14.94548, 1.29256, 4.83045],
							"lerp_mode": "catmullrom"
						},
						"0.2917": {
							"post": [6.8239, -1.01959, 4.47554],
							"lerp_mode": "catmullrom"
						},
						"0.5": {
							"post": [32.40109, -2.68407, 4.22005],
							"lerp_mode": "catmullrom"
						},
						"0.75": {
							"post": [20.76865, -0.44721, 4.5634],
							"lerp_mode": "catmullrom"
						},
						"1.0": {
							"post": [-14.94548, 1.29256, 4.83045],
							"lerp_mode": "catmullrom"
						}
					},
					"position": {
						"0.0": {
							"post": [0, -0.9, 0],
							"lerp_mode": "catmullrom"
						},
						"0.5": {
							"post": [0, -0.9, 0],
							"lerp_mode": "catmullrom"
						},
						"1.0": {
							"post": [0, -0.9, 0],
							"lerp_mode": "catmullrom"
						}
					}
				},
				"bone3": {
					"rotation": {
						"0.0": {
							"post": [0, 0, 0],
							"lerp_mode": "catmullrom"
						},
						"0.5": {
							"post": [0, 0, 0],
							"lerp_mode": "catmullrom"
						},
						"0.7083": {
							"post": [47.5, 0, 0],
							"lerp_mode": "catmullrom"
						},
						"0.8333": {
							"post": [4.64, 0, 0],
							"lerp_mode": "catmullrom"
						},
						"1.0": {
							"post": [0, 0, 0],
							"lerp_mode": "catmullrom"
						}
					},
					"position": {
						"0.0": {
							"post": [0, 0, 0],
							"lerp_mode": "catmullrom"
						},
						"0.5": {
							"post": [0, 0, 0],
							"lerp_mode": "catmullrom"
						},
						"0.7083": {
							"post": [0, 1.8, 0],
							"lerp_mode": "catmullrom"
						},
						"1.0": {
							"post": [0, 0, 0],
							"lerp_mode": "catmullrom"
						}
					}
				},
				"bone4": {
					"rotation": {
						"0.0": {
							"post": [-7.47178, -0.65182, -4.95744],
							"lerp_mode": "catmullrom"
						},
						"0.5": {
							"post": [-7.47178, -0.65182, -4.95744],
							"lerp_mode": "catmullrom"
						},
						"0.5833": {
							"post": [-35.73958, 5.73846, 1.14806],
							"lerp_mode": "catmullrom"
						},
						"0.7083": {
							"post": [-77.12466, 7.52638, 0.81264],
							"lerp_mode": "catmullrom"
						},
						"0.9167": {
							"post": [-27.51829, -0.44902, 3.42864],
							"lerp_mode": "catmullrom"
						},
						"1.0": {
							"post": [-7.47178, -0.65182, -4.95744],
							"lerp_mode": "catmullrom"
						}
					},
					"position": {
						"0.0": {
							"post": [-0.03433, 0.39242, 0.06946],
							"lerp_mode": "catmullrom"
						},
						"0.5": {
							"post": [-0.03433, 0.39242, 0.06946],
							"lerp_mode": "catmullrom"
						},
						"0.7083": {
							"post": [-0.03, 2.09, -0.23],
							"lerp_mode": "catmullrom"
						},
						"1.0": {
							"post": [-0.03433, 0.39242, 0.06946],
							"lerp_mode": "catmullrom"
						}
					}
				},
				"bone5": {
					"rotation": {
						"0.0": {
							"post": [0, 0, 7.5],
							"lerp_mode": "catmullrom"
						},
						"0.25": {
							"post": [0, 0, 7.5],
							"lerp_mode": "catmullrom"
						},
						"0.5": {
							"post": [12.37993, -0.37331, 6.19129],
							"lerp_mode": "catmullrom"
						},
						"0.75": {
							"post": [55.00935, -3.24637, 2.09669],
							"lerp_mode": "catmullrom"
						},
						"1.0": {
							"post": [0, 0, 7.5],
							"lerp_mode": "catmullrom"
						}
					},
					"position": {
						"0.0": {
							"post": [0.08682, 0.4924, 0],
							"lerp_mode": "catmullrom"
						},
						"0.5": {
							"post": [0.09, 0.69, 0],
							"lerp_mode": "catmullrom"
						},
						"0.75": {
							"post": [0.29, 2.62, 0],
							"lerp_mode": "catmullrom"
						},
						"1.0": {
							"post": [0.08682, 0.4924, 0],
							"lerp_mode": "catmullrom"
						}
					}
				},
				"rightarm": {
					"rotation": {
						"0.0": {
							"post": [34.76905, -4.29357, 6.15518],
							"lerp_mode": "catmullrom"
						},
						"0.3333": {
							"post": [-14.12342, -1.29571, 6.54771],
							"lerp_mode": "catmullrom"
						},
						"0.5": {
							"post": [-19.8423, 2.55868, 7.05239],
							"lerp_mode": "catmullrom"
						},
						"1.0": {
							"post": [34.76905, -4.29357, 6.15518],
							"lerp_mode": "catmullrom"
						}
					}
				},
				"bone6": {
					"rotation": {
						"0.0": {
							"post": [12.37993, 0.37331, -6.19129],
							"lerp_mode": "catmullrom"
						},
						"0.25": {
							"post": [55.00935, 3.24637, -2.09669],
							"lerp_mode": "catmullrom"
						},
						"0.5": {
							"post": [0, 0, -7.5],
							"lerp_mode": "catmullrom"
						},
						"0.75": {
							"post": [0, 0, -7.5],
							"lerp_mode": "catmullrom"
						},
						"1.0": {
							"post": [12.37993, 0.37331, -6.19129],
							"lerp_mode": "catmullrom"
						}
					},
					"position": {
						"0.0": {
							"post": [-0.09, 0.69, 0],
							"lerp_mode": "catmullrom"
						},
						"0.25": {
							"post": [-0.29, 2.62, 0],
							"lerp_mode": "catmullrom"
						},
						"0.5": {
							"post": [-0.08682, 0.4924, 0],
							"lerp_mode": "catmullrom"
						},
						"1.0": {
							"post": [-0.09, 0.69, 0],
							"lerp_mode": "catmullrom"
						}
					}
				},
				"body": {
					"position": {
						"0.0": {
							"post": [0, 0.6, 0],
							"lerp_mode": "catmullrom"
						},
						"0.25": {
							"post": [0, 0.5, 0],
							"lerp_mode": "catmullrom"
						},
						"0.5": {
							"post": [0, 0.6, 0],
							"lerp_mode": "catmullrom"
						},
						"0.75": {
							"post": [0, 0.5, 0],
							"lerp_mode": "catmullrom"
						},
						"1.0": {
							"post": [0, 0.6, 0],
							"lerp_mode": "catmullrom"
						}
					}
				}
			}
		},
		"animation.terrakion.cry": {
			"animation_length": 1.16667,
			"bones": {
				"head": {
					"rotation": {
						"0.0": [0, 0, 0],
						"0.0417": [-7.5, 0, 0],
						"0.125": [-5, 0, 0],
						"0.2083": [-15, 0, 0],
						"0.4583": [-12.5, 0, 0],
						"0.5417": [-10, 0, 0],
						"0.6667": [-7.5, 0, 0],
						"0.7917": [-5, 0, 0],
						"0.875": [-2.5, 0, 0],
						"0.9167": [0, 0, 0]
					}
				}
			},
			"sound_effects": {
				"0.0": {
					"effect": "pokemon.terrakion.cry"
				}
			}
		}
	}
}