{
	"format_version": "1.12.0",
	"minecraft:geometry": [
		{
			"description": {
				"identifier": "geometry.rotomfrost",
				"texture_width": 96,
				"texture_height": 96,
				"visible_bounds_width": 4,
				"visible_bounds_height": 3.5,
				"visible_bounds_offset": [0, 1.25, 0]
			},
			"bones": [
				{
					"name": "root",
					"pivot": [0, 0, 0]
				},
				{
					"name": "rotomfrost",
					"parent": "root",
					"pivot": [0, 0, 0]
				},
				{
					"name": "body",
					"parent": "rotomfrost",
					"pivot": [0, 0, 0],
					"cubes": [
						{"origin": [-7, 2, -5], "size": [14, 21, 12], "uv": [0, 0]},
						{"origin": [-2, 23, -2], "size": [4, 2, 4], "uv": [36, 56]},
						{"origin": [-1, 25, -1], "size": [2, 2, 2], "uv": [0, 33]},
						{"origin": [-7, 2, -7], "size": [14, 4, 2], "uv": [52, 22]},
						{"origin": [-7, 16, -7], "size": [14, 7, 2], "uv": [52, 13]}
					]
				},
				{
					"name": "arms",
					"parent": "body",
					"pivot": [0, 1, 0]
				},
				{
					"name": "left",
					"parent": "arms",
					"pivot": [5.75, 12, 0],
					"rotation": [0, 0, -10],
					"cubes": [
						{"origin": [4.75, 9, 0], "size": [18, 13, 0], "uv": [52, 0]}
					]
				},
				{
					"name": "right",
					"parent": "arms",
					"pivot": [-5, 11.5, 0],
					"rotation": [0, 0, 10],
					"cubes": [
						{"origin": [-22, 9, 0], "size": [18, 13, 0], "uv": [45, 33]}
					]
				},
				{
					"name": "fridge",
					"parent": "body",
					"pivot": [0, 0, 0]
				},
				{
					"name": "rightdoor",
					"parent": "fridge",
					"pivot": [-6, 11.5, -6],
					"cubes": [
						{"origin": [-7, 6, -7], "size": [7, 10, 2], "uv": [18, 56]},
						{"origin": [-3.25, 11.25, -7.4], "size": [2, 4, 2], "uv": [0, 6]}
					]
				},
				{
					"name": "leftdoor",
					"parent": "fridge",
					"pivot": [6, 11.5, -6],
					"cubes": [
						{"origin": [0, 6, -7], "size": [7, 10, 2], "uv": [0, 56]},
						{"origin": [1.25, 11.25, -7.4], "size": [2, 4, 2], "uv": [0, 0]}
					]
				},
				{
					"name": "face",
					"parent": "body",
					"pivot": [0, -1, 0]
				},
				{
					"name": "eyes",
					"parent": "face",
					"pivot": [0, -1, 0]
				},
				{
					"name": "lefteye",
					"parent": "eyes",
					"pivot": [2.5, 20.5, -6.57],
					"rotation": [0, 0, 5],
					"cubes": [
						{"origin": [1.5, 19, -7.07], "size": [2, 3, 1], "uv": [0, 37]},
						{"origin": [2, 19.5, -7.15], "size": [1, 2, 1], "uv": [8, 8]},
						{"origin": [1.5, 20.5, -7.14], "size": [2, 0, 1], "uv": [7, 11]}
					]
				},
				{
					"name": "righteye",
					"parent": "eyes",
					"pivot": [-2.5, 20.5, -6.57],
					"rotation": [0, 0, -5],
					"cubes": [
						{"origin": [-3.5, 19, -7.07], "size": [2, 3, 1], "uv": [8, 33]},
						{"origin": [-3, 19.5, -7.15], "size": [1, 2, 1], "uv": [8, 3]},
						{"origin": [-3.5, 20.5, -7.14], "size": [2, 0, 1], "uv": [7, 2]}
					]
				},
				{
					"name": "mouth",
					"parent": "face",
					"pivot": [0, -1, 0],
					"cubes": [
						{"origin": [-1.85, 17.5, -7.07], "size": [2, 1, 1], "pivot": [-1, 18, -6.64], "rotation": [0, 0, 12.5], "uv": [6, 6]},
						{"origin": [-0.15, 17.5, -7.06], "size": [2, 1, 1], "pivot": [1, 18, -6.64], "rotation": [0, 0, -12.5], "uv": [6, 0]},
						{"origin": [0.85, 17.5, -7.14], "size": [0, 1, 1], "pivot": [1, 18, -6.64], "rotation": [0, 0, -12.5], "uv": [0, 5]},
						{"origin": [-0.85, 17.5, -7.14], "size": [0, 1, 1], "pivot": [-1, 18, -6.64], "rotation": [0, 0, 12.5], "uv": [0, 0]}
					]
				},
				{
					"name": "glow",
					"parent": "body",
					"pivot": [0, 0, 0],
					"cubes": [
						{"origin": [-7.25, 8.5, -7.5], "size": [15, 8, 15], "inflate": -15, "uv": [0, 33]},
						{"origin": [-2.25, 22.5, -2.5], "size": [5, 6, 5], "inflate": -5, "uv": [55, 51]}
					]
				}
			]
		}
	]
}