{
	"format_version": "1.12.0",
	"minecraft:geometry": [
		{
			"description": {
				"identifier": "geometry.ledyba",
				"texture_width": 64,
				"texture_height": 64,
				"visible_bounds_width": 4,
				"visible_bounds_height": 4,
				"visible_bounds_offset": [0, 1, 0]
			},
			"bones": [
				{
					"name": "ledyba",
					"pivot": [0, 0, 0]
				},
				{
					"name": "body",
					"parent": "ledyba",
					"pivot": [0, 0, 0]
				},
				{
					"name": "torso",
					"parent": "body",
					"pivot": [0, 1.325, -1],
					"cubes": [
						{"origin": [-4.5, 0.825, -5.5], "size": [9, 9, 8], "uv": [0, 0]}
					]
				},
				{
					"name": "right_arm",
					"parent": "torso",
					"pivot": [-4.5, 8.825, -4.5]
				},
				{
					"name": "arm_top_right",
					"parent": "right_arm",
					"pivot": [-4.5, 8.825, -4.5],
					"cubes": [
						{"origin": [-6.5, 8.325, -5], "size": [2, 1, 1], "uv": [37, 43], "mirror": true}
					]
				},
				{
					"name": "arm1_bone4",
					"parent": "arm_top_right",
					"pivot": [-6.6, 8.825, -4.5],
					"cubes": [
						{"origin": [-8.51, 8.335, -4.99], "size": [2, 1, 1], "inflate": 0.01, "uv": [31, 43], "mirror": true},
						{"origin": [-9.45, 7.825, -5.5], "size": [2, 2, 2], "uv": [38, 16], "mirror": true}
					]
				},
				{
					"name": "arm_mid_right2",
					"parent": "right_arm",
					"pivot": [-4.5, 5.825, -4.5],
					"cubes": [
						{"origin": [-5.5, 5.325, -5], "size": [2, 1, 1], "uv": [25, 43], "mirror": true}
					]
				},
				{
					"name": "arm1_bone5",
					"parent": "arm_mid_right2",
					"pivot": [-5.6, 5.825, -4.5],
					"cubes": [
						{"origin": [-7.51, 5.335, -4.99], "size": [2, 1, 1], "inflate": 0.01, "uv": [43, 21], "mirror": true},
						{"origin": [-8.475, 4.825, -5.5], "size": [2, 2, 2], "uv": [38, 16], "mirror": true}
					]
				},
				{
					"name": "arm_bot_right3",
					"parent": "right_arm",
					"pivot": [-4.5, 2.825, -4.5],
					"cubes": [
						{"origin": [-5.5, 2.325, -5], "size": [2, 1, 1], "uv": [38, 20], "mirror": true}
					]
				},
				{
					"name": "arm1_bone6",
					"parent": "arm_bot_right3",
					"pivot": [-5.6, 2.825, -4.5],
					"cubes": [
						{"origin": [-7.51, 2.335, -4.99], "size": [2, 1, 1], "inflate": 0.01, "uv": [20, 37], "mirror": true},
						{"origin": [-8.525, 1.825, -5.5], "size": [2, 2, 2], "uv": [38, 16], "mirror": true}
					]
				},
				{
					"name": "left_arm",
					"parent": "torso",
					"pivot": [4.5, 8.825, -4.5]
				},
				{
					"name": "arm_top_left",
					"parent": "left_arm",
					"pivot": [4.5, 8.825, -4.5],
					"cubes": [
						{"origin": [4.5, 8.325, -5], "size": [2, 1, 1], "uv": [37, 43]}
					]
				},
				{
					"name": "arm1_bone",
					"parent": "arm_top_left",
					"pivot": [6.6, 8.825, -4.5],
					"cubes": [
						{"origin": [6.51, 8.335, -4.99], "size": [2, 1, 1], "inflate": 0.01, "uv": [31, 43]},
						{"origin": [7.45, 7.825, -5.5], "size": [2, 2, 2], "uv": [38, 16]}
					]
				},
				{
					"name": "arm_mid_left2",
					"parent": "left_arm",
					"pivot": [4.5, 5.825, -4.5],
					"cubes": [
						{"origin": [3.5, 5.325, -5], "size": [2, 1, 1], "uv": [25, 43]}
					]
				},
				{
					"name": "arm1_bone2",
					"parent": "arm_mid_left2",
					"pivot": [5.6, 5.825, -4.5],
					"cubes": [
						{"origin": [5.51, 5.335, -4.99], "size": [2, 1, 1], "inflate": 0.01, "uv": [43, 21]},
						{"origin": [6.475, 4.825, -5.5], "size": [2, 2, 2], "uv": [38, 16]}
					]
				},
				{
					"name": "arm_bot_left3",
					"parent": "left_arm",
					"pivot": [4.5, 2.825, -4.5],
					"cubes": [
						{"origin": [3.5, 2.325, -5], "size": [2, 1, 1], "uv": [38, 20]}
					]
				},
				{
					"name": "arm1_bone3",
					"parent": "arm_bot_left3",
					"pivot": [5.6, 2.825, -4.5],
					"cubes": [
						{"origin": [5.51, 2.335, -4.99], "size": [2, 1, 1], "inflate": 0.01, "uv": [20, 37]},
						{"origin": [6.525, 1.825, -5.5], "size": [2, 2, 2], "uv": [38, 16]}
					]
				},
				{
					"name": "head",
					"parent": "torso",
					"pivot": [0, 11, -4]
				},
				{
					"name": "jaw",
					"parent": "head",
					"pivot": [0, 11.025, -0.5]
				},
				{
					"name": "mouth",
					"parent": "jaw",
					"pivot": [0, 11.825, -2.1],
					"cubes": [
						{"origin": [-3, 9.825, -7.1], "size": [6, 2, 5], "uv": [26, 0]}
					]
				},
				{
					"name": "head_top",
					"parent": "head",
					"pivot": [0, 11.49525, -2.36514],
					"cubes": [
						{"origin": [-3.5, 10.9, -8], "size": [7, 5, 6], "pivot": [1, -1.1, -2.5], "rotation": [-2.5, 0, 0], "uv": [0, 33]}
					]
				},
				{
					"name": "eyes",
					"parent": "head_top",
					"pivot": [1, -1.1, -2.5]
				},
				{
					"name": "left_eye4",
					"parent": "eyes",
					"pivot": [-1, -1.1, -2.5]
				},
				{
					"name": "right_eye3",
					"parent": "eyes",
					"pivot": [-1, -1.1, -2.5],
					"cubes": [
						{"origin": [-4.125, 11.4, -8.46], "size": [3, 3, 1], "inflate": -0.1, "pivot": [-1, -1.1, -2.5], "rotation": [-2.5, 0, 0], "uv": [43, 0], "mirror": true}
					]
				},
				{
					"name": "eye_in_2",
					"parent": "right_eye3",
					"pivot": [-2.625, 13.12527, -7.35412],
					"cubes": [
						{"origin": [-3.625, 11.9, -8.47], "size": [2, 2, 1], "inflate": -0.1, "pivot": [1, -1.1, -2.5], "rotation": [-2.5, 0, 0], "uv": [0, 17]}
					]
				},
				{
					"name": "left_eye",
					"parent": "eyes",
					"pivot": [1, -1.1, -2.5],
					"cubes": [
						{"origin": [1.125, 11.4, -8.46], "size": [3, 3, 1], "inflate": -0.1, "pivot": [1, -1.1, -2.5], "rotation": [-2.5, 0, 0], "uv": [43, 0]}
					]
				},
				{
					"name": "eye_in",
					"parent": "left_eye",
					"pivot": [2.625, 13.12527, -7.35412],
					"cubes": [
						{"origin": [1.625, 11.9, -8.47], "size": [2, 2, 1], "inflate": -0.1, "pivot": [-1, -1.1, -2.5], "rotation": [-2.5, 0, 0], "uv": [0, 17]}
					]
				},
				{
					"name": "left_eye2",
					"parent": "eyes",
					"pivot": [1, -1.1, -5.5],
					"cubes": [
						{"origin": [0.8, 11.9, -7.32], "size": [2, 2, 1], "inflate": -0.15, "pivot": [1, -1.1, -5.5], "rotation": [-2.5, 0, 0], "uv": [0, 33]},
						{"origin": [0.3, 11.4, -7.31], "size": [3, 3, 1], "inflate": -0.3, "pivot": [1, -1.1, -5.5], "rotation": [-2.5, 0, 0], "uv": [42, 12]}
					]
				},
				{
					"name": "right_eye",
					"parent": "eyes",
					"pivot": [1, -1.1, -2.5]
				},
				{
					"name": "right_eye2",
					"parent": "eyes",
					"pivot": [2, -1.1, -1.5],
					"cubes": [
						{"origin": [-2.8, 11.9, -7.32], "size": [2, 2, 1], "inflate": -0.15, "pivot": [2, -1.1, -1.5], "rotation": [-2.5, 0, 0], "uv": [0, 20]},
						{"origin": [-3.3, 11.4, -7.31], "size": [3, 3, 1], "inflate": -0.3, "pivot": [2, -1.1, -1.5], "rotation": [-2.5, 0, 0], "uv": [42, 8]}
					]
				},
				{
					"name": "antennae",
					"parent": "head_top",
					"pivot": [-1, -0.1, -2.5]
				},
				{
					"name": "anthena_right",
					"parent": "antennae",
					"pivot": [-1.79451, 16.05353, -5.95035],
					"cubes": [
						{"origin": [-1.5, 15.4, -6], "size": [1, 3, 0], "pivot": [1, -0.1, -2.5], "rotation": [0, 0, -2.5], "uv": [0, 44]},
						{"origin": [-2.30536, 18.29102, -6], "size": [1, 3, 0], "pivot": [-1.9, 18.3, -6], "rotation": [-47.5, 0, -2.5], "uv": [43, 43]}
					]
				},
				{
					"name": "anthena_left",
					"parent": "antennae",
					"pivot": [1.79451, 16.05353, -5.92535],
					"cubes": [
						{"origin": [0.5, 15.4, -6], "size": [1, 3, 0], "pivot": [-1, -0.1, -2.5], "rotation": [0, 0, 2.5], "uv": [26, 0]},
						{"origin": [1.30536, 18.29102, -6], "size": [1, 3, 0], "pivot": [1.9, 18.3, -6], "rotation": [-47.5, 0, 2.5], "uv": [28, 0]}
					]
				},
				{
					"name": "wings",
					"parent": "torso",
					"pivot": [0, 11.325, 2.5]
				},
				{
					"name": "left_wing",
					"parent": "wings",
					"pivot": [0, 11.325, 2.5],
					"cubes": [
						{"origin": [0.5, 0.825, -3], "size": [5, 10, 6], "inflate": 0.5, "pivot": [0, 11.325, 2.5], "rotation": [2.5, 0, 0], "uv": [22, 17]}
					]
				},
				{
					"name": "right_wing",
					"parent": "wings",
					"pivot": [0, 11.325, 2.5],
					"cubes": [
						{"origin": [-5.5, 0.825, -3], "size": [5, 10, 6], "inflate": 0.5, "pivot": [0, 11.325, 2.5], "rotation": [2.5, 0, 0], "uv": [0, 17]}
					]
				},
				{
					"name": "wings2",
					"parent": "torso",
					"pivot": [0, 11.325, 2.5]
				},
				{
					"name": "left_wing2",
					"parent": "wings2",
					"pivot": [0, 11.325, 2.5],
					"cubes": [
						{"origin": [0.5, 0.825, 2.35], "size": [5, 10, 0], "pivot": [0, 11.325, 2.85], "rotation": [7.5, 0, 0], "uv": [36, 33]}
					]
				},
				{
					"name": "right_wing2",
					"parent": "wings2",
					"pivot": [0, 11.325, 2.5],
					"cubes": [
						{"origin": [-5.5, 0.825, 2.35], "size": [5, 10, 0], "pivot": [0, 11.325, 2.85], "rotation": [7.5, 0, 0], "uv": [26, 33]}
					]
				}
			]
		}
	]
}