{
	"format_version": "1.8.0",
	"animations": {
		"animation.giratina.ground_idle": {
			"loop": true,
			"bones": {
				"body_stripes": {
					"rotation": ["math.sin(query.anim_time*90*1.2)", 0, 0]
				},
				"wings": {
					"rotation": [0, 0, 0]
				},
				"leg_front_right": {
					"rotation": [0, 0, "-math.sin(query.anim_time*90*1.2)"]
				},
				"leg_front_right2": {
					"rotation": [0, 0, "math.sin(query.anim_time*90*1.2)"]
				},
				"leg_middle_right": {
					"rotation": [0, 0, "math.sin(query.anim_time*90*1.2)"]
				},
				"leg_middle_right2": {
					"rotation": [0, 0, "-math.sin(query.anim_time*90*1.2)"]
				},
				"leg_back_right": {
					"rotation": [0, 0, "math.sin(query.anim_time*90*1.2)"]
				},
				"leg_back_right3": {
					"rotation": [0, 0, "-math.sin(query.anim_time*90*1.2)"]
				},
				"leg_front_left": {
					"rotation": [0, 0, "math.sin(query.anim_time*90*1.2)"]
				},
				"leg_middle_left2": {
					"rotation": [0, 0, "-math.sin(query.anim_time*90*1.2)"]
				},
				"leg_back_left3": {
					"rotation": [0, 0, "math.sin(query.anim_time*90*1.2)"]
				},
				"jaw": {
					"rotation": ["math.sin(q.anim_time*90)", 0, 0]
				},
				"leg_middle_left3": {
					"rotation": [0, 0, "math.sin(query.anim_time*90*1.2)"]
				},
				"leg_front_left2": {
					"rotation": [0, 0, "-math.sin(query.anim_time*90*1.2)"]
				},
				"wings_left": {
					"rotation": [0, "math.sin(q.anim_time*90*1.4)*2", 0]
				},
				"wings_right": {
					"rotation": [0, "-math.sin(q.anim_time*90*1.4)*2", 0]
				},
				"tail6": {
					"rotation": ["math.sin(q.anim_time*90*1.25 +150)*10", 0, 0]
				},
				"tail5": {
					"rotation": ["math.sin(q.anim_time*90*1.25+105)*15", 0, 0]
				},
				"tail4": {
					"rotation": ["math.sin(q.anim_time*90*1.25+105)*15", 0, 0]
				},
				"tail3": {
					"rotation": ["math.sin(q.anim_time*90*1.25 +125)*12.5", 0, 0]
				},
				"tail2": {
					"rotation": ["math.sin(q.anim_time*90*1.25 +150)*10", 0, 0]
				},
				"bone5": {
					"rotation": [0, 0, "-math.sin(query.anim_time*90*1.2)"]
				}
			}
		},
		"animation.giratina.ground_walk": {
			"loop": true,
			"bones": {
				"body_stripes": {
					"rotation": ["math.sin(query.anim_time*90*1.2)", 0, 0]
				},
				"wings": {
					"rotation": [0, 0, 0]
				},
				"leg_front_right": {
					"rotation": [0, 0, "-math.sin(query.anim_time*90*1.2)"]
				},
				"leg_front_right2": {
					"rotation": [0, 0, "math.sin(query.anim_time*90*1.2)"]
				},
				"leg_middle_right": {
					"rotation": [0, 0, "math.sin(query.anim_time*90*1.2)"]
				},
				"leg_middle_right2": {
					"rotation": [0, 0, "-math.sin(query.anim_time*90*1.2)"]
				},
				"leg_back_right": {
					"rotation": [0, 0, "math.sin(query.anim_time*90*1.2)"]
				},
				"leg_back_right3": {
					"rotation": [0, 0, "-math.sin(query.anim_time*90*1.2)"]
				},
				"leg_front_left": {
					"rotation": [0, 0, "math.sin(query.anim_time*90*1.2)"]
				},
				"leg_middle_left2": {
					"rotation": [0, 0, "-math.sin(query.anim_time*90*1.2)"]
				},
				"leg_back_left3": {
					"rotation": [0, 0, "math.sin(query.anim_time*90*1.2)"]
				},
				"leg_middle_left3": {
					"rotation": [0, 0, "math.sin(query.anim_time*90*1.2)"]
				},
				"leg_front_left2": {
					"rotation": [0, 0, "-math.sin(query.anim_time*90*1.2)"]
				},
				"wings_left": {
					"rotation": [0, "math.sin(q.anim_time*90*1.4)*2", 0]
				},
				"wings_right": {
					"rotation": [0, "-math.sin(q.anim_time*90*1.4)*2", 0]
				},
				"tail6": {
					"rotation": ["math.sin(q.anim_time*90*1.25 +150)*10", 0, 0]
				},
				"tail5": {
					"rotation": ["math.sin(q.anim_time*90*1.25+105)*15", 0, 0]
				},
				"tail4": {
					"rotation": ["math.sin(q.anim_time*90*1.25+105)*15", 0, 0]
				},
				"tail3": {
					"rotation": ["math.sin(q.anim_time*90*1.25 +125)*12.5", 0, 0]
				},
				"tail2": {
					"rotation": ["math.sin(q.anim_time*90*1.25 +150)*10", 0, 0]
				},
				"bone5": {
					"rotation": [0, 0, "-math.sin(query.anim_time*90*1.2)"]
				}
			}
		},
		"animation.giratina.gound_idle": {
			"loop": true
		},
		"animation.giratina.gound_walk": {
			"loop": true
		},
		"animation.giratina.blink": {
			"loop": true
		},
		"animation.giratina.faint": {
			"loop": true
		}
	}
}