{
	"format_version": "1.12.0",
	"minecraft:geometry": [
		{
			"description": {
				"identifier": "geometry.megalatios",
				"texture_width": 210,
				"texture_height": 410,
				"visible_bounds_width": 10,
				"visible_bounds_height": 8,
				"visible_bounds_offset": [0, 2, 0]
			},
			"bones": [
				{
					"name": "megalatios",
					"pivot": [0, 0, 0]
				},
				{
					"name": "body",
					"parent": "megalatios",
					"pivot": [0, 0, 0]
				},
				{
					"name": "torso",
					"parent": "body",
					"pivot": [0, 0, 0],
					"cubes": [
						{"origin": [11.025, 5, 11.17107], "size": [0, 17, 23], "uv": [156, 259], "mirror": true},
						{"origin": [-11.025, 5, 11.17107], "size": [0, 17, 23], "uv": [109, 259]},
						{"origin": [-11, 0, -0.82893], "size": [22, 22, 35], "uv": [7, 85]},
						{"origin": [-11, 22.025, 5.17107], "size": [11, 0, 29], "uv": [111, 236]},
						{"origin": [0, 22.025, 5.17107], "size": [11, 0, 29], "uv": [72, 236], "mirror": true},
						{"origin": [10.925, -41, 13.17107], "size": [0, 39, 24], "pivot": [10.925, -2, 13.17107], "rotation": [32.05239, 2.55868, -19.8423], "uv": [55, 226]},
						{"origin": [-11, 22, 34.17107], "size": [22, 0, 17], "pivot": [-0.325, 22, 34.17107], "rotation": [-40, 0, 0], "uv": [24, 320]},
						{"origin": [11, 0, 34.17107], "size": [0, 22, 17], "pivot": [11, 11.5, 34.17107], "rotation": [0, -40, 0], "uv": [7, 281], "mirror": true},
						{"origin": [-11, 0, 34.17107], "size": [0, 22, 17], "pivot": [-11, 11.5, 34.17107], "rotation": [0, 40, 0], "uv": [7, 281]},
						{"origin": [-11, 0, 34.17107], "size": [22, 0, 17], "pivot": [-0.325, 0, 34.17107], "rotation": [40, 0, 0], "uv": [24, 303]},
						{"origin": [-10.925, -41, 13.17107], "size": [0, 39, 24], "pivot": [-10.925, -2, 14.17107], "rotation": [32.05239, -2.55868, 19.8423], "uv": [7, 226]},
						{"origin": [-6, 5, 34.17107], "size": [12, 12, 6], "uv": [88, 90]},
						{"origin": [-3, 8, 40.17107], "size": [6, 6, 3], "uv": [88, 109]}
					]
				},
				{
					"name": "torso2",
					"parent": "torso",
					"pivot": [0, 2, -0.82893],
					"cubes": [
						{"origin": [-9, 2, -11.82893], "size": [18, 18, 11], "uv": [69, 145]}
					]
				},
				{
					"name": "neck",
					"parent": "torso2",
					"pivot": [0, 7, -11.82893],
					"cubes": [
						{"origin": [-4, 7, -34.82893], "size": [8, 8, 23], "uv": [78, 49]}
					]
				},
				{
					"name": "head",
					"parent": "neck",
					"pivot": [-0.11856, 15.11765, -31.11063],
					"cubes": [
						{"origin": [-8.87132, 7.17157, -41.52868], "size": [10, 10, 10], "pivot": [-0.17157, 15.07157, -32.82893], "rotation": [14.89503, -44.29713, -10.49429], "uv": [68, 204]},
						{"origin": [-7.87176, 5.54164, -35.9472], "size": [3, 6, 0], "pivot": [-5.69062, 11.51959, -35.93829], "rotation": [-17.64974, -43.46079, 35.17897], "uv": [0, 170]},
						{"origin": [-10.87176, 5.54164, -35.9472], "size": [3, 3, 0], "pivot": [-5.69062, 11.51959, -35.93829], "rotation": [-17.64974, -43.46079, 35.17897], "uv": [0, 167]},
						{"origin": [4.87176, 5.54164, -35.9472], "size": [3, 6, 0], "pivot": [5.69062, 11.51959, -35.93829], "rotation": [-17.64974, 43.46079, -35.17897], "uv": [6, 170], "mirror": true},
						{"origin": [7.87176, 5.54164, -35.9472], "size": [3, 3, 0], "pivot": [5.69062, 11.51959, -35.93829], "rotation": [-17.64974, 43.46079, -35.17897], "uv": [6, 167], "mirror": true},
						{"origin": [-9.5015, 9.81844, -37.88243], "size": [5, 8, 2], "inflate": -0.001, "pivot": [-6.52145, 16.62071, -34.90929], "rotation": [-2.60497, -44.29713, -10.49429], "uv": [8, 201]},
						{"origin": [-9.5015, 17.81844, -36.88243], "size": [5, 6, 0], "inflate": -0.001, "pivot": [-6.52145, 16.62071, -34.90929], "rotation": [-2.60497, -44.29713, -10.49429], "uv": [10, 195]},
						{"origin": [4.2515, 9.81844, -38.13243], "size": [5, 8, 2], "inflate": -0.001, "pivot": [6.52145, 16.62071, -34.90929], "rotation": [-2.60497, 44.29713, 10.49429], "uv": [22, 201], "mirror": true},
						{"origin": [4.2515, 17.81844, -37.13243], "size": [5, 6, 0], "inflate": -0.001, "pivot": [6.52145, 16.62071, -34.90929], "rotation": [-2.60497, 44.29713, 10.49429], "uv": [24, 195], "mirror": true},
						{"origin": [-8.8963, 11.17157, -39.2037], "size": [0, 4, 6], "pivot": [-0.17157, 15.07157, -32.82893], "rotation": [14.89503, -44.29713, -10.49429], "uv": [23, 147]},
						{"origin": [-8.9213, 12.1966, -38.4787], "size": [0, 2, 2], "pivot": [-0.17157, 15.07157, -32.82893], "rotation": [14.89503, -44.29713, -10.49429], "uv": [21, 148]},
						{"origin": [8.69632, 11.17157, -39.20368], "size": [0, 4, 6], "pivot": [0.17157, 15.07157, -32.82893], "rotation": [14.89503, 44.29713, 10.49429], "uv": [10, 147]},
						{"origin": [8.72132, 12.19657, -38.47868], "size": [0, 2, 2], "pivot": [0.17157, 15.07157, -32.82893], "rotation": [14.89503, 44.29713, 10.49429], "uv": [21, 146]}
					]
				},
				{
					"name": "arms",
					"parent": "torso2",
					"pivot": [0, 7, 0]
				},
				{
					"name": "right_arm",
					"parent": "arms",
					"pivot": [-13, 7, 1.17107],
					"cubes": [
						{"origin": [-13, 4, -9.82893], "size": [4, 6, 11], "pivot": [-13, 7, 1.17107], "rotation": [0, -10, 0], "uv": [77, 19]}
					]
				},
				{
					"name": "right_arm2",
					"parent": "right_arm",
					"pivot": [-11, 8, -3.82893],
					"cubes": [
						{"origin": [-20, 6, -4.82893], "size": [9, 2, 2], "uv": [12, 158]}
					]
				},
				{
					"name": "right_hand",
					"parent": "right_arm2",
					"pivot": [-19.98125, 7, -2.82893],
					"cubes": [
						{"origin": [-23, 3, -12.82893], "size": [3, 8, 12], "uv": [100, 192]},
						{"origin": [-23, 3, 16.17107], "size": [3, 8, 12], "uv": [131, 192]},
						{"origin": [-30, -4, -16.82893], "size": [7, 22, 42], "uv": [7, 339]},
						{"origin": [-19.975, 9, 27.67107], "size": [0, 2, 2], "uv": [23, 170]},
						{"origin": [-19.975, 3, 27.67107], "size": [0, 2, 2], "uv": [23, 168]},
						{"origin": [-19.975, 6, 27.67107], "size": [0, 2, 2], "uv": [23, 166]}
					]
				},
				{
					"name": "bone",
					"parent": "right_hand",
					"pivot": [-29.94639, 7.63214, 0.17107],
					"cubes": [
						{"origin": [-25.91213, 39.34817, -8.82893], "size": [0, 41, 35], "pivot": [-9.94639, 23.50714, 3.17107], "rotation": [0, 0, -90], "uv": [7, 6]}
					]
				},
				{
					"name": "left_arm",
					"parent": "arms",
					"pivot": [13, 7, 1.17107],
					"cubes": [
						{"origin": [9, 4, -9.82893], "size": [4, 6, 11], "pivot": [13, 7, 1.17107], "rotation": [0, 10, 0], "uv": [77, 0]}
					]
				},
				{
					"name": "left_arm2",
					"parent": "left_arm",
					"pivot": [11, 8, -3.82893],
					"cubes": [
						{"origin": [11, 6, -4.82893], "size": [9, 2, 2], "uv": [12, 163]}
					]
				},
				{
					"name": "left_hand",
					"parent": "left_arm2",
					"pivot": [19.98125, 7, -2.82893],
					"cubes": [
						{"origin": [23, -4, -16.82893], "size": [7, 22, 42], "uv": [105, 339], "mirror": true},
						{"origin": [20, 3, -12.82893], "size": [3, 8, 12], "uv": [101, 215]},
						{"origin": [20, 3, 16.17107], "size": [3, 8, 12], "uv": [132, 215]},
						{"origin": [19.975, 9, 27.67107], "size": [0, 2, 2], "uv": [19, 170]},
						{"origin": [19.975, 3, 27.67107], "size": [0, 2, 2], "uv": [19, 168]},
						{"origin": [19.975, 6, 27.67107], "size": [0, 2, 2], "uv": [19, 166]}
					]
				},
				{
					"name": "bone2",
					"parent": "left_hand",
					"pivot": [29.94639, 7.63214, 0.17107],
					"cubes": [
						{"origin": [25.91213, 39.34817, -8.82893], "size": [0, 41, 35], "pivot": [9.94639, 23.50714, 3.17107], "rotation": [0, 0, 90], "uv": [7, -35], "mirror": true}
					]
				},
				{
					"name": "wings",
					"parent": "body",
					"pivot": [0, 22, 15.97872]
				},
				{
					"name": "right_wing",
					"parent": "wings",
					"pivot": [-9.94639, 24.75714, 12.17107],
					"cubes": [
						{"origin": [-14.95475, 0.91521, 7.17107], "size": [10, 6, 27], "inflate": -0.01, "pivot": [-9.95475, 2.96521, 23.67107], "rotation": [0, 0, 115], "uv": [13, 199]}
					]
				},
				{
					"name": "left_wing",
					"parent": "wings",
					"pivot": [9.94639, 24.75714, 12.17107],
					"cubes": [
						{"origin": [4.82507, -0.87696, 7.17107], "size": [10, 6, 27], "inflate": -0.01, "pivot": [9.82507, 2.94804, 23.67107], "rotation": [0, 0, 67.5], "uv": [13, 150]}
					]
				}
			]
		}
	]
}