{
	"format_version": "1.8.0",
	"animations": {
		"animation.toucannon.ground_idle": {
			"loop": true,
			"animation_length": 2,
			"bones": {
				"body": {
					"rotation": {
						"0.0": [0, 0, 0],
						"1.0": [7.5, 0, 0],
						"2.0": [0, 0, 0]
					}
				},
				"tail": {
					"rotation": {
						"0.0": [0, 0, 0],
						"1.1667": [12.5, 0, 0],
						"2.0": [0, 0, 0]
					}
				},
				"left_wing": {
					"rotation": {
						"0.0": [0, 0, 0],
						"1.0": [7.5, 0, 0],
						"2.0": [0, 0, 0]
					}
				},
				"right_wing": {
					"rotation": {
						"0.0": [0, 0, 0],
						"1.0": [7.5, 0, 0],
						"2.0": [0, 0, 0]
					}
				},
				"head": {
					"rotation": {
						"0.0": [0, 0, 0],
						"1.0": [-5, 0, 0],
						"2.0": [0, 0, 0]
					}
				}
			}
		},
		"animation.toucannon.ground_walk": {
			"loop": true,
			"bones": {
				"full_body": {
					"position": [0, "4.3+math.sin(q.anim_time*90*3-25)*2", 0]
				},
				"body": {
					"rotation": ["math.sin(q.anim_time*90*3+180)*5", 0, 0]
				},
				"left_wing": {
					"rotation": [0, "54.5+math.sin(q.anim_time*90*3+0)*30", 0],
					"position": [-0.6, 0, 0]
				},
				"right_wing": {
					"rotation": [0, "-54.5-math.sin(q.anim_time*90*3+0)*30", 0],
					"position": [0.3, 0, 0]
				},
				"jaw": {
					"rotation": ["5+math.sin(q.anim_time*90*3-50)*3", 0, 0]
				},
				"right_leg": {
					"rotation": ["-27.8709+math.sin(q.anim_time*90*3+150)*5", 0, 0]
				},
				"left_leg": {
					"rotation": ["-27.8709+math.sin(q.anim_time*90*3+150)*5", 0, 0]
				}
			}
		},
		"animation.toucannon.blink": {
			"loop": true
		},
		"animation.toucannon.faint": {
			"loop": true
		}
	}
}