{
	"format_version": "1.12.0",
	"minecraft:geometry": [
		{
			"description": {
				"identifier": "geometry.hippowdon",
				"texture_width": 128,
				"texture_height": 128,
				"visible_bounds_width": 5,
				"visible_bounds_height": 3.5,
				"visible_bounds_offset": [0, 1.25, 0]
			},
			"bones": [
				{
					"name": "hippowdon",
					"pivot": [0, 0, 0]
				},
				{
					"name": "body",
					"parent": "hippowdon",
					"pivot": [0, 16, -1],
					"cubes": [
						{"origin": [-10.5, 8.44931, -12.15869], "size": [21, 18, 27], "inflate": 0.001, "uv": [0, 0]},
						{"origin": [-10.92927, 31.79449, 7.077], "size": [5, 3, 5], "pivot": [-6.11084, 15.2875, -5.6825], "rotation": [0, 0, 80], "uv": [0, 0], "mirror": true},
						{"origin": [-9.92927, 34.79449, 8.077], "size": [3, 0, 3], "inflate": 0.002, "pivot": [-6.11084, 15.2875, -5.6825], "rotation": [0, 0, 80], "uv": [0, 8], "mirror": true},
						{"origin": [-10.92927, 31.79449, -7.288], "size": [5, 3, 5], "pivot": [-6.11084, 15.2875, -5.6825], "rotation": [0, 0, 80], "uv": [0, 45], "mirror": true},
						{"origin": [-9.92927, 34.79449, -6.288], "size": [3, 0, 3], "inflate": 0.002, "pivot": [-6.11084, 15.2875, -5.6825], "rotation": [0, 0, 80], "uv": [12, 8], "mirror": true},
						{"origin": [-8.33369, 30.85565, 0.0635], "size": [5, 3, 5], "pivot": [-6.11084, 15.2875, -5.6825], "rotation": [0, 0, 87], "uv": [0, 18], "mirror": true},
						{"origin": [-7.33369, 33.85565, 1.0635], "size": [3, 0, 3], "inflate": 0.002, "pivot": [-6.11084, 15.2875, -5.6825], "rotation": [0, 0, 87], "uv": [6, 8], "mirror": true},
						{"origin": [5.92927, 31.79449, -7.288], "size": [5, 3, 5], "pivot": [6.11084, 15.2875, -5.6825], "rotation": [0, 0, -80], "uv": [0, 45]},
						{"origin": [6.92927, 34.79449, -6.288], "size": [3, 0, 3], "inflate": 0.002, "pivot": [6.11084, 15.2875, -5.6825], "rotation": [0, 0, -80], "uv": [12, 8]},
						{"origin": [3.33369, 30.85565, 0.0635], "size": [5, 3, 5], "pivot": [6.11084, 15.2875, -5.6825], "rotation": [0, 0, -87], "uv": [0, 18]},
						{"origin": [4.33369, 33.85565, 1.0635], "size": [3, 0, 3], "inflate": 0.002, "pivot": [6.11084, 15.2875, -5.6825], "rotation": [0, 0, -87], "uv": [6, 8]},
						{"origin": [5.92927, 31.79449, 7.077], "size": [5, 3, 5], "pivot": [6.11084, 15.2875, -5.6825], "rotation": [0, 0, -80], "uv": [0, 0]},
						{"origin": [6.92927, 34.79449, 8.077], "size": [3, 0, 3], "inflate": 0.002, "pivot": [6.11084, 15.2875, -5.6825], "rotation": [0, 0, -80], "uv": [0, 8]}
					]
				},
				{
					"name": "head",
					"parent": "body",
					"pivot": [0, 18, -12],
					"cubes": [
						{"origin": [-9, 10.42, -21.108], "size": [18, 11, 11], "pivot": [-1.92349, 16.23073, -21.66015], "rotation": [17, 0, 0], "uv": [59, 60]},
						{"origin": [-7, 11.24287, -32.33304], "size": [14, 8, 13], "inflate": 0.01, "pivot": [-2.92349, 16.23073, -21.66015], "rotation": [10, 0, 0], "uv": [69, 0]},
						{"origin": [-5.3, 9.24287, -30.63304], "size": [2, 2, 2], "inflate": 0.01, "pivot": [-2.92349, 16.23073, -21.66015], "rotation": [10, 0, 0], "uv": [69, 0]},
						{"origin": [-6.2, 9.24287, -26.03304], "size": [2, 2, 2], "inflate": 0.01, "pivot": [-2.92349, 16.23073, -21.66015], "rotation": [10, 0, 0], "uv": [69, 0]},
						{"origin": [4.2, 9.24287, -26.03304], "size": [2, 2, 2], "inflate": 0.01, "pivot": [2.92349, 16.23073, -21.66015], "rotation": [10, 0, 0], "uv": [69, 0], "mirror": true},
						{"origin": [3.3, 9.24287, -30.63304], "size": [2, 2, 2], "inflate": 0.01, "pivot": [2.92349, 16.23073, -21.66015], "rotation": [10, 0, 0], "uv": [69, 0], "mirror": true},
						{"origin": [-8.40893, 13.44765, -20.28027], "size": [3, 5, 5], "pivot": [-1.92349, 14.93073, -21.46015], "rotation": [54.69146, -16.27014, -11.79198], "uv": [75, 45]},
						{"origin": [5.40893, 13.44765, -20.28027], "size": [3, 5, 5], "pivot": [1.92349, 14.93073, -21.46015], "rotation": [54.69146, 16.27014, 11.79198], "uv": [75, 45], "mirror": true},
						{"origin": [-6.69, 18.00356, -32.16335], "size": [5, 3, 5], "pivot": [-2.92349, 16.23073, -21.66015], "rotation": [10, 0, 0], "uv": [0, 53]},
						{"origin": [2.19, 21.00356, -31.66335], "size": [4, 0, 4], "inflate": 0.001, "pivot": [2.92349, 16.23073, -21.66015], "rotation": [10, 0, 0], "uv": [11, 18], "mirror": true},
						{"origin": [1.69, 18.00356, -32.16335], "size": [5, 3, 5], "pivot": [2.92349, 16.23073, -21.66015], "rotation": [10, 0, 0], "uv": [0, 53], "mirror": true},
						{"origin": [-6.19, 21.00356, -31.66335], "size": [4, 0, 4], "inflate": 0.001, "pivot": [-2.92349, 16.23073, -21.66015], "rotation": [10, 0, 0], "uv": [11, 18]},
						{"origin": [-6.4, 14.54287, -32.33304], "size": [2, 2, 0], "inflate": 0.02, "pivot": [-1.32349, 16.23073, -21.66015], "rotation": [10, 0, 0], "uv": [0, 0]},
						{"origin": [-3.3, 14.54287, -32.33304], "size": [2, 2, 0], "inflate": 0.02, "pivot": [-1.32349, 16.23073, -21.66015], "rotation": [10, 0, 0], "uv": [0, 0]},
						{"origin": [-4.7, 11.84287, -32.33304], "size": [2, 2, 0], "inflate": 0.02, "pivot": [-1.32349, 16.23073, -21.66015], "rotation": [10, 0, 0], "uv": [0, 0]},
						{"origin": [2.7, 11.84287, -32.33304], "size": [2, 2, 0], "inflate": 0.02, "pivot": [1.32349, 16.23073, -21.66015], "rotation": [10, 0, 0], "uv": [0, 0], "mirror": true},
						{"origin": [1.3, 14.54287, -32.33304], "size": [2, 2, 0], "inflate": 0.02, "pivot": [1.32349, 16.23073, -21.66015], "rotation": [10, 0, 0], "uv": [0, 0], "mirror": true},
						{"origin": [4.4, 14.54287, -32.33304], "size": [2, 2, 0], "inflate": 0.02, "pivot": [1.32349, 16.23073, -21.66015], "rotation": [10, 0, 0], "uv": [0, 0], "mirror": true}
					]
				},
				{
					"name": "jaw",
					"parent": "head",
					"pivot": [0, 11.25, -14],
					"cubes": [
						{"origin": [-7, 8.14, -32.51], "size": [14, 5, 21], "pivot": [-3.52849, 16.23073, -21.66015], "rotation": [17, 0, 0], "uv": [0, 45]},
						{"origin": [-6.6, 11.84287, -26.03304], "size": [2, 2, 2], "inflate": 0.01, "pivot": [-2.92349, 16.23073, -21.66015], "rotation": [10, 0, 0], "uv": [69, 0]},
						{"origin": [-5, 11.84287, -30.53304], "size": [2, 4, 2], "inflate": 0.01, "pivot": [-2.92349, 16.23073, -21.66015], "rotation": [10, 0, 0], "uv": [69, 0]},
						{"origin": [3, 11.84287, -30.53304], "size": [2, 4, 2], "inflate": 0.01, "pivot": [2.92349, 16.23073, -21.66015], "rotation": [10, 0, 0], "uv": [69, 0], "mirror": true},
						{"origin": [4.6, 11.84287, -26.03304], "size": [2, 2, 2], "inflate": 0.01, "pivot": [2.92349, 16.23073, -21.66015], "rotation": [10, 0, 0], "uv": [69, 0], "mirror": true}
					]
				},
				{
					"name": "eyes",
					"parent": "head",
					"pivot": [0, 0, 0],
					"cubes": [
						{"origin": [-8.4289, 16.64765, -20.28027], "size": [0, 2, 1], "inflate": 0.01, "pivot": [-1.92349, 15.73073, -22.66015], "rotation": [14.6228, -16.86092, -10.91686], "uv": [0, 1]},
						{"origin": [-8.4189, 16.64765, -21.18027], "size": [0, 2, 3], "inflate": 0.005, "pivot": [-1.92349, 15.73073, -22.66015], "rotation": [8.6228, -16.86092, -10.91686], "uv": [20, 2]},
						{"origin": [8.4289, 16.64765, -20.28027], "size": [0, 2, 1], "inflate": 0.01, "pivot": [1.92349, 15.73073, -22.66015], "rotation": [14.6228, 16.86092, 10.91686], "uv": [0, 1], "mirror": true},
						{"origin": [8.4189, 16.64765, -21.18027], "size": [0, 2, 3], "inflate": 0.005, "pivot": [1.92349, 15.73073, -22.66015], "rotation": [8.6228, 16.86092, 10.91686], "uv": [20, 2], "mirror": true}
					]
				},
				{
					"name": "lid",
					"parent": "head",
					"pivot": [-1, 0.5, 0.75],
					"cubes": [
						{"origin": [-8.40893, 17.24765, -20.13027], "size": [0, 2, 3], "inflate": 0.015, "pivot": [-0.92349, 16.23073, -21.91015], "rotation": [8.6228, -16.86092, -10.91686], "uv": [20, 4]},
						{"origin": [8.40893, 17.24765, -20.13027], "size": [0, 2, 3], "inflate": 0.015, "pivot": [0.92349, 16.23073, -21.91015], "rotation": [8.6228, 16.86092, 10.91686], "uv": [20, 4], "mirror": true}
					]
				},
				{
					"name": "tail",
					"parent": "body",
					"pivot": [0, 18, 14.25],
					"cubes": [
						{"origin": [0, 13.52, 13.192], "size": [0, 7, 11], "uv": [0, 0]}
					]
				},
				{
					"name": "right_front_leg",
					"parent": "body",
					"pivot": [-6.5, 9, -6.2],
					"cubes": [
						{"origin": [-9.22131, 3.76421, -11.58039], "size": [8, 6, 10], "inflate": 0.001, "pivot": [7.11084, 14.7875, -5.4825], "rotation": [-9, 5, 2.5], "uv": [0, 71]}
					]
				},
				{
					"name": "right_front_calf",
					"parent": "right_front_leg",
					"pivot": [-6.25, 5, -7.2],
					"cubes": [
						{"origin": [-9.622, 0.5, -13.34407], "size": [8, 5, 10], "pivot": [7.11084, 14.7875, -5.4825], "rotation": [0, 5, 0], "uv": [49, 45]},
						{"origin": [-16.62295, 0.1, -11.92344], "size": [4, 0, 5], "pivot": [-12.62295, 2.6, -11.92344], "rotation": [-7.75701, 79.9938, -30.44419], "uv": [10, 0]},
						{"origin": [-11.62295, 0.5, -16.22344], "size": [4, 0, 5], "pivot": [-7.62295, 3, -16.22344], "rotation": [7.9118, 21.57161, -6.20798], "uv": [10, 0]},
						{"origin": [-5.87705, 0.6, -16.22344], "size": [4, 0, 5], "pivot": [-5.87705, 3.1, -16.22344], "rotation": [8.98775, -1.95927, 7.30755], "uv": [10, 0], "mirror": true},
						{"origin": [0.62295, -0.4, -12.62344], "size": [4, 0, 5], "pivot": [0.62295, 2.1, -12.62344], "rotation": [15.7106, -81.31427, 7.27813], "uv": [10, 0], "mirror": true}
					]
				},
				{
					"name": "left_front_leg",
					"parent": "body",
					"pivot": [6.5, 9, -6.2],
					"cubes": [
						{"origin": [1.22131, 3.76421, -11.58039], "size": [8, 6, 10], "inflate": 0.001, "pivot": [-7.11084, 14.7875, -5.4825], "rotation": [-9, -5, -2.5], "uv": [0, 71], "mirror": true}
					]
				},
				{
					"name": "left_front_calf",
					"parent": "left_front_leg",
					"pivot": [6.25, 5, -7.2],
					"cubes": [
						{"origin": [1.622, 0.5, -13.34407], "size": [8, 5, 10], "pivot": [-7.11084, 14.7875, -5.4825], "rotation": [0, -5, 0], "uv": [49, 45], "mirror": true},
						{"origin": [12.62295, 0.1, -11.92344], "size": [4, 0, 5], "pivot": [12.62295, 2.6, -11.92344], "rotation": [-7.75701, -79.9938, 30.44419], "uv": [10, 0], "mirror": true},
						{"origin": [7.62295, 0.5, -16.22344], "size": [4, 0, 5], "pivot": [7.62295, 3, -16.22344], "rotation": [7.9118, -21.57161, 6.20798], "uv": [10, 0], "mirror": true},
						{"origin": [1.87705, 0.6, -16.22344], "size": [4, 0, 5], "pivot": [5.87705, 3.1, -16.22344], "rotation": [8.98775, 1.95927, -7.30755], "uv": [10, 0]},
						{"origin": [-4.62295, -0.4, -12.62344], "size": [4, 0, 5], "pivot": [-0.62295, 2.1, -12.62344], "rotation": [15.7106, 81.31427, -7.27813], "uv": [10, 0]}
					]
				},
				{
					"name": "right_back_leg",
					"parent": "body",
					"pivot": [-6, 8.5, 9.5],
					"cubes": [
						{"origin": [-9.68931, 2.76675, 4.30485], "size": [8, 5, 10], "inflate": 0.001, "pivot": [7.11084, 14.7875, -5.4825], "rotation": [3, 0, 0], "uv": [52, 82]}
					]
				},
				{
					"name": "right_back_calf",
					"parent": "right_back_leg",
					"pivot": [-6, 5, 9.75],
					"cubes": [
						{"origin": [-9.69, 0, 4.911], "size": [8, 5, 10], "inflate": 0.003, "uv": [26, 77]},
						{"origin": [-16.62295, 0.1, 5.57656], "size": [4, 0, 5], "pivot": [-12.62295, 2.6, 5.57656], "rotation": [-7.75701, 79.9938, -30.44419], "uv": [10, 0]},
						{"origin": [-11.62295, 0.5, 1.27656], "size": [4, 0, 5], "pivot": [-7.62295, 3, 1.27656], "rotation": [7.9118, 21.57161, -6.20798], "uv": [10, 0]},
						{"origin": [-5.87705, 0.6, 1.27656], "size": [4, 0, 5], "pivot": [-5.87705, 3.1, 1.27656], "rotation": [8.98775, -1.95927, 7.30755], "uv": [10, 0], "mirror": true},
						{"origin": [0.62295, -0.4, 4.57656], "size": [4, 0, 5], "pivot": [0.62295, 2.1, 4.57656], "rotation": [15.7106, -81.31427, 7.27813], "uv": [10, 0], "mirror": true}
					]
				},
				{
					"name": "left_back_leg",
					"parent": "body",
					"pivot": [6, 8.5, 9.5],
					"cubes": [
						{"origin": [1.68931, 2.76675, 4.30485], "size": [8, 5, 10], "inflate": 0.001, "pivot": [-7.11084, 14.7875, -5.4825], "rotation": [3, 0, 0], "uv": [52, 82], "mirror": true}
					]
				},
				{
					"name": "left_back_calf",
					"parent": "left_back_leg",
					"pivot": [6, 5, 9.75],
					"cubes": [
						{"origin": [1.69, 0, 4.911], "size": [8, 5, 10], "inflate": 0.003, "uv": [26, 77], "mirror": true},
						{"origin": [12.62295, 0.1, 5.57656], "size": [4, 0, 5], "pivot": [12.62295, 2.6, 5.57656], "rotation": [-7.75701, -79.9938, 30.44419], "uv": [10, 0], "mirror": true},
						{"origin": [7.62295, 0.5, 1.27656], "size": [4, 0, 5], "pivot": [7.62295, 3, 1.27656], "rotation": [7.9118, -21.57161, 6.20798], "uv": [10, 0], "mirror": true},
						{"origin": [1.87705, 0.6, 1.27656], "size": [4, 0, 5], "pivot": [5.87705, 3.1, 1.27656], "rotation": [8.98775, 1.95927, -7.30755], "uv": [10, 0]},
						{"origin": [-4.62295, -0.4, 4.57656], "size": [4, 0, 5], "pivot": [-0.62295, 2.1, 4.57656], "rotation": [15.7106, 81.31427, -7.27813], "uv": [10, 0]}
					]
				}
			]
		}
	]
}