{
	"format_version": "1.8.0",
	"animations": {
		"animation.brutebonnet.battle_idle": {
			"loop": true,
			"bones": {
				"amoongus": {
					"position": [0, -0.25, 0]
				},
				"torso": {
					"rotation": [0, 0, "math.sin(q.anim_time*90)*2.5"],
					"position": [0, "math.sin(q.anim_time*90)*0.1", 0]
				},
				"tail": {
					"rotation": [0, "math.sin(q.anim_time*90)*12.5", 0]
				},
				"leg_right_front": {
					"rotation": [0, 0, 5]
				},
				"leg_right_back": {
					"rotation": [0, 0, 5]
				},
				"leg_left_front": {
					"rotation": [0, 0, -5]
				},
				"leg_left_back": {
					"rotation": [0, 0, -5]
				},
				"head": {
					"rotation": [-10, 0, 0]
				},
				"jaw": {
					"rotation": ["12.5+math.sin(q.anim_time*90)*5", 0, 0]
				},
				"arm_right": {
					"rotation": [0, 0, "-22.5+math.cos(q.anim_time*90)*5"]
				},
				"arm_left2": {
					"rotation": [0, -45, 0]
				},
				"arm_left": {
					"rotation": [0, 0, "22.5+math.cos(q.anim_time*90)*5"]
				},
				"arm_right2": {
					"rotation": [0, 45, 0]
				},
				"cap": {
					"rotation": [-5, 0, 0]
				},
				"hair_right_front": {
					"rotation": [0, 0, 0]
				},
				"hair_right_back": {
					"rotation": [5, 0, "5+math.sin(q.anim_time*180)*2.5"]
				},
				"hair_left_back": {
					"rotation": [5, 0, "-5+math.sin(q.anim_time*180)*2.5"]
				},
				"hair_back_right": {
					"rotation": ["10+math.sin(q.anim_time*90)*5", 0, 0]
				},
				"hair_back_left": {
					"rotation": ["10+math.sin(q.anim_time*90)*5", 0, 0]
				},
				"hair_back": {
					"rotation": ["17.5+math.sin(q.anim_time*180)*5", 0, 0]
				},
				"hair_right": {
					"rotation": [0, 0, "5+math.sin(q.anim_time*90)*10"]
				},
				"hair_left": {
					"rotation": [0, 0, "-5+math.sin(q.anim_time*90)*10"]
				},
				"hair_front_right": {
					"rotation": ["-5+math.sin(q.anim_time*90)*5", 0, 5]
				},
				"hair_front_left": {
					"rotation": ["-5+math.sin(q.anim_time*90)*5", 0, -5]
				}
			}
		},
		"animation.brutebonnet.ground_idle": {
			"loop": true,
			"bones": {
				"torso": {
					"position": [0, "math.sin(q.anim_time*90)*0.1", 0]
				},
				"arm_right": {
					"rotation": [0, -5, "-17.5+math.cos(q.anim_time*90)*5"]
				},
				"arm_left2": {
					"rotation": [0, -27.5, 5]
				},
				"arm_left": {
					"rotation": [0, 0, "12.5+math.cos(q.anim_time*90)*5"]
				},
				"arm_right2": {
					"rotation": [0, 27.5, -7.5]
				},
				"hair_left_front": {
					"rotation": [0, 0, "-5+math.sin(q.anim_time*180)*2.5"]
				},
				"hair_left_back": {
					"rotation": [0, 0, "-5+math.sin(q.anim_time*180)*2.5"]
				},
				"hair_back_right": {
					"rotation": ["10+math.sin(q.anim_time*90)*5", 0, 0]
				},
				"hair_back_left": {
					"rotation": ["10+math.sin(q.anim_time*90)*5", 0, 0]
				},
				"hair_back": {
					"rotation": ["10+math.sin(q.anim_time*90)*5", 0, 0]
				},
				"hair_left": {
					"rotation": [0, 0, "-5+math.sin(q.anim_time*180)*2.5"]
				},
				"hair_front_right": {
					"rotation": ["-5+math.sin(q.anim_time*90)*5", 0, 0]
				},
				"hair_front_left": {
					"rotation": ["-5+math.sin(q.anim_time*90)*5", 0, 0]
				},
				"tail": {
					"rotation": [0, "math.sin(q.anim_time*50)*5", 0]
				}
			}
		},
		"animation.brutebonnet.ground_walk": {
			"loop": true,
			"bones": {
				"torso": {
					"position": [0, "0.2*math.sin(q.anim_time*90*3*2)", 0]
				},
				"tail": {
					"rotation": [0, "math.sin(q.anim_time*80)*12", 0]
				},
				"head": {
					"rotation": ["0+math.cos(q.anim_time*90*3*2-60)*1", 0, "0+math.cos(q.anim_time*90*3-60)*1"]
				},
				"arm_right": {
					"rotation": [0, -10, -12.5]
				},
				"arm_left2": {
					"rotation": [0, -20, 0]
				},
				"hand_right": {
					"rotation": [0, 0, 10]
				},
				"arm_left": {
					"rotation": [0, 10, 12.5]
				},
				"arm_right2": {
					"rotation": [0, 20, 0]
				},
				"hand_left": {
					"rotation": [0, 0, -10]
				},
				"hair_back_right": {
					"rotation": ["5+math.cos(q.anim_time*90*3*2-120)*1", 0, 0]
				},
				"hair_back_left": {
					"rotation": ["5+math.cos(q.anim_time*90*3*2-120)*1", 0, 0]
				},
				"hair_back": {
					"rotation": ["10+math.cos(q.anim_time*90*3*2-120)*1", 0, 0]
				},
				"hair_front_right": {
					"rotation": ["-5+math.cos(q.anim_time*90*3*2-120)*1", 0, 0]
				},
				"hair_front_left": {
					"rotation": ["-5+math.cos(q.anim_time*90*3*2-120)*1", 0, 0]
				},
				"leg_right_front": {
					"rotation": ["0-math.sin(q.anim_time*90*3)*10", 0, 0],
					"position": [-0.25, "0+math.clamp(math.cos(q.anim_time*90*3)*1,0,1)", "0.5-math.sin(q.anim_time*90*3)*1/2"]
				},
				"leg_right_back": {
					"rotation": ["0+math.sin(q.anim_time*90*3)*10", 0, 0],
					"position": [-0.25, "0+math.clamp(math.cos(q.anim_time*90*3-180)*1,0,1)", "-0.25+math.sin(q.anim_time*90*3)*1/2"]
				},
				"leg_left_front": {
					"rotation": ["0+math.sin(q.anim_time*90*3)*10", 0, 0],
					"position": [0, "0+math.clamp(math.cos(q.anim_time*90*3-180)*1,0,1)", "0.5+math.sin(q.anim_time*90*3)*1/2"]
				},
				"leg_left_back": {
					"rotation": ["0-math.sin(q.anim_time*90*3)*10", 0, 0],
					"position": [0.25, "0+math.clamp(math.cos(q.anim_time*90*3)*1,0,1)", "-0.25-math.sin(q.anim_time*90*3)*1/2"]
				}
			}
		},
		"animation.brutebonnet.cry": {
			"animation_length": 0.95833,
			"bones": {
				"head": {
					"rotation": {
						"0.0": [0, 0, 0],
						"0.125": [-7.5, 0, 0],
						"0.2083": [-7.5, 0, 0],
						"0.375": [-5, 0, 0],
						"0.4583": [-7.5, 0, 0],
						"0.7917": [-2.5, 0, 0],
						"0.9167": [0, 0, 0]
					}
				},
				"jaw": {
					"rotation": {
						"0.0": [0, 0, 0],
						"0.125": [12.5, 0, 0],
						"0.375": [27.5, 0, 0],
						"0.4583": [22.5, 0, 0],
						"0.5833": [17.5, 0, 0],
						"0.6667": [10, 0, 0],
						"0.75": [5, 0, 0],
						"0.8333": [0, 0, 0]
					}
				}
			},
			"sound_effects": {
				"0.0": {
					"effect": "pokemon.brutebonnet.cry"
				}
			}
		}
	}
}