{
	"format_version": "1.8.0",
	"animations": {
		"animation.dialga.ground_idle": {
			"loop": true,
			"bones": {
				"frontshield": {
					"scale": 1
				},
				"torso": {
					"rotation": ["math.sin(query.anim_time*90*1.2)", 0, 0]
				},
				"neck": {
					"rotation": ["math.sin(query.anim_time*90*1.3)", 0, 0]
				},
				"jaw": {
					"rotation": ["math.sin(query.anim_time*90*1.2)*4-5", 0, 0]
				},
				"front_right_leg": {
					"rotation": [0, 0, "math.sin(query.anim_time*90*1.2)"]
				},
				"front_right_leg2": {
					"rotation": [0, 0, "-math.sin(query.anim_time*90*1.2)"]
				},
				"front_left_leg3": {
					"rotation": [0, 0, "math.sin(query.anim_time*90*1.2)"]
				},
				"front_left_leg4": {
					"rotation": [0, 0, "-math.sin(query.anim_time*90*1.2)"]
				},
				"tail2": {
					"rotation": [0, "4*(math.sin(q.anim_time*25*3)*1)+3*(math.sin(q.anim_time*25*2/2)*1)", 0]
				},
				"tail3": {
					"rotation": [5, "6*(math.sin(q.anim_time*25*3-25)*1)+3*(math.sin(q.anim_time*25*2/2-25)*1)", 0]
				},
				"tail4": {
					"rotation": [5, "6*(math.sin(q.anim_time*25*3-25)*1)+3*(math.sin(q.anim_time*25*2/2-25)*1)", 0]
				},
				"tail5": {
					"rotation": [5, "6*(math.sin(q.anim_time*25*3-25)*1)+3*(math.sin(q.anim_time*25*2/2-25)*1)", 0]
				}
			}
		},
		"animation.dialga.ground_walk": {
			"loop": true,
			"bones": {
				"front_right_leg": {
					"rotation": ["6+math.sin(q.anim_time*90*2-180+180)*8", "0-math.sin(q.anim_time*90*2-180+180)*4", 0],
					"position": [0, "-0.2+math.clamp(math.cos(q.anim_time*90*2-180+180)*1,0,2)", "math.sin(q.anim_time*90*2-180)*0.5"]
				},
				"back_right_leg3": {
					"rotation": ["6+math.sin((q.anim_time-1.5)*90*2-180+180)*5-5", "0-math.sin((q.anim_time-1.5)*90*2-180+180)*3", 0],
					"position": [0, "-0.2+math.clamp(math.cos((q.anim_time-1.5)*90*2-180+180)*1,0,2)", "-math.sin((q.anim_time-1.5)*90*2-180)*0.5"]
				},
				"back_left_leg2": {
					"rotation": ["6-math.sin(q.anim_time*90*2-180+180)*5", "0+math.sin(q.anim_time*90*2-180+180)*3", 0],
					"position": [0, "-0.2+math.clamp(math.cos(q.anim_time*90*2-180+180)*1,0,2)", "-math.sin(q.anim_time*90*2-180)*0.5"]
				},
				"front_left_leg3": {
					"rotation": ["6-math.sin(q.anim_time*90*2-180)*8", "0+math.sin(q.anim_time*90*2-180)*4", 0],
					"position": [0, "-0.2+math.clamp(math.cos(q.anim_time*90*2-180)*1,0,2)", "-math.sin(q.anim_time*90*2-180)*0.5"]
				},
				"body": {
					"rotation": [0, "math.sin(query.anim_time*90*2)", 0],
					"position": [0, "0 - (7/8) + math.abs(math.sin(((query.anim_time) - (1/3)) * 90 * 2) * (7/8))", 0]
				},
				"neck": {
					"rotation": ["math.sin(q.anim_time*90*2-180)*2", 0, 0]
				},
				"head": {
					"rotation": ["math.sin(query.anim_time*90*2)*4", 0, 0]
				},
				"jaw": {
					"rotation": ["-2.5+math.sin(query.anim_time*90*2)*6", 0, 0]
				},
				"lower_torso": {
					"position": [0, 0, 0]
				},
				"tail2": {
					"rotation": [0, "4*(math.sin(q.anim_time*45*3)*1)+3*(math.sin(q.anim_time*45*2/2)*1)", 0]
				},
				"tail3": {
					"rotation": [0, "4*(math.sin(q.anim_time*45*3)*1)+3*(math.sin(q.anim_time*45*2/2)*1)", 0]
				},
				"tail4": {
					"rotation": [5, "6*(math.sin(q.anim_time*45*3-25)*1)+3*(math.sin(q.anim_time*45*2/2-25)*1)", 0]
				},
				"tail5": {
					"rotation": [5, "6*(math.sin(q.anim_time*45*3-25)*1)+3*(math.sin(q.anim_time*45*2/2-25)*1)", 0]
				},
				"front_right_leg2": {
					"rotation": ["-2-math.clamp(math.sin(q.anim_time*90*2-90+180 )*15,0,20)-math.clamp(math.sin(q.anim_time*90*2+90)*1 ,0,20)", 0, 0],
					"position": [0, 0, -0.1]
				},
				"back_right_leg4": {
					"rotation": ["-2-math.clamp(math.cos((q.anim_time + 1.5)*90*2-180+180)*1,0,2)", 0, 0],
					"position": [0, 0, 0.1]
				},
				"back_left_leg5": {
					"rotation": ["-0.2+math.clamp(math.cos((q.anim_time - 1.5)*90*2-180+180)*1,0,2)", 0, 0],
					"position": [0, 0, -0.1]
				},
				"front_left_leg4": {
					"rotation": ["-2+math.clamp(math.sin(q.anim_time*90*2-90)*15,0,20)+math.clamp(math.sin(q.anim_time*90*2+90)*1 ,0,20)", 0, 0],
					"position": [0, 0, -0.1]
				}
			}
		},
		"animation.dialga.blink": {
			"animation_length": 0.1667,
			"bones": {
				"eyelid_right2": {
					"position": {
						"0.0": [-0.12, 0, 0],
						"0.125": [-0.02, 0, 0],
						"0.1667": [-0.12, 0, 0]
					}
				},
				"eyelid_right": {
					"position": {
						"0.0": [0.21, 0, 0],
						"0.125": [0, 0, 0],
						"0.1667": [0.21, 0, 0]
					}
				}
			}
		},
		"animation.dialga.faint": {
			"loop": true
		}
	}
}