{
	"format_version": "1.12.0",
	"minecraft:geometry": [
		{
			"description": {
				"identifier": "geometry.rotom",
				"texture_width": 96,
				"texture_height": 96,
				"visible_bounds_width": 4,
				"visible_bounds_height": 3.5,
				"visible_bounds_offset": [0, 1.25, 0]
			},
			"bones": [
				{
					"name": "root",
					"pivot": [0, 0, 0]
				},
				{
					"name": "rotom",
					"parent": "root",
					"pivot": [0, 0, 0]
				},
				{
					"name": "body",
					"parent": "rotom",
					"pivot": [0, 0, 0],
					"cubes": [
						{"origin": [-4, 10, -4], "size": [8, 8, 8], "uv": [48, 0]},
						{"origin": [-2, 18, -2], "size": [4, 3, 4], "uv": [0, 0]},
						{"origin": [-2, 8, -2], "size": [4, 2, 4], "uv": [0, 7]},
						{"origin": [-1, 21, -1], "size": [2, 3, 2], "uv": [0, 31]}
					]
				},
				{
					"name": "mouth",
					"parent": "body",
					"pivot": [0, 11.99572, -3.6],
					"rotation": [180, 0, 0],
					"cubes": [
						{"origin": [-1, 11.5, -4], "size": [0, 1, 1], "pivot": [-1, 11.5, -3.67], "rotation": [0, 0, -12.5], "uv": [12, 2]},
						{"origin": [1, 11.5, -4], "size": [0, 1, 1], "pivot": [1, 11.5, -3.67], "rotation": [0, 0, 12.5], "uv": [12, 1]},
						{"origin": [-1.75, 11.5, -4.05], "size": [2, 1, 1], "pivot": [-1, 11.5, -3.67], "rotation": [0, 0, -12.5], "uv": [0, 13]},
						{"origin": [-0.25, 11.5, -4.07], "size": [2, 1, 1], "pivot": [1, 11.5, -3.67], "rotation": [0, 0, 12.5], "uv": [6, 13]}
					]
				},
				{
					"name": "eyes",
					"parent": "body",
					"pivot": [0, 15.25, -3.62],
					"rotation": [180, 0, 0],
					"cubes": [
						{"origin": [1, 13.25, -4.07], "size": [2, 4, 1], "inflate": -0.01, "pivot": [2, 15.25, -3.57], "rotation": [0, 0, -5], "uv": [0, 36]},
						{"origin": [-3, 13.25, -4.07], "size": [2, 4, 1], "inflate": -0.01, "pivot": [-2, 15.25, -3.57], "rotation": [0, 0, 5], "uv": [7, 35]},
						{"origin": [-3, 15.25, -4], "size": [2, 0, 1], "inflate": -0.01, "pivot": [-2, 15.25, -3.57], "rotation": [0, 0, 5], "uv": [11, 1]},
						{"origin": [1, 15.25, -4], "size": [2, 0, 1], "inflate": -0.01, "pivot": [2, 15.25, -3.57], "rotation": [0, 0, -5], "uv": [11, 0]},
						{"origin": [-2.5, 13.75, -4], "size": [1, 3, 1], "pivot": [-2, 15.25, -3.57], "rotation": [0, 0, 5], "uv": [0, 7]},
						{"origin": [1.5, 13.75, -4], "size": [1, 3, 1], "pivot": [2, 15.25, -3.57], "rotation": [0, 0, -5], "uv": [0, 0]}
					]
				},
				{
					"name": "arms",
					"parent": "body",
					"pivot": [0, 0, 0]
				},
				{
					"name": "left",
					"parent": "arms",
					"pivot": [-2, 15, 0],
					"rotation": [0, 0, -12.5],
					"cubes": [
						{"origin": [-18, 6, 0], "size": [16, 10, 0], "uv": [0, 70]}
					]
				},
				{
					"name": "right",
					"parent": "arms",
					"pivot": [2, 15, 0],
					"rotation": [0, 0, 12.5],
					"cubes": [
						{"origin": [2, 6, 0], "size": [16, 10, 0], "uv": [0, 60]}
					]
				},
				{
					"name": "glow",
					"parent": "rotom",
					"pivot": [0, 0, 0],
					"cubes": [
						{"origin": [-4.5, 9.5, -4.5], "size": [9, 9, 9], "inflate": -9, "uv": [55, 22]},
						{"origin": [-6.5, 0.5, -6.5], "size": [13, 16, 13], "inflate": -9, "uv": [0, 31]},
						{"origin": [-8, -1.5, -8], "size": [16, 15, 16], "inflate": -9, "uv": [0, 0]},
						{"origin": [-6.5, 15.5, -6.5], "size": [13, 12, 13], "inflate": -9, "uv": [39, 47]}
					]
				}
			]
		}
	]
}