{
	"format_version": "1.8.0",
	"animations": {
		"animation.sneasel_hisuian.ground_walk": {
			"loop": true,
			"bones": {
				"head": {
					"rotation": [
						"-math.clamp(math.sin(query.anim_time*180*4/2+20)*1,0.2,2)-math.clamp(-math.sin(query.anim_time*180*4/2+20)*1,0.2,2)-2.5+math.sin(q.anim_time*90*4*2)*2",
						"-math.sin(query.anim_time*90*4+20)*8",
						"-math.sin(query.anim_time*90*4+20)*2"
					],
					"position": [0, "0.01*(math.sin(q.anim_time*90*4+45)*1+1)", "+0.02*(math.sin(q.anim_time*90*4+45)*1+1)"]
				},
				"arm_right": {
					"rotation": [
						0,
						"-5+math.sin(query.anim_time*90*4+60+180)*12-math.clamp(math.sin(-query.anim_time*90*4-20+180)*12,0,5)",
						"-57.5+-.4*(math.sin(q.anim_time*90*4-90)*1+1)"
					]
				},
				"arm_right2": {
					"rotation": [0, -30, 0]
				},
				"wrist_right": {
					"rotation": [0, 0, -20]
				},
				"claw_right_front": {
					"rotation": [0, 0, "-9+4*(math.sin(q.anim_time*90*2)*1)+4*(math.sin(q.anim_time*90*2/2)*1)"]
				},
				"claw_right_front2": {
					"rotation": [0, 0, -35]
				},
				"claw_right_back": {
					"rotation": [0, 0, "5+6*(math.sin(q.anim_time*90*2)*1)+4*(math.sin(q.anim_time*90*2/2)*1)"]
				},
				"claw_right_back2": {
					"rotation": [0, 0, -20]
				},
				"arm_left": {
					"rotation": [
						0,
						"-5+math.sin(query.anim_time*90*4+60+180)*12-math.clamp(math.sin(-query.anim_time*90*4-20+180)*12,0,5)",
						"57.5+.4*(math.sin(q.anim_time*90*4-90)*1+1)"
					]
				},
				"arm_left2": {
					"rotation": [0, 30, 0]
				},
				"claw_left_front": {
					"rotation": [0, 0, "9+-4*(math.sin(q.anim_time*90*2)*1)+4*(math.sin(q.anim_time*90*2/2)*1)"]
				},
				"claw_left_front2": {
					"rotation": [0, 0, 35]
				},
				"claw_left_back": {
					"rotation": [0, 0, "-5+-6*(math.sin(q.anim_time*90*2)*1)+4*(math.sin(q.anim_time*90*2/2)*1)"]
				},
				"claw_left_back2": {
					"rotation": [0, 0, 20]
				},
				"wrist_left": {
					"rotation": [0, 0, 20]
				},
				"body": {
					"rotation": [
						"math.clamp(math.sin(query.anim_time*180*4/2+20)*1,0.2,2)+math.clamp(-math.sin(query.anim_time*180*4/2+20)*1,0.2,2)+10",
						"math.sin(query.anim_time*90*4+20)*10",
						"math.sin(query.anim_time*90*4+20)*2"
					],
					"position": [
						0,
						"9-math.clamp(math.sin(q.anim_time*90*4*2-90)*0.5,1,1)-math.clamp(math.sin(-query.anim_time*90*4+45/2)*1,0.02,1)-math.clamp(math.sin(-query.anim_time*90*4+45/2+180)*1,0.02,1)-math.clamp(math.sin(-query.anim_time*90*4-105)*1,1,1)*3-math.clamp(math.sin(-query.anim_time*90*4-105+180)*1,1,1)*3",
						"2.5-math.clamp(math.sin(query.anim_time*90*4)*1,0,1)-math.clamp(math.sin(-query.anim_time*90*4)*1,0,1)"
					]
				},
				"tail1": {
					"rotation": [-7.5, 0, 0]
				},
				"tail2": {
					"rotation": [12.5, 0, 0]
				},
				"tail3": {
					"rotation": [25, 0, 0]
				},
				"leg_right": {
					"rotation": [
						"-math.clamp(math.sin(query.anim_time*90*4+45+180)*14,-1,10)+math.clamp(-math.sin(query.anim_time*90*4+180*2+20)*12,5,12)-30+math.clamp(math.sin(query.anim_time*90*4+40+180*2)*1.05,0.5,1)*6+math.clamp(math.sin(query.anim_time*90*4+180*2)*1,0.5,1)*27",
						"math.clamp(math.sin(query.anim_time*90*4+20+180*2)*2,0,30)-math.sin(query.anim_time*90*4+20+180*2)*10",
						0
					],
					"position": [
						0,
						"-math.clamp(-math.sin(query.anim_time*90*4+50+180)*0.1,0.5,1)*1.2-math.clamp(-math.sin(query.anim_time*90*4-75)*0.7,0.6,1)+1.6-math.clamp(-math.sin(query.anim_time*90*4-15)*0.6,0.5,1)+math.clamp(-math.sin(query.anim_time*90*4-35+180)*1.2,0,3)-0.5",
						0
					]
				},
				"leg_right2": {
					"rotation": ["10-math.clamp(math.sin(query.anim_time*90*4+60)*15,-1,15)-math.clamp(math.sin(query.anim_time*90*4+45+180)*30,5,30)", 0, 0]
				},
				"leg_left": {
					"rotation": [
						"-math.clamp(math.sin(query.anim_time*90*4+45)*14,-1,14)+math.clamp(-math.sin(query.anim_time*90*4+180+20)*12,5,12)-30+math.clamp(math.sin(query.anim_time*90*4+40+180)*2,0.5,2)*6+math.clamp(math.sin(query.anim_time*90*4+180)*1,0.5,1)*24+math.clamp(math.sin(query.anim_time*90*4+45+180)*14,-1,14)+math.clamp(math.sin(query.anim_time*90*4+45)*14,10,14)-15",
						"-math.clamp(math.sin(query.anim_time*90*4+20+180)*2,0,30)+math.sin(query.anim_time*90*4+20+180)*10",
						0
					],
					"position": [
						0,
						"-math.clamp(-math.sin(query.anim_time*90*4+50)*0.1,0.5,1)*1.2-math.clamp(-math.sin(query.anim_time*90*4-75+180)*0.7,0.6,1)+1.6-math.clamp(-math.sin(query.anim_time*90*4-15+180)*0.6,0.5,1)+math.clamp(-math.sin(query.anim_time*90*4-35)*1.2,0,3)-0.5",
						0
					]
				},
				"leg_left2": {
					"rotation": ["10-math.clamp(math.sin(query.anim_time*90*4+60+180)*15,-1,15)-math.clamp(math.sin(query.anim_time*90*4+45)*30,5,30)", 0, 0]
				}
			}
		},
		"animation.sneasel_hisuian.ground_idle": {
			"loop": true,
			"animation_length": 4,
			"bones": {
				"sneasel": {
					"rotation": [-2.5, -27.5, 1.5]
				},
				"torso": {
					"rotation": ["0.25*(math.sin(q.anim_time*90*4-90)*1+1)", 0, 0],
					"position": [0, "0.05*(math.sin(q.anim_time*90*4+45)*1+1)", 0]
				},
				"head": {
					"rotation": [2.5, 27.5, 0.5],
					"position": [0, "0.02*(math.sin(q.anim_time*90*4+45)*1+1)", "-0.7+0.03*(math.sin(q.anim_time*90*4+45)*1+1)"]
				},
				"arm_right": {
					"rotation": [-53.5, -14.5, "-36+-1*(math.sin(q.anim_time*90*4-90)*1+1)"],
					"position": [0, "-0.5+0.05*(math.sin(q.anim_time*90*4+45)*1+1)", 0]
				},
				"arm_right2": {
					"rotation": [0, -32.5, 0]
				},
				"claw_right_front": {
					"rotation": [0, 0, "-35+4*(math.sin(q.anim_time*90*2)*1)+4*(math.sin(q.anim_time*90*2/2)*1)"]
				},
				"claw_right_front2": {
					"rotation": [0, 0, -30]
				},
				"claw_right_back": {
					"rotation": [0, 0, "-15+3*(math.sin(q.anim_time*90*2)*1)+4*(math.sin(q.anim_time*90*2/2)*1)"]
				},
				"claw_right_back2": {
					"rotation": [0, 0, -27.5]
				},
				"arm_left": {
					"rotation": [13, -11, "47+-1*(math.sin(q.anim_time*90*4-90)*1+1)"],
					"position": [0, "-0.6+0.05*(math.sin(q.anim_time*90*4+45)*1+1)", 0]
				},
				"arm_left2": {
					"rotation": [0, 42.5, 0]
				},
				"claw_left_front": {
					"rotation": [0, 0, "30+4*(math.sin(q.anim_time*90*2)*1)+4*(math.sin(q.anim_time*90*2/2)*1)"]
				},
				"claw_left_front2": {
					"rotation": [0, 0, 15]
				},
				"claw_left_back": {
					"rotation": [0, 0, "12+3*(math.sin(q.anim_time*90*2)*1)+4*(math.sin(q.anim_time*90*2/2)*1)"]
				},
				"claw_left_back2": {
					"rotation": [0, 0, 15]
				},
				"leg_right": {
					"rotation": [7.5, 0, 0]
				},
				"foot_right": {
					"rotation": [-5, 7, -2]
				},
				"leg_left": {
					"rotation": [7.5, 0, 0]
				},
				"foot_left": {
					"rotation": [-5, -9.5, 2.5]
				},
				"wrist_right": {
					"rotation": [-37, -11, -31],
					"position": [0, 0, 0]
				},
				"wrist_left": {
					"rotation": [-24.5, 6.5, 13.5]
				},
				"tail1": {
					"rotation": [-12.5, 0, 0]
				},
				"tail2": {
					"rotation": [2.5, 0, 0]
				},
				"tail3": {
					"rotation": [22.5, 0, 0]
				}
			}
		},
		"animation.sneasel_hisuian.blink": {
			"animation_length": 0.16667,
			"bones": {
				"eyelid_right": {
					"position": {
						"0.0": [-0.1, 0, -0.1],
						"0.125": [-0.1, 0, -0.1],
						"0.1667": [0, 0, 0]
					}
				},
				"eyelid_left": {
					"position": {
						"0.0": [0.1, 0, -0.1],
						"0.125": [0.1, 0, -0.1],
						"0.1667": [0, 0, 0]
					}
				}
			}
		}
	}
}