{
	"format_version": "1.12.0",
	"minecraft:geometry": [
		{
			"description": {
				"identifier": "geometry.megametagross",
				"texture_width": 335,
				"texture_height": 225,
				"visible_bounds_width": 7,
				"visible_bounds_height": 4.5,
				"visible_bounds_offset": [0, 1.75, 0]
			},
			"bones": [
				{
					"name": "megametagross",
					"pivot": [0, 0, 0]
				},
				{
					"name": "body",
					"parent": "megametagross",
					"pivot": [0, 20.6065, -2.8548],
					"cubes": [
						{"origin": [-11.5, 17, -11.5], "size": [23, 4, 23], "uv": [119, 79]},
						{"origin": [-19.5, 14, -2], "size": [9, 10, 0], "uv": [127, 64]},
						{"origin": [-19.5, 14, 2], "size": [9, 10, 0], "uv": [109, 64]},
						{"origin": [10.5, 14, 2], "size": [9, 10, 0], "uv": [203, 64]},
						{"origin": [10.5, 14, -2], "size": [9, 10, 0], "uv": [185, 64]},
						{"origin": [-9.5, 21, -9.5], "size": [19, 4, 19], "uv": [127, 56]},
						{"origin": [-9.5, 13.90979, -11.72455], "size": [19, 19, 0], "pivot": [0, 21, -11.51922], "rotation": [-17.5, 0, 0], "uv": [146, 14]},
						{"origin": [-8.5, 25, -9.5], "size": [17, 3, 19], "uv": [129, 34]}
					]
				},
				{
					"name": "jaw",
					"parent": "body",
					"pivot": [0, 17, 0],
					"cubes": [
						{"origin": [-8.5, 14, -8.5], "size": [17, 5, 17], "uv": [131, 106]},
						{"origin": [-2, 14, -12.5], "size": [4, 3, 4], "pivot": [0, 17, -8.5], "rotation": [22.5, 0, 0], "uv": [157, 128]},
						{"origin": [-2, 14.5, -14.5], "size": [4, 2, 2], "pivot": [0, 17, -8.5], "rotation": [22.5, 0, 0], "uv": [159, 135]},
						{"origin": [-1.6, 15, -17.5], "size": [3, 1, 3], "pivot": [0, 17, -8.5], "rotation": [22.5, 0, 0], "uv": [159, 139]}
					]
				},
				{
					"name": "eye_right",
					"parent": "body",
					"pivot": [0, 0, 0],
					"cubes": [
						{"origin": [-6, 22.5, -9.51], "size": [2, 2, 0], "uv": [143, 42]},
						{"origin": [-5.5, 23, -9.52], "size": [1, 1, 0], "uv": [145, 44]}
					]
				},
				{
					"name": "eye_left",
					"parent": "body",
					"pivot": [5, 23.5, -9.515],
					"cubes": [
						{"origin": [4.5, 23, -9.52], "size": [1, 1, 0], "uv": [183, 44]},
						{"origin": [4, 22.5, -9.51], "size": [2, 2, 0], "uv": [183, 42]}
					]
				},
				{
					"name": "head",
					"parent": "body",
					"pivot": [0, 20.6065, -2.8548],
					"cubes": [
						{"origin": [-1, 19.6065, -3.8548], "size": [2, 2, 2], "uv": [161, 10]}
					]
				},
				{
					"name": "small_leg_back_left",
					"parent": "megametagross",
					"pivot": [6.5, 19.0065, 9.4952],
					"rotation": [32.5, 0, 0],
					"cubes": [
						{"origin": [4.25, 19, 9.5], "size": [4, 4, 3], "uv": [214, 144]},
						{"origin": [5.25, 20, 12.5], "size": [2, 2, 10], "uv": [209, 151]}
					]
				},
				{
					"name": "small_foot_back_left",
					"parent": "small_leg_back_left",
					"pivot": [6.25, 22, 19.5],
					"rotation": [57.5, 0, 0],
					"cubes": [
						{"origin": [3.75, 11, 19.5], "size": [5, 13, 5], "uv": [211, 166]},
						{"origin": [1.75, 9, 17.5], "size": [9, 2, 9], "uv": [203, 197]},
						{"origin": [3.75, 11, 24.5], "size": [5, 6, 1], "uv": [231, 177]},
						{"origin": [6.75, 11, 19], "size": [3, 8, 5], "uv": [206, 184]},
						{"origin": [2.75, 11, 19], "size": [3, 8, 5], "uv": [222, 184]},
						{"origin": [3.75, 24, 22.5], "size": [5, 1, 2], "uv": [214, 163]}
					]
				},
				{
					"name": "small_claws_back_left",
					"parent": "small_foot_back_left",
					"pivot": [4.25, 7.5, 20.5],
					"cubes": [
						{"origin": [4.75, 6, 24.5], "size": [3, 3, 0], "pivot": [6.25, 7.5, 24.5], "rotation": [0, -90, 0], "uv": [218, 208]},
						{"origin": [6.75, 6, 20.5], "size": [3, 3, 0], "pivot": [8.25, 7.5, 20.5], "rotation": [0, -35, 0], "uv": [215, 211]},
						{"origin": [2.75, 6, 20.5], "size": [3, 3, 0], "pivot": [4.25, 7.5, 20.5], "rotation": [0, 35, 0], "uv": [221, 211]}
					]
				},
				{
					"name": "small_leg_back_left2",
					"parent": "megametagross",
					"pivot": [6.5, 18.9935, 9.4952],
					"rotation": [-32.5, 0, 0],
					"cubes": [
						{"origin": [4.25, 15, 9.5], "size": [4, 4, 3], "uv": [176, 144]},
						{"origin": [5.25, 16, 12.5], "size": [2, 2, 10], "uv": [171, 151]}
					]
				},
				{
					"name": "small_foot_back_left2",
					"parent": "small_leg_back_left2",
					"pivot": [6.25, 16, 19.5],
					"rotation": [-57.5, 0, 0],
					"cubes": [
						{"origin": [3.75, 14, 19.5], "size": [5, 13, 5], "uv": [173, 166]},
						{"origin": [1.75, 27, 17.5], "size": [9, 2, 9], "uv": [166, 197]},
						{"origin": [3.75, 21, 24.5], "size": [5, 6, 1], "uv": [193, 177]},
						{"origin": [6.75, 19, 19], "size": [3, 8, 5], "uv": [168, 184]},
						{"origin": [2.75, 19, 19], "size": [3, 8, 5], "uv": [184, 184]},
						{"origin": [3.75, 13, 22.5], "size": [5, 1, 2], "uv": [176, 163]}
					]
				},
				{
					"name": "small_claws_back_left2",
					"parent": "small_foot_back_left2",
					"pivot": [4.25, 30.5, 20.5],
					"cubes": [
						{"origin": [4.75, 29, 24.5], "size": [3, 3, 0], "pivot": [6.25, 30.5, 24.5], "rotation": [0, 92.5, 0], "uv": [181, 211]},
						{"origin": [6.75, 29, 20.5], "size": [3, 3, 0], "pivot": [8.25, 30.5, 20.5], "rotation": [0, -35, 0], "uv": [178, 208]},
						{"origin": [2.75, 29, 20.5], "size": [3, 3, 0], "pivot": [4.25, 30.5, 20.5], "rotation": [0, 35, 0], "uv": [184, 208]}
					]
				},
				{
					"name": "small_leg_back_right",
					"parent": "megametagross",
					"pivot": [-6.5, 19.0065, 9.4952],
					"rotation": [32.5, 0, 0],
					"cubes": [
						{"origin": [-8.25, 19, 9.5], "size": [4, 4, 3], "uv": [140, 144]},
						{"origin": [-7.25, 20, 12.5], "size": [2, 2, 10], "uv": [135, 151]}
					]
				},
				{
					"name": "small_foot_back_right",
					"parent": "small_leg_back_right",
					"pivot": [-6.25, 22, 19.5],
					"rotation": [57.5, 0, 0],
					"cubes": [
						{"origin": [-8.75, 11, 19.5], "size": [5, 13, 5], "uv": [137, 166]},
						{"origin": [-10.75, 9, 17.5], "size": [9, 2, 9], "uv": [129, 197]},
						{"origin": [-8.75, 11, 24.5], "size": [5, 6, 1], "uv": [125, 177]},
						{"origin": [-9.75, 11, 19], "size": [3, 8, 5], "uv": [145, 184]},
						{"origin": [-5.75, 11, 19], "size": [3, 8, 5], "uv": [129, 184]},
						{"origin": [-8.75, 24, 22.5], "size": [5, 1, 2], "uv": [140, 163]}
					]
				},
				{
					"name": "small_claws_back_right",
					"parent": "small_foot_back_right",
					"pivot": [-4.25, 7.5, 20.5],
					"cubes": [
						{"origin": [-7.75, 6, 24.5], "size": [3, 3, 0], "pivot": [-6.25, 7.5, 24.5], "rotation": [0, 90, 0], "uv": [144, 208]},
						{"origin": [-9.75, 6, 20.5], "size": [3, 3, 0], "pivot": [-8.25, 7.5, 20.5], "rotation": [0, 35, 0], "uv": [147, 211]},
						{"origin": [-5.75, 6, 20.5], "size": [3, 3, 0], "pivot": [-4.25, 7.5, 20.5], "rotation": [0, -35, 0], "uv": [141, 211]}
					]
				},
				{
					"name": "small_leg_back_right2",
					"parent": "megametagross",
					"pivot": [-6.5, 18.9935, 9.4952],
					"rotation": [-32.5, 0, 0],
					"cubes": [
						{"origin": [-8.25, 15, 9.5], "size": [4, 4, 3], "uv": [103, 144]},
						{"origin": [-7.25, 16, 12.5], "size": [2, 2, 10], "uv": [98, 151]}
					]
				},
				{
					"name": "small_foot_back_right2",
					"parent": "small_leg_back_right2",
					"pivot": [-6.25, 16, 19.5],
					"rotation": [-57.5, 0, 0],
					"cubes": [
						{"origin": [-8.75, 14, 19.5], "size": [5, 13, 5], "uv": [100, 166]},
						{"origin": [-10.75, 27, 17.5], "size": [9, 2, 9], "uv": [92, 197]},
						{"origin": [-8.75, 21, 24.5], "size": [5, 6, 1], "uv": [88, 177]},
						{"origin": [-9.75, 19, 19], "size": [3, 8, 5], "uv": [109, 184]},
						{"origin": [-5.75, 19, 19], "size": [3, 8, 5], "uv": [93, 184]},
						{"origin": [-8.75, 13, 22.5], "size": [5, 1, 2], "uv": [103, 163]}
					]
				},
				{
					"name": "small_claws_back_right2",
					"parent": "small_foot_back_right2",
					"pivot": [-4.25, 30.5, 20.5],
					"cubes": [
						{"origin": [-7.75, 29, 24.5], "size": [3, 3, 0], "pivot": [-6.25, 30.5, 24.5], "rotation": [0, -90, 0], "uv": [107, 211]},
						{"origin": [-9.75, 29, 20.5], "size": [3, 3, 0], "pivot": [-8.25, 30.5, 20.5], "rotation": [0, 35, 0], "uv": [110, 208]},
						{"origin": [-5.75, 29, 20.5], "size": [3, 3, 0], "pivot": [-4.25, 30.5, 20.5], "rotation": [0, -35, 0], "uv": [104, 208]}
					]
				},
				{
					"name": "leg_front_left",
					"parent": "megametagross",
					"pivot": [9.5, 24, -4.5],
					"rotation": [-90, 0, -45],
					"cubes": [
						{"origin": [7.5, 22, -6.5], "size": [4, 4, 4], "uv": [231, 39]},
						{"origin": [11.5, 23, -5.5], "size": [5, 2, 2], "uv": [232, 47]}
					]
				},
				{
					"name": "foot_front_left",
					"parent": "leg_front_left",
					"pivot": [16.5, 24, -4.5],
					"cubes": [
						{"origin": [16.5, 23, -8.5], "size": [6, 2, 8], "uv": [225, 73]},
						{"origin": [15.5, 6, -8.5], "size": [7, 17, 8], "uv": [224, 83]},
						{"origin": [20.5, 29, -8.5], "size": [2, 2, 8], "uv": [229, 51]},
						{"origin": [15.5, 25, -8.5], "size": [7, 4, 8], "uv": [224, 61]},
						{"origin": [14.5, 6, -10.5], "size": [7, 15, 5], "uv": [219, 108]},
						{"origin": [22.5, 6, -7.5], "size": [2, 13, 6], "uv": [254, 89]},
						{"origin": [13.5, 3, -10.5], "size": [12, 3, 12], "uv": [215, 128]},
						{"origin": [14.5, 6, -3.5], "size": [7, 15, 5], "uv": [243, 108]}
					]
				},
				{
					"name": "claws_front_left",
					"parent": "foot_front_left",
					"pivot": [4.04521, 3, -27.39339],
					"cubes": [
						{"origin": [23.23669, -4, -6.89203], "size": [0, 7, 5], "pivot": [19.04521, 3, -4.39339], "rotation": [0, 2.5, 0], "uv": [239, 138], "mirror": true},
						{"origin": [14.52992, -3, -7.16868], "size": [0, 6, 4], "pivot": [19.04521, 3, -4.39339], "rotation": [-180, 52.5, 180], "uv": [230, 139], "mirror": true},
						{"origin": [14.47806, -3, -5.69218], "size": [0, 6, 4], "pivot": [19.04521, 3, -4.39339], "rotation": [-180, -57.5, 180], "uv": [230, 139], "mirror": true}
					]
				},
				{
					"name": "leg_back_left",
					"parent": "megametagross",
					"pivot": [9.5, 16, -4.5],
					"rotation": [-90, 0, 45],
					"cubes": [
						{"origin": [11.5, 15, -5.5], "size": [5, 2, 2], "uv": [281, 47]},
						{"origin": [7.5, 14, -6.5], "size": [4, 4, 4], "uv": [280, 39]}
					]
				},
				{
					"name": "foot_back_left",
					"parent": "leg_back_left",
					"pivot": [16.5, 16, -4.5],
					"cubes": [
						{"origin": [22.5, -2, -7.5], "size": [2, 13, 6], "uv": [303, 89]},
						{"origin": [15.5, -2, -8.5], "size": [7, 17, 8], "uv": [273, 83]},
						{"origin": [15.5, 17, -8.5], "size": [7, 4, 8], "uv": [273, 61]},
						{"origin": [16.5, 15, -8.5], "size": [6, 2, 8], "uv": [274, 73]},
						{"origin": [20.5, 21, -8.5], "size": [2, 2, 8], "uv": [278, 51]},
						{"origin": [14.5, -2, -3.5], "size": [7, 15, 5], "uv": [292, 108]},
						{"origin": [14.5, -2, -10.5], "size": [7, 15, 5], "uv": [268, 108]},
						{"origin": [13.5, -5, -10.5], "size": [12, 3, 12], "uv": [264, 128]}
					]
				},
				{
					"name": "claws_back_left",
					"parent": "foot_back_left",
					"pivot": [18.7757, -5.16667, -4.64294],
					"cubes": [
						{"origin": [21.5, -11, -10], "size": [0, 6, 4], "pivot": [21.5, -6.5, -8.5], "rotation": [0, -125, 0], "uv": [279, 139], "mirror": true},
						{"origin": [21, -11, -2.5], "size": [0, 6, 4], "pivot": [21, -8, -0.5], "rotation": [0, 125, 0], "uv": [279, 139], "mirror": true},
						{"origin": [23.23669, -12, -7.14203], "size": [0, 7, 5], "uv": [288, 138], "mirror": true}
					]
				},
				{
					"name": "leg_back_right",
					"parent": "megametagross",
					"pivot": [-9.5, 16, -4.5],
					"rotation": [-90, 0, -45],
					"cubes": [
						{"origin": [-11.5, 14, -6.5], "size": [4, 4, 4], "uv": [35, 39]},
						{"origin": [-16.5, 15, -5.5], "size": [5, 2, 2], "uv": [36, 47]}
					]
				},
				{
					"name": "foot_back_right",
					"parent": "leg_back_right",
					"pivot": [-16.5, 16, -4.5],
					"cubes": [
						{"origin": [-21.5, -2, -3.5], "size": [7, 15, 5], "uv": [39, 108]},
						{"origin": [-22.5, 17, -8.5], "size": [7, 4, 8], "uv": [28, 61]},
						{"origin": [-22.5, 21, -8.5], "size": [2, 2, 8], "uv": [33, 51]},
						{"origin": [-24.5, -2, -7.5], "size": [2, 13, 6], "uv": [12, 89]},
						{"origin": [-25.5, -5, -10.5], "size": [12, 3, 12], "uv": [19, 128]},
						{"origin": [-21.5, -2, -10.5], "size": [7, 15, 5], "uv": [15, 108]},
						{"origin": [-22.5, 15, -8.5], "size": [6, 2, 8], "uv": [29, 73]},
						{"origin": [-22.5, -2, -8.5], "size": [7, 17, 8], "uv": [28, 83]}
					]
				},
				{
					"name": "claws_back_right",
					"parent": "foot_back_right",
					"pivot": [-19.77312, -4.91667, -4.61204],
					"cubes": [
						{"origin": [-23.23669, -12, -6.99203], "size": [0, 7, 5], "pivot": [-19.04521, -5, -4.49339], "rotation": [0, -2.5, 0], "uv": [43, 138]},
						{"origin": [-14.52992, -11, -7.26868], "size": [0, 6, 4], "pivot": [-19.04521, -5, -4.49339], "rotation": [-180, -52.5, -180], "uv": [34, 139]},
						{"origin": [-14.47806, -11, -5.79218], "size": [0, 6, 4], "pivot": [-19.04521, -5, -4.49339], "rotation": [-180, 57.5, -180], "uv": [34, 139]}
					]
				},
				{
					"name": "leg_front_right",
					"parent": "megametagross",
					"pivot": [-9.5, 24, -4.5],
					"rotation": [-90, 0, 45],
					"cubes": [
						{"origin": [-16.5, 23, -5.5], "size": [5, 2, 2], "uv": [85, 47]},
						{"origin": [-11.5, 22, -6.5], "size": [4, 4, 4], "uv": [84, 39]}
					]
				},
				{
					"name": "foot_front_right",
					"parent": "leg_front_right",
					"pivot": [-16.5, 24, -4.5],
					"cubes": [
						{"origin": [-22.5, 25, -8.5], "size": [7, 4, 8], "uv": [77, 61]},
						{"origin": [-22.5, 29, -8.5], "size": [2, 2, 8], "uv": [82, 51]},
						{"origin": [-22.5, 23, -8.5], "size": [6, 2, 8], "uv": [78, 73]},
						{"origin": [-22.5, 6, -8.5], "size": [7, 17, 8], "uv": [77, 83]},
						{"origin": [-21.5, 6, -10.5], "size": [7, 15, 5], "uv": [88, 108]},
						{"origin": [-24.5, 6, -7.5], "size": [2, 13, 6], "uv": [61, 89]},
						{"origin": [-21.5, 6, -3.5], "size": [7, 15, 5], "uv": [64, 108]},
						{"origin": [-25.5, 3, -10.5], "size": [12, 3, 12], "uv": [68, 128]}
					]
				},
				{
					"name": "claws_front_right",
					"parent": "foot_front_right",
					"pivot": [-18.7757, -0.16667, -4.64294],
					"cubes": [
						{"origin": [-21.5, -3, -10], "size": [0, 6, 4], "pivot": [-21.5, 1.5, -8.5], "rotation": [0, 125, 0], "uv": [82, 139]},
						{"origin": [-21, -3, -2.5], "size": [0, 6, 4], "pivot": [-21, 0, -0.5], "rotation": [0, -125, 0], "uv": [82, 139]},
						{"origin": [-23.23669, -4, -7.14203], "size": [0, 7, 5], "uv": [91, 138]}
					]
				}
			]
		}
	]
}