{
	"format_version": "1.12.0",
	"minecraft:geometry": [
		{
			"description": {
				"identifier": "geometry.wiglett",
				"texture_width": 128,
				"texture_height": 128,
				"visible_bounds_width": 4,
				"visible_bounds_height": 3.5,
				"visible_bounds_offset": [0, 1.25, 0]
			},
			"bones": [
				{
					"name": "Wiglett",
					"pivot": [0, 0, 0]
				},
				{
					"name": "Base",
					"parent": "Wiglett",
					"pivot": [0, -1, 0]
				},
				{
					"name": "Body",
					"parent": "Base",
					"pivot": [0, 24, -5.5],
					"cubes": [
						{"origin": [-7, -5, -7.25], "size": [15, 8, 15], "uv": [1, 1]},
						{"origin": [5, 3, -1.25], "size": [1, 1, 6], "uv": [0, 0]},
						{"origin": [5, 3, -5.25], "size": [1, 1, 5], "uv": [0, 7]},
						{"origin": [-1, 3, -9.5], "size": [1, 1, 10], "pivot": [0, 24, -5.5], "rotation": [0, 90, 0], "uv": [60, 14]},
						{"origin": [4, 3, -15.5], "size": [1, 1, 10], "pivot": [0, 24, -5.5], "rotation": [0, 180, 0], "uv": [57, 26]},
						{"origin": [10.25, 3, -11.5], "size": [1, 1, 11], "pivot": [0, 24, -5.5], "rotation": [0, -90, 0], "uv": [48, 0]}
					]
				},
				{
					"name": "Body2",
					"parent": "Body",
					"pivot": [0.5, 2, 0],
					"cubes": [
						{"origin": [-4, 2, -4.5], "size": [9, 14, 9], "uv": [43, 41]}
					]
				},
				{
					"name": "Body3",
					"parent": "Body2",
					"pivot": [0.5, 16, 0],
					"cubes": [
						{"origin": [-4, 16, -4.5], "size": [9, 4, 9], "uv": [0, 50]}
					]
				},
				{
					"name": "Head",
					"parent": "Body3",
					"pivot": [0.51, 20, -0.5],
					"cubes": [
						{"origin": [-4, 20, -8.5], "size": [9, 10, 13], "uv": [0, 24]},
						{"origin": [-2.98, 22, -10.5], "size": [7, 4, 7], "uv": [39, 24]}
					]
				},
				{
					"name": "Eyelids",
					"parent": "Head",
					"pivot": [0, 24, 3.75],
					"cubes": [
						{"origin": [-3, 26, -8.26], "size": [3, 2, 1], "uv": [12, 36]},
						{"origin": [1, 26, -8.26], "size": [3, 2, 1], "uv": [12, 36]}
					]
				}
			]
		}
	]
}