{
	"format_version": "1.8.0",
	"animations": {
		"animation.duraludon.ground_idle": {
			"loop": true,
			"bones": {
				"body": {
					"rotation": ["0+1*(math.sin(q.anim_time*90*3)*1+1)+1*(math.sin(q.anim_time*90*3/2)*1+1)", 0, 0],
					"position": [0, "-0.1*(math.sin(q.anim_time*90*3-90)*1+1)", 0]
				},
				"hand_one_l3": {
					"rotation": [6.93255, 34.39275, 12.14787]
				},
				"hand_two_l3": {
					"rotation": [0, 25, 0],
					"position": [0.35, 0, 0.075]
				},
				"hand_1_l_motion": {
					"rotation": ["0+1*(math.sin(q.anim_time*90*3)*1+0.5)", "0+2*(math.sin(q.anim_time*90*3)*1+1)", 0]
				},
				"hand_2_l_motion": {
					"rotation": ["0+1*(math.sin(q.anim_time*90*3)*0.5)", "0+2*(math.sin(q.anim_time*90*3)*0.5)", 0]
				},
				"hand_one_l2": {
					"rotation": [8.0674, -34.3927, -12.1479]
				},
				"hand_two_l2": {
					"rotation": [0, -27.5, 0],
					"position": [-0.425, 0, 0]
				},
				"hand_1_motion": {
					"rotation": ["0+1*(math.sin(q.anim_time*90*-3)*1+0.5)", "0+2*(math.sin(q.anim_time*90*-3)*1+1)", 0]
				},
				"hand_2_motion": {
					"rotation": ["0+1*(math.sin(q.anim_time*90*-3)*0.5)", "0+2*(math.sin(q.anim_time*90*-3)*0.5)", 0]
				}
			}
		},
		"animation.duraludon.ground_walk": {
			"loop": true,
			"bones": {
				"body": {
					"rotation": ["math.clamp(math.sin(query.anim_time*180*3*1.5/2+20)*1,0.2,0.9)+math.clamp(-math.sin(query.anim_time*180*3*1.5/2)*1,0.2,0.9)-0.8", 0, 0],
					"position": [
						0,
						"-math.clamp(math.sin(-query.anim_time*90*3*1.5-90+45/2)*0.5,0,1)-math.clamp(math.sin(-query.anim_time*90*3*1.5-90+45/2+180)*0.5,0,1)+0.3",
						"-math.clamp(math.sin(query.anim_time*90*3*1.5+90)*0.2,0,0.2)-math.clamp(math.sin(-query.anim_time*90*3*1.5-90)*0.2,0,0.2)"
					]
				},
				"hand_one_l3": {
					"rotation": [6.93255, 34.39275, 12.14787]
				},
				"hand_two_l3": {
					"rotation": [0, 25, 0],
					"position": [0.35, 0, 0.075]
				},
				"hand_1_l_motion": {
					"rotation": ["0+1*(math.sin(q.anim_time*90*3)*1+0.5)", "0+2*(math.sin(q.anim_time*90*3*1.5+180)*5+1)", 0]
				},
				"hand_2_l_motion": {
					"rotation": ["0+1*(math.sin(q.anim_time*90*3)*1+0.5)", "0+2*(math.sin(q.anim_time*90*3*1.5+180)*3+1)", 0]
				},
				"hand_one_l2": {
					"rotation": [8.0674, -34.3927, -12.1479]
				},
				"hand_two_l2": {
					"rotation": [0, -27.5, 0],
					"position": [-0.425, 0, 0]
				},
				"hand_1_motion": {
					"rotation": ["0+1*(math.sin(q.anim_time*90*3)*1+0.5)", "0+2*(math.sin(q.anim_time*90*3*1.5+180)*5+1)", 0]
				},
				"hand_2_motion": {
					"rotation": ["0+1*(math.sin(q.anim_time*90*3)*1+0.5)", "0+2*(math.sin(q.anim_time*90*3*1.5+180)*3+1)", 0]
				},
				"leg_left": {
					"rotation": [
						"-math.clamp(math.sin(query.anim_time*90*3*1.5+45)*20,-15,14)-math.clamp(math.sin(query.anim_time*90*3*1.5+45)*20,0,20)+math.clamp(-math.sin(query.anim_time*90*3*1.5+180)*15,5,15)-5",
						0,
						0
					],
					"position": [
						0,
						"-math.clamp(math.sin(query.anim_time*90*3*1.5+25)*0.2,0,0.2)-math.clamp(-math.sin(query.anim_time*90*3*1.5+25)*0.4,0,0.3)+math.clamp(-math.sin(query.anim_time*90*3*1.5+25)*0.8,0.5,0.8)-math.clamp(-math.sin(query.anim_time*90*3*1.5+25+180)*0.8,0.5,0.8)",
						"-math.clamp(math.sin(query.anim_time*90*3*1.5)*0.5,-0.25,1)-math.clamp(math.sin(query.anim_time*90*3*1.5)*0.25,-0.8,0)"
					]
				},
				"leg_right": {
					"rotation": [
						"-math.clamp(math.sin(query.anim_time*90*3*1.5+45+180)*20,-15,14)-math.clamp(math.sin(query.anim_time*90*3*1.5+45+180)*20,0,20)+math.clamp(-math.sin(query.anim_time*90*3*1.5+180*2)*15,5,15)-5",
						0,
						0
					],
					"position": [
						0,
						"0.2-math.clamp(math.sin(query.anim_time*90*3*1.5+25+180)*0.2,0,0.2)-math.clamp(-math.sin(query.anim_time*90*3*1.5+25+180)*0.4,0,0.3)+math.clamp(-math.sin(query.anim_time*90*3*1.5+25+180)*0.8,0.5,0.8)-math.clamp(-math.sin(query.anim_time*90*3*1.5+25+180*2)*0.8,0.5,0.8)",
						"-math.clamp(math.sin(query.anim_time*90*3*1.5+180)*0.5,-0.25,1)-math.clamp(math.sin(query.anim_time*90*3*1.5+180)*0.25,-0.8,0)"
					]
				}
			}
		}
	}
}