{
	"format_version": "1.8.0",
	"animations": {
		"animation.bisharp.ground_idle": {
			"loop": true,
			"bones": {
				"torso": {
					"position": [0, "0.1*(math.sin(q.anim_time*90*3-30)*1.3+0.8)", 0]
				},
				"head": {
					"rotation": ["math.sin(query.anim_time*90*2)*2", "math.sin(query.anim_time*90)*1", 0]
				},
				"arm_right": {
					"rotation": [0, "(math.sin(q.anim_time*90*3-30)*1.3+1.8)", "0+(math.sin(q.anim_time*90*3-30)*1.3+1.8)"]
				},
				"arm_left": {
					"rotation": [0, "(math.sin(q.anim_time*90*3-30)*1.3+1.8)", "0+(math.sin(q.anim_time*90*3-30)*1.3+1.8)"]
				},
				"leg_left": {
					"position": [0, "0.1*(math.sin(q.anim_time*90*3-30)*1.3+0.8)", 0]
				},
				"foot_left": {
					"rotation": ["1.5*(math.sin(q.anim_time*90*3-30)*1.3+0.8) ", 0, 0],
					"position": [0, "-0.1*(math.sin(q.anim_time*90*3-30)*1.3+0.8)", 0]
				},
				"leg_right": {
					"position": [0, "0.1*(math.sin(q.anim_time*90*3-30)*1.3+0.8)", 0]
				},
				"foot_right": {
					"rotation": ["1.5*(math.sin(q.anim_time*90*3-30)*1.3+0.8) ", 0, 0],
					"position": [0, "-0.1*(math.sin(q.anim_time*90*3-30)*1.3+0.8)", 0]
				}
			}
		},
		"animation.bisharp.ground_walk": {
			"loop": true,
			"bones": {
				"torso": {
					"position": [0, "0.1*(math.sin(q.anim_time*90*3-30)*1.3+0.8)", 0]
				},
				"head": {
					"rotation": ["math.sin(query.anim_time*90*2)*2", "math.sin(query.anim_time*90)*1", 0]
				},
				"arm_right": {
					"rotation": [0, "(math.sin(q.anim_time*90*3-30)*1.3+1.8)", "0+(math.sin(q.anim_time*90*3-30)*1.3+1.8)"]
				},
				"arm_left": {
					"rotation": [0, "(math.sin(q.anim_time*90*3-30)*1.3+1.8)", "0+(math.sin(q.anim_time*90*3-30)*1.3+1.8)"]
				},
				"leg_left": {
					"position": [0, "0.1*(math.sin(q.anim_time*90*3-30)*1.3+0.8)", 0]
				},
				"foot_left": {
					"rotation": ["1.5*(math.sin(q.anim_time*90*3-30)*1.3+0.8) ", 0, 0],
					"position": [0, "-0.1*(math.sin(q.anim_time*90*3-30)*1.3+0.8)", 0]
				},
				"leg_right": {
					"position": [0, "0.1*(math.sin(q.anim_time*90*3-30)*1.3+0.8)", 0]
				},
				"foot_right": {
					"rotation": ["1.5*(math.sin(q.anim_time*90*3-30)*1.3+0.8) ", 0, 0],
					"position": [0, "-0.1*(math.sin(q.anim_time*90*3-30)*1.3+0.8)", 0]
				}
			}
		},
		"animation.bisharp.blink": {
			"loop": true
		},
		"animation.bisharp.faint": {
			"loop": true
		}
	}
}