{
	"format_version": "1.12.0",
	"minecraft:geometry": [
		{
			"description": {
				"identifier": "geometry.wattrel",
				"texture_width": 124,
				"texture_height": 32,
				"visible_bounds_width": 3,
				"visible_bounds_height": 2.5,
				"visible_bounds_offset": [0, 0.75, 0]
			},
			"bones": [
				{
					"name": "wattrel",
					"pivot": [0, 0, 0]
				},
				{
					"name": "body",
					"parent": "wattrel",
					"pivot": [0, 8, 0.5]
				},
				{
					"name": "leg_right",
					"parent": "body",
					"pivot": [-2, 3.87586, 1.90466],
					"rotation": [10, 0, 0],
					"cubes": [
						{"origin": [-2.5, 2.37586, 1.40466], "size": [1, 2, 1], "inflate": 0.02, "uv": [51, 8]}
					]
				},
				{
					"name": "leg_right2",
					"parent": "leg_right",
					"pivot": [-2, 2.37586, 2.40466],
					"rotation": [-30, 0, 0],
					"cubes": [
						{"origin": [-2.5, 0.37586, 1.40466], "size": [1, 2, 1], "uv": [82, 19]}
					]
				},
				{
					"name": "foot_right",
					"parent": "leg_right2",
					"pivot": [-2, 0.87586, 2.40466],
					"rotation": [20, 0, 0],
					"cubes": [
						{"origin": [-3.5, -0.12414, 0.40466], "size": [3, 1, 1], "inflate": 0.01, "uv": [26, 5]},
						{"origin": [-3, -0.12414, 1.40466], "size": [2, 1, 1], "inflate": 0.02, "uv": [0, 20]}
					]
				},
				{
					"name": "foot_right_claws",
					"parent": "foot_right",
					"pivot": [-2, 0.87586, 0.40466],
					"cubes": [
						{"origin": [-3.5, -0.12414, -1.09534], "size": [3, 0, 2], "uv": [42, 9]}
					]
				},
				{
					"name": "foot_right_claw_1",
					"parent": "foot_right_claws",
					"pivot": [-3.5, 0.85, 0.3],
					"cubes": [
						{"origin": [-3.5, -0.15, -1.52618], "size": [0, 1, 2], "uv": [1, 16]}
					]
				},
				{
					"name": "foot_right_claw_2",
					"parent": "foot_right_claws",
					"pivot": [-2, 0.87586, 0.40466],
					"cubes": [
						{"origin": [-2, -0.12414, -1.59534], "size": [0, 1, 2], "uv": [21, 18]}
					]
				},
				{
					"name": "foot_right_claw_3",
					"parent": "foot_right_claws",
					"pivot": [-0.5, 0.85, 0.3],
					"cubes": [
						{"origin": [-0.5, -0.15, -1.52618], "size": [0, 1, 2], "uv": [1, 17]}
					]
				},
				{
					"name": "leg_left",
					"parent": "body",
					"pivot": [2, 3.87586, 1.90466],
					"rotation": [10, 0, 0],
					"cubes": [
						{"origin": [1.5, 2.37586, 1.40466], "size": [1, 2, 1], "inflate": 0.02, "uv": [51, 5]}
					]
				},
				{
					"name": "leg_left2",
					"parent": "leg_left",
					"pivot": [2, 2.37586, 2.40466],
					"rotation": [-30, 0, 0],
					"cubes": [
						{"origin": [1.5, 0.37586, 1.40466], "size": [1, 2, 1], "uv": [21, 17]}
					]
				},
				{
					"name": "foot_left",
					"parent": "leg_left2",
					"pivot": [2, 0.87586, 2.40466],
					"rotation": [20, 0, 0],
					"cubes": [
						{"origin": [0.5, -0.12414, 0.40466], "size": [3, 1, 1], "inflate": 0.01, "uv": [36, 9]},
						{"origin": [1, -0.12414, 1.40466], "size": [2, 1, 1], "inflate": 0.02, "uv": [0, 22]}
					]
				},
				{
					"name": "foot_left_claws",
					"parent": "foot_left",
					"pivot": [2, 0.87586, 0.40466],
					"cubes": [
						{"origin": [0.5, -0.12414, -1.09534], "size": [3, 0, 2], "uv": [19, 22]}
					]
				},
				{
					"name": "foot_left_claw_1",
					"parent": "foot_left_claws",
					"pivot": [3.5, 0.85, 0.3],
					"cubes": [
						{"origin": [3.5, -0.15, -1.52618], "size": [0, 1, 2], "uv": [1, 2]}
					]
				},
				{
					"name": "foot_left_claw_2",
					"parent": "foot_left_claws",
					"pivot": [2, 0.87586, 0.40466],
					"cubes": [
						{"origin": [2, -0.12414, -1.59534], "size": [0, 1, 2], "uv": [6, 2]}
					]
				},
				{
					"name": "foot_left_claw_3",
					"parent": "foot_left_claws",
					"pivot": [0.5, 0.85, 0.3],
					"cubes": [
						{"origin": [0.5, -0.15, -1.52618], "size": [0, 1, 2], "uv": [1, 15]}
					]
				},
				{
					"name": "torso",
					"parent": "body",
					"pivot": [0, 7.87586, 0.90466],
					"rotation": [-10, 0, 0],
					"cubes": [
						{"origin": [-4, 3.87586, -4], "size": [8, 7, 10], "uv": [0, 0]}
					]
				},
				{
					"name": "wings_open",
					"parent": "torso",
					"pivot": [0, 9.97586, 1.40466]
				},
				{
					"name": "wing_open_right",
					"parent": "wings_open",
					"pivot": [-4, 9.97586, 1.40466],
					"cubes": [
						{"origin": [-10, 9.97586, -2.09534], "size": [7, 0, 7], "uv": [103, 0]},
						{"origin": [-10, 9.47586, -1.09534], "size": [7, 1, 4], "uv": [28, 24]}
					]
				},
				{
					"name": "wing_open_right2",
					"parent": "wing_open_right",
					"pivot": [-10, 9.97586, 1.40466],
					"cubes": [
						{"origin": [-13, 9.97586, -2.09534], "size": [3, 0, 6], "uv": [97, 0]}
					]
				},
				{
					"name": "wing_open_right3",
					"parent": "wing_open_right2",
					"pivot": [-13, 9.97586, 1.40466],
					"cubes": [
						{"origin": [-16, 9.97586, -1.09534], "size": [3, 0, 6], "uv": [90, 0]}
					]
				},
				{
					"name": "wing_open_left",
					"parent": "wings_open",
					"pivot": [4, 9.97586, 1.40466],
					"cubes": [
						{"origin": [3, 9.97586, -2.09534], "size": [7, 0, 7], "uv": [103, 8]},
						{"origin": [3, 9.47586, -1.09534], "size": [7, 1, 4], "uv": [42, 0]}
					]
				},
				{
					"name": "wing_open_left2",
					"parent": "wing_open_left",
					"pivot": [10, 9.97586, 1.40466],
					"cubes": [
						{"origin": [10, 9.97586, -2.09534], "size": [3, 0, 6], "uv": [97, 9]}
					]
				},
				{
					"name": "wing_open_left3",
					"parent": "wing_open_left2",
					"pivot": [13, 9.97586, 1.40466],
					"cubes": [
						{"origin": [13, 9.97586, -1.09534], "size": [3, 0, 6], "uv": [90, 9]}
					]
				},
				{
					"name": "wings_closed",
					"parent": "torso",
					"pivot": [0, 7.87586, -1]
				},
				{
					"name": "wing_closed_right",
					"parent": "wings_closed",
					"pivot": [-4.5, 7.87586, -1],
					"cubes": [
						{"origin": [-5, 4.37586, -2.5], "size": [1, 7, 7], "uv": [63, 10]}
					]
				},
				{
					"name": "wing_closed_right2",
					"parent": "wing_closed_right",
					"pivot": [-4.5, 4.87586, 4.5],
					"cubes": [
						{"origin": [-4.5, 4.87586, 4.5], "size": [0, 5, 5], "uv": [93, 14]}
					]
				},
				{
					"name": "wing_closed_left",
					"parent": "wings_closed",
					"pivot": [4.5, 7.87586, -1],
					"cubes": [
						{"origin": [4, 4.37586, -2.5], "size": [1, 7, 7], "uv": [72, 3]}
					]
				},
				{
					"name": "wing_closed_left2",
					"parent": "wing_closed_left",
					"pivot": [4.5, 4.87586, 4.5],
					"cubes": [
						{"origin": [4.5, 4.87586, 4.5], "size": [0, 5, 5], "uv": [104, 14]}
					]
				},
				{
					"name": "tail",
					"parent": "torso",
					"pivot": [0.5, 5.37586, 5.90466],
					"cubes": [
						{"origin": [-3, 5.37586, 6], "size": [6, 5, 3], "uv": [52, 8]}
					]
				},
				{
					"name": "tail_feathers",
					"parent": "tail",
					"pivot": [0, 9.47586, 9],
					"rotation": [-12.5, 0, 0]
				},
				{
					"name": "tail_feather_left",
					"parent": "tail_feathers",
					"pivot": [0, 9.47586, 8.90466],
					"rotation": [0, 15, 0],
					"cubes": [
						{"origin": [0, 9.47586, 8], "size": [2, 0, 7], "uv": [108, 17]}
					]
				},
				{
					"name": "tail_feather_right",
					"parent": "tail_feathers",
					"pivot": [0, 9.47586, 8.90466],
					"rotation": [0, -15, 0],
					"cubes": [
						{"origin": [-2, 9.47586, 8], "size": [2, 0, 7], "uv": [113, 17]}
					]
				},
				{
					"name": "neck",
					"parent": "torso",
					"pivot": [0.5, 5.87586, -4.09534],
					"rotation": [15, 0, 0],
					"cubes": [
						{"origin": [-3.5, 5.87586, -4], "size": [7, 6, 7], "inflate": -0.02, "uv": [29, 11]}
					]
				},
				{
					"name": "neck_fur",
					"parent": "neck",
					"pivot": [0, 8.88241, -3.98],
					"rotation": [-12.5, 0, 0],
					"cubes": [
						{"origin": [-3.5, 6.875, -3.98], "size": [7, 2, 0], "uv": [26, 7]}
					]
				},
				{
					"name": "neck_fur_middle",
					"parent": "neck_fur",
					"pivot": [0, 6.875, -3.98],
					"cubes": [
						{"origin": [-3.5, 4.875, -3.98], "size": [7, 2, 0], "uv": [79, 0]}
					]
				},
				{
					"name": "head",
					"parent": "neck",
					"pivot": [0.5, 11.62586, -0.59534],
					"cubes": [
						{"origin": [-3.5, 10.62586, -4], "size": [7, 6, 7], "uv": [0, 17]}
					]
				},
				{
					"name": "eye_right",
					"parent": "head",
					"pivot": [-2.5, 13.62586, -3.09534],
					"cubes": [
						{"origin": [-3.5, 12.12586, -4], "size": [2, 3, 2], "inflate": 0.02, "uv": [67, 5]}
					]
				},
				{
					"name": "pupil_right",
					"parent": "eye_right",
					"pivot": [-2.5, 13.62586, -3.94],
					"cubes": [
						{"origin": [-3, 13.12586, -3.95], "size": [1, 1, 0], "inflate": 0.1, "uv": [0, 1]}
					]
				},
				{
					"name": "eyelid_small_right",
					"parent": "eye_right",
					"pivot": [-2, 14.62586, -3.49534],
					"cubes": [
						{"origin": [-2.5, 14.12586, -3.9], "size": [1, 1, 1], "inflate": 0.04, "uv": [85, 21]}
					]
				},
				{
					"name": "eyelid_right",
					"parent": "eye_right",
					"pivot": [-2.5, 13.62586, -3.09534],
					"cubes": [
						{"origin": [-3.4, 12.12586, -3.9], "size": [2, 3, 2], "inflate": 0.06, "uv": [26, 0]}
					]
				},
				{
					"name": "eyelid_right_side",
					"parent": "eye_right",
					"pivot": [-2.9, 14.62586, -2.9],
					"cubes": [
						{"origin": [-3.4, 14.12586, -3.9], "size": [1, 1, 2], "inflate": 0.04, "uv": [72, 0]}
					]
				},
				{
					"name": "eyelid_right_happy",
					"parent": "eye_right",
					"pivot": [-2.4, 13.62586, -2.9],
					"cubes": [
						{"origin": [-3.4, 12.12586, -3.9], "size": [2, 3, 2], "inflate": 0.06, "uv": [50, 24]}
					]
				},
				{
					"name": "eye_left",
					"parent": "head",
					"pivot": [2.5, 13.62586, -3.09534],
					"cubes": [
						{"origin": [1.5, 12.12586, -4], "size": [2, 3, 2], "inflate": 0.02, "uv": [64, 0]}
					]
				},
				{
					"name": "pupil_left",
					"parent": "eye_left",
					"pivot": [2.5, 13.62586, -3.94],
					"cubes": [
						{"origin": [2, 13.12586, -3.95], "size": [1, 1, 0], "inflate": 0.1, "uv": [0, 0]}
					]
				},
				{
					"name": "eyelid_small_left",
					"parent": "eye_left",
					"pivot": [2, 14.62586, -3.59534],
					"cubes": [
						{"origin": [1.5, 14.12586, -3.9], "size": [1, 1, 1], "inflate": 0.04, "uv": [82, 22]}
					]
				},
				{
					"name": "eyelid_left",
					"parent": "eye_left",
					"pivot": [2.4, 13.62586, -2.99534],
					"cubes": [
						{"origin": [1.4, 12.12586, -3.9], "size": [2, 3, 2], "inflate": 0.06, "uv": [34, 0]}
					]
				},
				{
					"name": "eyelid_left_side",
					"parent": "eye_left",
					"pivot": [2.9, 14.62586, -2.9],
					"cubes": [
						{"origin": [2.4, 14.12586, -3.9], "size": [1, 1, 2], "inflate": 0.04, "uv": [73, 3], "mirror": true}
					]
				},
				{
					"name": "eyelid_left_happy",
					"parent": "eye_left",
					"pivot": [2.4, 13.62586, -2.9],
					"cubes": [
						{"origin": [1.4, 12.12586, -3.9], "size": [2, 3, 2], "inflate": 0.06, "uv": [50, 24], "mirror": true}
					]
				},
				{
					"name": "beak",
					"parent": "head",
					"pivot": [0, 12.25, -4.07881],
					"cubes": [
						{"origin": [-2, 11.62586, -6], "size": [4, 1, 2], "uv": [40, 6]},
						{"origin": [-1, 11.62586, -6], "size": [2, 1, 3], "inflate": -0.02, "pivot": [0, 12.60086, -5.975], "rotation": [25, 0, 0], "uv": [0, 0]},
						{"origin": [-1, 11.62586, -7], "size": [2, 1, 1], "uv": [82, 17]},
						{"origin": [-0.5, 11.12586, -7.02], "size": [1, 1, 0], "uv": [0, 2]}
					]
				},
				{
					"name": "jaw",
					"parent": "beak",
					"pivot": [0, 12.12586, -3.84534],
					"cubes": [
						{"origin": [-1.5, 11.12586, -5.5], "size": [3, 1, 2], "uv": [0, 5]},
						{"origin": [-0.5, 11.12586, -6.5], "size": [1, 1, 1], "uv": [25, 17]}
					]
				},
				{
					"name": "held_item",
					"parent": "jaw",
					"pivot": [0, 11.65, -6],
					"locators": {
						"held_item": {
							"offset": [0, 11.65, -6],
							"rotation": [90, 0, 0]
						}
					}
				}
			]
		}
	]
}