{
	"format_version": "1.12.0",
	"minecraft:geometry": [
		{
			"description": {
				"identifier": "geometry.unknown",
				"texture_width": 64,
				"texture_height": 64,
				"visible_bounds_width": 3,
				"visible_bounds_height": 3.5,
				"visible_bounds_offset": [0, 1.25, 0]
			},
			"bones": [
				{
					"name": "body",
					"pivot": [0, 0, 0]
				},
				{
					"name": "mid_sec",
					"parent": "body",
					"pivot": [0, 0, 0],
					"cubes": [
						{"origin": [-3.5, 9, -2], "size": [7, 2, 5], "uv": [0, 8]},
						{"origin": [-4.5, 6, -2], "size": [9, 3, 5], "uv": [0, 0]}
					]
				},
				{
					"name": "belt",
					"parent": "mid_sec",
					"pivot": [0.069, 7.1375, 0.47862],
					"rotation": [0, 0, -10],
					"cubes": [
						{"origin": [-5.012, 6, 3.20725], "size": [10, 2, 0], "uv": [23, 2]},
						{"origin": [-5.012, 6, -2.24275], "size": [10, 2, 0], "uv": [23, 0]},
						{"origin": [-5.012, 6, 0.20725], "size": [0, 2, 3], "uv": [20, 35]},
						{"origin": [-5.012, 6, -2.24375], "size": [0, 2, 3], "uv": [14, 35]},
						{"origin": [4.987, 6, 0.20725], "size": [0, 2, 3], "uv": [12, 21]},
						{"origin": [4.987, 6, -2.24375], "size": [0, 2, 3], "uv": [12, 23]},
						{"origin": [-4.287, 6.3, -2.91875], "size": [2, 2, 1], "inflate": -0.1, "uv": [40, 10]},
						{"origin": [2.413, 5.575, 2.90625], "size": [3, 3, 3], "inflate": -0.1, "uv": [33, 21]},
						{"origin": [2.338, 6.575, 3.60625], "size": [1, 1, 1], "inflate": -0.1, "uv": [0, 44]}
					]
				},
				{
					"name": "swing",
					"parent": "mid_sec",
					"pivot": [0, 10.675, 0]
				},
				{
					"name": "upper_body",
					"parent": "swing",
					"pivot": [0, 10.675, 0],
					"cubes": [
						{"origin": [-2.00273, 11.0117, -1.99958], "size": [4, 6, 4], "uv": [0, 24]}
					]
				},
				{
					"name": "head",
					"parent": "upper_body",
					"pivot": [-0.00273, 0.0117, -0.49958],
					"cubes": [
						{"origin": [-1.52773, 20.2117, -2.03458], "size": [1, 2, 1], "inflate": -0.01, "uv": [24, 40]},
						{"origin": [-1.52773, 20.2117, -2.11958], "size": [1, 2, 1], "inflate": -0.085, "uv": [0, 47]},
						{"origin": [0.52227, 20.2117, -2.11958], "size": [1, 2, 1], "inflate": -0.085, "uv": [0, 47], "mirror": true},
						{"origin": [0.52227, 20.2117, -2.03458], "size": [1, 2, 1], "inflate": -0.01, "uv": [24, 32]},
						{"origin": [-1.30273, 18.6617, -2.14658], "size": [3, 1, 1], "inflate": -0.135, "pivot": [0.02227, 18.7117, -1.53458], "rotation": [0, 0, -12.5], "uv": [40, 8]},
						{"origin": [0.16285, 19.48042, -2.02258], "size": [1, 1, 1], "inflate": -0.01, "pivot": [0.66285, 19.98042, -1.52258], "rotation": [0, 0, -62.5], "uv": [42, 22]},
						{"origin": [-2.00273, 17.0117, -1.99958], "size": [4, 6, 4], "uv": [24, 4]}
					]
				},
				{
					"name": "hair_4",
					"parent": "head",
					"pivot": [1.42227, 22.3117, 1.12542],
					"rotation": [0, -30, 0]
				},
				{
					"name": "1_sec4",
					"parent": "hair_4",
					"pivot": [1.49727, 22.4617, 1.22542],
					"rotation": [0, 0, 30],
					"cubes": [
						{"origin": [0.99727, 21.5867, 0.72542], "size": [1, 3, 1], "uv": [16, 40]}
					]
				},
				{
					"name": "2_sec4",
					"parent": "1_sec4",
					"pivot": [1.54727, 24.1867, 1.22542],
					"rotation": [0, 0, 47.5],
					"cubes": [
						{"origin": [1.04727, 24.2367, 0.72542], "size": [1, 3, 1], "inflate": 0.225, "uv": [20, 40]}
					]
				},
				{
					"name": "3_sec4",
					"parent": "2_sec4",
					"pivot": [1.29727, 26.3117, 1.22542],
					"rotation": [0, 0, 45],
					"cubes": [
						{"origin": [0.29727, 26.4617, 0.22542], "size": [2, 3, 2], "inflate": 0.15, "pivot": [1.29727, 26.4617, 1.22542], "rotation": [0, 90, 0], "uv": [8, 38]}
					]
				},
				{
					"name": "hair_3",
					"parent": "head",
					"pivot": [0.74727, 22.3617, 0.25042],
					"rotation": [180, 0, -165]
				},
				{
					"name": "1_sec3",
					"parent": "hair_3",
					"pivot": [0.82227, 22.5117, 0.27542],
					"rotation": [0, 0, 2.5],
					"cubes": [
						{"origin": [0.32227, 21.6367, -0.22458], "size": [1, 3, 1], "uv": [16, 40]}
					]
				},
				{
					"name": "2_sec3",
					"parent": "1_sec3",
					"pivot": [0.87227, 24.2367, 0.27542],
					"rotation": [0, 0, -32.5],
					"cubes": [
						{"origin": [0.37227, 24.2867, -0.22458], "size": [1, 3, 1], "inflate": 0.225, "uv": [20, 40]}
					]
				},
				{
					"name": "3_sec3",
					"parent": "2_sec3",
					"pivot": [1.07227, 26.3617, 0.27542],
					"rotation": [0, 0, -37.5],
					"cubes": [
						{"origin": [0.07227, 26.5117, -0.72458], "size": [2, 3, 2], "inflate": 0.15, "pivot": [1.07227, 26.5117, 0.27542], "rotation": [0, 180, 0], "uv": [8, 38], "mirror": true}
					]
				},
				{
					"name": "hair_2",
					"parent": "head",
					"pivot": [-0.42773, 22.7367, -0.59958],
					"rotation": [180, 0, 177.5]
				},
				{
					"name": "1_sec2",
					"parent": "hair_2",
					"pivot": [-0.35273, 22.8867, -0.57458],
					"rotation": [0, 0, 2.5],
					"cubes": [
						{"origin": [-0.85273, 22.0117, -1.07458], "size": [1, 3, 1], "uv": [16, 40]}
					]
				},
				{
					"name": "2_sec2",
					"parent": "1_sec2",
					"pivot": [-0.30273, 24.6117, -0.57458],
					"rotation": [0, 0, -22.5],
					"cubes": [
						{"origin": [-0.80273, 24.6617, -1.07458], "size": [1, 3, 1], "inflate": 0.225, "uv": [20, 40]}
					]
				},
				{
					"name": "3_sec2",
					"parent": "2_sec2",
					"pivot": [-0.15273, 26.6867, -0.57458],
					"rotation": [0, 0, -27.5],
					"cubes": [
						{"origin": [-1.15273, 26.8367, -1.57458], "size": [2, 3, 2], "inflate": 0.15, "pivot": [-0.15273, 26.8367, -0.57458], "rotation": [0, 180, 0], "uv": [8, 38]}
					]
				},
				{
					"name": "hair_1",
					"parent": "head",
					"pivot": [-1.42773, 22.7367, -1.02458],
					"rotation": [0, -37.5, 0]
				},
				{
					"name": "1_sec",
					"parent": "hair_1",
					"pivot": [-1.50273, 22.8867, -0.92458],
					"rotation": [0, 0, -30],
					"cubes": [
						{"origin": [-2.00273, 22.0117, -1.42458], "size": [1, 3, 1], "uv": [16, 40]}
					]
				},
				{
					"name": "2_sec",
					"parent": "1_sec",
					"pivot": [-1.55273, 24.6117, -0.92458],
					"rotation": [0, 0, -37.5],
					"cubes": [
						{"origin": [-2.05273, 24.6617, -1.42458], "size": [1, 3, 1], "inflate": 0.225, "uv": [20, 40]}
					]
				},
				{
					"name": "3_sec",
					"parent": "2_sec",
					"pivot": [-1.30273, 26.6867, -0.92458],
					"rotation": [0, 0, -42.5],
					"cubes": [
						{"origin": [-2.30273, 26.8367, -1.92458], "size": [2, 3, 2], "inflate": 0.15, "uv": [8, 38]}
					]
				},
				{
					"name": "all_arms",
					"parent": "upper_body",
					"pivot": [-0.00273, 0.0117, -0.49958]
				},
				{
					"name": "right_arm",
					"parent": "all_arms",
					"pivot": [-2.00273, 15.9617, 0.00042],
					"rotation": [180, 0, 0],
					"cubes": [
						{"origin": [-4.50273, 15.4617, -0.49958], "size": [3, 1, 1], "uv": [36, 4]}
					]
				},
				{
					"name": "right_elbow",
					"parent": "right_arm",
					"pivot": [-4.50273, 15.9617, 0.00042],
					"cubes": [
						{"origin": [-7.50273, 14.9617, -0.99958], "size": [3, 2, 2], "uv": [13, 15]}
					]
				},
				{
					"name": "right_hand",
					"parent": "right_elbow",
					"pivot": [-7.50273, 15.9617, 0.00042],
					"cubes": [
						{"origin": [-10.50273, 14.4617, -1.49958], "size": [4, 3, 3], "uv": [31, 14]}
					]
				},
				{
					"name": "finger4",
					"parent": "right_hand",
					"pivot": [-10.50273, 16.9617, 0.00042],
					"cubes": [
						{"origin": [-12.35273, 16.2617, -0.49958], "size": [1, 1, 1], "pivot": [-12.00273, 16.9617, 0.00042], "rotation": [0, 0, -20], "uv": [32, 40]},
						{"origin": [-11.50273, 16.4617, -0.49958], "size": [1, 1, 1], "uv": [28, 40]}
					]
				},
				{
					"name": "end4",
					"parent": "finger4",
					"pivot": [-11.50273, 16.9617, 0.00042]
				},
				{
					"name": "fingertip2",
					"parent": "end4",
					"pivot": [-12.50273, 16.9617, 0.00042]
				},
				{
					"name": "finger5",
					"parent": "right_hand",
					"pivot": [-10.50273, 14.9617, -0.99958],
					"cubes": [
						{"origin": [-12.27773, 14.5117, -1.49958], "size": [1, 1, 1], "pivot": [-11.50273, 14.9617, -0.99958], "rotation": [0, 0, 27.5], "uv": [6, 38]},
						{"origin": [-11.50273, 14.4617, -1.49958], "size": [1, 1, 1], "uv": [33, 35]}
					]
				},
				{
					"name": "end5",
					"parent": "finger5",
					"pivot": [-11.50273, 14.9617, -0.99958]
				},
				{
					"name": "fingertip3",
					"parent": "end5",
					"pivot": [-12.50273, 14.9617, -0.99958]
				},
				{
					"name": "finger6",
					"parent": "right_hand",
					"pivot": [-10.50273, 14.9617, 1.00042],
					"cubes": [
						{"origin": [-11.50273, 14.4617, 0.50042], "size": [1, 1, 1], "uv": [8, 34]},
						{"origin": [-12.32773, 14.7367, 0.50042], "size": [1, 1, 1], "pivot": [-12.00273, 14.9617, 1.00042], "rotation": [0, 0, 27.5], "uv": [17, 27]}
					]
				},
				{
					"name": "end6",
					"parent": "finger6",
					"pivot": [-11.50273, 14.9617, 1.00042]
				},
				{
					"name": "fingertip7",
					"parent": "end6",
					"pivot": [-12.50273, 14.9617, 1.00042]
				},
				{
					"name": "left_arm",
					"parent": "all_arms",
					"pivot": [1.99727, 15.9617, 0.00042],
					"rotation": [180, 0, 0],
					"cubes": [
						{"origin": [1.49727, 15.4617, -0.49958], "size": [3, 1, 1], "uv": [36, 6]}
					]
				},
				{
					"name": "left_elbow",
					"parent": "left_arm",
					"pivot": [4.49727, 15.9617, 0.00042],
					"cubes": [
						{"origin": [4.49727, 14.9617, -0.99958], "size": [3, 2, 2], "uv": [0, 34]}
					]
				},
				{
					"name": "left_hand",
					"parent": "left_elbow",
					"pivot": [7.49727, 15.9617, 0.00042],
					"cubes": [
						{"origin": [6.49727, 14.4617, -1.49958], "size": [4, 3, 3], "uv": [13, 32]}
					]
				},
				{
					"name": "finger1",
					"parent": "left_hand",
					"pivot": [10.49727, 16.9617, 0.00042],
					"cubes": [
						{"origin": [11.34727, 16.2617, -0.49958], "size": [1, 1, 1], "pivot": [11.99727, 16.9617, 0.00042], "rotation": [0, 0, 20], "uv": [42, 20]},
						{"origin": [10.49727, 16.4617, -0.49958], "size": [1, 1, 1], "uv": [36, 40]}
					]
				},
				{
					"name": "end",
					"parent": "finger1",
					"pivot": [11.49727, 16.9617, 0.00042]
				},
				{
					"name": "fingertip4",
					"parent": "end",
					"pivot": [12.49727, 16.9617, 0.00042]
				},
				{
					"name": "finger2",
					"parent": "left_hand",
					"pivot": [10.49727, 14.9617, -0.99958],
					"cubes": [
						{"origin": [11.27227, 14.5117, -1.49958], "size": [1, 1, 1], "pivot": [11.49727, 14.9617, -0.99958], "rotation": [0, 0, -27.5], "uv": [42, 15]},
						{"origin": [10.49727, 14.4617, -1.49958], "size": [1, 1, 1], "uv": [40, 40]}
					]
				},
				{
					"name": "end2",
					"parent": "finger2",
					"pivot": [11.49727, 14.9617, -0.99958]
				},
				{
					"name": "fingertip5",
					"parent": "end2",
					"pivot": [12.49727, 14.9617, -0.99958]
				},
				{
					"name": "finger3",
					"parent": "left_hand",
					"pivot": [10.49727, 14.9617, 1.00042],
					"cubes": [
						{"origin": [10.49727, 14.4617, 0.50042], "size": [1, 1, 1], "uv": [42, 13]},
						{"origin": [11.32227, 14.7367, 0.50042], "size": [1, 1, 1], "pivot": [11.99727, 14.9617, 1.00042], "rotation": [0, 0, -27.5], "uv": [41, 35]}
					]
				},
				{
					"name": "end3",
					"parent": "finger3",
					"pivot": [11.49727, 14.9617, 1.00042]
				},
				{
					"name": "fingertip6",
					"parent": "end3",
					"pivot": [12.49727, 14.9617, 1.00042]
				},
				{
					"name": "right_leg",
					"parent": "body",
					"pivot": [0, 0, 0]
				},
				{
					"name": "bone",
					"parent": "right_leg",
					"pivot": [-2.75, 6, 0.5],
					"cubes": [
						{"origin": [-4.75, 2, -2], "size": [4, 4, 5], "uv": [0, 15]}
					]
				},
				{
					"name": "bone2",
					"parent": "bone",
					"pivot": [-2.75, 3.5, 0.5],
					"cubes": [
						{"origin": [-4.75, 0, -2], "size": [4, 3, 5], "uv": [29, 27]}
					]
				},
				{
					"name": "left_leg",
					"parent": "right_leg",
					"pivot": [2.75, 6, 0.5]
				},
				{
					"name": "bone3",
					"parent": "left_leg",
					"pivot": [2.75, 6, 0.5],
					"cubes": [
						{"origin": [0.75, 2, -2], "size": [4, 4, 5], "uv": [18, 15]}
					]
				},
				{
					"name": "bone4",
					"parent": "bone3",
					"pivot": [2.75, 3.5, 0.5],
					"cubes": [
						{"origin": [0.75, 0, -2], "size": [4, 3, 5], "uv": [16, 24]}
					]
				}
			]
		}
	]
}