{
	"format_version": "1.8.0",
	"animations": {
		"animation.vikavolt.ground_idle": {
			"loop": true,
			"bones": {
				"body": {
					"position": ["math.sin(q.anim_time*90*3)*0.5", "math.sin(q.anim_time*90*3)", "math.sin(q.anim_time*90*3)+math.sin(q.anim_time*180*2)"]
				},
				"head2": {
					"rotation": ["math.sin(q.anim_time*90*3)*3", 0, 0]
				},
				"wing_left": {
					"rotation": [0, 0, "math.sin(q.anim_time*80*45 +33*6-90+180)*8"]
				},
				"wing_right": {
					"rotation": [0, 0, "-math.sin(q.anim_time*80*45 +33*6-90+180)*8"]
				},
				"wing_cover_right": {
					"rotation": ["math.sin(q.anim_time*90*3)*3", 0, 0]
				},
				"wing_cover_left": {
					"rotation": ["math.sin(q.anim_time*90*3)*3", 0, 0]
				},
				"leg_left": {
					"rotation": ["math.sin(q.anim_time*90*3)*4", "math.sin(q.anim_time*90*3)*6", 0]
				},
				"leg_front_left2": {
					"rotation": ["math.sin(q.anim_time*90*3)*5", 0, 0]
				},
				"leg_front_right": {
					"rotation": ["math.sin(q.anim_time*90*3)", "-math.sin(q.anim_time*90*3)*6", 0]
				},
				"leg_front_right4": {
					"rotation": ["math.sin(q.anim_time*90*3)*5", 0, 0]
				},
				"leg_front_left": {
					"rotation": ["math.sin(q.anim_time*90*3)", 0, 0]
				},
				"leg_back_left2": {
					"rotation": ["math.sin(q.anim_time*90*3+90)*3", "math.sin(q.anim_time*90*3)*3", 0]
				},
				"leg_back_left3": {
					"rotation": ["math.sin(q.anim_time*90*3+90)*3", "-math.sin(q.anim_time*90*3)*3", 0]
				},
				"leg_back_right": {
					"rotation": ["math.sin(q.anim_time*90*3+90)*3", "-math.sin(q.anim_time*90*3)*3", 0]
				},
				"leg_back_right2": {
					"rotation": ["math.sin(q.anim_time*90*3+90)*3", "-math.sin(q.anim_time*90*3)*3", 0]
				}
			}
		},
		"animation.vikavolt.ground_walk": {
			"loop": true,
			"bones": {
				"body": {
					"position": ["math.sin(q.anim_time*90*3)*0.5", "math.sin(q.anim_time*90*3)", "math.sin(q.anim_time*90*3)+math.sin(q.anim_time*180*2)"]
				},
				"head2": {
					"rotation": ["math.sin(q.anim_time*90*3)*3", 0, 0]
				},
				"wing_left": {
					"rotation": [0, 0, "math.sin(q.anim_time*80*45 +33*6-90+180)*8"]
				},
				"wing_right": {
					"rotation": [0, 0, "-math.sin(q.anim_time*80*45 +33*6-90+180)*8"]
				},
				"wing_cover_right": {
					"rotation": ["math.sin(q.anim_time*90*3)*3", 0, 0]
				},
				"wing_cover_left": {
					"rotation": ["math.sin(q.anim_time*90*3)*3", 0, 0]
				},
				"leg_left": {
					"rotation": ["math.sin(q.anim_time*90*3)*4", "math.sin(q.anim_time*90*3)*6", 0]
				},
				"leg_front_left2": {
					"rotation": ["math.sin(q.anim_time*90*3)*5", 0, 0]
				},
				"leg_front_right": {
					"rotation": ["math.sin(q.anim_time*90*3)", "-math.sin(q.anim_time*90*3)*6", 0]
				},
				"leg_front_right4": {
					"rotation": ["math.sin(q.anim_time*90*3)*5", 0, 0]
				},
				"leg_front_left": {
					"rotation": ["math.sin(q.anim_time*90*3)", 0, 0]
				},
				"leg_back_left2": {
					"rotation": ["math.sin(q.anim_time*90*3+90)*3", "math.sin(q.anim_time*90*3)*3", 0]
				},
				"leg_back_left3": {
					"rotation": ["math.sin(q.anim_time*90*3+90)*3", "-math.sin(q.anim_time*90*3)*3", 0]
				},
				"leg_back_right": {
					"rotation": ["math.sin(q.anim_time*90*3+90)*3", "-math.sin(q.anim_time*90*3)*3", 0]
				},
				"leg_back_right2": {
					"rotation": ["math.sin(q.anim_time*90*3+90)*3", "-math.sin(q.anim_time*90*3)*3", 0]
				}
			}
		},
		"animation.vikavolt.faint": {
			"loop": true,
			"bones": {
				"body": {
					"position": ["math.sin(q.anim_time*90*3)*0.5", "math.sin(q.anim_time*90*3)", "math.sin(q.anim_time*90*3)+math.sin(q.anim_time*180*2)"]
				},
				"head2": {
					"rotation": ["math.sin(q.anim_time*90*3)*3", 0, 0]
				},
				"wing_left": {
					"rotation": [0, 0, "math.sin(q.anim_time*80*45 +33*6-90+180)*8"]
				},
				"wing_right": {
					"rotation": [0, 0, "-math.sin(q.anim_time*80*45 +33*6-90+180)*8"]
				},
				"wing_cover_right": {
					"rotation": ["math.sin(q.anim_time*90*3)*3", 0, 0]
				},
				"wing_cover_left": {
					"rotation": ["math.sin(q.anim_time*90*3)*3", 0, 0]
				},
				"leg_left": {
					"rotation": ["math.sin(q.anim_time*90*3)*4", "math.sin(q.anim_time*90*3)*6", 0]
				},
				"leg_front_left2": {
					"rotation": ["math.sin(q.anim_time*90*3)*5", 0, 0]
				},
				"leg_front_right": {
					"rotation": ["math.sin(q.anim_time*90*3)", "-math.sin(q.anim_time*90*3)*6", 0]
				},
				"leg_front_right4": {
					"rotation": ["math.sin(q.anim_time*90*3)*5", 0, 0]
				},
				"leg_front_left": {
					"rotation": ["math.sin(q.anim_time*90*3)", 0, 0]
				},
				"leg_back_left2": {
					"rotation": ["math.sin(q.anim_time*90*3+90)*3", "math.sin(q.anim_time*90*3)*3", 0]
				},
				"leg_back_left3": {
					"rotation": ["math.sin(q.anim_time*90*3+90)*3", "-math.sin(q.anim_time*90*3)*3", 0]
				},
				"leg_back_right": {
					"rotation": ["math.sin(q.anim_time*90*3+90)*3", "-math.sin(q.anim_time*90*3)*3", 0]
				},
				"leg_back_right2": {
					"rotation": ["math.sin(q.anim_time*90*3+90)*3", "-math.sin(q.anim_time*90*3)*3", 0]
				}
			}
		},
		"animation.vikavolt.blink": {
			"animation_length": 0.16667,
			"bones": {
				"eyelid_left": {
					"position": {
						"0.0": [0.05, 0, -0.1],
						"0.125": [0, 0, 0],
						"0.1667": [0.05, 0, -0.1]
					}
				},
				"eyelid_right": {
					"position": {
						"0.0": [-0.05, 0, -0.1],
						"0.125": [0, 0, 0],
						"0.1667": [-0.05, 0, -0.1]
					}
				}
			}
		}
	}
}