{
	"format_version": "1.8.0",
	"animations": {
		"animation.mysticara.ground_idle": {
			"loop": true,
			"bones": {
				"mysticara": {
					"position": [0, 0.5, 0]
				},
				"torso": {
					"rotation": [0, 0, -7.5],
					"position": [0, "0+Math.sin(query.anim_time * 90*1) * 0.2", 0]
				},
				"right_arm": {
					"rotation": [0, 0, -70],
					"position": [3, "-17+Math.sin(query.anim_time * 90*1) * 0.2", 0]
				},
				"middle_finger": {
					"rotation": [0, 0, -10]
				},
				"middle_finger2": {
					"rotation": [0, 0, -30]
				},
				"index_finger": {
					"rotation": [0, 0, -10]
				},
				"index_finger2": {
					"rotation": [0, 0, -30]
				},
				"left_arm": {
					"rotation": [0, 0, 70],
					"position": [-6, "-17+Math.sin(query.anim_time * 90*1) * 0.2", 0]
				},
				"middle_finger3": {
					"rotation": [0, 0, 10]
				},
				"middle_finger4": {
					"rotation": [0, 0, 30]
				},
				"index_finger3": {
					"rotation": [0, 0, 10]
				},
				"index_finger4": {
					"rotation": [0, 0, 30]
				},
				"head": {
					"rotation": ["-Math.sin(query.anim_time * 90*1) * 2", 0, "-5-Math.sin(query.anim_time - 0.8 * 90*1) * 2"]
				},
				"right_collar": {
					"rotation": [0, 0, "0+Math.cos((query.anim_time - 0.2) * 90 * 1) * 2"]
				},
				"right_collar2": {
					"rotation": [0, 0, "0+Math.cos((query.anim_time - 0.5) * 90 * 1) * 2"]
				},
				"right_collar3": {
					"rotation": [0, 0, "0+Math.cos((query.anim_time - 0.8) * 90 * 1) * 2"]
				},
				"left_collar": {
					"rotation": [0, 0, "0-Math.cos((query.anim_time - 0.2) * 90 * 1) * 2"]
				},
				"left_collar2": {
					"rotation": [0, 0, "0-Math.cos((query.anim_time - 0.5) * 90 * 1) * 2"]
				},
				"left_collar3": {
					"rotation": [0, 0, "0-Math.cos((query.anim_time - 0.8) * 90 * 1) * 2"]
				},
				"right_collar4": {
					"rotation": [0, 0, "0+Math.cos((query.anim_time - 0.2) * 90 * 1) * 2"]
				},
				"right_collar5": {
					"rotation": [0, 0, "0+Math.cos((query.anim_time - 0.5) * 90 * 1) * 2"]
				},
				"right_collar6": {
					"rotation": [0, 0, "0+Math.cos((query.anim_time - 0.8) * 90 * 1) * 2"]
				},
				"left_collar4": {
					"rotation": [0, 0, "0-Math.cos((query.anim_time - 0.2) * 90 * 1) * 2"]
				},
				"left_collar5": {
					"rotation": [0, 0, "0-Math.cos((query.anim_time - 0.5) * 90 * 1) * 2"]
				},
				"left_collar6": {
					"rotation": [0, 0, "0-Math.cos((query.anim_time - 0.8) * 90 * 1) * 2"]
				},
				"right_leg": {
					"rotation": [0, 42.5, 0],
					"position": [-1, 0, 0]
				},
				"left_leg": {
					"rotation": [-7.5, -32.5, 0],
					"position": [1, 0, 0]
				},
				"left_leg2": {
					"rotation": [7.5, 0, 0]
				}
			}
		},
		"animation.mysticara.ground_walk": {
			"loop": true,
			"bones": {
				"torso": {
					"rotation": [-22.5, 0, -7.5],
					"position": [0, "0+Math.sin(query.anim_time * 90*1) * 0.2", 0]
				},
				"right_arm": {
					"rotation": [0, 0, -70],
					"position": [3, "-17+Math.sin(query.anim_time * 90*1) * 0.2", 0]
				},
				"middle_finger": {
					"rotation": [0, 0, -10]
				},
				"middle_finger2": {
					"rotation": [0, 0, -30]
				},
				"index_finger": {
					"rotation": [0, 0, -10]
				},
				"index_finger2": {
					"rotation": [0, 0, -30]
				},
				"left_arm": {
					"rotation": [0, 0, 70],
					"position": [-6, "-17+Math.sin(query.anim_time * 90*1) * 0.2", 0]
				},
				"middle_finger3": {
					"rotation": [0, 0, 10]
				},
				"middle_finger4": {
					"rotation": [0, 0, 30]
				},
				"index_finger3": {
					"rotation": [0, 0, 10]
				},
				"index_finger4": {
					"rotation": [0, 0, 30]
				},
				"head": {
					"rotation": ["-20-Math.sin(query.anim_time * 90*1) * 2", 0, "-5-Math.sin(query.anim_time - 0.8 * 90*1) * 2"]
				},
				"right_collar": {
					"rotation": [0, 0, "0+Math.cos((query.anim_time - 0.2) * 90 * 1) * 2"]
				},
				"right_collar2": {
					"rotation": [0, 0, "0+Math.cos((query.anim_time - 0.5) * 90 * 1) * 2"]
				},
				"right_collar3": {
					"rotation": [0, 0, "0+Math.cos((query.anim_time - 0.8) * 90 * 1) * 2"]
				},
				"left_collar": {
					"rotation": [0, 0, "0-Math.cos((query.anim_time - 0.2) * 90 * 1) * 2"]
				},
				"left_collar2": {
					"rotation": [0, 0, "0-Math.cos((query.anim_time - 0.5) * 90 * 1) * 2"]
				},
				"left_collar3": {
					"rotation": [0, 0, "0-Math.cos((query.anim_time - 0.8) * 90 * 1) * 2"]
				},
				"right_collar4": {
					"rotation": [0, 0, "0+Math.cos((query.anim_time - 0.2) * 90 * 1) * 2"]
				},
				"right_collar5": {
					"rotation": [0, 0, "0+Math.cos((query.anim_time - 0.5) * 90 * 1) * 2"]
				},
				"right_collar6": {
					"rotation": [0, 0, "0+Math.cos((query.anim_time - 0.8) * 90 * 1) * 2"]
				},
				"left_collar4": {
					"rotation": [0, 0, "0-Math.cos((query.anim_time - 0.2) * 90 * 1) * 2"]
				},
				"left_collar5": {
					"rotation": [0, 0, "0-Math.cos((query.anim_time - 0.5) * 90 * 1) * 2"]
				},
				"left_collar6": {
					"rotation": [0, 0, "0-Math.cos((query.anim_time - 0.8) * 90 * 1) * 2"]
				},
				"right_leg": {
					"rotation": ["-17.5+Math.cos((query.anim_time - 0.2) * 90) * 2", 42.5, 0],
					"position": [-1, 0, 0]
				},
				"left_leg": {
					"rotation": ["2.2415+Math.cos((query.anim_time - 0.3) * 90) * 2", -33.19455, -17.8571],
					"position": [1, 0, 0]
				},
				"left_leg2": {
					"rotation": ["22.5+Math.cos((query.anim_time - 0.5) * 90) * 2", 0, 0]
				},
				"mysticara": {
					"position": [0, 10, 24]
				},
				"body": {
					"rotation": [42.5, 0, 0],
					"position": [0, "0-Math.sin(query.anim_time * 90*1) * 2", 0]
				},
				"right_hat_tails": {
					"rotation": [0, "0-Math.cos((query.anim_time - 0.2) * 90 * 1) * 2", 0]
				},
				"right_hat_tails2": {
					"rotation": [0, "0-Math.cos((query.anim_time - 0.5) * 90 * 1) * 2", 0]
				},
				"left_hat_tails": {
					"rotation": [0, "0+Math.cos((query.anim_time - 0.2) * 90 * 1) * 2", 0]
				},
				"left_hat_tails2": {
					"rotation": [0, "0+Math.cos((query.anim_time - 0.5) * 90 * 1) * 2", 0]
				},
				"front_hat_tails": {
					"rotation": ["0+Math.cos((query.anim_time - 0.2) * 90 * 1) * 2", 0, 0]
				},
				"front_hat_tails2": {
					"rotation": ["0+Math.cos((query.anim_time - 0.5) * 90 * 1) * 2", 0, 0]
				},
				"right_leg2": {
					"rotation": ["32.5+Math.cos((query.anim_time - 0.5) * 90) * 2", 0, 0]
				}
			}
		},
		"animation.mysticara.battle_idle": {
			"loop": true,
			"bones": {
				"mysticara": {
					"rotation": [0, -42.5, 0],
					"position": [0, 0.5, 0]
				},
				"torso": {
					"rotation": [-7.5, 0, 0],
					"position": [0, "0+Math.sin(query.anim_time * 90*2) * 0.2", 0]
				},
				"right_arm": {
					"rotation": [-45, -32.5, 0]
				},
				"thumb": {
					"rotation": [0, -17.5, 0]
				},
				"middle_finger": {
					"rotation": [0, 17.5, 0]
				},
				"index_finger": {
					"rotation": [0, -10, 0]
				},
				"left_arm": {
					"rotation": [-85, 87.5, 0],
					"position": [-4, -10, -22]
				},
				"thumb3": {
					"rotation": [0, 17.5, 0]
				},
				"middle_finger3": {
					"rotation": [0, -17.5, 0]
				},
				"index_finger3": {
					"rotation": [0, 10, 0]
				},
				"head": {
					"rotation": ["-8.5612-Math.sin(query.anim_time * 90*2) * 2", 37.3789, "-2.0374-Math.sin(query.anim_time - 0.8 * 90*2) * 2"]
				},
				"right_collar": {
					"rotation": [0, 0, "0-Math.cos((query.anim_time - 0.2) * 90 * 2) * 2"]
				},
				"right_collar2": {
					"rotation": [0, 0, "0-Math.cos((query.anim_time - 0.5) * 90 * 2) * 2"]
				},
				"right_collar3": {
					"rotation": [0, 0, "0-Math.cos((query.anim_time - 0.8) * 90 * 2) * 2"]
				},
				"left_collar": {
					"rotation": [0, 0, "0+Math.cos((query.anim_time - 0.2) * 90 * 2) * 2"]
				},
				"left_collar2": {
					"rotation": [0, 0, "0+Math.cos((query.anim_time - 0.5) * 90 * 2) * 2"]
				},
				"left_collar3": {
					"rotation": [0, 0, "0+Math.cos((query.anim_time - 0.8) * 90 * 2) * 2"]
				},
				"right_collar4": {
					"rotation": [0, 0, "0-Math.cos((query.anim_time - 0.2) * 90 * 2) * 2"]
				},
				"right_collar5": {
					"rotation": [0, 0, "0-Math.cos((query.anim_time - 0.5) * 90 * 2) * 2"]
				},
				"right_collar6": {
					"rotation": [0, 0, "0-Math.cos((query.anim_time - 0.8) * 90 * 2) * 2"]
				},
				"left_collar4": {
					"rotation": [0, 0, "0+Math.cos((query.anim_time - 0.2) * 90 * 2) * 2"]
				},
				"left_collar5": {
					"rotation": [0, 0, "0+Math.cos((query.anim_time - 0.5) * 90 * 2) * 2"]
				},
				"left_collar6": {
					"rotation": [0, 0, "0+Math.cos((query.anim_time - 0.8) * 90 * 2) * 2"]
				},
				"right_leg": {
					"rotation": [0, 42.5, 0],
					"position": [-1, 0, 0]
				},
				"left_leg": {
					"rotation": ["-15.2329+Math.sin(query.anim_time * 90*2) * 2", -7.15102, -17.64168],
					"position": [1, 0, 0]
				},
				"left_leg2": {
					"rotation": ["43.3833+Math.cos(query.anim_time * 90*2) * 2", -21.63168, 21.30838]
				}
			}
		},
		"animation.mysticara.faint": {
			"loop": true,
			"bones": {
				"mysticara": {
					"rotation": [0, -42.5, 0],
					"position": [0, 0.5, 0]
				},
				"torso": {
					"rotation": [-7.5, 0, 0],
					"position": [0, "0+Math.sin(query.anim_time * 90*2) * 0.2", 0]
				},
				"right_arm": {
					"rotation": [-45, -32.5, 0]
				},
				"thumb": {
					"rotation": [0, -17.5, 0]
				},
				"middle_finger": {
					"rotation": [0, 17.5, 0]
				},
				"index_finger": {
					"rotation": [0, -10, 0]
				},
				"left_arm": {
					"rotation": [-85, 87.5, 0],
					"position": [-4, -10, -22]
				},
				"thumb3": {
					"rotation": [0, 17.5, 0]
				},
				"middle_finger3": {
					"rotation": [0, -17.5, 0]
				},
				"index_finger3": {
					"rotation": [0, 10, 0]
				},
				"head": {
					"rotation": ["-8.5612-Math.sin(query.anim_time * 90*2) * 2", 37.3789, "-2.0374-Math.sin(query.anim_time - 0.8 * 90*2) * 2"]
				},
				"right_collar": {
					"rotation": [0, 0, "0-Math.cos((query.anim_time - 0.2) * 90 * 2) * 2"]
				},
				"right_collar2": {
					"rotation": [0, 0, "0-Math.cos((query.anim_time - 0.5) * 90 * 2) * 2"]
				},
				"right_collar3": {
					"rotation": [0, 0, "0-Math.cos((query.anim_time - 0.8) * 90 * 2) * 2"]
				},
				"left_collar": {
					"rotation": [0, 0, "0+Math.cos((query.anim_time - 0.2) * 90 * 2) * 2"]
				},
				"left_collar2": {
					"rotation": [0, 0, "0+Math.cos((query.anim_time - 0.5) * 90 * 2) * 2"]
				},
				"left_collar3": {
					"rotation": [0, 0, "0+Math.cos((query.anim_time - 0.8) * 90 * 2) * 2"]
				},
				"right_collar4": {
					"rotation": [0, 0, "0-Math.cos((query.anim_time - 0.2) * 90 * 2) * 2"]
				},
				"right_collar5": {
					"rotation": [0, 0, "0-Math.cos((query.anim_time - 0.5) * 90 * 2) * 2"]
				},
				"right_collar6": {
					"rotation": [0, 0, "0-Math.cos((query.anim_time - 0.8) * 90 * 2) * 2"]
				},
				"left_collar4": {
					"rotation": [0, 0, "0+Math.cos((query.anim_time - 0.2) * 90 * 2) * 2"]
				},
				"left_collar5": {
					"rotation": [0, 0, "0+Math.cos((query.anim_time - 0.5) * 90 * 2) * 2"]
				},
				"left_collar6": {
					"rotation": [0, 0, "0+Math.cos((query.anim_time - 0.8) * 90 * 2) * 2"]
				},
				"right_leg": {
					"rotation": [0, 42.5, 0],
					"position": [-1, 0, 0]
				},
				"left_leg": {
					"rotation": ["-15.2329+Math.sin(query.anim_time * 90*2) * 2", -7.15102, -17.64168],
					"position": [1, 0, 0]
				},
				"left_leg2": {
					"rotation": ["43.3833+Math.cos(query.anim_time * 90*2) * 2", -21.63168, 21.30838]
				}
			}
		},
		"animation.mysticara.pose": {
			"loop": true,
			"bones": {
				"mysticara": {
					"rotation": [0, -27.5, 0]
				},
				"torso": {
					"rotation": [-2.47864, -0.32621, -7.49294]
				},
				"right_arm": {
					"rotation": [-112.5, -37.5, 0]
				},
				"left_arm": {
					"rotation": [-51.06998, 70.56671, 40.58212],
					"position": [0, 0, -13]
				},
				"head": {
					"rotation": [-18.36769, 15.6879, 4.40988]
				},
				"right_leg": {
					"rotation": [-22.5, 45, 0]
				},
				"right_leg2": {
					"rotation": [45, 0, 0]
				},
				"left_leg": {
					"rotation": [-10, -30, 0]
				},
				"left_foot": {
					"rotation": [10, 0, 0]
				}
			}
		}
	}
}