{
	"format_version": "1.12.0",
	"minecraft:geometry": [
		{
			"description": {
				"identifier": "geometry.registeel",
				"texture_width": 256,
				"texture_height": 256,
				"visible_bounds_width": 9,
				"visible_bounds_height": 5.5,
				"visible_bounds_offset": [0, 2.25, 0]
			},
			"bones": [
				{
					"name": "registeel",
					"pivot": [0, 0, 0]
				},
				{
					"name": "body",
					"parent": "registeel",
					"pivot": [0, 0, 0]
				},
				{
					"name": "torso",
					"parent": "body",
					"pivot": [0, 0, 0],
					"cubes": [
						{"origin": [4.44762, 27.01655, -12.25], "size": [5, 5, 24], "uv": [116, 0]},
						{"origin": [-9.44762, 27.01655, -12.25], "size": [5, 5, 24], "uv": [102, 116]}
					]
				},
				{
					"name": "head",
					"parent": "torso",
					"pivot": [0, 0, 0],
					"cubes": [
						{"origin": [-9, 26.19666, -10.25], "size": [18, 30, 20], "uv": [0, 32]},
						{"origin": [-8, 41.19666, -11.25], "size": [16, 12, 20], "uv": [184, 0]}
					]
				},
				{
					"name": "back",
					"parent": "head",
					"pivot": [0, 0, 0],
					"cubes": [
						{"origin": [-2, 42.19666, 9.75], "size": [4, 14, 1], "inflate": -0.001, "uv": [12, 0]},
						{"origin": [-9, 26.19666, 9.75], "size": [7, 30, 2], "inflate": -0.002, "uv": [130, 145]},
						{"origin": [-2, 26.19666, 9.75], "size": [4, 16, 2], "inflate": -0.001, "uv": [0, 0]},
						{"origin": [-12.925, 29.57166, -12.25], "size": [4.9, 10, 24], "inflate": -0.001, "pivot": [-12, 39.19666, -0.25], "rotation": [0, 0, -24], "uv": [86, 75]},
						{"origin": [-13, 39.19666, -12.25], "size": [5, 17, 24], "uv": [0, 82]},
						{"origin": [-15, 40.19666, -10.25], "size": [2, 15, 20], "uv": [32, 138]},
						{"origin": [-12.6, 55.39666, -12.25], "size": [5, 7, 24], "inflate": -0.001, "pivot": [-12, 56.19666, -0.25], "rotation": [0, 0, 54.75], "uv": [68, 109]},
						{"origin": [8.025, 29.57166, -12.25], "size": [4.9, 10, 24], "inflate": -0.001, "pivot": [12, 39.19666, -0.25], "rotation": [0, 0, 24], "uv": [86, 32]},
						{"origin": [8, 39.19666, -12.25], "size": [5, 17, 24], "uv": [52, 58]},
						{"origin": [7.6, 55.39666, -12.25], "size": [5, 7, 24], "inflate": -0.001, "pivot": [12, 56.19666, -0.25], "rotation": [0, 0, -54.75], "uv": [34, 99]},
						{"origin": [2, 26.19666, 9.75], "size": [7, 30, 2], "inflate": -0.002, "uv": [112, 145]},
						{"origin": [13, 40.19666, -10.25], "size": [2, 15, 20], "uv": [136, 94]}
					]
				},
				{
					"name": "eyes",
					"parent": "head",
					"pivot": [0, 1, -1],
					"cubes": [
						{"origin": [-1, 46.19666, -12.25], "size": [2, 2, 1], "uv": [22, 6]},
						{"origin": [-7, 46.19666, -12.25], "size": [2, 2, 1], "uv": [21, 14]},
						{"origin": [-4, 43.19666, -12.25], "size": [2, 2, 1], "uv": [22, 3]},
						{"origin": [-4, 49.19666, -12.25], "size": [2, 2, 1], "uv": [22, 0]},
						{"origin": [2, 43.19666, -12.25], "size": [2, 2, 1], "uv": [12, 15]},
						{"origin": [5, 46.19666, -12.25], "size": [2, 2, 1], "uv": [17, 17]},
						{"origin": [2, 49.19666, -12.25], "size": [2, 2, 1], "uv": [20, 20]}
					]
				},
				{
					"name": "arms",
					"parent": "torso",
					"pivot": [0, 1.5, 0]
				},
				{
					"name": "right_shoulder",
					"parent": "arms",
					"pivot": [-15.01667, 51.69666, -0.25],
					"cubes": [
						{"origin": [-23.025, 43.69666, -4.25], "size": [8, 8, 8], "uv": [148, 145]}
					]
				},
				{
					"name": "right_arm",
					"parent": "right_shoulder",
					"pivot": [-23.025, 49.69666, -0.25],
					"cubes": [
						{"origin": [-36.025, 45.69666, -2.25], "size": [13, 4, 4], "uv": [136, 129]}
					]
				},
				{
					"name": "right_hand",
					"parent": "right_arm",
					"pivot": [-36.025, 49.69666, -0.25],
					"cubes": [
						{"origin": [-52.025, 44.69666, -6.25], "size": [16, 5, 12], "uv": [56, 140]}
					]
				},
				{
					"name": "right_fingers",
					"parent": "right_hand",
					"pivot": [-52, 49.5, 0]
				},
				{
					"name": "right_pinky",
					"parent": "right_fingers",
					"pivot": [-52.025, 49.69666, 4.25],
					"cubes": [
						{"origin": [-59.025, 45.69666, 2.75], "size": [7, 4, 3], "uv": [88, 17]}
					]
				},
				{
					"name": "right_index",
					"parent": "right_fingers",
					"pivot": [-52.025, 49.69666, -0.25],
					"cubes": [
						{"origin": [-59.025, 45.69666, -1.75], "size": [7, 4, 3], "uv": [0, 82]}
					]
				},
				{
					"name": "right_pointer",
					"parent": "right_fingers",
					"pivot": [-52.025, 49.69666, -4.75],
					"cubes": [
						{"origin": [-59.025, 45.69666, -6.25], "size": [7, 4, 3], "uv": [86, 74]}
					]
				},
				{
					"name": "left_shoulder",
					"parent": "arms",
					"pivot": [15.01667, 51.69666, -0.25],
					"cubes": [
						{"origin": [15.025, 43.69666, -4.25], "size": [8, 8, 8], "uv": [142, 46]}
					]
				},
				{
					"name": "left_arm",
					"parent": "left_shoulder",
					"pivot": [23.025, 49.69666, -0.25],
					"cubes": [
						{"origin": [23.025, 45.69666, -2.25], "size": [13, 4, 4], "uv": [86, 66]}
					]
				},
				{
					"name": "left_hand",
					"parent": "left_arm",
					"pivot": [36.025, 49.69666, -0.25],
					"cubes": [
						{"origin": [36.025, 44.69666, -6.25], "size": [16, 5, 12], "uv": [118, 29]}
					]
				},
				{
					"name": "left_fingers",
					"parent": "left_hand",
					"pivot": [52, 49.5, 0]
				},
				{
					"name": "left_pinky",
					"parent": "left_fingers",
					"pivot": [52.025, 49.69666, 4.25],
					"cubes": [
						{"origin": [52.025, 45.69666, 2.75], "size": [7, 4, 3], "uv": [76, 49]}
					]
				},
				{
					"name": "left_index",
					"parent": "left_fingers",
					"pivot": [52.025, 49.69666, -0.25],
					"cubes": [
						{"origin": [52.025, 45.69666, -1.75], "size": [7, 4, 3], "uv": [0, 32]}
					]
				},
				{
					"name": "left_pointer",
					"parent": "left_fingers",
					"pivot": [52.025, 49.69666, -4.75],
					"cubes": [
						{"origin": [52.025, 45.69666, -6.25], "size": [7, 4, 3], "uv": [0, 18]}
					]
				},
				{
					"name": "legs",
					"parent": "body",
					"pivot": [0, 0, 0],
					"cubes": [
						{"origin": [-15, 22.99666, -14.25], "size": [30, 4, 28], "uv": [0, 0]}
					]
				},
				{
					"name": "right_leg",
					"parent": "legs",
					"pivot": [-7, 22.99666, -0.25],
					"cubes": [
						{"origin": [-12, 18.99666, -5.25], "size": [10, 7, 10], "uv": [88, 0]},
						{"origin": [-11, 13.99666, -4.25], "size": [8, 5, 8], "uv": [156, 62]}
					]
				},
				{
					"name": "right_feet",
					"parent": "right_leg",
					"pivot": [-7, 13.99666, -4.25],
					"cubes": [
						{"origin": [-13, -0.00334, -7.25], "size": [12, 14, 14], "uv": [0, 130]}
					]
				},
				{
					"name": "left_leg",
					"parent": "legs",
					"pivot": [7, 22.99666, -0.25],
					"cubes": [
						{"origin": [2, 18.99666, -5.25], "size": [10, 7, 10], "uv": [56, 32]},
						{"origin": [3, 13.99666, -4.25], "size": [8, 5, 8], "uv": [150, 0]}
					]
				},
				{
					"name": "left_feet",
					"parent": "left_leg",
					"pivot": [7, 13.99666, -4.25],
					"cubes": [
						{"origin": [1, -0.00334, -7.25], "size": [12, 14, 14], "uv": [118, 66]}
					]
				}
			]
		}
	]
}