{
	"format_version": "1.12.0",
	"minecraft:geometry": [
		{
			"description": {
				"identifier": "geometry.koraidon",
				"texture_width": 80,
				"texture_height": 80,
				"visible_bounds_width": 4,
				"visible_bounds_height": 3.5,
				"visible_bounds_offset": [0, 1.25, 0]
			},
			"bones": [
				{
					"name": "koraidon",
					"pivot": [0, 0, -2]
				},
				{
					"name": "body",
					"parent": "koraidon",
					"pivot": [0, 9.97646, -1.38274],
					"cubes": [
						{"origin": [-2, 9, -3.25], "size": [4, 6, 3], "uv": [23, 18]},
						{"origin": [2.59619, 10.08037, -1.73436], "size": [0, 2, 10], "pivot": [3.02119, 11.25537, 3.26564], "rotation": [16.2999, 23.36189, -17.61537], "uv": [44, 26]},
						{"origin": [1.22419, 11.5514, -1.98622], "size": [0, 2, 10], "pivot": [1.22419, 12.2764, 3.38878], "rotation": [2.82425, 25.61652, -64.34037], "uv": [44, 26]},
						{"origin": [3.06086, 7.63045, -1.31993], "size": [0, 2, 10], "pivot": [3.28586, 9.13045, 4.10507], "rotation": [7.5, 17.5, 0], "uv": [44, 26]},
						{"origin": [3.61419, 5.12925, -1.16689], "size": [0, 2, 10], "pivot": [2.96419, 8.57925, 3.83311], "rotation": [-11.38112, 21.90243, 18.00493], "uv": [44, 26]},
						{"origin": [-1.22419, 11.5514, -1.98622], "size": [0, 2, 10], "pivot": [-1.22419, 12.2764, 3.38878], "rotation": [2.82425, -25.61652, 64.34037], "uv": [44, 26], "mirror": true},
						{"origin": [-2.59619, 10.08037, -1.73436], "size": [0, 2, 10], "pivot": [-3.02119, 11.25537, 3.26564], "rotation": [16.2999, -23.36189, 17.61537], "uv": [44, 26], "mirror": true},
						{"origin": [-3.06086, 7.63045, -1.31993], "size": [0, 2, 10], "pivot": [-3.28586, 9.13045, 4.10507], "rotation": [7.5, -17.5, 0], "uv": [44, 26], "mirror": true},
						{"origin": [-3.61419, 5.12925, -1.16689], "size": [0, 2, 10], "pivot": [-2.96419, 8.57925, 3.83311], "rotation": [-11.38112, -21.90243, -18.00493], "uv": [44, 26], "mirror": true},
						{"origin": [3.75, 14.25, -3.5], "size": [0, 6, 10], "pivot": [3.75, 17.25, 0.5], "rotation": [10, 0, 0], "uv": [7, 52], "mirror": true},
						{"origin": [-2, 16.65, -3.9], "size": [4, 2, 4], "pivot": [0, 18.25, -1.5], "rotation": [12.5, 0, 0], "uv": [19, 30]},
						{"origin": [-2, 16.65, 0.1], "size": [0, 2, 2], "pivot": [0, 18.25, -1.5], "rotation": [12.5, 0, 0], "uv": [21, 38]},
						{"origin": [0, 12.65, -0.9], "size": [0, 6, 4], "pivot": [0, 18.25, -1.5], "rotation": [12.5, 0, 0], "uv": [19, 38]},
						{"origin": [-1.5, 18.33901, -3.9279], "size": [3, 3, 3], "pivot": [0, 21.35685, -0.984], "rotation": [20, 0, 0], "uv": [50, 42]},
						{"origin": [-1.5, 18.33901, -0.9279], "size": [0, 3, 2], "pivot": [0, 21.35685, -0.984], "rotation": [20, 0, 0], "uv": [42, 9]},
						{"origin": [0, 18.33901, -0.9279], "size": [0, 3, 3], "pivot": [0, 21.35685, -0.984], "rotation": [20, 0, 0], "uv": [25, 33]},
						{"origin": [-1, 21.3189, -3.539], "size": [2, 3, 2], "pivot": [0, 21.35685, -0.984], "rotation": [42.5, 0, 0], "uv": [42, 39]},
						{"origin": [-1, 21.3189, -1.539], "size": [0, 3, 2], "pivot": [0, 21.35685, -0.984], "rotation": [42.5, 0, 0], "uv": [37, 43]},
						{"origin": [1, 21.3189, -1.539], "size": [0, 3, 2], "pivot": [0, 21.35685, -0.984], "rotation": [42.5, 0, 0], "uv": [21, 35]},
						{"origin": [1.5, 18.33901, -0.9279], "size": [0, 3, 2], "pivot": [0, 21.35685, -0.984], "rotation": [20, 0, 0], "uv": [25, 37]},
						{"origin": [2, 16.65, 0.1], "size": [0, 2, 2], "pivot": [0, 18.25, -1.5], "rotation": [12.5, 0, 0], "uv": [7, 9]},
						{"origin": [0, 21.3189, -1.539], "size": [0, 3, 4], "pivot": [0, 21.35685, -0.984], "rotation": [42.5, 0, 0], "uv": [23, 23]},
						{"origin": [-0.6344, 16.28793, -5.05766], "size": [1, 1, 1], "pivot": [0.025, 14.84749, -6.32716], "rotation": [-120.3344, 0.38655, -2.50573], "uv": [55, 21]},
						{"origin": [-0.63993, 17.83802, -6.15638], "size": [1, 1, 1], "pivot": [0.025, 14.84749, -6.32716], "rotation": [-120.3344, 0.38655, -2.50573], "uv": [59, 21]},
						{"origin": [-1, 9.19896, -3.02636], "size": [2, 2, 1], "pivot": [0, 11.69896, -2.02636], "rotation": [-22.5, 0, 0], "uv": [62, 45]},
						{"origin": [-1, 5.26881, -3.40905], "size": [2, 5, 2], "pivot": [0.5, 8.76881, -2.40905], "rotation": [22.5, 0, 0], "uv": [7, 51]},
						{"origin": [-1.5, 5.47218, -2.05797], "size": [3, 4.75, 3], "pivot": [-0.5, 8.29289, -1.12868], "rotation": [45, 0, 0], "uv": [31, 27]}
					]
				},
				{
					"name": "chest",
					"parent": "body",
					"pivot": [0.01818, 13.52386, -2.29241],
					"cubes": [
						{"origin": [-3, 13.25, -4.5], "size": [6, 4, 5], "uv": [23, 9]},
						{"origin": [-3.75, 14.25, -3.5], "size": [0, 6, 10], "pivot": [-3.75, 17.25, 0.5], "rotation": [10, 0, 0], "uv": [7, 52]},
						{"origin": [3.75, 14.25, -3.5], "size": [0, 6, 10], "pivot": [3.75, 17.25, 0.5], "rotation": [10, 0, 0], "uv": [7, 52], "mirror": true},
						{"origin": [-0.975, 12.08881, -6.66412], "size": [2, 7, 4], "pivot": [0.025, 14.84749, -6.32716], "rotation": [5, 0, 0], "uv": [57, 24]},
						{"origin": [-0.975, 13.08881, -7.66412], "size": [2, 5, 1], "pivot": [0.025, 14.84749, -6.32716], "rotation": [5, 0, 0], "uv": [70, 29]},
						{"origin": [-0.475, 15.05871, -8.95651], "size": [1, 1, 1], "pivot": [0.025, 14.84749, -6.32716], "rotation": [-32.5, 0, 0], "uv": [63, 19]},
						{"origin": [-0.475, 13.23399, -7.55636], "size": [1, 1, 1], "pivot": [0.025, 14.84749, -6.32716], "rotation": [-32.5, 0, 0], "uv": [63, 21]},
						{"origin": [-0.475, 12.45729, -10.53613], "size": [1, 1, 1], "pivot": [0.025, 14.84749, -6.32716], "rotation": [-120.32963, 0, 0], "uv": [59, 19]},
						{"origin": [-0.475, 14.17055, -11.75052], "size": [1, 1, 1], "pivot": [0.025, 14.84749, -6.32716], "rotation": [-120.32963, 0, 0], "uv": [55, 19]},
						{"origin": [-1.475, 12.58881, -6.11412], "size": [3, 6, 4], "pivot": [0.025, 14.84749, -6.32716], "rotation": [5, 0, 0], "uv": [39, 61]},
						{"origin": [-1.475, 13.58881, -7.11412], "size": [3, 4, 1], "pivot": [0.025, 14.84749, -6.32716], "rotation": [5, 0, 0], "uv": [30, 62]}
					]
				},
				{
					"name": "head",
					"parent": "body",
					"pivot": [0, 22.275, -3.175],
					"cubes": [
						{"origin": [-1, 21.925, -7.475], "size": [2, 1, 3], "uv": [58, 52]},
						{"origin": [0, 22.925, -9.375], "size": [0, 8, 3], "pivot": [0, 26.925, -7.875], "rotation": [12.5, 0, 0], "uv": [48, 15]},
						{"origin": [-0.975, 22.26151, -7.40234], "size": [2, 1, 3], "pivot": [0.025, 22.76151, -5.90234], "rotation": [12.5, 0, 0], "uv": [58, 52]},
						{"origin": [-1.5, 20.825, -5.975], "size": [3, 3, 3], "uv": [29, 36]},
						{"origin": [-1.87013, 20.825, -2.57022], "size": [0, 3, 2], "pivot": [-0.37013, 22.325, -1.57022], "rotation": [0, -17.5, 0], "uv": [39, 33]},
						{"origin": [1.87013, 20.825, -2.57022], "size": [0, 3, 2], "pivot": [0.37013, 22.325, -1.57022], "rotation": [0, 17.5, 0], "uv": [39, 33], "mirror": true},
						{"origin": [-2.12897, 22.7623, -5.96239], "size": [2, 8, 0], "pivot": [-1.12897, 26.7623, -5.96239], "rotation": [-4.67979, 54.52236, -13.93655], "uv": [52, 27]},
						{"origin": [0.12897, 22.7623, -5.96239], "size": [2, 8, 0], "pivot": [1.12897, 26.7623, -5.96239], "rotation": [-4.67979, -54.52236, 13.93655], "uv": [52, 27], "mirror": true},
						{"origin": [-1.95183, 22.44295, -2.11725], "size": [2, 8, 0], "pivot": [-2.01303, 26.36401, -1.68291], "rotation": [-48.89095, 61.33557, -59.35063], "uv": [52, 27]},
						{"origin": [-3.12908, 22.63314, -2.03775], "size": [1, 8, 0], "pivot": [-2.01303, 26.36401, -1.98291], "rotation": [-97.757, 50.9746, -112.12858], "uv": [58, 24]},
						{"origin": [-2.46379, 22.97012, -4.65675], "size": [1, 8, 0], "pivot": [-1.96379, 26.19512, -4.65675], "rotation": [-48.73661, 74.98887, -62.8661], "uv": [58, 24]},
						{"origin": [1.46379, 22.97012, -4.65675], "size": [1, 8, 0], "pivot": [1.96379, 26.19512, -4.65675], "rotation": [-48.73661, -74.98887, 62.8661], "uv": [58, 24], "mirror": true},
						{"origin": [-3.7452, 22.02848, -1.19332], "size": [1, 8, 0], "pivot": [-1.8452, 25.90348, -0.94332], "rotation": [-106.2264, 29.6457, -128.4045], "uv": [58, 24]},
						{"origin": [-1.76055, 19.82889, 1.30776], "size": [1, 8, 0], "pivot": [-0.66055, 24.07889, 0.50776], "rotation": [-96.70234, 17.65278, -103.84253], "uv": [58, 24]},
						{"origin": [2.12908, 22.63314, -2.03775], "size": [1, 8, 0], "pivot": [2.01303, 26.36401, -1.98291], "rotation": [-97.757, -50.9746, 112.12858], "uv": [58, 24], "mirror": true},
						{"origin": [2.7452, 22.02848, -1.19332], "size": [1, 8, 0], "pivot": [1.8452, 25.90348, -0.94332], "rotation": [-106.2264, -29.6457, 128.4045], "uv": [58, 24], "mirror": true},
						{"origin": [-0.04817, 22.44295, -2.11725], "size": [2, 8, 0], "pivot": [2.01303, 26.36401, -1.68291], "rotation": [-48.89095, -61.33557, 59.35063], "uv": [52, 27], "mirror": true}
					]
				},
				{
					"name": "eyelids",
					"parent": "head",
					"pivot": [0, 0, 0]
				},
				{
					"name": "right_eyelid",
					"parent": "eyelids",
					"pivot": [0, 0, 0],
					"cubes": [
						{"origin": [-1.4, 21.825, -5.975], "size": [0, 2, 3], "uv": [31, 56]}
					]
				},
				{
					"name": "left_eyelid",
					"parent": "eyelids",
					"pivot": [0, 0, 0],
					"cubes": [
						{"origin": [1.4, 21.825, -5.975], "size": [0, 2, 3], "uv": [31, 56], "mirror": true}
					]
				},
				{
					"name": "jaw",
					"parent": "head",
					"pivot": [0, 21.925, -5.975],
					"cubes": [
						{"origin": [-1, 20.925, -7.475], "size": [2, 1, 3], "uv": [58, 48]}
					]
				},
				{
					"name": "antenna_right1",
					"parent": "head",
					"pivot": [-1.4, 23.82609, -4.29882],
					"rotation": [24.6679, -0.41876, 3.98122],
					"cubes": [
						{"origin": [-1.4, 24.225, -1.975], "size": [0, 7, 2], "pivot": [-1.5, 29.325, -4.475], "rotation": [-40, 0, 0], "uv": [56, 54]}
					]
				},
				{
					"name": "antenna_right2",
					"parent": "antenna_right1",
					"pivot": [-1.4, 28.06434, -0.78707],
					"rotation": [-20, 0, 0],
					"cubes": [
						{"origin": [-1.4, 26.55749, 1.0925], "size": [0, 7, 2], "pivot": [-1.4, 30.05749, 2.0925], "rotation": [-60, 0, 0], "uv": [52, 54]}
					]
				},
				{
					"name": "antenna_right3",
					"parent": "antenna_right2",
					"pivot": [-1.4, 31.60749, 4.42967],
					"rotation": [-62.49319, -0.07439, -0.16711],
					"cubes": [
						{"origin": [-1.39598, 30.13382, 6.32881], "size": [0, 7, 2], "pivot": [-1.39598, 33.63382, 7.32881], "rotation": [-60, 0, 0], "uv": [52, 54]}
					]
				},
				{
					"name": "antenna_right4",
					"parent": "antenna_right3",
					"pivot": [-1.39598, 34.86437, 9.98436],
					"rotation": [-53.35953, 5.54308, -5.76945],
					"cubes": [
						{"origin": [-1.39598, 33.33017, 11.5816], "size": [0, 7, 2], "pivot": [-1.39598, 36.83017, 12.5816], "rotation": [-60, 0, 0], "uv": [52, 54]}
					]
				},
				{
					"name": "antenna_right5",
					"parent": "antenna_right4",
					"pivot": [-1.39598, 38.16995, 15.53721],
					"rotation": [30, 0, 0],
					"cubes": [
						{"origin": [-1.39598, 36.5054, 17.1585], "size": [0, 7, 2], "pivot": [-1.39598, 40.0054, 18.1585], "rotation": [-60, 0, 0], "uv": [52, 54]}
					]
				},
				{
					"name": "antenna_right6",
					"parent": "antenna_right5",
					"pivot": [-1.39598, 41.40564, 21.0051],
					"rotation": [37.5, 0, 0],
					"cubes": [
						{"origin": [-1.39598, 39.69539, 22.76495], "size": [0, 7, 2], "pivot": [-1.39598, 43.19539, 23.76495], "rotation": [-60, 0, 0], "uv": [19, 46]}
					]
				},
				{
					"name": "antenna_left1",
					"parent": "head",
					"pivot": [1.4, 23.82609, -4.29882],
					"rotation": [24.6679, 0.41876, -3.98122],
					"cubes": [
						{"origin": [1.4, 24.225, -1.975], "size": [0, 7, 2], "pivot": [1.5, 29.325, -4.475], "rotation": [-40, 0, 0], "uv": [56, 54], "mirror": true}
					]
				},
				{
					"name": "antenna_left2",
					"parent": "antenna_left1",
					"pivot": [1.4, 28.06434, -0.78707],
					"rotation": [-20, 0, 0],
					"cubes": [
						{"origin": [1.4, 26.55749, 1.0925], "size": [0, 7, 2], "pivot": [1.4, 30.05749, 2.0925], "rotation": [-60, 0, 0], "uv": [52, 54], "mirror": true}
					]
				},
				{
					"name": "antenna_left3",
					"parent": "antenna_left2",
					"pivot": [1.4, 31.60749, 4.42967],
					"rotation": [-62.49319, 0.07439, 0.16711],
					"cubes": [
						{"origin": [1.39598, 30.13382, 6.32881], "size": [0, 7, 2], "pivot": [1.39598, 33.63382, 7.32881], "rotation": [-60, 0, 0], "uv": [52, 54], "mirror": true}
					]
				},
				{
					"name": "antenna_left4",
					"parent": "antenna_left3",
					"pivot": [1.39598, 34.86437, 9.98436],
					"rotation": [-53.35953, -5.54308, 5.76945],
					"cubes": [
						{"origin": [1.39598, 33.33017, 11.5816], "size": [0, 7, 2], "pivot": [1.39598, 36.83017, 12.5816], "rotation": [-60, 0, 0], "uv": [52, 54], "mirror": true}
					]
				},
				{
					"name": "antenna_left5",
					"parent": "antenna_left4",
					"pivot": [1.39598, 38.16995, 15.53721],
					"rotation": [30, 0, 0],
					"cubes": [
						{"origin": [1.39598, 36.5054, 17.1585], "size": [0, 7, 2], "pivot": [1.39598, 40.0054, 18.1585], "rotation": [-60, 0, 0], "uv": [52, 54], "mirror": true}
					]
				},
				{
					"name": "antenna_left6",
					"parent": "antenna_left5",
					"pivot": [1.39598, 41.40564, 21.0051],
					"rotation": [37.5, 0, 0],
					"cubes": [
						{"origin": [1.39598, 39.69539, 22.76495], "size": [0, 7, 2], "pivot": [1.39598, 43.19539, 23.76495], "rotation": [-60, 0, 0], "uv": [19, 46], "mirror": true}
					]
				},
				{
					"name": "tail1",
					"parent": "body",
					"pivot": [0, 7.52045, 0.4385],
					"cubes": [
						{"origin": [-2.025, 2.11091, 1.11041], "size": [4, 6, 4], "pivot": [0, 5.11091, 2.86041], "rotation": [55, 0, 0], "uv": [7, 17]},
						{"origin": [-1.475, 2.11091, 0.11041], "size": [3, 7, 2], "pivot": [0.5, 5.11091, 2.86041], "rotation": [55, 0, 0], "uv": [40, 47]}
					]
				},
				{
					"name": "tail2",
					"parent": "tail1",
					"pivot": [0, 3.14057, 5.24176],
					"cubes": [
						{"origin": [-2, 2.25994, 5.67587], "size": [4, 4, 4], "pivot": [0, 3.25994, 7.67587], "rotation": [77.5, 0, 0], "uv": [7, 9]},
						{"origin": [-1.5, 0.85627, 6.374], "size": [3, 4, 2], "pivot": [0, 1.35627, 7.374], "rotation": [77.5, 0, 0], "uv": [37, 21]}
					]
				},
				{
					"name": "tail3",
					"parent": "tail2",
					"pivot": [0, 2.76121, 8.55416],
					"cubes": [
						{"origin": [-1.5, -1.02362, 4.94958], "size": [3, 3, 3], "pivot": [0, 3.47638, 6.69958], "rotation": [92.5, 0, 0], "uv": [7, 45]},
						{"origin": [-1, -0.24468, 8.31875], "size": [2, 4, 2], "pivot": [-0.5, 1.75532, 9.31875], "rotation": [105, 0, 0], "uv": [51, 10]}
					]
				},
				{
					"name": "tail4",
					"parent": "tail3",
					"pivot": [0, 3.51362, 11.02465],
					"cubes": [
						{"origin": [-1, 1.38418, 11.08342], "size": [2, 4, 2], "pivot": [0, 3.88418, 12.08342], "rotation": [112.5, 0, 0], "uv": [31, 53]}
					]
				},
				{
					"name": "tail5",
					"parent": "tail4",
					"pivot": [0, 4.75965, 14.05941],
					"cubes": [
						{"origin": [-1, 3.85296, 15.05215], "size": [2, 3, 2], "pivot": [0, 4.85296, 16.05215], "rotation": [92.5, 0, 0], "uv": [60, 40]}
					]
				},
				{
					"name": "tail6",
					"parent": "tail5",
					"pivot": [0, 4.94891, 16.7253],
					"cubes": [
						{"origin": [-1, 3.06836, 19.13515], "size": [2, 4, 2], "pivot": [0, 3.5346, 19.90879], "rotation": [70, 0, 0], "uv": [43, 27]}
					]
				},
				{
					"name": "tail7",
					"parent": "tail6",
					"pivot": [0, 3.67592, 20.25565],
					"cubes": [
						{"origin": [0, -0.48408, 19.22066], "size": [0, 4, 2], "pivot": [0, 3.5346, 19.90879], "rotation": [50, 0, 0], "uv": [7, 15]}
					]
				},
				{
					"name": "left_arm",
					"parent": "body",
					"pivot": [-2.52508, 16.23205, -1.84286],
					"cubes": [
						{"origin": [-4.05656, 14.5412, -2.5], "size": [2, 2, 2], "pivot": [-3.80656, 15.5412, -1.5], "rotation": [0, 0, -22.5], "uv": [35, 17], "mirror": true},
						{"origin": [-4, 11.25, -2], "size": [1, 4, 1], "uv": [26, 49], "mirror": true}
					]
				},
				{
					"name": "left_hand",
					"parent": "left_arm",
					"pivot": [-3.52, 11.1975, -1.48],
					"cubes": [
						{"origin": [-4.5, 7.5, -2.5], "size": [2, 4, 2], "uv": [27, 42], "mirror": true},
						{"origin": [-4.65, 5.7, -2.9], "size": [1, 2, 1], "pivot": [-4.15, 6.7, -2.4], "rotation": [0, 0, 10], "uv": [65, 52], "mirror": true},
						{"origin": [-3.45, 5.7, -2.9], "size": [1, 2, 1], "pivot": [-2.95, 6.7, -2.4], "rotation": [0, 0, -10], "uv": [65, 48], "mirror": true},
						{"origin": [-5.35, 6.2, -2.3], "size": [1, 2, 1], "pivot": [-4.8, 6.2, -2.3], "rotation": [0, 0, 17.5], "uv": [33, 49], "mirror": true},
						{"origin": [-2.65, 6.2, -2.3], "size": [1, 2, 1], "pivot": [-2.2, 6.2, -2.3], "rotation": [0, 0, -17.5], "uv": [46, 9], "mirror": true}
					]
				},
				{
					"name": "right_arm",
					"parent": "body",
					"pivot": [2.52508, 16.23205, -1.84286],
					"cubes": [
						{"origin": [2.05656, 14.5412, -2.5], "size": [2, 2, 2], "pivot": [3.80656, 15.5412, -1.5], "rotation": [0, 0, 22.5], "uv": [35, 17]},
						{"origin": [3, 11.25, -2], "size": [1, 4, 1], "uv": [26, 49]}
					]
				},
				{
					"name": "right_hand",
					"parent": "right_arm",
					"pivot": [3.52, 11.1975, -1.48],
					"cubes": [
						{"origin": [2.5, 7.5, -2.5], "size": [2, 4, 2], "uv": [27, 42]},
						{"origin": [3.65, 5.7, -2.9], "size": [1, 2, 1], "pivot": [4.15, 6.7, -2.4], "rotation": [0, 0, -10], "uv": [65, 52]},
						{"origin": [2.45, 5.7, -2.9], "size": [1, 2, 1], "pivot": [2.95, 6.7, -2.4], "rotation": [0, 0, 10], "uv": [65, 48]},
						{"origin": [4.35, 6.2, -2.3], "size": [1, 2, 1], "pivot": [4.8, 6.2, -2.3], "rotation": [0, 0, -17.5], "uv": [33, 49]},
						{"origin": [1.65, 6.2, -2.3], "size": [1, 2, 1], "pivot": [2.2, 6.2, -2.3], "rotation": [0, 0, 17.5], "uv": [46, 9]}
					]
				},
				{
					"name": "left_leg",
					"parent": "koraidon",
					"pivot": [-1.45281, 10.27241, -1.77803],
					"cubes": [
						{"origin": [-2.95, 4.5, -0.7], "size": [0, 6, 6], "pivot": [-2.2, 7, -1.7], "rotation": [0, 0, 17.5], "uv": [7, 21]},
						{"origin": [-3.2, 4.5, -2.7], "size": [2, 6, 2], "pivot": [-2.2, 7, -1.7], "rotation": [0, 0, 17.5], "uv": [50, 48]}
					]
				},
				{
					"name": "left_knee",
					"parent": "left_leg",
					"pivot": [-2.85326, 4.98248, -1.71775],
					"cubes": [
						{"origin": [-3.9, 0, -2.9], "size": [2, 5, 2], "uv": [8, 34]}
					]
				},
				{
					"name": "left_foot",
					"parent": "left_knee",
					"pivot": [-2.84548, 0.53373, -3.00404],
					"cubes": [
						{"origin": [-4, 0, -6], "size": [1, 1, 3], "pivot": [-3.5, 0.5, -4], "rotation": [0, 25, 0], "uv": [16, 57]},
						{"origin": [-2.75, 0, -6], "size": [1, 1, 3], "pivot": [-2.25, 0.5, -4], "rotation": [0, -25, 0], "uv": [60, 56]},
						{"origin": [-1.77649, 0, -4.28452], "size": [1, 1, 2], "pivot": [-1.27649, 0.5, -3.28452], "rotation": [0, -55, 0], "uv": [41, 57]},
						{"origin": [-4.92351, 0, -4.28452], "size": [1, 1, 2], "pivot": [-4.42351, 0.5, -3.28452], "rotation": [0, 55, 0], "uv": [7, 58]},
						{"origin": [-3.85792, 0.1, -5.84892], "size": [2, 0, 2], "uv": [17, 19]}
					]
				},
				{
					"name": "right_leg",
					"parent": "koraidon",
					"pivot": [1.45281, 10.27241, -1.77803],
					"cubes": [
						{"origin": [1.2, 4.5, -2.7], "size": [2, 6, 2], "pivot": [2.2, 7, -1.7], "rotation": [0, 0, -17.5], "uv": [50, 48], "mirror": true},
						{"origin": [2.95, 4.5, -0.7], "size": [0, 6, 6], "pivot": [2.2, 7, -1.7], "rotation": [0, 0, -17.5], "uv": [7, 21], "mirror": true}
					]
				},
				{
					"name": "right_knee",
					"parent": "right_leg",
					"pivot": [2.85326, 4.98248, -1.71775],
					"cubes": [
						{"origin": [1.9, 0, -2.95], "size": [2, 5, 2], "uv": [8, 34], "mirror": true}
					]
				},
				{
					"name": "right_foot",
					"parent": "right_knee",
					"pivot": [2.84548, 0.53373, -3.00404],
					"cubes": [
						{"origin": [3, 0, -6], "size": [1, 1, 3], "pivot": [3.5, 0.5, -4], "rotation": [0, -25, 0], "uv": [16, 57], "mirror": true},
						{"origin": [1.75, 0, -6], "size": [1, 1, 3], "pivot": [2.25, 0.5, -4], "rotation": [0, 25, 0], "uv": [60, 56], "mirror": true},
						{"origin": [0.77649, 0, -4.28452], "size": [1, 1, 2], "pivot": [1.27649, 0.5, -3.28452], "rotation": [0, 55, 0], "uv": [41, 57], "mirror": true},
						{"origin": [3.92351, 0, -4.28452], "size": [1, 1, 2], "pivot": [4.42351, 0.5, -3.28452], "rotation": [0, -55, 0], "uv": [7, 58], "mirror": true},
						{"origin": [1.85792, 0.1, -5.84892], "size": [2, 0, 2], "uv": [17, 19], "mirror": true}
					]
				}
			]
		}
	]
}