{
	"format_version": "1.12.0",
	"minecraft:geometry": [
		{
			"description": {
				"identifier": "geometry.slowking_galarian",
				"texture_width": 128,
				"texture_height": 64,
				"visible_bounds_width": 3,
				"visible_bounds_height": 3.5,
				"visible_bounds_offset": [0, 1.25, 0]
			},
			"bones": [
				{
					"name": "slowking_galarian",
					"pivot": [0, 0, 0]
				},
				{
					"name": "body",
					"parent": "slowking_galarian",
					"pivot": [0, 11, 1]
				},
				{
					"name": "torso",
					"parent": "body",
					"pivot": [-0.5, 5.5, 0.5],
					"cubes": [
						{"origin": [-4, 3.5, -3.5], "size": [8, 10, 8], "uv": [0, 14]},
						{"origin": [-3, 13.5, -2.5], "size": [6, 1, 6], "inflate": 0.01, "uv": [38, 6]}
					]
				},
				{
					"name": "frills",
					"parent": "torso",
					"pivot": [0, 14.5, 0.5]
				},
				{
					"name": "front_frill",
					"parent": "frills",
					"pivot": [0, 14.5, -1.5],
					"cubes": [
						{"origin": [-5.5, 15.5, -8.5], "size": [11, 0, 6], "pivot": [0, 14.5, -1.5], "rotation": [35, 0, 0], "uv": [88, 51], "mirror": true}
					]
				},
				{
					"name": "right_frill",
					"parent": "frills",
					"pivot": [-2, 14.5, 0.25],
					"cubes": [
						{"origin": [-8, 15.1, -5.25], "size": [6, 0, 11], "pivot": [-2, 14.5, 0.5], "rotation": [0, 0, -35], "uv": [69, 50]}
					]
				},
				{
					"name": "left_frill",
					"parent": "frills",
					"pivot": [2, 14.5, 0.25],
					"cubes": [
						{"origin": [2, 15.1, -5.25], "size": [6, 0, 11], "pivot": [2, 14.5, 0.5], "rotation": [0, 0, 35], "uv": [69, 50], "mirror": true}
					]
				},
				{
					"name": "back_frill",
					"parent": "frills",
					"pivot": [0, 14.5, 2.5],
					"cubes": [
						{"origin": [-5.5, 15.1, 2.5], "size": [11, 0, 6], "pivot": [0, 14.5, 2.5], "rotation": [-35, 0, 0], "uv": [-6, 58]}
					]
				},
				{
					"name": "neck",
					"parent": "torso",
					"pivot": [0, 13.5, 0.5],
					"cubes": [
						{"origin": [-2.5, 13.5, -2], "size": [5, 4, 5], "uv": [78, 38]}
					]
				},
				{
					"name": "head",
					"parent": "neck",
					"pivot": [0, 14.5, 0.75],
					"cubes": [
						{"origin": [-3, 15.75, -4.75], "size": [6, 2, 2], "uv": [52, 47]},
						{"origin": [-1.5, 16.75, -4.76], "size": [1, 1, 0], "uv": [0, 1]},
						{"origin": [0.5, 16.75, -4.76], "size": [1, 1, 0], "uv": [0, 0]},
						{"origin": [1.5, 15.5, -4.5], "size": [1, 1, 0], "pivot": [2, 16, -4.5], "rotation": [0, 0, 45], "uv": [0, 5]},
						{"origin": [-2.5, 15.5, -4.5], "size": [1, 1, 0], "pivot": [-2, 16, -4.5], "rotation": [0, 0, -45], "uv": [0, 2]},
						{"origin": [-3.5, 14.5, -3.25], "size": [7, 7, 7], "uv": [0, 32]}
					]
				},
				{
					"name": "crown",
					"parent": "head",
					"pivot": [0, 17.74089, 0.53603],
					"rotation": [0, 180, 0],
					"cubes": [
						{"origin": [-3.1, 16.8, 6], "size": [1, 1, 0], "pivot": [-2, 16, -4.5], "rotation": [0, 0, -45], "uv": [0, 2]},
						{"origin": [2.1, 16.8, 6], "size": [1, 1, 0], "pivot": [2, 16, -4.5], "rotation": [0, 0, 45], "uv": [0, 2], "mirror": true},
						{"origin": [-4, 20.2642, -3.19009], "size": [8, 3, 9], "uv": [79, 5]},
						{"origin": [-4.5, 16.2642, -3.69009], "size": [9, 4, 2], "pivot": [0, 18.2642, -2.69009], "rotation": [0, 0, -180], "uv": [30, 30]},
						{"origin": [-4.5, 16.2642, 4.30991], "size": [9, 4, 2], "uv": [30, 30]},
						{"origin": [-5.75, 18.2642, 4.20991], "size": [5, 2, 2], "pivot": [-3, 20.0142, 5.30991], "rotation": [6.93087, 15.48217, 33.73888], "uv": [104, 10]},
						{"origin": [0.75, 18.2642, 4.20991], "size": [5, 2, 2], "pivot": [3, 20.0142, 5.30991], "rotation": [6.93087, -15.48217, -33.73888], "uv": [104, 10], "mirror": true},
						{"origin": [5.52, 18.7642, 4.70991], "size": [1, 1, 1], "inflate": 0.01, "pivot": [3, 20.0142, 5.30991], "rotation": [6.93087, -15.48217, -33.73888], "uv": [113, 14], "mirror": true},
						{"origin": [5.55, 18.7642, 4.70991], "size": [1, 1, 1], "inflate": -0.01, "pivot": [3, 20.0142, 5.30991], "rotation": [6.93087, -15.48217, -33.73888], "uv": [68, 37], "mirror": true},
						{"origin": [-6.55, 18.7642, 4.70991], "size": [1, 1, 1], "inflate": -0.01, "pivot": [-3, 20.0142, 5.30991], "rotation": [6.93087, 15.48217, 33.73888], "uv": [68, 37]},
						{"origin": [-6.52, 18.7642, 4.70991], "size": [1, 1, 1], "inflate": 0.01, "pivot": [-3, 20.0142, 5.30991], "rotation": [6.93087, 15.48217, 33.73888], "uv": [113, 14]},
						{"origin": [-0.5, 19.0642, 5.30991], "size": [1, 1, 1], "pivot": [0, 20.2642, 5.80991], "rotation": [10, 0, 0], "uv": [66, 42]},
						{"origin": [-7, 16.2642, 0.80991], "size": [6, 4, 2], "pivot": [0, 18.7642, 5.30991], "rotation": [0, -90, 0], "uv": [30, 30]},
						{"origin": [1, 16.2642, 0.80991], "size": [6, 4, 2], "pivot": [0, 18.7642, 5.30991], "rotation": [0, 90, 0], "uv": [30, 30], "mirror": true},
						{"origin": [-3, 23.2642, -1.69009], "size": [6, 2, 6], "uv": [29, 37]},
						{"origin": [-3.4, 17.1142, 6.311], "size": [3, 2, 0], "pivot": [-2.1, 18.1142, 6.30991], "rotation": [0.2, 0, 10], "uv": [35, 62], "mirror": true},
						{"origin": [-1.75126, 17.25683, 6.331], "size": [1, 1, 0], "pivot": [-1.25126, 17.45683, 6.221], "rotation": [2, 0, 10], "uv": [35, 62], "mirror": true},
						{"origin": [0.4, 17.1142, 6.311], "size": [3, 2, 0], "pivot": [2.1, 18.1142, 6.30991], "rotation": [0.2, 0, -10], "uv": [35, 62]},
						{"origin": [0.75126, 17.25683, 6.331], "size": [1, 1, 0], "pivot": [1.25126, 17.45683, 6.221], "rotation": [2, 0, -10], "uv": [35, 62]},
						{"origin": [3.15, 20.0142, -2.69009], "size": [4, 2, 0], "pivot": [3.75, 21.0142, -2.69009], "rotation": [0, 45, -22.5], "uv": [27, 62]},
						{"origin": [-4.9, 20.0142, 1.80991], "size": [4, 2, 0], "pivot": [-3, 24.2642, 3.30991], "rotation": [0, 15, 22.5], "uv": [27, 62], "mirror": true}
					]
				},
				{
					"name": "eye_left",
					"parent": "head",
					"pivot": [1.88, 19, -2.7625],
					"cubes": [
						{"origin": [1.26, 18.5, -3.265], "size": [1, 1, 1], "uv": [38, 10]},
						{"origin": [1, 17.5, -3.26], "size": [2, 3, 1], "uv": [0, 46]}
					]
				},
				{
					"name": "eyelid_left",
					"parent": "eye_left",
					"pivot": [2, 19, -2.66],
					"cubes": [
						{"origin": [1, 17.5, -3.16], "size": [2, 3, 1], "inflate": 0.01, "uv": [28, 39]}
					]
				},
				{
					"name": "eye_right",
					"parent": "head",
					"pivot": [-1.88, 19, -2.7625],
					"cubes": [
						{"origin": [-2.26, 18.5, -3.265], "size": [1, 1, 1], "uv": [29, 36]},
						{"origin": [-3, 17.5, -3.26], "size": [2, 3, 1], "uv": [38, 6]}
					]
				},
				{
					"name": "eyelid_right",
					"parent": "eye_right",
					"pivot": [-2, 19, -2.66],
					"cubes": [
						{"origin": [-3, 17.5, -3.16], "size": [2, 3, 1], "inflate": 0.01, "uv": [0, 32]}
					]
				},
				{
					"name": "jaw",
					"parent": "head",
					"pivot": [0, 15.75, -3.25],
					"cubes": [
						{"origin": [-3, 14.75, -4.25], "size": [6, 1, 1], "uv": [101, 3]}
					]
				},
				{
					"name": "arm_left",
					"parent": "torso",
					"pivot": [4, 11.5, -0.75],
					"cubes": [
						{"origin": [3.5, 10.5, -2.25], "size": [4, 2, 3], "inflate": 0.001, "uv": [56, 6]}
					]
				},
				{
					"name": "arm_left2",
					"parent": "arm_left",
					"pivot": [7.5, 12.5, 0.75],
					"cubes": [
						{"origin": [7.5, 10.5, -2.25], "size": [4, 2, 3], "uv": [82, 0]}
					]
				},
				{
					"name": "finger_left",
					"parent": "arm_left2",
					"pivot": [11.5, 12.5, -0.75],
					"cubes": [
						{"origin": [11.5, 11.5, -1.75], "size": [1, 1, 2], "uv": [72, 24]}
					]
				},
				{
					"name": "thumb_left",
					"parent": "arm_left2",
					"pivot": [10.75, 11.5, -1.75],
					"cubes": [
						{"origin": [10.25, 11, -3.25], "size": [1, 1, 2], "uv": [122, 2]}
					]
				},
				{
					"name": "arm_right",
					"parent": "torso",
					"pivot": [-4, 11.5, -0.75],
					"cubes": [
						{"origin": [-7.5, 10.5, -2.25], "size": [4, 2, 3], "inflate": 0.001, "uv": [0, 5]}
					]
				},
				{
					"name": "arm_right2",
					"parent": "arm_right",
					"pivot": [-7.5, 12.5, 0.75],
					"cubes": [
						{"origin": [-11.5, 10.5, -2.25], "size": [4, 2, 3], "uv": [0, 0]}
					]
				},
				{
					"name": "finger_right",
					"parent": "arm_right2",
					"pivot": [-11.5, 12.5, -0.75],
					"cubes": [
						{"origin": [-12.5, 11.5, -1.75], "size": [1, 1, 2], "uv": [0, 36]}
					]
				},
				{
					"name": "thumb_right",
					"parent": "arm_right2",
					"pivot": [-10.75, 12, -1.75],
					"cubes": [
						{"origin": [-11.25, 11, -3.25], "size": [1, 1, 2], "uv": [8, 10]}
					]
				},
				{
					"name": "tail",
					"parent": "torso",
					"pivot": [0, 6.5, 3.5],
					"cubes": [
						{"origin": [-2, 4.5, 2.5], "size": [4, 4, 6], "uv": [0, 46]}
					]
				},
				{
					"name": "tail2",
					"parent": "tail",
					"pivot": [0, 6.5, 7.5],
					"cubes": [
						{"origin": [-1.5, 5, 6.5], "size": [3, 3, 6], "uv": [46, 14]}
					]
				},
				{
					"name": "tail3",
					"parent": "tail2",
					"pivot": [0, 6.5, 11.5],
					"cubes": [
						{"origin": [0, 5.5, 10.5], "size": [0, 2, 5], "uv": [0, 5]}
					]
				},
				{
					"name": "leg_left",
					"parent": "body",
					"pivot": [3.5, 5, 0.5],
					"cubes": [
						{"origin": [2, 2.5, -2], "size": [4, 5, 5], "uv": [38, 46]}
					]
				},
				{
					"name": "leg_left2",
					"parent": "leg_left",
					"pivot": [4, 2.5, -0.5],
					"cubes": [
						{"origin": [2.5, 0.5, -0.5], "size": [3, 3, 3], "uv": [88, 20]}
					]
				},
				{
					"name": "foot_left",
					"parent": "leg_left2",
					"pivot": [4, 1.5, 2],
					"cubes": [
						{"origin": [2, 0, -2], "size": [4, 2, 5], "inflate": 0.001, "uv": [50, 23]},
						{"origin": [2.5, 0, -3.5], "size": [3, 1, 2], "uv": [21, 36]}
					]
				},
				{
					"name": "leg_right",
					"parent": "body",
					"pivot": [-3.5, 5, 0.5],
					"cubes": [
						{"origin": [-6, 2.5, -2], "size": [4, 5, 5], "uv": [20, 46]}
					]
				},
				{
					"name": "leg_right2",
					"parent": "leg_right",
					"pivot": [-4, 2.5, -0.5],
					"cubes": [
						{"origin": [-5.5, 0.5, -0.5], "size": [3, 3, 3], "uv": [76, 20]}
					]
				},
				{
					"name": "foot_right",
					"parent": "leg_right2",
					"pivot": [-4, 1.5, 2],
					"cubes": [
						{"origin": [-6, 0, -2], "size": [4, 2, 5], "inflate": 0.001, "uv": [49, 36]},
						{"origin": [-5.5, 0, -3.5], "size": [3, 1, 2], "uv": [32, 20]}
					]
				}
			]
		}
	]
}