{
	"format_version": "1.12.0",
	"minecraft:geometry": [
		{
			"description": {
				"identifier": "geometry.Orthworm",
				"texture_width": 128,
				"texture_height": 128,
				"visible_bounds_width": 3,
				"visible_bounds_height": 2.5,
				"visible_bounds_offset": [0, 0.75, 0]
			},
			"bones": [
				{
					"name": "bone5",
					"pivot": [0, 4, 1],
					"cubes": [
						{"origin": [4.5, 1.5, 0], "size": [0, 5, 3], "inflate": 0.01, "uv": [0, 111]},
						{"origin": [4.5, 1.5, 4], "size": [0, 5, 3], "inflate": 0.01, "uv": [0, 111]},
						{"origin": [4.51, 2.5, -4.5], "size": [0, 3, 4], "uv": [4, 66]},
						{"origin": [-4.51, 2.5, -4.5], "size": [0, 3, 4], "uv": [4, 66], "mirror": true},
						{"origin": [-4.5, 1.5, 4], "size": [0, 5, 3], "inflate": 0.01, "uv": [0, 111], "mirror": true},
						{"origin": [-4.5, 1.5, 0], "size": [0, 5, 3], "inflate": 0.01, "uv": [0, 111], "mirror": true},
						{"origin": [-4.5, 0.5, -5], "size": [9, 8, 13], "uv": [0, 92]}
					]
				},
				{
					"name": "bone16",
					"parent": "bone5",
					"pivot": [3, 0, -8]
				},
				{
					"name": "bone12",
					"parent": "bone16",
					"pivot": [4, 4, -2.5],
					"cubes": [
						{"origin": [4.5, 3, -3.5], "size": [6, 2, 2], "uv": [1, 87]}
					]
				},
				{
					"name": "bone13",
					"parent": "bone12",
					"pivot": [10, 4, -2],
					"cubes": [
						{"origin": [10.5, 2.5, -4], "size": [3, 3, 3], "uv": [0, 92]}
					]
				},
				{
					"name": "bone10",
					"parent": "bone16",
					"pivot": [4, 4, 1.5],
					"cubes": [
						{"origin": [4.5, 3, 0.5], "size": [6, 2, 2], "uv": [1, 87]}
					]
				},
				{
					"name": "bone14",
					"parent": "bone10",
					"pivot": [11, 4, 2],
					"cubes": [
						{"origin": [10.5, 2.5, 0], "size": [3, 3, 3], "uv": [0, 92]}
					]
				},
				{
					"name": "bone11",
					"parent": "bone16",
					"pivot": [3, 4, 5.5],
					"cubes": [
						{"origin": [4.5, 3, 4.5], "size": [6, 2, 2], "uv": [1, 87]}
					]
				},
				{
					"name": "bone15",
					"parent": "bone11",
					"pivot": [10, 4, 5],
					"cubes": [
						{"origin": [10.5, 2.5, 4], "size": [3, 3, 3], "uv": [0, 92]}
					]
				},
				{
					"name": "bone17",
					"parent": "bone5",
					"pivot": [-3, 0, -8]
				},
				{
					"name": "bone18",
					"parent": "bone17",
					"pivot": [-4, 4, -2],
					"cubes": [
						{"origin": [-10.5, 3, -3.5], "size": [6, 2, 2], "uv": [1, 87], "mirror": true}
					]
				},
				{
					"name": "bone19",
					"parent": "bone18",
					"pivot": [-11, 4, -2],
					"cubes": [
						{"origin": [-13.5, 2.5, -4], "size": [3, 3, 3], "uv": [0, 92], "mirror": true}
					]
				},
				{
					"name": "bone20",
					"parent": "bone17",
					"pivot": [-3, 4, 1],
					"cubes": [
						{"origin": [-10.5, 3, 0.5], "size": [6, 2, 2], "uv": [1, 87], "mirror": true}
					]
				},
				{
					"name": "bone21",
					"parent": "bone20",
					"pivot": [-11, 4, 1],
					"cubes": [
						{"origin": [-13.5, 2.5, 0], "size": [3, 3, 3], "uv": [0, 92], "mirror": true}
					]
				},
				{
					"name": "bone22",
					"parent": "bone17",
					"pivot": [-4, 4, 5],
					"cubes": [
						{"origin": [-10.5, 3, 4.5], "size": [6, 2, 2], "uv": [1, 87], "mirror": true}
					]
				},
				{
					"name": "bone23",
					"parent": "bone22",
					"pivot": [-3, 0, 0],
					"cubes": [
						{"origin": [-13.5, 2.5, 4], "size": [3, 3, 3], "uv": [0, 92], "mirror": true}
					]
				},
				{
					"name": "bone6",
					"parent": "bone5",
					"pivot": [0, 4, 8],
					"cubes": [
						{"origin": [4.01, 1.5, 9], "size": [0, 5, 7], "uv": [0, 56]},
						{"origin": [-4.01, 1.5, 9], "size": [0, 5, 7], "uv": [0, 56], "mirror": true},
						{"origin": [-4, 1, 8.5], "size": [8, 7, 8], "uv": [0, 35]},
						{"origin": [-3.5, 1.5, 7.5], "size": [7, 6, 1], "uv": [52, 25]}
					]
				},
				{
					"name": "bone7",
					"parent": "bone6",
					"pivot": [0, 4, 17],
					"cubes": [
						{"origin": [-3.5, 1.5, 16], "size": [7, 6, 1], "uv": [13, 52]},
						{"origin": [4.01, 1.5, 17.5], "size": [0, 5, 7], "uv": [0, 56]},
						{"origin": [-4.01, 1.5, 17.5], "size": [0, 5, 7], "uv": [0, 56], "mirror": true},
						{"origin": [-4, 1, 17], "size": [8, 7, 8], "uv": [30, 10]}
					]
				},
				{
					"name": "bone8",
					"parent": "bone7",
					"pivot": [0, 4, 25],
					"cubes": [
						{"origin": [-3.5, 1.5, 24.5], "size": [7, 6, 1], "uv": [52, 0]},
						{"origin": [4.01, 1.5, 26], "size": [0, 5, 7], "uv": [0, 56]},
						{"origin": [-4.01, 1.5, 26], "size": [0, 5, 7], "uv": [0, 56], "mirror": true},
						{"origin": [-4, 1, 25.5], "size": [8, 7, 8], "uv": [2, 20]}
					]
				},
				{
					"name": "bone9",
					"parent": "bone8",
					"pivot": [0, 4, 33],
					"cubes": [
						{"origin": [-3.5, 1.5, 33], "size": [7, 6, 1], "uv": [52, 0]},
						{"origin": [-4, 1, 34], "size": [8, 7, 10], "uv": [4, 68]}
					]
				},
				{
					"name": "bone",
					"parent": "bone5",
					"pivot": [0, 5, -5],
					"cubes": [
						{"origin": [-4, 2, -13.25], "size": [8, 6, 9], "inflate": -0.01, "uv": [27, 26]}
					]
				},
				{
					"name": "bone26",
					"parent": "bone",
					"pivot": [0, 1, -6],
					"cubes": [
						{"origin": [-3, 3, -13.25], "size": [2, 3, 0], "uv": [57, 52]}
					]
				},
				{
					"name": "bone4",
					"parent": "bone26",
					"pivot": [0, 1, -6],
					"cubes": [
						{"origin": [-2.5, 4, -13.25], "size": [1, 1, 0], "inflate": 0.01, "uv": [0, 1]}
					]
				},
				{
					"name": "bone25",
					"parent": "bone",
					"pivot": [0, 1, -6],
					"cubes": [
						{"origin": [1, 3, -13.25], "size": [2, 3, 9], "uv": [0, 50]}
					]
				},
				{
					"name": "bone3",
					"parent": "bone25",
					"pivot": [0, 1, -6],
					"cubes": [
						{"origin": [1.5, 4, -13.25], "size": [1, 1, 0], "inflate": 0.01, "uv": [0, 0]}
					]
				},
				{
					"name": "bone2",
					"parent": "bone",
					"pivot": [0, 4, -5],
					"cubes": [
						{"origin": [-4, 1, -9], "size": [8, 4, 4], "uv": [28, 0]}
					]
				},
				{
					"name": "bone24",
					"parent": "bone2",
					"pivot": [0, 1, -6],
					"cubes": [
						{"origin": [-4, 1, -13.2], "size": [8, 2, 8], "inflate": -0.02, "uv": [24, 42]}
					]
				}
			]
		}
	]
}