{
	"format_version": "1.12.0",
	"minecraft:geometry": [
		{
			"description": {
				"identifier": "geometry.unknown",
				"texture_width": 64,
				"texture_height": 64,
				"visible_bounds_width": 3,
				"visible_bounds_height": 3.5,
				"visible_bounds_offset": [0, 1.25, 0]
			},
			"bones": [
				{
					"name": "sinischa",
					"pivot": [0, 0, 0]
				},
				{
					"name": "body_whole",
					"parent": "sinischa",
					"pivot": [0, 0, 0],
					"rotation": [0, 180, 0]
				},
				{
					"name": "cup",
					"parent": "body_whole",
					"pivot": [0, 0, 0],
					"cubes": [
						{"origin": [-5, 4.05, -4], "size": [1, 7, 8], "uv": [20, 23]},
						{"origin": [-3, 2.325, -3], "size": [6, 1, 6], "uv": [30, 21]},
						{"origin": [-4, 3.05, -4], "size": [8, 1, 8], "uv": [0, 14]},
						{"origin": [-5, 4.05, -5], "size": [10, 7, 1], "uv": [37, 37]},
						{"origin": [-5, 4.05, 4], "size": [10, 7, 1], "uv": [34, 0]},
						{"origin": [4, 4.05, -4], "size": [1, 7, 8], "uv": [24, 6]}
					]
				},
				{
					"name": "tea",
					"parent": "cup",
					"pivot": [0, 0, 0],
					"cubes": [
						{"origin": [-4, 4.05, -4], "size": [8, 6, 8], "uv": [0, 0]}
					]
				},
				{
					"name": "leg",
					"parent": "cup",
					"pivot": [1, 2.75, 0]
				},
				{
					"name": "right_leg",
					"parent": "leg",
					"pivot": [-1, 2.725, 0],
					"cubes": [
						{"origin": [-2, -0.3, -1], "size": [2, 4, 2], "inflate": -0.325, "uv": [20, 23]}
					]
				},
				{
					"name": "left_leg",
					"parent": "leg",
					"pivot": [1, 2.75, 0],
					"cubes": [
						{"origin": [0, 0.475, -1], "size": [2, 3, 2], "inflate": -0.325, "uv": [26, 0]}
					]
				},
				{
					"name": "body",
					"parent": "body_whole",
					"pivot": [-1.5, 0, -0.5]
				},
				{
					"name": "head",
					"parent": "body",
					"pivot": [-0.00833, 10.05833, 3.209],
					"cubes": [
						{"origin": [-0.5, 12.85, 4.05], "size": [1, 1, 0], "uv": [0, 19]},
						{"origin": [-0.5, 13.325, 4.052], "size": [1, 1, 0], "uv": [0, 18]},
						{"origin": [-2.525, 8, -0.975], "size": [5, 8, 5], "uv": [0, 23]}
					]
				},
				{
					"name": "eye_left2",
					"parent": "head",
					"pivot": [1.05, 0, -0.475],
					"cubes": [
						{"origin": [0.525, 13.1, 3.802], "size": [1, 1, 0], "inflate": -0.25, "uv": [0, 15]},
						{"origin": [0.875, 12.95, 3.652], "size": [1, 2, 0], "inflate": -0.4, "uv": [0, 2]},
						{"origin": [0.775, 14.25, 3.752], "size": [1, 1, 0], "inflate": -0.3, "uv": [0, 14]},
						{"origin": [0.775, 13.175, 4.05], "size": [1, 2, 0], "uv": [0, 0]}
					]
				},
				{
					"name": "eye_left",
					"parent": "head",
					"pivot": [-1.5, 0, -0.475],
					"cubes": [
						{"origin": [-2.025, 13.1, 3.802], "size": [1, 1, 0], "inflate": -0.25, "uv": [0, 16]},
						{"origin": [-1.675, 12.95, 3.652], "size": [1, 2, 0], "inflate": -0.4, "uv": [0, 4]},
						{"origin": [-1.775, 14.25, 3.752], "size": [1, 1, 0], "inflate": -0.3, "uv": [0, 17]},
						{"origin": [-1.775, 13.175, 4.05], "size": [1, 2, 0], "uv": [0, 6]}
					]
				},
				{
					"name": "hat",
					"parent": "head",
					"pivot": [-1, 0, -2],
					"cubes": [
						{"origin": [-2, 16, -0.45], "size": [4, 2, 4], "uv": [12, 38]},
						{"origin": [-0.5, 16.4, 3.6], "size": [1, 1, 0], "uv": [46, 8]},
						{"origin": [-1.125, 16.4, 3.575], "size": [1, 2, 0], "pivot": [-1, 17.4, 3.6], "rotation": [0, 0, -37.75], "uv": [46, 10]},
						{"origin": [0.125, 16.4, 3.575], "size": [1, 2, 0], "pivot": [1, 17.4, 3.6], "rotation": [0, 0, 37.75], "uv": [46, 10], "mirror": true},
						{"origin": [-2, 17.75, -0.45], "size": [4, 2, 4], "inflate": -0.25, "uv": [0, 36]},
						{"origin": [-2, 19, -0.45], "size": [4, 2, 4], "uv": [34, 8]},
						{"origin": [-2, 21, 2.55], "size": [4, 2, 1], "uv": [30, 28]},
						{"origin": [-2, 21, 0.55], "size": [1, 2, 2], "uv": [38, 29]},
						{"origin": [1, 21, 0.55], "size": [1, 2, 2], "uv": [38, 33]},
						{"origin": [-2, 21, -0.45], "size": [4, 2, 1], "uv": [24, 38]}
					]
				},
				{
					"name": "string5",
					"parent": "hat",
					"pivot": [0.25, 16.149, 2.925],
					"rotation": [0, 43.5, 0]
				},
				{
					"name": "rightt_straw",
					"parent": "hat",
					"pivot": [1.52263, 16.074, -0.4392]
				},
				{
					"name": "string14",
					"parent": "rightt_straw",
					"pivot": [1.52263, 16.074, -0.4392],
					"rotation": [0, 90, 0],
					"cubes": [
						{"origin": [1.02263, 16.074, -2.4392], "size": [1, 0, 3], "uv": [29, 21]}
					]
				},
				{
					"name": "bone28",
					"parent": "string14",
					"pivot": [1.52263, 16.01598, 0.58219],
					"rotation": [-11.25, 0, 0],
					"cubes": [
						{"origin": [1.02263, 16.73578, 0.23803], "size": [1, 0, 1], "pivot": [1.03021, 16.06905, -0.32143], "rotation": [-50, 0, 0], "uv": [0, 26]}
					]
				},
				{
					"name": "bone29",
					"parent": "bone28",
					"pivot": [1.52263, 15.31898, 1.21505],
					"rotation": [-27.75, 0, 0],
					"cubes": [
						{"origin": [1.02263, 15.6808, 0.57672], "size": [1, 0, 4], "pivot": [1.03021, 14.81766, 0.47462], "rotation": [-50, 0, 0], "uv": [2, 14]}
					]
				},
				{
					"name": "string15",
					"parent": "rightt_straw",
					"pivot": [1.52263, 16.074, 2.5108],
					"rotation": [0, 90, 0],
					"cubes": [
						{"origin": [1.02263, 16.074, 1.5108], "size": [1, 0, 2], "uv": [0, 6]}
					]
				},
				{
					"name": "bone30",
					"parent": "string15",
					"pivot": [1.52263, 16.01598, 3.53219],
					"rotation": [-11.25, 0, 0],
					"cubes": [
						{"origin": [1.02263, 16.73578, 3.18803], "size": [1, 0, 1], "pivot": [1.03021, 16.06905, 2.62857], "rotation": [-50, 0, 0], "uv": [25, 24]}
					]
				},
				{
					"name": "bone31",
					"parent": "bone30",
					"pivot": [1.52263, 15.31898, 4.16505],
					"rotation": [-27.75, 0, 0],
					"cubes": [
						{"origin": [1.02263, 15.6808, 3.52672], "size": [1, 0, 3], "pivot": [1.03021, 14.81766, 3.42462], "rotation": [-50, 0, 0], "uv": [27, 23]}
					]
				},
				{
					"name": "string16",
					"parent": "rightt_straw",
					"pivot": [1.52263, 16.074, 1.0358],
					"rotation": [0, 90, 0],
					"cubes": [
						{"origin": [1.02263, 16.074, 0.0358], "size": [1, 0, 2], "uv": [0, 4]}
					]
				},
				{
					"name": "bone32",
					"parent": "string16",
					"pivot": [1.52263, 16.01598, 2.05719],
					"rotation": [-11.25, 0, 0],
					"cubes": [
						{"origin": [1.02263, 16.73578, 1.71303], "size": [1, 0, 1], "pivot": [1.03021, 16.06905, 1.15357], "rotation": [-50, 0, 0], "uv": [25, 23]}
					]
				},
				{
					"name": "bone33",
					"parent": "bone32",
					"pivot": [1.52263, 15.31898, 2.69005],
					"rotation": [-27.75, 0, 0],
					"cubes": [
						{"origin": [1.02263, 15.6808, 2.05172], "size": [1, 0, 4], "pivot": [1.03021, 14.81766, 1.94962], "rotation": [-50, 0, 0], "uv": [0, 14]}
					]
				},
				{
					"name": "leftt_straw",
					"parent": "hat",
					"pivot": [-1.52263, 16.074, -0.4392]
				},
				{
					"name": "string10",
					"parent": "leftt_straw",
					"pivot": [-1.52263, 16.074, -0.4392],
					"rotation": [0, -90, 0],
					"cubes": [
						{"origin": [-2.02263, 16.074, -1.4392], "size": [1, 0, 2], "uv": [0, 14]}
					]
				},
				{
					"name": "bone20",
					"parent": "string10",
					"pivot": [-1.52263, 16.01598, 0.58219],
					"rotation": [-11.25, 0, 0],
					"cubes": [
						{"origin": [-2.02263, 16.73578, 0.23803], "size": [1, 0, 1], "pivot": [-1.03021, 16.06905, -0.32143], "rotation": [-50, 0, 0], "uv": [16, 26]}
					]
				},
				{
					"name": "bone21",
					"parent": "bone20",
					"pivot": [-1.52263, 15.31898, 1.21505],
					"rotation": [-27.75, 0, 0],
					"cubes": [
						{"origin": [-2.02263, 15.6808, 0.57672], "size": [1, 0, 4], "pivot": [-1.03021, 14.81766, 0.47462], "rotation": [-50, 0, 0], "uv": [20, 0]}
					]
				},
				{
					"name": "string4",
					"parent": "leftt_straw",
					"pivot": [-1.52263, 16.074, 2.5108],
					"rotation": [0, -90, 0],
					"cubes": [
						{"origin": [-2.02263, 16.074, 1.5108], "size": [1, 0, 2], "uv": [0, 18]}
					]
				},
				{
					"name": "bone7",
					"parent": "string4",
					"pivot": [-1.52263, 16.01598, 3.53219],
					"rotation": [-11.25, 0, 0],
					"cubes": [
						{"origin": [-2.02263, 16.73578, 3.18803], "size": [1, 0, 1], "pivot": [-1.03021, 16.06905, 2.62857], "rotation": [-50, 0, 0], "uv": [2, 27]}
					]
				},
				{
					"name": "bone8",
					"parent": "bone7",
					"pivot": [-1.52263, 15.31898, 4.16505],
					"rotation": [-27.75, 0, 0],
					"cubes": [
						{"origin": [-2.02263, 15.6808, 3.52672], "size": [1, 0, 3], "pivot": [-1.03021, 14.81766, 3.42462], "rotation": [-50, 0, 0], "uv": [29, 24]}
					]
				},
				{
					"name": "string9",
					"parent": "leftt_straw",
					"pivot": [-1.52263, 16.074, 1.0358],
					"rotation": [0, -90, 0],
					"cubes": [
						{"origin": [-2.02263, 16.074, 0.0358], "size": [1, 0, 2], "uv": [0, 16]}
					]
				},
				{
					"name": "bone9",
					"parent": "string9",
					"pivot": [-1.52263, 16.01598, 2.05719],
					"rotation": [-11.25, 0, 0],
					"cubes": [
						{"origin": [-2.02263, 16.73578, 1.71303], "size": [1, 0, 1], "pivot": [-1.03021, 16.06905, 1.15357], "rotation": [-50, 0, 0], "uv": [0, 27]}
					]
				},
				{
					"name": "bone19",
					"parent": "bone9",
					"pivot": [-1.52263, 15.31898, 2.69005],
					"rotation": [-27.75, 0, 0],
					"cubes": [
						{"origin": [-2.02263, 15.6808, 2.05172], "size": [1, 0, 4], "pivot": [-1.03021, 14.81766, 1.94962], "rotation": [-50, 0, 0], "uv": [20, 4]}
					]
				},
				{
					"name": "bone39",
					"parent": "hat",
					"pivot": [1.99763, 16.049, -0.0608]
				},
				{
					"name": "string19",
					"parent": "bone39",
					"pivot": [0.72263, 16.049, -0.0608],
					"cubes": [
						{"origin": [0.22263, 16.049, -1.0608], "size": [1, 0, 2], "uv": [0, 0]}
					]
				},
				{
					"name": "bone40",
					"parent": "string19",
					"pivot": [0.72263, 15.99098, -1.08219],
					"rotation": [11.25, 0, 0],
					"cubes": [
						{"origin": [0.22263, 16.71078, -1.73803], "size": [1, 0, 1], "pivot": [0.23021, 16.04405, -0.17857], "rotation": [50, 0, 0], "uv": [25, 1]}
					]
				},
				{
					"name": "bone41",
					"parent": "bone40",
					"pivot": [0.72263, 15.29398, -1.71505],
					"rotation": [27.75, 0, 0],
					"cubes": [
						{"origin": [0.22263, 15.6558, -5.07672], "size": [1, 0, 4], "pivot": [0.23021, 14.79266, -0.97462], "rotation": [50, 0, 0], "uv": [0, 4]}
					]
				},
				{
					"name": "string20",
					"parent": "bone39",
					"pivot": [1.99763, 16.049, -0.0608],
					"cubes": [
						{"origin": [1.49763, 16.049, -1.0608], "size": [1, 0, 4], "uv": [2, 0]}
					]
				},
				{
					"name": "bone42",
					"parent": "string20",
					"pivot": [1.99763, 15.99098, -1.08219],
					"rotation": [11.25, 0, 0],
					"cubes": [
						{"origin": [1.49763, 16.71078, -1.73803], "size": [1, 0, 1], "pivot": [1.50521, 16.04405, -0.17857], "rotation": [50, 0, 0], "uv": [25, 0]}
					]
				},
				{
					"name": "bone43",
					"parent": "bone42",
					"pivot": [1.99763, 15.29398, -1.71505],
					"rotation": [27.75, 0, 0],
					"cubes": [
						{"origin": [1.49763, 15.6558, -5.07672], "size": [1, 0, 4], "pivot": [1.50521, 14.79266, -0.97462], "rotation": [50, 0, 0], "uv": [0, 0]}
					]
				},
				{
					"name": "bone38",
					"parent": "hat",
					"pivot": [-1.99763, 16.049, -0.0608]
				},
				{
					"name": "string18",
					"parent": "bone38",
					"pivot": [-0.77263, 16.049, -0.0608],
					"cubes": [
						{"origin": [-1.27263, 16.049, -1.0608], "size": [1, 0, 2], "uv": [0, 2]}
					]
				},
				{
					"name": "bone36",
					"parent": "string18",
					"pivot": [-0.77263, 15.99098, -1.08219],
					"rotation": [11.25, 0, 0],
					"cubes": [
						{"origin": [-1.27263, 16.71078, -1.73803], "size": [1, 0, 1], "pivot": [-0.28021, 16.04405, -0.17857], "rotation": [50, 0, 0], "uv": [25, 21]}
					]
				},
				{
					"name": "bone37",
					"parent": "bone36",
					"pivot": [-0.77263, 15.29398, -1.71505],
					"rotation": [27.75, 0, 0],
					"cubes": [
						{"origin": [-1.27263, 15.6558, -5.07672], "size": [1, 0, 4], "pivot": [-0.28021, 14.79266, -0.97462], "rotation": [50, 0, 0], "uv": [2, 4]}
					]
				},
				{
					"name": "string2",
					"parent": "bone38",
					"pivot": [-1.99763, 16.049, -0.0608],
					"cubes": [
						{"origin": [-2.49763, 16.049, -1.0608], "size": [1, 0, 4], "uv": [2, 18]}
					]
				},
				{
					"name": "bone3",
					"parent": "string2",
					"pivot": [-1.99763, 15.99098, -1.08219],
					"rotation": [11.25, 0, 0],
					"cubes": [
						{"origin": [-2.49763, 16.71078, -1.73803], "size": [1, 0, 1], "pivot": [-1.50521, 16.04405, -0.17857], "rotation": [50, 0, 0], "uv": [14, 26]}
					]
				},
				{
					"name": "bone4",
					"parent": "bone3",
					"pivot": [-1.99763, 15.29398, -1.71505],
					"rotation": [27.75, 0, 0],
					"cubes": [
						{"origin": [-2.49763, 15.6558, -5.07672], "size": [1, 0, 4], "pivot": [-1.50521, 14.79266, -0.97462], "rotation": [50, 0, 0], "uv": [0, 18]}
					]
				},
				{
					"name": "string21",
					"parent": "hat",
					"pivot": [-2.05237, 16.049, 3.0608],
					"rotation": [0, -23, 0],
					"cubes": [
						{"origin": [-2.55237, 16.049, 1.0608], "size": [1, 0, 3], "uv": [23, 5]}
					]
				},
				{
					"name": "bone44",
					"parent": "string21",
					"pivot": [-2.05237, 15.99098, 4.08219],
					"rotation": [-11.25, 0, 0],
					"cubes": [
						{"origin": [-2.55237, 16.71078, 3.73803], "size": [1, 0, 1], "pivot": [-2.54479, 16.04405, 3.17857], "rotation": [-50, 0, 0], "uv": [0, 23]}
					]
				},
				{
					"name": "bone45",
					"parent": "bone44",
					"pivot": [-2.05237, 15.29398, 4.71505],
					"rotation": [-27.75, 0, 0],
					"cubes": [
						{"origin": [-2.55237, 15.6558, 4.07672], "size": [1, 0, 3], "pivot": [-2.54479, 14.79266, 3.97462], "rotation": [-50, 0, 0], "uv": [0, 23]}
					]
				},
				{
					"name": "string22",
					"parent": "hat",
					"pivot": [2.05237, 16.049, 3.0608],
					"rotation": [0, 23, 0],
					"cubes": [
						{"origin": [1.55237, 16.049, 1.0608], "size": [1, 0, 3], "uv": [25, 5]}
					]
				},
				{
					"name": "bone46",
					"parent": "string22",
					"pivot": [2.05237, 15.99098, 4.08219],
					"rotation": [-11.25, 0, 0],
					"cubes": [
						{"origin": [1.55237, 16.71078, 3.73803], "size": [1, 0, 1], "pivot": [2.54479, 16.04405, 3.17857], "rotation": [-50, 0, 0], "uv": [0, 25]}
					]
				},
				{
					"name": "bone47",
					"parent": "bone46",
					"pivot": [2.05237, 15.29398, 4.71505],
					"rotation": [-27.75, 0, 0],
					"cubes": [
						{"origin": [1.55237, 15.6558, 4.07672], "size": [1, 0, 3], "pivot": [2.54479, 14.79266, 3.97462], "rotation": [-50, 0, 0], "uv": [14, 23]}
					]
				},
				{
					"name": "string17",
					"parent": "hat",
					"pivot": [-0.82263, 16.049, 2.7108],
					"rotation": [0, -16.75, 0],
					"cubes": [
						{"origin": [-1.32263, 16.049, 1.2108], "size": [1, 0, 3], "uv": [12, 23]}
					]
				},
				{
					"name": "bone34",
					"parent": "string17",
					"pivot": [1.42263, 15.99098, 4.23219],
					"rotation": [-11.25, 0, 0],
					"cubes": [
						{"origin": [-1.32263, 16.71078, 3.88803], "size": [1, 0, 1], "pivot": [-0.33021, 16.04405, 3.32857], "rotation": [-50, 0, 0], "uv": [23, 21]}
					]
				},
				{
					"name": "bone35",
					"parent": "bone34",
					"pivot": [1.42263, 15.29398, 4.86505],
					"rotation": [-27.75, 0, 0]
				},
				{
					"name": "string13",
					"parent": "hat",
					"pivot": [0.74763, 16.049, 2.7108],
					"rotation": [0, 16.75, 0],
					"cubes": [
						{"origin": [0.24763, 16.049, 1.2108], "size": [1, 0, 3], "uv": [27, 5]}
					]
				},
				{
					"name": "bone26",
					"parent": "string13",
					"pivot": [-1.49763, 15.99098, 4.23219],
					"rotation": [-11.25, 0, 0],
					"cubes": [
						{"origin": [0.24763, 16.71078, 3.88803], "size": [1, 0, 1], "pivot": [0.25521, 16.04405, 3.32857], "rotation": [-50, 0, 0], "uv": [0, 24]}
					]
				},
				{
					"name": "bone27",
					"parent": "bone26",
					"pivot": [-1.49763, 15.29398, 4.86505],
					"rotation": [-27.75, 0, 0]
				},
				{
					"name": "string6",
					"parent": "hat",
					"pivot": [-1.99763, 16.049, 3.0608]
				},
				{
					"name": "bone13",
					"parent": "string6",
					"pivot": [-1.99763, 15.99098, 4.08219],
					"rotation": [-11.25, 0, 0]
				},
				{
					"name": "bone14",
					"parent": "bone13",
					"pivot": [-1.99763, 15.29398, 4.71505],
					"rotation": [-27.75, 0, 0]
				},
				{
					"name": "string",
					"parent": "hat",
					"pivot": [-1, 0, -2.575]
				},
				{
					"name": "bone",
					"parent": "string",
					"pivot": [-0.025, 16.07624, 4.13778],
					"rotation": [8.5, 0, 0],
					"cubes": [
						{"origin": [-0.525, 16.074, 4.125], "size": [1, 0, 1], "pivot": [-0.025, 16.074, 4.125], "rotation": [-71, 0, 0], "uv": [14, 27]}
					]
				},
				{
					"name": "bone2",
					"parent": "bone",
					"pivot": [-0.025, 15.299, 4.625],
					"rotation": [-32.5, 0, 0]
				},
				{
					"name": "string3",
					"parent": "string",
					"pivot": [-1, 0, -2.575]
				},
				{
					"name": "bone5",
					"parent": "string3",
					"pivot": [-2, 0.999, -3.025]
				},
				{
					"name": "bone6",
					"parent": "bone5",
					"pivot": [-0.025, 15.299, 4.625],
					"rotation": [-32.5, 0, 0]
				},
				{
					"name": "string12",
					"parent": "string3",
					"pivot": [-1, 0, -2.575]
				},
				{
					"name": "bone24",
					"parent": "string12",
					"pivot": [-2, 0.999, -3.025]
				},
				{
					"name": "bone25",
					"parent": "bone24",
					"pivot": [-0.025, 15.299, 4.625],
					"rotation": [-32.5, 0, 0]
				},
				{
					"name": "string8",
					"parent": "string",
					"pivot": [-1, 0, -2.575],
					"cubes": [
						{"origin": [-0.525, 16.074, 3.125], "size": [1, 0, 1], "uv": [2, 26]}
					]
				},
				{
					"name": "bone17",
					"parent": "string8",
					"pivot": [-2, 0.999, -3.025]
				},
				{
					"name": "bone18",
					"parent": "bone17",
					"pivot": [-0.025, 15.299, 4.625],
					"rotation": [-32.5, 0, 0]
				},
				{
					"name": "string11",
					"parent": "string8",
					"pivot": [-1, 0, -2.575]
				},
				{
					"name": "bone22",
					"parent": "string11",
					"pivot": [-2, 0.999, -3.025]
				},
				{
					"name": "bone23",
					"parent": "bone22",
					"pivot": [-0.025, 15.299, 4.625],
					"rotation": [-32.5, 0, 0]
				},
				{
					"name": "hand_r2",
					"parent": "body",
					"pivot": [1.975, 12, 3.5],
					"rotation": [-29, 0, 0],
					"cubes": [
						{"origin": [1.475, 12, 2.5], "size": [1, 0, 3], "uv": [31, 8]}
					]
				},
				{
					"name": "hand_finger2",
					"parent": "hand_r2",
					"pivot": [1.975, 12, 5.475],
					"rotation": [-49.25, 0, 0],
					"cubes": [
						{"origin": [1.475, 12.01859, 5.49056], "size": [1, 0, 2], "uv": [0, 20]},
						{"origin": [2.1, 11.975, 6.1], "size": [1, 0, 1], "pivot": [1.975, 11.975, 5.475], "rotation": [0, -57.75, 0], "uv": [19, 29]},
						{"origin": [-1.025, 11.975, 9.45], "size": [1, 0, 1], "pivot": [-2.025, 11.975, 5.475], "rotation": [0, 57.75, 0], "uv": [27, 21]}
					]
				},
				{
					"name": "hand_r",
					"parent": "body",
					"pivot": [-2, 12, 3.5],
					"rotation": [-29, 0, 0],
					"cubes": [
						{"origin": [-2.5, 12, 2.5], "size": [1, 0, 3], "uv": [31, 21]}
					]
				},
				{
					"name": "hand_finger",
					"parent": "hand_r",
					"pivot": [-2, 12, 5.475],
					"rotation": [-49.25, 0, 0],
					"cubes": [
						{"origin": [-2.5, 12.01859, 5.49056], "size": [1, 0, 2], "uv": [17, 23]},
						{"origin": [-3.125, 11.975, 6.1], "size": [1, 0, 1], "pivot": [-2, 11.975, 5.475], "rotation": [0, 57.75, 0], "uv": [29, 21]},
						{"origin": [0, 11.975, 9.45], "size": [1, 0, 1], "pivot": [2, 11.975, 5.475], "rotation": [0, -57.75, 0], "uv": [21, 29]}
					]
				}
			]
		}
	]
}