{
	"head": "head",
	"portraitScale": 1.2,
	"portraitTranslation": [-0.7, 1, 0],
	"profileScale": 0.5,
	"profileTranslation": [0.2, 0.9, 0],
	"faint": "bedrock(chienpao, ground_idle)",
	"cry": "bedrock(chienpao, cry)",
	"poses": {
		"standing": {
			"poseName": "standing",
			"transformTicks": 10,
			"poseTypes": [
				"STAND",
				"NONE",
				"PORTRAIT",
				"PROFILE"
			],
			"animations": [
				"look",
				"bedrock(chienpao, ground_idle)"
			]
		},
		"walking": {
			"poseName": "walking",
			"transformTicks": 10,
			"poseTypes": [ "WALK" ],
			"animations": [ "bedrock(chienpao, ground_walk)" ]
		}
	}
}