{
  "head": "head",
  "portraitScale": 1.7,
  "portraitTranslation": [
    0.2,
    -0.2,
    0
  ],
  "profileScale": 0.8,
  "profileTranslation": [
    0,
    0.6,
    0
  ],
  "faint": "bedrock(mawilemega, faint)",
  "poses": {
    "standing": {
      "poseName": "standing",
      "transformTicks": 10,
      "poseTypes": [
        "STAND",
        "NONE",
        "PORTRAIT",
        "PROFILE"
      ],
      "animations": [
        "look",
        "bedrock(mawilemega, ground_idle)"
      ],
      "quirks": [
        {
          "name": "blink",
          "animations": ["bedrock(mawilemega, blink)"]
        }
      ]
    },
    "walking": {
      "poseName": "walking",
      "transformTicks": 10,
      "poseTypes": [
        "WALK"
      ],
      "animations": [
        "bedrock(mawilemega, ground_walk)"
      ]
    }
  }
}