{
    "head": "head",
    "portraitScale": 1,
    "portraitTranslation": [ -0.8, 4.5, 0 ],
    "profileScale": 0.3,
    "profileTranslation": [ 0, 1.4, 0 ],
    "faint": "bedrock(arceus, faint)",
    "cry": "bedrock(arceus, cry)",
    "poses": {
      "battle-idle": {
        "poseName": "battle-idle",
        "transformTicks": 10,
        "poseTypes": ["STAND"],
        "isBattle": true,
        "isTouchingWater": false,
        "transformedParts": [
        ],
        "animations":[
          "bedrock(arceus, battle_idle)"],
        "quirks": [
          {
            "name": "blink",
            "animations": ["bedrock(arceus, blink)"]
          }
        ]       
      },
      "standing": {
        "poseName": "standing",
        "transformTicks": 10,
        "poseTypes": [
          "STAND",
          "NONE",
          "PORTRAIT",
          "PROFILE"
        ],
        "animations": [
          "bedrock(arceus, ground_idle)"],
        "quirks": [
          {
            "name": "blink",
            "animations": ["bedrock(arceus, blink)"]
          }
        ]
      },
      "walking": {
        "poseName": "walking",
        "transformTicks": 10,
        "poseTypes": [ "WALK" ],
        "animations": [   
          "bedrock(arceus, ground_walk)" ],
        "quirks": [
          {
            "name": "blink",
            "animations": ["bedrock(arceus, blink)"]
          }
        ]
      },
      "hovering": {
        "poseName": "hovering",
        "transformTicks": 10,
        "poseTypes": [ "HOVER" ],
        "animations": [   
          "bedrock(arceus, air_idle)" ],
        "quirks": [
          {
            "name": "blink",
            "animations": ["bedrock(arceus, blink)"]
          }
        ]
      },
      "flying": {
        "poseName": "flying",
        "transformTicks": 10,
        "poseTypes": [ "FLY" ],
        "animations": [   
          "bedrock(arceus, air_fly)" ],
        "quirks": [
          {
            "name": "blink",
            "animations": ["bedrock(arceus, blink)"]
          }
        ]
      },
      "swimming": {
        "poseName": "swimming",
        "transformTicks": 10,
        "poseTypes": [ "SWIM" ],
        "animations": [   
          "bedrock(arceus, ground_walk)" ],
        "quirks": [
          {
            "name": "blink",
            "animations": ["bedrock(arceus, blink)"]
          }
        ]
      },
      "floating": {
        "poseName": "floating",
        "transformTicks": 10,
        "poseTypes": [ "FLOAT" ],
        "animations": [   
          "bedrock(arceus, ground_walk)" ],
        "quirks": [
          {
            "name": "blink",
            "animations": ["bedrock(arceus, blink)"]
          }
        ]
      },
      "sleeping": {
        "poseName": "sleeping",
        "transformTicks": 10,
        "poseTypes": [ "SLEEP" ],
        "animations": [   
          "bedrock(arceus, sleep)" ]
      }
    }
}