{
    "head": "head",
    "portraitScale": 1.5,
    "portraitTranslation": [ 0, 1, 0 ],
    "profileScale": 1,
    "profileTranslation": [ 0, 1, 0 ],
    "faint": "bedrock(armoredmewtwo, faint)",
    "poses": {
      "standing": {
        "poseName": "standing",
        "transformTicks": 10,
        "poseTypes": [
          "STAND",
          "NONE",
          "PORTRAIT",
          "PROFILE"
        ],
        "animations": [ "bedrock(armoredmewtwo, ground_idle)" ]
      },
      "walking": {
        "poseName": "walking",
        "transformTicks": 10,
        "poseTypes": [ "WALK" ],
        "animations": [ "bedrock(armoredmewtwo, ground_walk)" ]

      },
      "flying": {
        "poseName": "flying",
        "transformTicks": 10,
        "poseTypes": [ "FLY" ],
        "animations": [ "bedrock(armoredmewtwo, air_fly)" ]

      },
      "hovering": {
        "poseName": "hovering",
        "transformTicks": 10,
        "poseTypes": [ "HOVER" ],
        "animations": [ "bedrock(armoredmewtwo, air_fly)" ]

      }
    }
  }