{
  "head": "head",
  "portraitScale": 0.5,
  "portraitTranslation": [ 
	0,
	3.40,
	0
  ],
  "profileScale": 0.2,
  "profileTranslation": [
	0,
	1.70,
	0 
  ],
  "faint": "bedrock(foxy, faint)",
  "poses": {
    "standing": {
      "poseName": "standing",
      "transformTicks": 10,
      "poseTypes": [
        "STAND",
        "NONE",
        "PORTRAIT",
        "PROFILE"
      ],
      "animations": [
        "bedrock(foxy, ground_idle)"
      ]
    },
    "walking": {
      "poseName": "walking",
      "transformTicks": 10,
      "poseTypes": [
	"WALK"
      ],
      "animations": [ "bedrock(foxy, ground_walk)"
      ]
    }
  }
}