{
    "head": "head",
    "portraitScale": 0.7,
    "portraitTranslation": [ -0.3, 1.7, 0 ],
    "profileScale": 0.4,
    "profileTranslation": [ 0, 1.1, 0 ],
    "poses": {
      "standing": {
        "poseName": "standing",
        "transformTicks": 10,
        "poseTypes": [
          "STAND",
          "NONE",
          "PORTRAIT",
          "PROFILE",
          "FLOAT",
          "SWIM"
        ],
        "animations": [
          "look",
          "bedrock(haxorus, ground_idle)"
        ],
        "quirks": [
          {
            "name": "blink",
            "animations": ["bedrock(haxorus, blink)"],
            "maxSecondsBetweenOccurrences": 60
          }
        ]
      },
      "walking": {
        "poseName": "walking",
        "transformTicks": 10,
        "poseTypes": [ "WALK" ],
        "animations": [ "bedrock(haxorus, ground_walk)" ],
        "quirks": [
          {
            "name": "blink",
            "animations": ["bedrock(haxorus, blink)"],
            "maxSecondsBetweenOccurrences": 60
          }
        ]
      },
      "sleeping": {
        "poseName": "sleeping",
        "transformTicks": 10,
        "poseTypes": ["SLEEP"],
        "animations": ["bedrock(haxorus, sleep)"]
      }
    }
}