{
  "head": "head",
  "portraitScale": 2,
  "portraitTranslation": [0, -0.3, 0],
  "profileScale": 0.8,
  "profileTranslation": [0, 0.4, 0],
  "faint": "bedrock(ironbundle, faint)",
  "poses": {
    "standing": {
      "poseName": "standing",
      "transformTicks": 5,
      "poseTypes": [ "STAND", "NONE", "PORTRAIT", "PROFILE", "FLOAT" ],
      "animations": [ "look", "bedrock(ironbundle, ground_idle)" ],
      "quirks": [
        {
          "name": "blink",
          "animations": [ "bedrock(ironbundle, blink)" ]
        },
	{
          "name": "headspin",
          "animations": [ "bedrock(ironbundle, headspin)" ]
        }
      ]
    },
    "walking": {
      "poseName": "walking",
      "transformTicks": 5,
      "poseTypes": [ "WALK", "SWIM" ],
      "animations": [
        "look",
        "bedrock(ironbundle, ground_walk)"
      ],
      "quirks": [
        {
          "name": "blink",
          "animations": [ "bedrock(ironbundle, blink)" ]
        }
      ]
    },
    "sleeping": {
      "poseName": "sleeping",
      "transformTicks": 10,
      "poseTypes": [ "SLEEP" ],
      "animations": [ "bedrock(ironbundle, sleep)" ]
    }
  }
}
