{
    "head": "head",
    "portraitScale": 1.5,
    "portraitTranslation": [ 0, 1, 0 ],
    "profileScale": 0.7,
    "profileTranslation": [ 0, 0.7, 0 ],
    "faint": "bedrock(ironchamp, faint)",
    "poses": {
      "standing": {
        "poseName": "standing",
        "transformTicks": 10,
        "poseTypes": [
          "STAND",
          "NONE",
          "PORTRAIT",
          "PROFILE"
        ],
        "animations": [ "bedrock(ironchamp, ground_idle)" ],
        "quirks": [
          {
            "name": "blink",
            "animations": ["bedrock(ironchamp, blink)"]
          }
        ]
      },
      "walking": {
        "poseName": "walking",
        "transformTicks": 10,
        "poseTypes": [ "WALK" ],
        "animations": [ "bedrock(ironchamp, ground_walk)" ],
        "quirks": [
          {
            "name": "blink",
            "animations": ["bedrock(ironchamp, blink)"]
          }
        ]
      }
    }
  }