{
  "portraitScale": 1.1,
  "portraitTranslation": [ 
    -0.9,
    0.3,
    0
  ],
  "profileScale": 0.55,
  "profileTranslation": [
    -0.05,
    0.8,
    0 
  ],
  "faint": "bedrock(kyurem, faint)",
  "poses": {
    "standing": {
      "poseName": "standing",
      "transformTicks": 10,
      "poseTypes": [
        "STAND",
        "NONE",
        "PORTRAIT",
        "PROFILE"
      ],
      "animations": [
        "bedrock(kyurem, ground_idle)"
      ]
    },
    "walking": {
      "poseName": "walking",
      "transformTicks": 10,
      "poseTypes": [
    "WALK"
      ],
      "animations": [ "bedrock(kyurem, ground_walk)"
      ]
    }
  }
}