{
  "head": "head",
  "portraitScale": 0.9,
  "portraitTranslation": [ 
  -0.80,
  2,
	0
  ],
  "profileScale": 0.5,
  "profileTranslation": [
	0,
	1.25,
	0 
  ],
  "faint": "bedrock(latias, faint)",
  "poses": {
    "standing": {
      "poseName": "standing",
      "transformTicks": 10,
      "poseTypes": [
        "STAND",
        "NONE",
        "PORTRAIT",
        "PROFILE"
      ],
      "animations": [
        "bedrock(latias, ground_idle)"
      ]
    },
    "walking": {
      "poseName": "walking",
      "transformTicks": 10,
      "poseTypes": [ "WALK" ],
      "animations": [ 
        "bedrock(latias, ground_walk)"
      ]
    },
    "hovering": {
      "poseName": "hovering",
      "transformTicks": 10,
      "poseTypes": [ "HOVER" ],
      "animations": [   
        "bedrock(latias, ground_idle)" ]
    },
    "flying": {
      "poseName": "flying",
      "transformTicks": 10,
      "poseTypes": [ "FLY" ],
      "animations": [   
        "bedrock(latias, ground_walk)" ]
    }
  }
}