{
  "head": "head",
  "portraitScale": 1.25,
  "portraitTranslation": [
    0,
    1.7,
    0
  ],
  "profileScale": 0.5,
  "profileTranslation": [
    0,
    1,
    0
  ],
  "faint": "bedrock(lopunnymega, faint)",
  "poses": {
    "standing": {
      "poseName": "standing",
      "transformTicks": 10,
      "poseTypes": [
        "STAND",
        "NONE",
        "PORTRAIT",
        "PROFILE"
      ],
      "animations": [
        "look",
        "bedrock(lopunnymega, ground_idle)"
      ]
    },
    "walking": {
      "poseName": "walking",
      "transformTicks": 10,
      "poseTypes": [
        "WALK"
      ],
      "animations": [
        "bedrock(lopunnymega, ground_walk)"
      ]
    }
  }
}