{
  "head": "head",
  "portraitScale": 1.6,
  "portraitTranslation": [ 0, 1.4, 0 ],
  "profileScale": 0.7,
  "profileTranslation": [ 0, 0.8, 0 ],
  "faint": "bedrock(megablastoise, faint)",
  "cry": "bedrock(megablastoise, cry)",
  "poses": {
    "battle-idle": {
      "poseName": "battle-idle",
      "transformTicks": 10,
      "poseTypes": ["STAND"],
      "isBattle": true,
      "isTouchingWater": false,
      "transformedParts": [
      ],
      "animations":[
        "bedrock(megablastoise, battle_idle)"],
      "quirks": [
        {
          "name": "blink",
          "animations": ["bedrock(megablastoise, blink)"]
        }
      ]       
    },
    "standing": {
      "poseName": "standing",
      "transformTicks": 10,
      "poseTypes": [
        "STAND",
        "NONE",
        "PORTRAIT",
        "PROFILE"
      ],
      "animations": [
        "look",
        "bedrock(megablastoise, ground_idle)"],
      "quirks": [
        {
          "name": "blink",
          "animations": ["bedrock(megablastoise, blink)"]
        }
      ]
    },
    "walking": {
      "poseName": "walking",
      "transformTicks": 10,
      "poseTypes": [ "WALK" ],
      "animations": [   
        "look",
        "bedrock(megablastoise, ground_walk)" ],
      "quirks": [
        {
          "name": "blink",
          "animations": ["bedrock(megablastoise, blink)"]
        }
      ]
    },
    "swimming": {
      "poseName": "swimming",
      "transformTicks": 10,
      "poseTypes": [ "SWIM" ],
      "animations": [   
        "look",
        "bedrock(megablastoise, ground_walk)" ],
      "quirks": [
        {
          "name": "blink",
          "animations": ["bedrock(megablastoise, blink)"]
        }
      ]
    },
    "floating": {
      "poseName": "floating",
      "transformTicks": 10,
      "poseTypes": [ "FLOAT" ],
      "animations": [   
        "look",
        "bedrock(megablastoise, ground_walk)" ],
      "quirks": [
        {
          "name": "blink",
          "animations": ["bedrock(megablastoise, blink)"]
        }
      ]
    },
    "sleeping": {
      "poseName": "sleeping",
      "transformTicks": 10,
      "poseTypes": [ "SLEEP" ],
      "animations": [   
        "bedrock(megablastoise, sleep)" ]
    }
  }
}