{
  "head": "head",
  "portraitScale": 1.6,
  "portraitTranslation": [ 0, 1.4, 0 ],
  "profileScale": 0.7,
  "profileTranslation": [ 0, 0.8, 0 ],
  "faint": "bedrock(megabeedrill, faint)",
  "cry": "bedrock(megabeedrill, cry)",
  "poses": {
    "battle-idle": {
      "poseName": "battle-idle",
      "transformTicks": 10,
      "poseTypes": ["STAND"],
      "isBattle": true,
      "isTouchingWater": false,
      "transformedParts": [
      ],
      "animations":[
        "look",
        "bedrock(megabeedrill, battle_idle)"],
      "quirks": []       
    },
    "standing": {
      "poseName": "standing",
      "transformTicks": 10,
      "poseTypes": [
        "STAND",
        "NONE",
        "PORTRAIT",
        "PROFILE"
      ],
      "animations": [
        "look",
        "bedrock(megabeedrill, air_idle)"],
      "quirks": []
    },
    "walking": {
      "poseName": "walking",
      "transformTicks": 10,
      "poseTypes": [ "WALK" ],
      "animations": [   
        "look",
        "bedrock(megabeedrill, air_fly)" ],
      "quirks": []
    },
    "hovering": {
      "poseName": "hovering",
      "transformTicks": 10,
      "poseTypes": [ "HOVER" ],
      "animations": [   
        "look",
        "bedrock(megabeedrill, air_idle)" ],
      "quirks": []
    },
    "flying": {
      "poseName": "flying",
      "transformTicks": 10,
      "poseTypes": [ "FLY" ],
      "animations": [  
        "look", 
        "bedrock(megabeedrill, air_fly)" ],
      "quirks": []
    },
    "sleeping": {
      "poseName": "sleeping",
      "transformTicks": 10,
      "poseTypes": [ "SLEEP" ],
      "animations": [   
        "bedrock(megabeedrill, sleep)" ]
    }
  }
}