{
    "head": "head",
    "portraitScale": 1.8,
    "portraitTranslation": [ -2.5, 2.2, 0 ],
    "profileScale": 0.3,
    "profileTranslation": [ 0.05, 1.2, 0 ],
    "faint": "bedrock(megasalamence, sleep)",
    "poses": {

      "standing": {
        "poseName": "standing",
        "transformTicks": 10,
        "poseTypes": [
          "STAND",
          "NONE",
          "PORTRAIT",
          "PROFILE"
        ],
        "animations": [
          "look",
          "bedrock(megasalamence, ground_idle)"
        ],
        "quirks": [
          {
            "name": "blink",
            "animations": ["bedrock(megasalamence, blink)"]
          }
        ]
      },

      "walking": {
        "poseName": "walking",
        "transformTicks": 10,
        "poseTypes": [ "WALK" ],
        "animations": [ 
          "look",
          "bedrock(megasalamence, ground_walk)"
        ],
        "quirks": [
          {
            "name": "blink",
            "animations": ["bedrock(megasalamence, blink)"]
          }
        ]
      },

      "flying": {
        "poseName": "flying",
        "transformTicks": 10,
        "poseTypes": [
          "FLY"
        ],
        "animations": [
          "look",
          "bedrock(megasalamence, air_fly)"
        ],
        "quirks": [
          {
            "name": "blink",
            "animations": ["bedrock(megasalamence, blink)"]
          }
        ]
      },

      "hovering": {
        "poseName": "hovering",
        "transformTicks": 10,
        "poseTypes": [
          "HOVER"
        ],
        "animations": [
          "look",
          "bedrock(megasalamence, air_idle)"
        ],
        "quirks": [
          {
            "name": "blink",
            "animations": ["bedrock(megasalamence, blink)"]
          }
        ]
      }
    }
  }