{
  "head": "head",
  "portraitScale": 1.2,
  "portraitTranslation": [ -0.5, 3.5, 0 ],
  "profileScale": 0.4,
  "profileTranslation": [ 0, 1.6, 0 ],
  "faint": "bedrock(megadiancie, faint)",
  "poses": {
    "standing": {
      "poseName": "standing",
      "transformTicks": 10,
      "poseTypes": [
        "STAND",
        "NONE",
        "PORTRAIT",
        "PROFILE"
      ],
      "animations": [
        "bedrock(megadiancie, ground_idle)"],
      "quirks": [
        {
          "name": "blink",
          "animations": ["bedrock(megadiancie, blink)"]
        }
      ]
    },
    "walking": {
      "poseName": "walking",
      "transformTicks": 10,
      "poseTypes": [ "WALK" ],
      "animations": [   
        "bedrock(megadiancie, ground_walk)" ],
      "quirks": [
        {
          "name": "blink",
          "animations": ["bedrock(megadiancie, blink)"]
        }
      ]
    },
    "hovering": {
      "poseName": "hovering",
      "transformTicks": 10,
      "poseTypes": [ "HOVER" ],
      "animations": [   
        "bedrock(megadiancie, ground_idle)" ],
      "quirks": [
        {
          "name": "blink",
          "animations": ["bedrock(megadiancie, blink)"]
        }
      ]
    },
    "flying": {
      "poseName": "flying",
      "transformTicks": 10,
      "poseTypes": [ "FLY" ],
      "animations": [
        "bedrock(megadiancie, ground_walk)" ],
      "quirks": [
        {
          "name": "blink",
          "animations": ["bedrock(megadiancie, blink)"]
        }
      ]
    }
  }
}