{
  "head": "head",
  "portraitScale": 1.6,
  "portraitTranslation": [ 0, 1.4, 0 ],
  "profileScale": 0.7,
  "profileTranslation": [ 0, 0.8, 0 ],
  "faint": "bedrock(megagallade, faint)",
  "cry": "bedrock(megagallade, cry)",
  "poses": {
    "battle-idle": {
      "poseName": "battle-idle",
      "transformTicks": 10,
      "poseTypes": ["STAND"],
      "isBattle": true,
      "isTouchingWater": false,
      "transformedParts": [
      ],
      "animations":[
        "bedrock(megagallade, battle_idle)"],
      "quirks": [
        {
          "name": "blink",
          "animations": ["bedrock(megagallade, blink)"]
        }
      ]       
    },
    "standing": {
      "poseName": "standing",
      "transformTicks": 10,
      "poseTypes": [
        "STAND",
        "NONE",
        "PORTRAIT",
        "PROFILE"
      ],
      "animations": [
        "bedrock(megagallade, ground_idle)"],
      "quirks": [
        {
          "name": "blink",
          "animations": ["bedrock(megagallade, blink)"]
        }
      ]
    },
    "walking": {
      "poseName": "walking",
      "transformTicks": 10,
      "poseTypes": [ "WALK" ],
      "animations": [   
        "bedrock(megagallade, ground_walk)" ],
      "quirks": [
        {
          "name": "blink",
          "animations": ["bedrock(megagallade, blink)"]
        }
      ]
    },
    "sleeping": {
      "poseName": "sleeping",
      "transformTicks": 10,
      "poseTypes": [ "SLEEP" ],
      "animations": [   
        "bedrock(megagallade, sleep)" ]
    }
  }
}