{
  "head": "head",
  "portraitScale": 0.7,
  "portraitTranslation": [ 0, 0.7, 0 ],
  "profileScale": 0.7,
  "profileTranslation": [ 0, 0.5, 0 ],
  "faint": "bedrock(megagengar, faint)",
  "poses": {
    "standing": {
      "poseName": "standing",
      "transformTicks": 10,
      "poseTypes": [
        "STAND",
        "NONE",
        "PORTRAIT",
        "PROFILE"
      ],
      "animations": [ "bedrock(megagengar, ground_idle)" ],
      "quirks": [
        {
          "name": "blink",
          "animations": ["bedrock(megagengar, blink)"]
        }
      ]
    },
    "walking": {
      "poseName": "walking",
      "transformTicks": 10,
      "poseTypes": [ "WALK" ],
      "animations": [ "bedrock(megagengar, ground_walk)" ],
      "quirks": [
        {
          "name": "blink",
          "animations": ["bedrock(megagengar, blink)"]
        }
      ]
    },
    "flying": {
      "poseName": "flying",
      "transformTicks": 10,
      "poseTypes": [ "FLY" ],
      "animations": [ "bedrock(megagengar, air_fly)" ],
      "quirks": [
        {
          "name": "blink",
          "animations": ["bedrock(megagengar, blink)"]
        }
      ]
    },
    "hovering": {
      "poseName": "hovering",
      "transformTicks": 10,
      "poseTypes": [ "HOVER" ],
      "animations": [ "bedrock(megagengar, air_fly)" ],
      "quirks": [
        {
          "name": "blink",
          "animations": ["bedrock(megagengar, blink)"]
        }
      ]
    }
  }
}