{
  "portraitScale": 1.4,
  "portraitTranslation": [-0.3, 1.5, 0],
  "profileScale": 0.7,
  "profileTranslation": [0, 1, 0],
  "faint": "bedrock(megametagross, faint)",
  "poses": {
    "standing": {
      "poseName": "standing",
      "transformTicks": 10,
      "poseTypes": ["STAND", "NONE", "PORTRAIT", "PROFILE", "FLOAT"],
      "animations": [
        "bedrock(megametagross, ground_idle)"
      ]
    },
    "walking": {
      "poseName": "walking",
      "transformTicks": 10,
      "poseTypes": ["WALK"],
      "animations": [
        "bedrock(megametagross, ground_walk)"
      ]
    },
    "flying": {
        "poseName": "flying",
        "transformTicks": 10,
        "poseTypes": [
          "FLY"
        ],
        "animations": [
          "bedrock(megametagross, air_fly)"
        ]
      },

      "hovering": {
        "poseName": "hovering",
        "transformTicks": 10,
        "poseTypes": [
          "HOVER"
        ],
        "animations": [
          "bedrock(megametagross, air_idle)"
        ]
      }
    }
}