{
  "head": "head",
  "portraitScale": 1.6,
  "portraitTranslation": [ 0, 1.4, 0 ],
  "profileScale": 0.7,
  "profileTranslation": [ 0, 0.8, 0 ],
  "cry": "bedrock(megagardevoir, cry)",
  "poses": {
    "standing": {
      "poseName": "standing",
      "transformTicks": 10,
      "poseTypes": [
        "STAND",
        "NONE",
        "PORTRAIT",
        "PROFILE"
      ],
      "animations": [
        "bedrock(megagardevoir, ground_idle)"],
      "quirks": [
        {
          "name": "blink",
          "animations": ["bedrock(megagardevoir, blink)"]
        }
      ]
    },
    "walking": {
      "poseName": "walking",
      "transformTicks": 10,
      "poseTypes": [ "WALK" ],
      "animations": [   
        "bedrock(megagardevoir, ground_idle)" ],
      "quirks": [
        {
          "name": "blink",
          "animations": ["bedrock(megagardevoir, blink)"]
        }
      ]
    }
  }
}