{
    "head": "head",
    "portraitScale": 0.9,
    "portraitTranslation": [-0.4, 1.6, 0 ],
    "profileScale": 0.5,
    "profileTranslation": [ 0, 1.1, 0 ],
    "faint": "bedrock(miraidon, faint)",
    "poses": {
      "battle-idle": {
        "poseName": "battle-idle",
        "transformTicks": 10,
        "poseTypes": ["STAND"],
        "isBattle": true,
        "isTouchingWater": false,
        "transformedParts": [
        ],
        "animations":[
          "bedrock(miraidon, battle_idle)"],
        "quirks": [
          {
            "name": "blink",
            "animations": ["bedrock(miraidon, blink)"]
          }
        ]       
      },
      "standing": {
        "poseName": "standing",
        "transformTicks": 10,
        "poseTypes": [
          "STAND",
          "NONE",
          "PORTRAIT",
          "PROFILE"
        ],
        "animations": [
          "bedrock(miraidon, ground_idle)"],
        "quirks": [
          {
            "name": "blink",
            "animations": ["bedrock(miraidon, blink)"]
          }
        ]
      },
      "walking": {
        "poseName": "walking",
        "transformTicks": 10,
        "poseTypes": [ "WALK" ],
        "animations": [   
          "bedrock(miraidon, ground_walk)" ],
        "quirks": [
          {
            "name": "blink",
            "animations": ["bedrock(miraidon, blink)"]
          }
        ]
      },
      "hovering": {
        "poseName": "hovering",
        "transformTicks": 10,
        "poseTypes": [ "HOVER" ],
        "animations": [   
          "bedrock(miraidon, air_idle)" ],
        "quirks": [
          {
            "name": "blink",
            "animations": ["bedrock(miraidon, blink)"]
          }
        ]
      },
      "flying": {
        "poseName": "flying",
        "transformTicks": 10,
        "poseTypes": [ "FLY" ],
        "animations": [   
          "bedrock(miraidon, air_fly)" ],
        "quirks": [
          {
            "name": "blink",
            "animations": ["bedrock(miraidon, blink)"]
          }
        ]
      },
      "swimming": {
        "poseName": "swimming",
        "transformTicks": 10,
        "poseTypes": [ "SWIM" ],
        "animations": [   
          "bedrock(miraidon, ground_walk)" ],
        "quirks": [
          {
            "name": "blink",
            "animations": ["bedrock(miraidon, blink)"]
          }
        ]
      },
      "floating": {
        "poseName": "floating",
        "transformTicks": 10,
        "poseTypes": [ "FLOAT" ],
        "animations": [   
          "bedrock(miraidon, ground_walk)" ],
        "quirks": [
          {
            "name": "blink",
            "animations": ["bedrock(miraidon, blink)"]
          }
        ]
     }
  }
}