{
  "head": "head",
  "portraitScale": 1.2,
  "portraitTranslation": [ 0, 4, 0 ],
  "profileScale": 0.35,
  "profileTranslation": [ 0, 1.5, 0 ],
  "faint": "bedrock(mysticara, faint)",
  "poses": {
    "battle-idle": {
      "poseName": "battle-idle",
      "transformTicks": 10,
      "poseTypes": ["STAND"],
      "isBattle": true,
      "isTouchingWater": false,
      "transformedParts": [
      ],
      "animations":[
        "bedrock(mysticara, battle_idle)"],
      "quirks": []       
    },
    "standing": {
      "poseName": "standing",
      "transformTicks": 10,
      "poseTypes": [
        "STAND",
        "NONE",
        "PORTRAIT",
        "PROFILE"
      ],
      "animations": [
        "bedrock(mysticara, ground_idle)"],
      "quirks": []
    },
    "walking": {
      "poseName": "walking",
      "transformTicks": 10,
      "poseTypes": [ "WALK" ],
      "animations": [   
        "bedrock(mysticara, ground_walk)" ],
      "quirks": []
    },
    "hovering": {
      "poseName": "hovering",
      "transformTicks": 10,
      "poseTypes": [ "HOVER" ],
      "animations": [   
        "bedrock(mysticara, ground_idle)" ],
      "quirks": []
    },
    "flying": {
      "poseName": "flying",
      "transformTicks": 10,
      "poseTypes": [ "FLY" ],
      "animations": [   
        "bedrock(mysticara, ground_walk)" ],
      "quirks": []
    }
  }
}