{
	"format_version": "1.8.0",
	"animations": {
		"animation.arcanine_hisuian.ground_idle": {
			"loop": true,
			"bones": {
				"body": {
					"position": [0, -0.5, 0]
				},
				"upper_torso": {
					"rotation": [-2.5, 0, 0]
				},
				"neck": {
					"rotation": [5, 0, 0]
				},
				"left_thigh": {
					"rotation": [-5, 0, 0]
				},
				"left_knee": {
					"rotation": [5, 0, 0]
				},
				"right_thigh": {
					"rotation": [-5, 0, 0]
				},
				"right_knee": {
					"rotation": [5, 0, 0]
				},
				"left_shoulder": {
					"rotation": [5, 0, 0]
				},
				"left_elbow": {
					"rotation": [-10, 0, 0]
				},
				"left_frontpaw": {
					"rotation": [5, 0, 0]
				},
				"right_shoulder": {
					"rotation": [5, 0, 0]
				}
			}
		},
		"animation.arcanine_hisuian.ground_walk": {
			"loop": true,
			"animation_length": 1,
			"bones": {
				"chest": {
					"rotation": ["-2.5+Math.cos((query.anim_time) * 90 * 4*2) * 2", 0, "0+Math.cos((query.anim_time) * 90 * 4) * -6"],
					"position": [0, 0.3, 0]
				},
				"leg_front_left": {
					"rotation": {
						"0.0": [-21, 0, 0],
						"0.0833": [-18.08, 0, 0],
						"0.4167": [26.21, 0, 0],
						"0.5": [30, 0, 0],
						"0.6667": [26.21, 0, 0],
						"0.9167": [-18.08, 0, 0],
						"1.0": [-21, 0, 0]
					},
					"position": {
						"0.0": [0, 0, 0],
						"0.2083": [0, 1.25, 0],
						"0.4167": [0, 0, 0],
						"0.625": {
							"pre": [0, 1.25, 0],
							"post": [0, 1.25, 0],
							"lerp_mode": "catmullrom"
						},
						"0.7083": {
							"post": [0, 1.5, 0],
							"lerp_mode": "catmullrom"
						},
						"0.7917": {
							"post": [0, 1.25, 0],
							"lerp_mode": "catmullrom"
						},
						"0.9167": {
							"post": [0, 0.21, 0],
							"lerp_mode": "catmullrom"
						},
						"1.0": [0, 0, 0]
					}
				},
				"leg_front_left2": {
					"rotation": {
						"0.0": [-12.5, 0, 0],
						"0.2083": [-3.12, 0, 0],
						"0.5": [-17, 0, 0],
						"0.5833": [-18.75, 0, 0],
						"0.7917": [-40, 0, 0],
						"1.0": [-12.5, 0, 0]
					}
				},
				"foot_front_left": {
					"rotation": {
						"0.0": [22.5, 0, 0],
						"0.0417": [35, 0, 0],
						"0.2083": [10, 0, 0],
						"0.375": [-5, 0, 0],
						"0.5417": [7.5, 0, 0],
						"0.75": [55, 0, 0],
						"0.9167": [15.42, 0, 0],
						"1.0": [22.5, 0, 0]
					}
				},
				"leg_front_right": {
					"rotation": {
						"0.0": [30, 0, 0],
						"0.1667": [26.21, 0, 0],
						"0.4167": [-18.08, 0, 0],
						"0.5": [-21, 0, 0],
						"0.5833": [-18.08, 0, 0],
						"0.9167": [26.21, 0, 0],
						"1.0": [30, 0, 0]
					},
					"position": {
						"0.0": {
							"post": [0, 0.21, 0],
							"lerp_mode": "catmullrom"
						},
						"0.125": {
							"post": [0, 1.25, 0],
							"lerp_mode": "catmullrom"
						},
						"0.2083": {
							"post": [0, 1.5, 0],
							"lerp_mode": "catmullrom"
						},
						"0.2917": {
							"post": [0, 1.25, 0],
							"lerp_mode": "catmullrom"
						},
						"0.4167": {
							"post": [0, 0.21, 0],
							"lerp_mode": "catmullrom"
						},
						"0.5": [0, 0, 0],
						"0.7083": [0, 1.25, 0],
						"0.9167": [0, 0, 0],
						"1.0": [0, 0.21, 0]
					}
				},
				"leg_front_right2": {
					"rotation": {
						"0.0": [-17, 0, 0],
						"0.0833": [-18.75, 0, 0],
						"0.2917": [-40, 0, 0],
						"0.5": [-12.5, 0, 0],
						"0.7083": [-3.12, 0, 0],
						"1.0": [-17, 0, 0]
					}
				},
				"foot_front_right": {
					"rotation": {
						"0.0": [4.38, 0, 0],
						"0.0417": [7.5, 0, 0],
						"0.25": [55, 0, 0],
						"0.5": [22.5, 0, 0],
						"0.5417": [35, 0, 0],
						"0.7083": [10, 0, 0],
						"0.875": [-5, 0, 0],
						"1.0": [4.38, 0, 0]
					}
				},
				"ear_left": {
					"rotation": ["15+Math.cos((query.anim_time) * 90 * 4*2) * 4", 12.5, 0]
				},
				"ear_right": {
					"rotation": ["15+Math.cos((query.anim_time) * 90 * 4*2) * 4", -12.5, 0]
				},
				"body_fur_left": {
					"rotation": [15, 0, 0]
				},
				"body_fur_right": {
					"rotation": [15, 0, 0]
				},
				"leg_back_left": {
					"rotation": {
						"0.0": [26.5, 0, 0],
						"0.1667": [22.71, 0, 0],
						"0.4167": [-15.08, 0, 0],
						"0.5": [-18, 0, 0],
						"0.5833": [-15.08, 0, 0],
						"0.9167": [22.71, 0, 0],
						"1.0": [26.5, 0, 0]
					},
					"position": {
						"0.0": {
							"post": [0, 0.21, 0],
							"lerp_mode": "catmullrom"
						},
						"0.125": {
							"post": [0, 0.55, 0],
							"lerp_mode": "catmullrom"
						},
						"0.2083": {
							"post": [0, 0.6, 0],
							"lerp_mode": "catmullrom"
						},
						"0.2917": {
							"post": [0, 0.75, 0],
							"lerp_mode": "catmullrom"
						},
						"0.4167": {
							"post": [0, 0.21, 0],
							"lerp_mode": "catmullrom"
						},
						"0.5": [0, 0, 0],
						"0.7083": [0, 0.2, 0],
						"0.9167": [0, 0, 0],
						"1.0": [0, 0.21, 0]
					}
				},
				"leg_back_left2": {
					"rotation": {
						"0.0": {
							"post": [-9.5, 0, 0],
							"lerp_mode": "catmullrom"
						},
						"0.125": {
							"post": [-35.75, 0, 0],
							"lerp_mode": "catmullrom"
						},
						"0.25": [-48.75, 0, 0],
						"0.4167": [-21, 0, 0],
						"0.5": [-12.5, 0, 0],
						"0.7083": [-15.62, 0, 0],
						"1.0": [-9.5, 0, 0]
					}
				},
				"foot_back_left": {
					"rotation": {
						"0.0": [4.38, 0, 0],
						"0.0417": [7.5, 0, 0],
						"0.25": [55, 0, 0],
						"0.375": [13.75, 0, 0],
						"0.5": [35, 0, 0],
						"0.7083": [10, 0, 0],
						"0.875": [-5, 0, 0],
						"1.0": [4.38, 0, 0]
					}
				},
				"leg_back_right": {
					"rotation": {
						"0.0": [-18, 0, 0],
						"0.0833": [-15.08, 0, 0],
						"0.4167": [22.71, 0, 0],
						"0.5": [26.5, 0, 0],
						"0.6667": [22.71, 0, 0],
						"0.9167": [-15.08, 0, 0],
						"1.0": [-18, 0, 0]
					},
					"position": {
						"0.0": [0, 0, 0],
						"0.4167": [0, 0, 0],
						"0.5": {
							"pre": [0, 0.21, 0],
							"post": [0, 0.21, 0],
							"lerp_mode": "catmullrom"
						},
						"0.625": {
							"post": [0, 0.65, 0],
							"lerp_mode": "catmullrom"
						},
						"0.7083": {
							"post": [0, 0.6, 0],
							"lerp_mode": "catmullrom"
						},
						"0.7917": {
							"post": [0, 0.65, 0],
							"lerp_mode": "catmullrom"
						},
						"0.9167": {
							"post": [0, 0.21, 0],
							"lerp_mode": "catmullrom"
						},
						"1.0": [0, 0, 0]
					}
				},
				"leg_back_right2": {
					"rotation": {
						"0.0": [-12.5, 0, 0],
						"0.2083": [-15.62, 0, 0],
						"0.5": {
							"pre": [-9.5, 0, 0],
							"post": [-9.5, 0, 0],
							"lerp_mode": "catmullrom"
						},
						"0.625": {
							"post": [-35.75, 0, 0],
							"lerp_mode": "catmullrom"
						},
						"0.75": [-48.75, 0, 0],
						"0.9167": [-21, 0, 0],
						"1.0": [-12.5, 0, 0]
					}
				},
				"foot_back_right": {
					"rotation": {
						"0.0": [35, 0, 0],
						"0.2083": [10, 0, 0],
						"0.375": [-5, 0, 0],
						"0.5417": [7.5, 0, 0],
						"0.75": [55, 0, 0],
						"0.875": [13.75, 0, 0],
						"1.0": [35, 0, 0]
					}
				},
				"body": {
					"position": [0, -0.75, 0]
				},
				"torso": {
					"rotation": ["2.5+Math.cos((query.anim_time) * 90 * 4*2 - 90) * 2", 0, 0],
					"position": [0, "0+Math.cos((query.anim_time) * 90 * 4*2) * 0.5", 0]
				},
				"neck": {
					"rotation": ["27.5+Math.cos((query.anim_time) * 90 * 4*2) * -5", 0, "Math.cos((query.anim_time) * 90 * 4 - 30) * 2"],
					"position": [0, -0.6, -0.5]
				},
				"head": {
					"rotation": ["-20+Math.cos((query.anim_time) * 90 * 4*2) * 2", 0, 0]
				},
				"tail3": {
					"rotation": ["30+Math.cos((query.anim_time) * 90 * 4*2 - 60) * -15", "0+Math.cos((query.anim_time) * 90 * 4 - 150) * 15", 0]
				},
				"tail4": {
					"rotation": ["20+Math.cos((query.anim_time) * 90 * 4*2 - 120) * -5", "0+Math.cos((query.anim_time) * 90 * 4 - 210) * 30", 0]
				},
				"left_thigh": {
					"rotation": {
						"0.0": [26.5, 0, 0],
						"0.1667": [22.71, 0, 0],
						"0.4167": [-15.08, 0, 0],
						"0.5": [-18, 0, 0],
						"0.5833": [-15.08, 0, 0],
						"0.9167": [22.71, 0, 0],
						"1.0": [26.5, 0, 0]
					},
					"position": {
						"0.0": {
							"post": [0, 2.21, 0],
							"lerp_mode": "catmullrom"
						},
						"0.125": {
							"post": [0, 0.55, 0],
							"lerp_mode": "catmullrom"
						},
						"0.2083": {
							"post": [0, 0.6, 0],
							"lerp_mode": "catmullrom"
						},
						"0.2917": {
							"post": [0, 0.75, 0],
							"lerp_mode": "catmullrom"
						},
						"0.4167": {
							"post": [0, 0.21, 0],
							"lerp_mode": "catmullrom"
						},
						"0.5": [0, 0, 0],
						"0.7083": [0, 0.2, 0],
						"0.9167": {
							"pre": [0, 2.21, 0],
							"post": [0, 2.21, 0],
							"lerp_mode": "catmullrom"
						},
						"1.0": {
							"post": [0, 2.21, 0],
							"lerp_mode": "catmullrom"
						}
					}
				},
				"left_backpaw": {
					"rotation": {
						"0.0": [4.38, 0, 0],
						"0.0417": [7.5, 0, 0],
						"0.25": [55, 0, 0],
						"0.375": [13.75, 0, 0],
						"0.5": [35, 0, 0],
						"0.7083": [10, 0, 0],
						"0.875": [-5, 0, 0],
						"1.0": [4.38, 0, 0]
					}
				},
				"right_thigh": {
					"rotation": {
						"0.0": [-18, 0, 0],
						"0.0833": [-15.08, 0, 0],
						"0.4167": [22.71, 0, 0],
						"0.5": [26.5, 0, 0],
						"0.6667": [22.71, 0, 0],
						"0.9167": [-15.08, 0, 0],
						"1.0": [-18, 0, 0]
					},
					"position": {
						"0.0": [0, 2, 0],
						"0.4167": [0, 0, 0],
						"0.5": {
							"pre": [0, 0.21, 0],
							"post": [0, 0.21, 0],
							"lerp_mode": "catmullrom"
						},
						"0.625": {
							"post": [0, 0.65, 0],
							"lerp_mode": "catmullrom"
						},
						"0.7083": {
							"post": [0, 0.6, 0],
							"lerp_mode": "catmullrom"
						},
						"0.7917": {
							"post": [0, 0.65, 0],
							"lerp_mode": "catmullrom"
						},
						"0.9167": [0, 2, 0],
						"1.0": [0, 2, 0]
					}
				},
				"right_backpaw": {
					"rotation": {
						"0.0": [35, 0, 0],
						"0.2083": [10, 0, 0],
						"0.375": [-5, 0, 0],
						"0.5417": [7.5, 0, 0],
						"0.75": [55, 0, 0],
						"0.875": [13.75, 0, 0],
						"1.0": [35, 0, 0]
					}
				},
				"left_shoulder": {
					"rotation": {
						"0.0": [-21, 0, 0],
						"0.0833": [-18.08, 0, 0],
						"0.4167": [26.21, 0, 0],
						"0.5": [30, 0, 0],
						"0.6667": [26.21, 0, 0],
						"0.9167": [-18.08, 0, 0],
						"1.0": [-21, 0, 0]
					},
					"position": {
						"0.0": [0, -1, 0],
						"0.2083": [0, 0.25, 0],
						"0.4167": [0, -1, 0],
						"0.625": {
							"pre": [0, 0.25, 0],
							"post": [0, 0.25, 0],
							"lerp_mode": "catmullrom"
						},
						"0.7083": {
							"post": [0, 0.5, 0],
							"lerp_mode": "catmullrom"
						},
						"0.7917": {
							"post": [0, 0.25, 0],
							"lerp_mode": "catmullrom"
						},
						"0.9167": {
							"post": [0, -0.79, 0],
							"lerp_mode": "catmullrom"
						},
						"1.0": [0, -1, 0]
					}
				},
				"left_elbow": {
					"rotation": {
						"0.0": [-12.5, 0, 0],
						"0.2083": [-3.12, 0, 0],
						"0.5": [-17, 0, 0],
						"0.5833": [-18.75, 0, 0],
						"0.7917": [-40, 0, 0],
						"1.0": [-12.5, 0, 0]
					}
				},
				"left_frontpaw": {
					"rotation": {
						"0.0": [22.5, 0, 0],
						"0.0417": [35, 0, 0],
						"0.2083": [10, 0, 0],
						"0.375": [-5, 0, 0],
						"0.5417": [7.5, 0, 0],
						"0.75": [55, 0, 0],
						"0.9167": [15.42, 0, 0],
						"1.0": [22.5, 0, 0]
					}
				},
				"right_shoulder": {
					"rotation": {
						"0.0": [30, 0, 0],
						"0.1667": [26.21, 0, 0],
						"0.4167": [-18.08, 0, 0],
						"0.5": [-21, 0, 0],
						"0.5833": [-18.08, 0, 0],
						"0.9167": [26.21, 0, 0],
						"1.0": [30, 0, 0]
					},
					"position": {
						"0.0": {
							"post": [0, -0.79, 0],
							"lerp_mode": "catmullrom"
						},
						"0.125": {
							"post": [0, 0.25, 0],
							"lerp_mode": "catmullrom"
						},
						"0.2083": {
							"post": [0, 0.5, 0],
							"lerp_mode": "catmullrom"
						},
						"0.2917": {
							"post": [0, 0.25, 0],
							"lerp_mode": "catmullrom"
						},
						"0.4167": {
							"post": [0, -0.79, 0],
							"lerp_mode": "catmullrom"
						},
						"0.5": [0, -1, 0],
						"0.7083": [0, 0.25, 0],
						"0.9167": [0, -1, 0],
						"1.0": {
							"pre": [0, -0.79, 0],
							"post": [0, -0.79, 0],
							"lerp_mode": "catmullrom"
						}
					}
				},
				"right_elbow": {
					"rotation": {
						"0.0": [-17, 0, 0],
						"0.0833": [-18.75, 0, 0],
						"0.2917": [-40, 0, 0],
						"0.5": [-12.5, 0, 0],
						"0.7083": [-3.12, 0, 0],
						"1.0": [-17, 0, 0]
					}
				},
				"right_frontpaw": {
					"rotation": {
						"0.0": [4.38, 0, 0],
						"0.0417": [7.5, 0, 0],
						"0.25": [55, 0, 0],
						"0.5": [22.5, 0, 0],
						"0.5417": [35, 0, 0],
						"0.7083": [10, 0, 0],
						"0.875": [-5, 0, 0],
						"1.0": [4.38, 0, 0]
					}
				}
			}
		},
		"animation.arcanine.test": {
			"loop": true,
			"bones": {
				"torso": {
					"rotation": [-12.5, 0, 0]
				},
				"upper_torso": {
					"rotation": [10, 0, 0]
				},
				"neck": {
					"rotation": [5, 0, 0]
				},
				"head": {
					"rotation": [-7.5, 0, 0]
				},
				"tail": {
					"rotation": [7.5, 0, 0]
				},
				"tail2": {
					"rotation": [20.09446, 0.60545, -0.32419]
				},
				"tail3": {
					"rotation": [-7.5, 0, 0]
				},
				"left_thigh": {
					"rotation": [34.79265, 6.34507, -4.72436]
				},
				"left_knee": {
					"rotation": [-2.52718, -1.84293, 1.68956]
				},
				"left_ankle": {
					"rotation": [10, 0, 0]
				},
				"left_backpaw": {
					"rotation": [97.5, 0, 0]
				},
				"left_ankle_fluff": {
					"rotation": [-17.5, 0, 0]
				},
				"left_ankle_fluff2": {
					"rotation": [-17.5, 5, 0]
				},
				"left_shoulder": {
					"rotation": [-15.14917, -5.52716, 0.82869],
					"position": [0, 1, 0.5]
				},
				"left_elbow": {
					"rotation": [-57.5, 0, 0]
				},
				"left_elbow_fluff": {
					"rotation": [17.5, -5, 0]
				},
				"left_frontpaw": {
					"rotation": [112.5, 0, 0]
				},
				"tail4": {
					"rotation": [12.5, 0, 0]
				},
				"left_ankle_fluff9": {
					"rotation": [0, 7.5, 0]
				},
				"left_elbow_fluff2": {
					"rotation": [7.5, 0, 0]
				},
				"right_shoulder": {
					"rotation": [-35.14917, 5.52716, -0.82869],
					"position": [0, 1, 0.5]
				},
				"tail_fluff": {
					"rotation": [5, 0, 0]
				},
				"tail_fluff5": {
					"rotation": [0, 0, 0]
				},
				"right_thigh": {
					"rotation": [27.29265, -6.34507, 4.72436]
				},
				"right_knee": {
					"rotation": [4.97282, 1.84293, -1.68956]
				},
				"right_ankle": {
					"rotation": [-7.5, 0, 0]
				},
				"right_backpaw": {
					"rotation": [107.5, 0, 0]
				},
				"right_ankle_fluff2": {
					"rotation": [-22.5, -5, 0]
				},
				"right_ankle_fluff9": {
					"rotation": [0, -7.5, 0]
				}
			}
		},
		"animation.arcanine.test2": {
			"loop": true,
			"bones": {
				"torso": {
					"rotation": [17.5, 0, 0],
					"position": [0, 0, 0]
				},
				"upper_torso": {
					"rotation": [-10, 0, 0]
				},
				"neck": {
					"rotation": [40, 0, 0],
					"position": [0, -1, 0]
				},
				"head": {
					"rotation": [-35.30843, 3.81024, -9.25249],
					"position": [0, 0.5, 0.5]
				},
				"jaw": {
					"rotation": [72.5, 0, 0],
					"position": [0, -0.5, 0]
				},
				"head_fluff_top2": {
					"rotation": [5.00474, -2.49048, -0.21803]
				},
				"head_fluff_left": {
					"rotation": [-12.16438, 15.56824, -19.67933]
				},
				"head_fluff_right": {
					"rotation": [-12.16438, -15.56824, 19.67933]
				},
				"head_fluff_left2": {
					"rotation": [0, 7.5, 0]
				},
				"head_fluff_right2": {
					"rotation": [0, -7.5, 0]
				},
				"tail": {
					"rotation": [-14.76786, -9.45044, -4.13116]
				},
				"tail2": {
					"rotation": [-11.00881, -17.89908, -0.1179]
				},
				"tail3": {
					"rotation": [4.32185, 9.54385, -8.11019]
				},
				"tail4": {
					"rotation": [12.08681, 3.21132, -14.65993]
				},
				"left_thigh": {
					"rotation": [0.65426, -4.95712, -7.52832],
					"position": [0, 0, -1]
				},
				"left_knee": {
					"rotation": [0.25081, -1.32789, 3.20266]
				},
				"left_ankle": {
					"rotation": [0, 0, 0]
				},
				"left_backpaw": {
					"rotation": [0, -7.5, 4]
				},
				"left_ankle_fluff": {
					"rotation": [0, -5, 0]
				},
				"left_ankle_fluff9": {
					"rotation": [0, 12.5, 0]
				},
				"left_shoulder": {
					"rotation": [34.89743, 2.86544, -4.09918],
					"position": [0, -4.5, 1]
				},
				"left_elbow": {
					"rotation": [-62.5, 0, 0]
				},
				"left_elbow_fluff": {
					"rotation": [8.16086, 6.81641, 2.60927]
				},
				"left_elbow_fluff2": {
					"rotation": [2.5, 5, 0]
				},
				"left_frontpaw": {
					"rotation": [27.54601, -4.06319, 2.39383]
				},
				"chin_fluff": {
					"rotation": [50, 0, 0],
					"position": [0, 0, 0]
				},
				"right_shoulder": {
					"rotation": [-44.97272, 1.76749, 1.76833],
					"position": [0, -4.75, 1]
				},
				"left_ankle_fluff2": {
					"rotation": [0, 10, 0]
				},
				"tail_fluff": {
					"rotation": [2.5, 0, 0]
				},
				"tail_fluff3": {
					"rotation": [2.5, 0, 0]
				},
				"tail_fluff5": {
					"rotation": [0, 0, -12.5]
				},
				"right_thigh": {
					"rotation": [0.65426, 4.95712, 7.52832]
				},
				"right_knee": {
					"rotation": [0.25081, 1.32789, -3.20266]
				},
				"right_backpaw": {
					"rotation": [0, 7.5, -4]
				},
				"right_ankle_fluff": {
					"rotation": [0, 5, 0]
				},
				"right_ankle_fluff2": {
					"rotation": [0, -10, 0]
				},
				"right_ankle_fluff9": {
					"rotation": [0, -12.5, 0]
				},
				"head_fluff_top_left": {
					"rotation": [0, 0, -2.5]
				},
				"head_fluff_top_right": {
					"rotation": [0, 0, -2.5]
				},
				"chest_fluff": {
					"position": [0, -1, 0]
				},
				"right_frontpaw": {
					"rotation": [44.97272, -1.76749, -0.73167]
				}
			}
		},
		"animation.arcanine.blink": {
			"animation_length": 0.16667,
			"bones": {
				"left_eyelid": {
					"position": {
						"0.0": [0.1, 0, -0.1],
						"0.125": [0.1, 0, -0.1],
						"0.1667": [0, 0, 0]
					}
				},
				"right_eyelid": {
					"position": {
						"0.0": [-0.1, 0, -0.1],
						"0.125": [-0.1, 0, -0.1],
						"0.1667": [0, 0, 0]
					}
				}
			}
		}
	}
}