{
	"format_version": "1.8.0",
	"animations": {
		"animation.kyogre.ground_idle": {
			"loop": true,
			"animation_length": 4.5,
			"bones": {
				"tail1": {
					"rotation": ["Math.cos((query.anim_time - 0.8) * 80) * 10", 0, 0]
				},
				"right_fin": {
					"rotation": ["Math.sin((query.anim_time - 0.8) * 80) * 10", 0, "-(Math.sin((query.anim_time - 0.8) * 80) * -10)"]
				},
				"left_fin": {
					"rotation": ["Math.sin((query.anim_time - 0.8) * 80) * 10", 0, "NaN-(Math.sin((query.anim_time - 0.8) * 80) * 10)"]
				},
				"body": {
					"rotation": ["Math.cos((query.anim_time - 0.8) * 80) * 5", 0, 0]
				},
				"head": {
					"rotation": ["Math.sin((query.anim_time - 0.8) * 80) * -7", 0, 0]
				},
				"bottom_jaw": {
					"rotation": [0, 0, 0]
				},
				"tail2": {
					"rotation": ["Math.sin((query.anim_time - 0.8) * 80) * 8", 0, 0]
				},
				"tail3": {
					"rotation": ["Math.sin((query.anim_time - 0.8) * 80) * 6", 0, 0]
				},
				"tail4": {
					"rotation": ["Math.sin((query.anim_time - 0.8) * 80) * 6", 0, 0]
				},
				"left_arm": {
					"rotation": [0, 0, "NaN-(Math.cos((query.anim_time - 0.8) * 80) * 10)"]
				},
				"left_tailfin": {
					"rotation": [0, 0, "-(Math.sin((query.anim_time - 0.8) * 80) * 8)"]
				},
				"left_innerfinflap2": {
					"rotation": ["Math.sin((query.anim_time - 0.8) * 80) * 8", 0, 0]
				},
				"left_outerfinflap1": {
					"rotation": ["Math.sin((query.anim_time - 0.8) * 80) * 8", 0, 0]
				},
				"right_arm": {
					"rotation": [0, 0, "-(Math.cos((query.anim_time - 0.8) * 80) * -10)"]
				},
				"right_tailfin": {
					"rotation": [0, 0, "NaN-(Math.sin((query.anim_time - 0.8) * 80) * 8)"]
				},
				"right_innerfinflap1": {
					"rotation": ["Math.sin((query.anim_time - 0.8) * 80) * 8", 0, 0]
				},
				"right_innerfinflap2": {
					"rotation": ["Math.sin((query.anim_time - 0.8) * 80) * 8", 0, 0]
				},
				"right_innerfinflap3": {
					"rotation": ["Math.sin((query.anim_time - 0.8) * 80) * 8", 0, 0]
				},
				"right_outerfinflap1": {
					"rotation": ["Math.sin((query.anim_time - 0.8) * 80) * 8", 0, 0]
				},
				"right_outerfinflap2": {
					"rotation": ["Math.sin((query.anim_time - 0.8) * 80) * 8", 0, 0]
				},
				"right_outerfinflap3": {
					"rotation": ["Math.sin((query.anim_time - 0.8) * 80) * 8", 0, 0]
				}
			}
		},
		"animation.kyogre.ground_walk": {
			"loop": true,
			"animation_length": 4.5,
			"bones": {
				"tail1": {
					"rotation": ["Math.cos((query.anim_time - 0.8) * 80) * 10", 0, 0]
				},
				"right_fin": {
					"rotation": ["Math.sin((query.anim_time - 0.8) * 80) * 10", 0, "-(Math.sin((query.anim_time - 0.8) * 80) * -10)"]
				},
				"left_fin": {
					"rotation": ["Math.sin((query.anim_time - 0.8) * 80) * 10", 0, "NaN-(Math.sin((query.anim_time - 0.8) * 80) * 10)"]
				},
				"body": {
					"rotation": ["Math.cos((query.anim_time - 0.8) * 80) * 5", 0, 0]
				},
				"head": {
					"rotation": ["Math.sin((query.anim_time - 0.8) * 80) * -7", 0, 0]
				},
				"bottom_jaw": {
					"rotation": [0, 0, 0]
				},
				"tail2": {
					"rotation": ["Math.sin((query.anim_time - 0.8) * 80) * 8", 0, 0]
				},
				"tail3": {
					"rotation": ["Math.sin((query.anim_time - 0.8) * 80) * 6", 0, 0]
				},
				"tail4": {
					"rotation": ["Math.sin((query.anim_time - 0.8) * 80) * 6", 0, 0]
				},
				"left_arm": {
					"rotation": [0, 0, "NaN-(Math.cos((query.anim_time - 0.8) * 80) * 10)"]
				},
				"left_tailfin": {
					"rotation": [0, 0, "-(Math.sin((query.anim_time - 0.8) * 80) * 8)"]
				},
				"left_innerfinflap2": {
					"rotation": ["Math.sin((query.anim_time - 0.8) * 80) * 8", 0, 0]
				},
				"left_outerfinflap1": {
					"rotation": ["Math.sin((query.anim_time - 0.8) * 80) * 8", 0, 0]
				},
				"right_arm": {
					"rotation": [0, 0, "-(Math.cos((query.anim_time - 0.8) * 80) * -10)"]
				},
				"right_tailfin": {
					"rotation": [0, 0, "NaN-(Math.sin((query.anim_time - 0.8) * 80) * 8)"]
				},
				"right_innerfinflap1": {
					"rotation": ["Math.sin((query.anim_time - 0.8) * 80) * 8", 0, 0]
				},
				"right_innerfinflap2": {
					"rotation": ["Math.sin((query.anim_time - 0.8) * 80) * 8", 0, 0]
				},
				"right_innerfinflap3": {
					"rotation": ["Math.sin((query.anim_time - 0.8) * 80) * 8", 0, 0]
				},
				"right_outerfinflap1": {
					"rotation": ["Math.sin((query.anim_time - 0.8) * 80) * 8", 0, 0]
				},
				"right_outerfinflap2": {
					"rotation": ["Math.sin((query.anim_time - 0.8) * 80) * 8", 0, 0]
				},
				"right_outerfinflap3": {
					"rotation": ["Math.sin((query.anim_time - 0.8) * 80) * 8", 0, 0]
				},
				"left_arm2": {
					"rotation": [0, 0, "NaN-(Math.cos((query.anim_time - 0.8) * 80) * 10)"]
				},
				"left_arm3": {
					"rotation": [0, 0, "NaN-(Math.cos((query.anim_time - 0.8) * 80) * 10)"]
				},
				"right_arm2": {
					"rotation": [0, 0, "-(Math.cos((query.anim_time - 0.8) * 80) * -10)"]
				},
				"right_arm3": {
					"rotation": [0, 0, "-(Math.cos((query.anim_time - 0.8) * 80) * -10)"]
				}
			}
		}
	}
}