{
	"format_version": "1.8.0",
	"animations": {
		"animation.megamachamp.ground_idle": {
			"loop": true,
			"bones": {
				"body": {
					"position": [0, 0, "-0.09*(math.sin(q.anim_time*90*4-90)*1+1)"]
				},
				"torso": {
					"position": [0, "-0.05*(math.sin(q.anim_time*90*4-90)*1+1)", 0]
				},
				"head_angle": {
					"rotation": [2.5, 0, 0]
				},
				"jaw": {
					"rotation": ["(math.sin(query.anim_time*90*4+180*1)*1+1)*3", 0, 0]
				},
				"arm_right": {
					"rotation": [15, 5, -45],
					"position": [0, "0.05*(math.sin(q.anim_time*90*4+45)*1+1)", 0]
				},
				"hand_right": {
					"rotation": [0, -7, -15]
				},
				"finger_index_right": {
					"rotation": [0, -7.5, "-12.5-(math.sin(q.anim_time*90*4-90)*1-1)"]
				},
				"finger_index_right2": {
					"rotation": [0, 0, "-80-(math.sin(q.anim_time*90*4-90)*1-1)"]
				},
				"finger_middle_right": {
					"rotation": [0, -2.25, "-17.5-(math.sin(q.anim_time*90*4-60)*1-1)"]
				},
				"finger_middle_right2": {
					"rotation": [0, 0, "-82.5-(math.sin(q.anim_time*90*4-60)*1-1)"]
				},
				"finger_ring_right": {
					"rotation": [0, 0, "-22.5-(math.sin(q.anim_time*90*4-45)*1-1)"]
				},
				"finger_ring_right2": {
					"rotation": [0, 0, "-82.5-(math.sin(q.anim_time*90*4-45)*1-1)"]
				},
				"finger_pinky_right": {
					"rotation": [0, 0, "-30-(math.sin(q.anim_time*90*4-30)*1-1)"]
				},
				"finger_pinky_right2": {
					"rotation": [0, 0, "-85-(math.sin(q.anim_time*90*4-30)*1-1)"]
				},
				"thumb_right": {
					"rotation": [0, "-10+(math.sin(q.anim_time*90*4-75)*1-1)", -17.5]
				},
				"thumb_right2": {
					"rotation": [0, "72.5+(math.sin(q.anim_time*90*4-75)*1-1)", 0]
				},
				"arm_left": {
					"rotation": [15, -5, 45],
					"position": [0, "0.05*(math.sin(q.anim_time*90*4+45)*1+1)", 0]
				},
				"hand_left": {
					"rotation": [0, 7, 15]
				},
				"finger_index_left": {
					"rotation": [0, 7.5, "12.5+(math.sin(q.anim_time*90*4-90)*1-1)"]
				},
				"finger_index_left2": {
					"rotation": [0, 0, "80+(math.sin(q.anim_time*90*4-90)*1-1)"]
				},
				"finger_middle_left": {
					"rotation": [0, 2.25, "17.5+(math.sin(q.anim_time*90*4-60)*1-1)"]
				},
				"finger_middle_left2": {
					"rotation": [0, 0, "82.5+(math.sin(q.anim_time*90*4-60)*1-1)"]
				},
				"finger_ring_left": {
					"rotation": [0, 0, "22.5+(math.sin(q.anim_time*90*4-45)*1-1)"]
				},
				"finger_ring_left2": {
					"rotation": [0, 0, "82.5+(math.sin(q.anim_time*90*4-45)*1-1)"]
				},
				"finger_pinky_left": {
					"rotation": [0, 0, "30+(math.sin(q.anim_time*90*4-30)*1-1)"]
				},
				"finger_pinky_left2": {
					"rotation": [0, 0, "85+(math.sin(q.anim_time*90*4-30)*1-1)"]
				},
				"thumb_left2": {
					"rotation": [0, "-72.5-(math.sin(q.anim_time*90*4-75)*1-1)", 0]
				},
				"foot_right": {
					"rotation": ["1-1*(math.sin(q.anim_time*90*4-90)*1+1)", 0, 0]
				},
				"chest": {
					"rotation": ["5+0.5*(math.sin(q.anim_time*90*4-180)*1+1)", 0, 0]
				},
				"thumb_left": {
					"rotation": [0, "10-(math.sin(q.anim_time*90*4-75)*1-1)", 17.5]
				},
				"leg_right": {
					"position": [0, "-0.07*(math.sin(q.anim_time*90*4-90)*1+1)", 0]
				},
				"leg_right2": {
					"rotation": ["1*(math.sin(q.anim_time*90*4-90)*1+1)", 0, 0]
				},
				"leg_left": {
					"position": [0, "-0.07*(math.sin(q.anim_time*90*4-90)*1+1)", 0]
				},
				"leg_left2": {
					"rotation": ["1*(math.sin(q.anim_time*90*4-90)*1+1)", 0, 0]
				},
				"foot_left": {
					"rotation": ["1-1*(math.sin(q.anim_time*90*4-90)*1+1)", 0, 0]
				},
				"head": {
					"rotation": [-10, 0, 0]
				},
				"head_correction": {
					"rotation": [5, 0, 0]
				},
				"forearm_right": {
					"rotation": [0, "-60+2*(math.sin(q.anim_time*90*4-90)*1+1)", 0]
				},
				"forearm_left": {
					"rotation": [0, "60-2*(math.sin(q.anim_time*90*4-90)*1+1)", 0]
				},
				"arm_back_right": {
					"rotation": [-50, -7, "-3+(math.sin(q.anim_time*90*4+45)*1-1)"]
				},
				"forearm_back_right": {
					"rotation": [0, "-70-(math.sin(q.anim_time*90*4)*1-1)", 0]
				},
				"hand_back_right": {
					"rotation": [-13, "-20+(math.sin(q.anim_time*90*4-45)*1-1)", 5]
				},
				"finger_index_back_right": {
					"rotation": [0, -7.5, "-(math.sin(q.anim_time*90*4-90)*1-1)"]
				},
				"finger_index_back_right2": {
					"rotation": [0, 0, "-60-(math.sin(q.anim_time*90*4-90)*1-1)"]
				},
				"finger_middle_back_right": {
					"rotation": [0, -2.5, "5-(math.sin(q.anim_time*90*4-60)*1-1)"]
				},
				"finger_middle_back_right2": {
					"rotation": [0, 0, "-52.5-(math.sin(q.anim_time*90*4-60)*1-1)"]
				},
				"finger_ring_back_right": {
					"rotation": [0, 5, "2.5-(math.sin(q.anim_time*90*4-45)*1-1)"]
				},
				"finger_ring_back_right2": {
					"rotation": [0, 0, "-55-(math.sin(q.anim_time*90*4-45)*1-1)"]
				},
				"finger_pinky_back_right": {
					"rotation": [0, 15, "-5-(math.sin(q.anim_time*90*4-30)*1-1)"]
				},
				"finger_pinky_back_right2": {
					"rotation": [0, 0, "-60-(math.sin(q.anim_time*90*4-30)*1-1)"]
				},
				"thumb_back_right": {
					"rotation": [0, "-60+(math.sin(q.anim_time*90*4-75)*1-1)", -45]
				},
				"thumb_back_right2": {
					"rotation": [0, "50+(math.sin(q.anim_time*90*4-75)*1-1)", 0]
				},
				"arm_back_left": {
					"rotation": [-50, 7, "3-(math.sin(q.anim_time*90*4+45)*1-1)"]
				},
				"forearm_back_left": {
					"rotation": [0, "70+(math.sin(q.anim_time*90*4)*1-1)", 0]
				},
				"hand_back_left": {
					"rotation": [-13, "20-(math.sin(q.anim_time*90*4-45)*1-1)", -5]
				},
				"finger_index_back_left": {
					"rotation": [0, 7.5, "(math.sin(q.anim_time*90*4-90)*1-1)"]
				},
				"finger_index_back_left2": {
					"rotation": [0, 0, "60+(math.sin(q.anim_time*90*4-90)*1-1)"]
				},
				"finger_middle_back_left": {
					"rotation": [0, 2.5, "-5+(math.sin(q.anim_time*90*4-60)*1-1)"]
				},
				"finger_middle_back_left2": {
					"rotation": [0, 0, "52.5+(math.sin(q.anim_time*90*4-60)*1-1)"]
				},
				"finger_ring_back_left": {
					"rotation": [0, -5, "-2.5+(math.sin(q.anim_time*90*4-45)*1-1)"]
				},
				"finger_ring_back_left2": {
					"rotation": [0, 0, "55+(math.sin(q.anim_time*90*4-45)*1-1)"]
				},
				"finger_pinky_back_left": {
					"rotation": [0, -15, "5+(math.sin(q.anim_time*90*4-30)*1-1)"]
				},
				"finger_pinky_back_left2": {
					"rotation": [0, 0, "60+(math.sin(q.anim_time*90*4-30)*1-1)"]
				},
				"thumb_back_left": {
					"rotation": [0, "60-(math.sin(q.anim_time*90*4-75)*1-1)", 45]
				},
				"thumb_back_left2": {
					"rotation": [0, "-50-(math.sin(q.anim_time*90*4-75)*1-1)", 0]
				}
			}
		},
		"animation.megamachamp.battle_idle": {
			"loop": true,
			"bones": {
				"body": {
					"position": [0, 0, "-0.09*(math.sin(q.anim_time*90*4-90)*1+1)"]
				},
				"torso": {
					"position": [0, "-0.05*(math.sin(q.anim_time*90*4-90)*1+1)", 0]
				},
				"head_angle": {
					"rotation": [2.5, 0, 0]
				},
				"jaw": {
					"rotation": ["(math.sin(query.anim_time*90*4+180*1)*1+1)*3", 0, 0]
				},
				"arm_right": {
					"rotation": [15.83696, -19.12769, -51.64824],
					"position": [0, "0.05*(math.sin(q.anim_time*90*4+45)*1+1)", 0]
				},
				"hand_right": {
					"rotation": [0, -7, -15]
				},
				"finger_index_right": {
					"rotation": [0, -7.5, "-12.5-(math.sin(q.anim_time*90*4-90)*1-1)"]
				},
				"finger_index_right2": {
					"rotation": [0, 0, "-80-(math.sin(q.anim_time*90*4-90)*1-1)"]
				},
				"finger_middle_right": {
					"rotation": [0, -2.25, "-17.5-(math.sin(q.anim_time*90*4-60)*1-1)"]
				},
				"finger_middle_right2": {
					"rotation": [0, 0, "-82.5-(math.sin(q.anim_time*90*4-60)*1-1)"]
				},
				"finger_ring_right": {
					"rotation": [0, 0, "-22.5-(math.sin(q.anim_time*90*4-45)*1-1)"]
				},
				"finger_ring_right2": {
					"rotation": [0, 0, "-82.5-(math.sin(q.anim_time*90*4-45)*1-1)"]
				},
				"finger_pinky_right": {
					"rotation": [0, 0, "-30-(math.sin(q.anim_time*90*4-30)*1-1)"]
				},
				"finger_pinky_right2": {
					"rotation": [0, 0, "-85-(math.sin(q.anim_time*90*4-30)*1-1)"]
				},
				"thumb_right": {
					"rotation": [0, "-10+(math.sin(q.anim_time*90*4-75)*1-1)", -17.5]
				},
				"thumb_right2": {
					"rotation": [0, "72.5+(math.sin(q.anim_time*90*4-75)*1-1)", 0]
				},
				"arm_left": {
					"rotation": [15.83696, 19.12769, 51.64824],
					"position": [0, "0.05*(math.sin(q.anim_time*90*4+45)*1+1)", 0]
				},
				"hand_left": {
					"rotation": [0, 7, 15]
				},
				"finger_index_left": {
					"rotation": [0, 7.5, "12.5+(math.sin(q.anim_time*90*4-90)*1-1)"]
				},
				"finger_index_left2": {
					"rotation": [0, 0, "80+(math.sin(q.anim_time*90*4-90)*1-1)"]
				},
				"finger_middle_left": {
					"rotation": [0, 2.25, "17.5+(math.sin(q.anim_time*90*4-60)*1-1)"]
				},
				"finger_middle_left2": {
					"rotation": [0, 0, "82.5+(math.sin(q.anim_time*90*4-60)*1-1)"]
				},
				"finger_ring_left": {
					"rotation": [0, 0, "22.5+(math.sin(q.anim_time*90*4-45)*1-1)"]
				},
				"finger_ring_left2": {
					"rotation": [0, 0, "82.5+(math.sin(q.anim_time*90*4-45)*1-1)"]
				},
				"finger_pinky_left": {
					"rotation": [0, 0, "30+(math.sin(q.anim_time*90*4-30)*1-1)"]
				},
				"finger_pinky_left2": {
					"rotation": [0, 0, "85+(math.sin(q.anim_time*90*4-30)*1-1)"]
				},
				"thumb_left2": {
					"rotation": [0, "-72.5-(math.sin(q.anim_time*90*4-75)*1-1)", 0]
				},
				"foot_right": {
					"rotation": ["1-1*(math.sin(q.anim_time*90*4-90)*1+1)", 0, 0]
				},
				"chest": {
					"rotation": ["17.5+0.5*(math.sin(q.anim_time*90*4-180)*1+1)", 0, 0]
				},
				"thumb_left": {
					"rotation": [0, "10-(math.sin(q.anim_time*90*4-75)*1-1)", 17.5]
				},
				"leg_right": {
					"position": [0, "-0.07*(math.sin(q.anim_time*90*4-90)*1+1)", 0]
				},
				"leg_right2": {
					"rotation": ["1*(math.sin(q.anim_time*90*4-90)*1+1)", 0, 0]
				},
				"leg_left": {
					"position": [0, "-0.07*(math.sin(q.anim_time*90*4-90)*1+1)", 0]
				},
				"leg_left2": {
					"rotation": ["1*(math.sin(q.anim_time*90*4-90)*1+1)", 0, 0]
				},
				"foot_left": {
					"rotation": ["1-1*(math.sin(q.anim_time*90*4-90)*1+1)", 0, 0]
				},
				"head": {
					"rotation": [-10, 0, 0]
				},
				"head_correction": {
					"rotation": [5, 0, 0]
				},
				"forearm_right": {
					"rotation": [-90, "-60+2*(math.sin(q.anim_time*90*4-90)*1+1)", 0],
					"position": [0, -2, -1]
				},
				"forearm_left": {
					"rotation": [-90, "60+2*(math.sin(q.anim_time*90*4-90)*1+1)", 0],
					"position": [0, -2, -1]
				},
				"arm_back_right": {
					"rotation": [-47.77051, -18.33098, "-13.0938+(math.sin(q.anim_time*90*4+45)*1-1)"]
				},
				"forearm_back_right": {
					"rotation": [0, "-70-(math.sin(q.anim_time*90*4)*1-1)", 0]
				},
				"hand_back_right": {
					"rotation": [-13, "-20+(math.sin(q.anim_time*90*4-45)*1-1)", 5]
				},
				"finger_index_back_right": {
					"rotation": [0, -7.5, "-(math.sin(q.anim_time*90*4-90)*1-1)"]
				},
				"finger_index_back_right2": {
					"rotation": [0, 0, "-60-(math.sin(q.anim_time*90*4-90)*1-1)"]
				},
				"finger_middle_back_right": {
					"rotation": [0, -2.5, "5-(math.sin(q.anim_time*90*4-60)*1-1)"]
				},
				"finger_middle_back_right2": {
					"rotation": [0, 0, "-52.5-(math.sin(q.anim_time*90*4-60)*1-1)"]
				},
				"finger_ring_back_right": {
					"rotation": [0, 5, "2.5-(math.sin(q.anim_time*90*4-45)*1-1)"]
				},
				"finger_ring_back_right2": {
					"rotation": [0, 0, "-55-(math.sin(q.anim_time*90*4-45)*1-1)"]
				},
				"finger_pinky_back_right": {
					"rotation": [0, 15, "-5-(math.sin(q.anim_time*90*4-30)*1-1)"]
				},
				"finger_pinky_back_right2": {
					"rotation": [0, 0, "-60-(math.sin(q.anim_time*90*4-30)*1-1)"]
				},
				"thumb_back_right": {
					"rotation": [0, "-60+(math.sin(q.anim_time*90*4-75)*1-1)", -45]
				},
				"thumb_back_right2": {
					"rotation": [0, "50+(math.sin(q.anim_time*90*4-75)*1-1)", 0]
				},
				"arm_back_left": {
					"rotation": [-47.77051, 18.33098, "13.0938-(math.sin(q.anim_time*90*4+45)*1-1)"]
				},
				"forearm_back_left": {
					"rotation": [0, "70+(math.sin(q.anim_time*90*4)*1-1)", 0]
				},
				"hand_back_left": {
					"rotation": [-13, "20-(math.sin(q.anim_time*90*4-45)*1-1)", -5]
				},
				"finger_index_back_left": {
					"rotation": [0, 7.5, "(math.sin(q.anim_time*90*4-90)*1-1)"]
				},
				"finger_index_back_left2": {
					"rotation": [0, 0, "60+(math.sin(q.anim_time*90*4-90)*1-1)"]
				},
				"finger_middle_back_left": {
					"rotation": [0, 2.5, "-5+(math.sin(q.anim_time*90*4-60)*1-1)"]
				},
				"finger_middle_back_left2": {
					"rotation": [0, 0, "52.5+(math.sin(q.anim_time*90*4-60)*1-1)"]
				},
				"finger_ring_back_left": {
					"rotation": [0, -5, "-2.5+(math.sin(q.anim_time*90*4-45)*1-1)"]
				},
				"finger_ring_back_left2": {
					"rotation": [0, 0, "55+(math.sin(q.anim_time*90*4-45)*1-1)"]
				},
				"finger_pinky_back_left": {
					"rotation": [0, -15, "5+(math.sin(q.anim_time*90*4-30)*1-1)"]
				},
				"finger_pinky_back_left2": {
					"rotation": [0, 0, "60+(math.sin(q.anim_time*90*4-30)*1-1)"]
				},
				"thumb_back_left": {
					"rotation": [0, "60-(math.sin(q.anim_time*90*4-75)*1-1)", 45]
				},
				"thumb_back_left2": {
					"rotation": [0, "-50-(math.sin(q.anim_time*90*4-75)*1-1)", 0]
				}
			}
		},
		"animation.megamachamp.ground_walk": {
			"loop": true,
			"bones": {
				"body": {
					"rotation": [
						"math.clamp(math.sin(query.anim_time*180*4/2+20)*1,0.2,2)+math.clamp(-math.sin(query.anim_time*180*4/2+20)*1,0.2,2)+10",
						"math.sin(query.anim_time*90*4+20)*10",
						"math.sin(query.anim_time*90*4+20)*2"
					],
					"position": [
						0,
						"9-math.clamp(math.sin(q.anim_time*90*4*2-90)*0.5,1,1)-math.clamp(math.sin(-query.anim_time*90*4+45/2)*1,0.02,1)-math.clamp(math.sin(-query.anim_time*90*4+45/2+180)*1,0.02,1)-math.clamp(math.sin(-query.anim_time*90*4-105)*1,1,1)*3-math.clamp(math.sin(-query.anim_time*90*4-105+180)*1,1,1)*3",
						"2.5-math.clamp(math.sin(query.anim_time*90*4)*1,0,1)-math.clamp(math.sin(-query.anim_time*90*4)*1,0,1)"
					]
				},
				"torso": {
					"rotation": ["-5-math.sin(q.anim_time*90*4*2)*1", "math.sin(q.anim_time*90*4*2+20)*2", 0]
				},
				"chest": {
					"rotation": [0, "-math.sin(q.anim_time*90*4*2+20)*1", 0]
				},
				"head_angle": {
					"rotation": [2.5, 0, 0]
				},
				"arm_right": {
					"rotation": ["10+math.sin(q.anim_time*90*4*2+20)*2", "5-math.sin(query.anim_time*90*4+60)*12+math.clamp(math.sin(-query.anim_time*90*4-20)*12,0,5)", -45]
				},
				"hand_right": {
					"rotation": [0, "-15-math.sin(query.anim_time*90*4+20+180*0)*4", -15]
				},
				"finger_index_right": {
					"rotation": [0, -7.5, "-12.5-(math.sin(q.anim_time*90*4-90)*1-1)"]
				},
				"finger_index_right2": {
					"rotation": [0, 0, "-80-(math.sin(q.anim_time*90*4-90)*1-1)"]
				},
				"finger_middle_right": {
					"rotation": [0, -2.25, "-17.5-(math.sin(q.anim_time*90*4-60)*1-1)"]
				},
				"finger_middle_right2": {
					"rotation": [0, 0, "-82.5-(math.sin(q.anim_time*90*4-60)*1-1)"]
				},
				"finger_ring_right": {
					"rotation": [0, 0, "-22.5-(math.sin(q.anim_time*90*4-45)*1-1)"]
				},
				"finger_ring_right2": {
					"rotation": [0, 0, "-82.5-(math.sin(q.anim_time*90*4-45)*1-1)"]
				},
				"finger_pinky_right": {
					"rotation": [0, 0, "-30-(math.sin(q.anim_time*90*4-30)*1-1)"]
				},
				"finger_pinky_right2": {
					"rotation": [0, 0, "-85-(math.sin(q.anim_time*90*4-30)*1-1)"]
				},
				"thumb_right": {
					"rotation": [0, "-10+(math.sin(q.anim_time*90*4-75)*1-1)", -17.5]
				},
				"thumb_right2": {
					"rotation": [0, "72.5+(math.sin(q.anim_time*90*4-75)*1-1)", 0]
				},
				"arm_left": {
					"rotation": [
						"10-math.sin(q.anim_time*90*4*2+20+180)*2",
						"-5+math.sin(query.anim_time*90*4+60+180)*12-math.clamp(math.sin(-query.anim_time*90*4-20+180)*12,0,5)",
						45
					]
				},
				"hand_left": {
					"rotation": [0, "15+math.sin(query.anim_time*90*4+20+180*1)*4", 15]
				},
				"finger_index_left": {
					"rotation": [0, 7.5, "12.5+(math.sin(q.anim_time*90*4-90+180)*1-1)"]
				},
				"finger_index_left2": {
					"rotation": [0, 0, "80+(math.sin(q.anim_time*90*4-90+180)*1-1)"]
				},
				"finger_middle_left": {
					"rotation": [0, 2.25, "17.5+(math.sin(q.anim_time*90*4-60+180)*1-1)"]
				},
				"finger_middle_left2": {
					"rotation": [0, 0, "82.5+(math.sin(q.anim_time*90*4-60+180)*1-1)"]
				},
				"finger_ring_left": {
					"rotation": [0, 0, "22.5+(math.sin(q.anim_time*90*4-45+180)*1-1)"]
				},
				"finger_ring_left2": {
					"rotation": [0, 0, "82.5+(math.sin(q.anim_time*90*4-45+180)*1-1)"]
				},
				"finger_pinky_left": {
					"rotation": [0, 0, "30+(math.sin(q.anim_time*90*4-30+180)*1-1)"]
				},
				"finger_pinky_left2": {
					"rotation": [0, 0, "85+(math.sin(q.anim_time*90*4-30+180)*1-1)"]
				},
				"thumb_left2": {
					"rotation": [0, "-72.5-(math.sin(q.anim_time*90*4-75+180)*1-1)", 0]
				},
				"leg_right2": {
					"rotation": ["10-math.clamp(math.sin(query.anim_time*90*4+60)*15,-1,15)-math.clamp(math.sin(query.anim_time*90*4+45+180)*30,5,30)", 0, 0]
				},
				"foot_right": {
					"rotation": [
						"-math.clamp(math.sin(query.anim_time*90*4+105)*3,0,3)*9+math.clamp(math.sin(query.anim_time*90*4+30)*4,2.75,4)*10",
						"(math.clamp(math.sin(query.anim_time*90*4-140)*1,0,1)*1-0)*2",
						0
					],
					"position": [0, "(math.clamp(math.sin(query.anim_time*90*4+75)*1,0.95,1)*1-0.95)*4", 0]
				},
				"leg_left2": {
					"rotation": ["10-math.clamp(math.sin(query.anim_time*90*4+60+180)*15,-1,15)-math.clamp(math.sin(query.anim_time*90*4+45)*30,5,30)", 0, 0]
				},
				"thumb_left": {
					"rotation": [0, "10-(math.sin(q.anim_time*90*4-75+180)*1-1)", 17.5]
				},
				"leg_right": {
					"rotation": [
						"-math.clamp(math.sin(query.anim_time*90*4+45+180)*14,-1,14)+math.clamp(-math.sin(query.anim_time*90*4+20)*12,5,12)-30+math.clamp(math.sin(query.anim_time*90*4+40)*2,0.5,2)*6+math.clamp(math.sin(query.anim_time*90*4)*1,0.5,1)*24+math.clamp(math.sin(query.anim_time*90*4+45)*14,-1,14)+math.clamp(math.sin(query.anim_time*90*4+45+180)*14,10,14)-15",
						"math.clamp(math.sin(query.anim_time*90*4+20)*2,0,30)-math.sin(query.anim_time*90*4+20)*10",
						0
					],
					"position": [
						0,
						"-math.clamp(-math.sin(query.anim_time*90*4+50+180)*0.1,0.5,1)*1.2-math.clamp(-math.sin(query.anim_time*90*4-75)*0.7,0.6,1)+1.6-math.clamp(-math.sin(query.anim_time*90*4-15)*0.6,0.5,1)+math.clamp(-math.sin(query.anim_time*90*4-35+180)*1.2,0,3)-0.5",
						0
					]
				},
				"leg_left": {
					"rotation": [
						"-math.clamp(math.sin(query.anim_time*90*4+45)*14,-1,14)+math.clamp(-math.sin(query.anim_time*90*4+180+20)*12,5,12)-30+math.clamp(math.sin(query.anim_time*90*4+40+180)*2,0.5,2)*6+math.clamp(math.sin(query.anim_time*90*4+180)*1,0.5,1)*24+math.clamp(math.sin(query.anim_time*90*4+45+180)*14,-1,14)+math.clamp(math.sin(query.anim_time*90*4+45)*14,10,14)-15",
						"-math.clamp(math.sin(query.anim_time*90*4+20+180)*2,0,30)+math.sin(query.anim_time*90*4+20+180)*10",
						0
					],
					"position": [
						0,
						"-math.clamp(-math.sin(query.anim_time*90*4+50)*0.1,0.5,1)*1.2-math.clamp(-math.sin(query.anim_time*90*4-75+180)*0.7,0.6,1)+1.6-math.clamp(-math.sin(query.anim_time*90*4-15+180)*0.6,0.5,1)+math.clamp(-math.sin(query.anim_time*90*4-35)*1.2,0,3)-0.5",
						0
					]
				},
				"foot_left": {
					"rotation": [
						"-math.clamp(math.sin(query.anim_time*90*4+105+180)*3,0,3)*9+math.clamp(math.sin(query.anim_time*90*4+30+180)*4,2.75,4)*10",
						"(math.clamp(math.sin(query.anim_time*90*4-140+180)*1,0,1)*1-0)*2",
						0
					],
					"position": [0, "-(math.clamp(math.sin(query.anim_time*90*4+75+180)*1,0.95,1)*1-0.95)*4", 0]
				},
				"head": {
					"rotation": [
						"-10-math.clamp(math.sin(query.anim_time*180*4/2+20)*1,0.2,2)-math.clamp(-math.sin(query.anim_time*180*4/2+20)*1,0.2,2)+math.sin(q.anim_time*90*4*2)*2",
						"-math.sin(query.anim_time*90*4+20)*8",
						"-math.sin(query.anim_time*90*4+20)*2"
					]
				},
				"head_correction": {
					"rotation": [5, 0, 0]
				},
				"forearm_right": {
					"rotation": [0, "-65+math.sin(q.anim_time*90*4+20+180)*4", 0]
				},
				"forearm_left": {
					"rotation": [0, "65-math.sin(q.anim_time*90*4+20)*4", 0]
				},
				"toe_right1": {
					"rotation": ["-(math.clamp(math.sin(query.anim_time*90*4-15)*2,-1,2)*1+1)*10", 0, 0]
				},
				"toe_right2": {
					"rotation": ["-(math.clamp(math.sin(query.anim_time*90*4-15)*2,-1,2)*1+1)*10", 0, 0]
				},
				"toe_left1": {
					"rotation": ["-(math.clamp(math.sin(query.anim_time*90*4-15+180)*2,-1,2)*1+1)*10", 0, 0]
				},
				"toe_left2": {
					"rotation": ["-(math.clamp(math.sin(query.anim_time*90*4-15+180)*2,-1,2)*1+1)*10", 0, 0]
				},
				"arm_back_right": {
					"rotation": [
						"-50-math.clamp(math.sin(query.anim_time*90*4+180*0)*6,-10,0)",
						"7.5+math.sin(query.anim_time*90*4-66+180*0)*8-math.clamp(math.sin(-query.anim_time*90*4-20-33+180*0)*4,0,5)",
						"-2.5-math.clamp(math.sin(query.anim_time*90*4+180*0)*6,0,10)-math.clamp(math.sin(query.anim_time*90*4+180*0)*3,-10,0)"
					]
				},
				"forearm_back_right": {
					"rotation": [0, "-80-math.sin(q.anim_time*90*4)*6", 0]
				},
				"hand_back_right": {
					"rotation": [-12.5, "-20-math.sin(query.anim_time*90*4-30+180)", -7.5]
				},
				"finger_index_back_right": {
					"rotation": [0, -7.5, "-10-3*(math.sin(q.anim_time*90*4-90+180)*1-1)"]
				},
				"finger_index_back_right2": {
					"rotation": [0, 0, "-70-3*(math.sin(q.anim_time*90*4-90+180)*1-1)"]
				},
				"finger_middle_back_right": {
					"rotation": [0, -2.5, "-5-3*(math.sin(q.anim_time*90*4-60+180)*1-1)"]
				},
				"finger_middle_back_right2": {
					"rotation": [0, 0, "-62.5-3*(math.sin(q.anim_time*90*4-60+180)*1-1)"]
				},
				"finger_ring_back_right": {
					"rotation": [0, 5, "-7.5-3*(math.sin(q.anim_time*90*4-45+180)*1-1)"]
				},
				"finger_ring_back_right2": {
					"rotation": [0, 0, "-65-3*(math.sin(q.anim_time*90*4-45+180)*1-1)"]
				},
				"finger_pinky_back_right": {
					"rotation": [0, 15, "-15-3*(math.sin(q.anim_time*90*4-30+180)*1-1)"]
				},
				"finger_pinky_back_right2": {
					"rotation": [0, 0, "-70-3*(math.sin(q.anim_time*90*4-30+180)*1-1)"]
				},
				"thumb_back_right": {
					"rotation": [0, "-40+3*(math.sin(q.anim_time*90*4-75+180)*1-1)", -45]
				},
				"thumb_back_right2": {
					"rotation": [0, "55+3*(math.sin(q.anim_time*90*4-75+180)*1-1)", 0]
				},
				"arm_back_left": {
					"rotation": [
						"-50-math.clamp(math.sin(query.anim_time*90*4+180*1)*6,-10,0)",
						"-7.5-math.sin(query.anim_time*90*4-66+180*1)*8+math.clamp(math.sin(-query.anim_time*90*4-20-33+180*1)*4,0,5)",
						"2.5+math.clamp(math.sin(query.anim_time*90*4+180*1)*6,0,10)+math.clamp(math.sin(query.anim_time*90*4+180*1)*3,-10,0)"
					]
				},
				"forearm_back_left": {
					"rotation": [0, "80+math.sin(q.anim_time*90*4+180)*6", 0]
				},
				"hand_back_left": {
					"rotation": [-12.5, "20+math.sin(query.anim_time*90*4-30)*6", 7.5]
				},
				"finger_index_back_left": {
					"rotation": [0, 7.5, "10+3*(math.sin(q.anim_time*90*4-90)*1-1)"]
				},
				"finger_index_back_left2": {
					"rotation": [0, 0, "70+3*(math.sin(q.anim_time*90*4-90)*1-1)"]
				},
				"finger_middle_back_left": {
					"rotation": [0, 2.5, "5+3*(math.sin(q.anim_time*90*4-60)*1-1)"]
				},
				"finger_middle_back_left2": {
					"rotation": [0, 0, "62.5+3*(math.sin(q.anim_time*90*4-60)*1-1)"]
				},
				"finger_ring_back_left": {
					"rotation": [0, -5, "7.5+3*(math.sin(q.anim_time*90*4-45)*1-1)"]
				},
				"finger_ring_back_left2": {
					"rotation": [0, 0, "65+3*(math.sin(q.anim_time*90*4-45)*1-1)"]
				},
				"finger_pinky_back_left": {
					"rotation": [0, -15, "15+3*(math.sin(q.anim_time*90*4-30)*1-1)"]
				},
				"finger_pinky_back_left2": {
					"rotation": [0, 0, "70+3*(math.sin(q.anim_time*90*4-30)*1-1)"]
				},
				"thumb_back_left": {
					"rotation": [0, "40-3*(math.sin(q.anim_time*90*4-75)*1-1)", 45]
				},
				"thumb_back_left2": {
					"rotation": [0, "-55-3*(math.sin(q.anim_time*90*4-75)*1-1)", 0]
				}
			}
		},
		"animation.megamachamp.blink": {
			"animation_length": 0.16667,
			"bones": {
				"eyelid_right": {
					"position": {
						"0.0": [-0.1, 0, -0.1],
						"0.125": [-0.1, 0, -0.1],
						"0.1667": [0, 0, 0]
					}
				},
				"eyelid_left": {
					"position": {
						"0.0": [0.1, 0, -0.1],
						"0.125": [0.1, 0, -0.1],
						"0.1667": [0, 0, 0]
					}
				}
			}
		},
		"animation.megamachamp.faint": {
			"loop": true,
			"bones": {
				"body": {
					"position": [0, 0, "-0.09*(math.sin(q.anim_time*90*4-90)*1+1)"]
				},
				"torso": {
					"position": [0, "-0.05*(math.sin(q.anim_time*90*4-90)*1+1)", 0]
				},
				"head_angle": {
					"rotation": [2.5, 0, 0]
				},
				"jaw": {
					"rotation": ["(math.sin(query.anim_time*90*4+180*1)*1+1)*3", 0, 0]
				},
				"arm_right": {
					"rotation": [15.83696, -19.12769, -51.64824],
					"position": [0, "0.05*(math.sin(q.anim_time*90*4+45)*1+1)", 0]
				},
				"hand_right": {
					"rotation": [0, -7, -15]
				},
				"finger_index_right": {
					"rotation": [0, -7.5, "-12.5-(math.sin(q.anim_time*90*4-90)*1-1)"]
				},
				"finger_index_right2": {
					"rotation": [0, 0, "-80-(math.sin(q.anim_time*90*4-90)*1-1)"]
				},
				"finger_middle_right": {
					"rotation": [0, -2.25, "-17.5-(math.sin(q.anim_time*90*4-60)*1-1)"]
				},
				"finger_middle_right2": {
					"rotation": [0, 0, "-82.5-(math.sin(q.anim_time*90*4-60)*1-1)"]
				},
				"finger_ring_right": {
					"rotation": [0, 0, "-22.5-(math.sin(q.anim_time*90*4-45)*1-1)"]
				},
				"finger_ring_right2": {
					"rotation": [0, 0, "-82.5-(math.sin(q.anim_time*90*4-45)*1-1)"]
				},
				"finger_pinky_right": {
					"rotation": [0, 0, "-30-(math.sin(q.anim_time*90*4-30)*1-1)"]
				},
				"finger_pinky_right2": {
					"rotation": [0, 0, "-85-(math.sin(q.anim_time*90*4-30)*1-1)"]
				},
				"thumb_right": {
					"rotation": [0, "-10+(math.sin(q.anim_time*90*4-75)*1-1)", -17.5]
				},
				"thumb_right2": {
					"rotation": [0, "72.5+(math.sin(q.anim_time*90*4-75)*1-1)", 0]
				},
				"arm_left": {
					"rotation": [15.83696, 19.12769, 51.64824],
					"position": [0, "0.05*(math.sin(q.anim_time*90*4+45)*1+1)", 0]
				},
				"hand_left": {
					"rotation": [0, 7, 15]
				},
				"finger_index_left": {
					"rotation": [0, 7.5, "12.5+(math.sin(q.anim_time*90*4-90)*1-1)"]
				},
				"finger_index_left2": {
					"rotation": [0, 0, "80+(math.sin(q.anim_time*90*4-90)*1-1)"]
				},
				"finger_middle_left": {
					"rotation": [0, 2.25, "17.5+(math.sin(q.anim_time*90*4-60)*1-1)"]
				},
				"finger_middle_left2": {
					"rotation": [0, 0, "82.5+(math.sin(q.anim_time*90*4-60)*1-1)"]
				},
				"finger_ring_left": {
					"rotation": [0, 0, "22.5+(math.sin(q.anim_time*90*4-45)*1-1)"]
				},
				"finger_ring_left2": {
					"rotation": [0, 0, "82.5+(math.sin(q.anim_time*90*4-45)*1-1)"]
				},
				"finger_pinky_left": {
					"rotation": [0, 0, "30+(math.sin(q.anim_time*90*4-30)*1-1)"]
				},
				"finger_pinky_left2": {
					"rotation": [0, 0, "85+(math.sin(q.anim_time*90*4-30)*1-1)"]
				},
				"thumb_left2": {
					"rotation": [0, "-72.5-(math.sin(q.anim_time*90*4-75)*1-1)", 0]
				},
				"foot_right": {
					"rotation": ["1-1*(math.sin(q.anim_time*90*4-90)*1+1)", 0, 0]
				},
				"chest": {
					"rotation": ["17.5+0.5*(math.sin(q.anim_time*90*4-180)*1+1)", 0, 0]
				},
				"thumb_left": {
					"rotation": [0, "10-(math.sin(q.anim_time*90*4-75)*1-1)", 17.5]
				},
				"leg_right": {
					"position": [0, "-0.07*(math.sin(q.anim_time*90*4-90)*1+1)", 0]
				},
				"leg_right2": {
					"rotation": ["1*(math.sin(q.anim_time*90*4-90)*1+1)", 0, 0]
				},
				"leg_left": {
					"position": [0, "-0.07*(math.sin(q.anim_time*90*4-90)*1+1)", 0]
				},
				"leg_left2": {
					"rotation": ["1*(math.sin(q.anim_time*90*4-90)*1+1)", 0, 0]
				},
				"foot_left": {
					"rotation": ["1-1*(math.sin(q.anim_time*90*4-90)*1+1)", 0, 0]
				},
				"head": {
					"rotation": [-10, 0, 0]
				},
				"head_correction": {
					"rotation": [5, 0, 0]
				},
				"forearm_right": {
					"rotation": [-90, "-60+2*(math.sin(q.anim_time*90*4-90)*1+1)", 0],
					"position": [0, -2, -1]
				},
				"forearm_left": {
					"rotation": [-90, "60+2*(math.sin(q.anim_time*90*4-90)*1+1)", 0],
					"position": [0, -2, -1]
				},
				"arm_back_right": {
					"rotation": [-47.77051, -18.33098, "-13.0938+(math.sin(q.anim_time*90*4+45)*1-1)"]
				},
				"forearm_back_right": {
					"rotation": [0, "-70-(math.sin(q.anim_time*90*4)*1-1)", 0]
				},
				"hand_back_right": {
					"rotation": [-13, "-20+(math.sin(q.anim_time*90*4-45)*1-1)", 5]
				},
				"finger_index_back_right": {
					"rotation": [0, -7.5, "-(math.sin(q.anim_time*90*4-90)*1-1)"]
				},
				"finger_index_back_right2": {
					"rotation": [0, 0, "-60-(math.sin(q.anim_time*90*4-90)*1-1)"]
				},
				"finger_middle_back_right": {
					"rotation": [0, -2.5, "5-(math.sin(q.anim_time*90*4-60)*1-1)"]
				},
				"finger_middle_back_right2": {
					"rotation": [0, 0, "-52.5-(math.sin(q.anim_time*90*4-60)*1-1)"]
				},
				"finger_ring_back_right": {
					"rotation": [0, 5, "2.5-(math.sin(q.anim_time*90*4-45)*1-1)"]
				},
				"finger_ring_back_right2": {
					"rotation": [0, 0, "-55-(math.sin(q.anim_time*90*4-45)*1-1)"]
				},
				"finger_pinky_back_right": {
					"rotation": [0, 15, "-5-(math.sin(q.anim_time*90*4-30)*1-1)"]
				},
				"finger_pinky_back_right2": {
					"rotation": [0, 0, "-60-(math.sin(q.anim_time*90*4-30)*1-1)"]
				},
				"thumb_back_right": {
					"rotation": [0, "-60+(math.sin(q.anim_time*90*4-75)*1-1)", -45]
				},
				"thumb_back_right2": {
					"rotation": [0, "50+(math.sin(q.anim_time*90*4-75)*1-1)", 0]
				},
				"arm_back_left": {
					"rotation": [-47.77051, 18.33098, "13.0938-(math.sin(q.anim_time*90*4+45)*1-1)"]
				},
				"forearm_back_left": {
					"rotation": [0, "70+(math.sin(q.anim_time*90*4)*1-1)", 0]
				},
				"hand_back_left": {
					"rotation": [-13, "20-(math.sin(q.anim_time*90*4-45)*1-1)", -5]
				},
				"finger_index_back_left": {
					"rotation": [0, 7.5, "(math.sin(q.anim_time*90*4-90)*1-1)"]
				},
				"finger_index_back_left2": {
					"rotation": [0, 0, "60+(math.sin(q.anim_time*90*4-90)*1-1)"]
				},
				"finger_middle_back_left": {
					"rotation": [0, 2.5, "-5+(math.sin(q.anim_time*90*4-60)*1-1)"]
				},
				"finger_middle_back_left2": {
					"rotation": [0, 0, "52.5+(math.sin(q.anim_time*90*4-60)*1-1)"]
				},
				"finger_ring_back_left": {
					"rotation": [0, -5, "-2.5+(math.sin(q.anim_time*90*4-45)*1-1)"]
				},
				"finger_ring_back_left2": {
					"rotation": [0, 0, "55+(math.sin(q.anim_time*90*4-45)*1-1)"]
				},
				"finger_pinky_back_left": {
					"rotation": [0, -15, "5+(math.sin(q.anim_time*90*4-30)*1-1)"]
				},
				"finger_pinky_back_left2": {
					"rotation": [0, 0, "60+(math.sin(q.anim_time*90*4-30)*1-1)"]
				},
				"thumb_back_left": {
					"rotation": [0, "60-(math.sin(q.anim_time*90*4-75)*1-1)", 45]
				},
				"thumb_back_left2": {
					"rotation": [0, "-50-(math.sin(q.anim_time*90*4-75)*1-1)", 0]
				}
			}
		}
	}
}