{
	"format_version": "1.8.0",
	"animations": {
		"animation.mandibuzz.ground_idle": {
			"loop": true,
			"bones": {
				"torso": {
					"rotation": ["2.5+math.sin(query.anim_time*90*1.5)*1.5", 0, 0]
				},
				"wing_right": {
					"rotation": [103.10444, -29.52163, 55.95867],
					"position": [-0.25, -8.25, -2]
				},
				"wing_right2": {
					"rotation": ["-167.3084+math.sin(query.anim_time*90*1.5-10)*3", -14.85767, -182.18654],
					"position": [0, 0, 0]
				},
				"wing_left": {
					"rotation": [89.51106, 20.71364, -54.3631],
					"position": [0, -8, -4]
				},
				"wing_left2": {
					"rotation": ["-177.471+math.sin(query.anim_time*90*1.5-10)*3", 17.49801, -179.89621]
				},
				"neck3": {
					"rotation": ["-45+math.sin(query.anim_time*90*1.5-30)*1.5", 0, 0]
				},
				"neck4": {
					"rotation": [15, 0, 0]
				},
				"neck5": {
					"rotation": ["85+math.sin(query.anim_time*90*1.5-60)*2", 0, 0]
				},
				"head": {
					"rotation": ["-40+math.sin(query.anim_time*90*1.5-80)*1", 0, 0]
				},
				"hair": {
					"rotation": ["math.sin(query.anim_time*90*1.5-100)*3", 0, 0]
				},
				"tail": {
					"rotation": ["math.sin(query.anim_time*90*1.5-70)*3", 0, 0]
				},
				"neck_fluff": {
					"rotation": ["math.sin(query.anim_time*90*1.5-40)*1.5", 0, 0]
				}
			}
		},
		"animation.mandibuzz.ground_walk": {
			"loop": true,
			"animation_length": 2,
			"bones": {
				"body": {
					"rotation": [0, "math.clamp(math.sin(query.anim_time*90*4)*2,0,2) + math.clamp(-math.sin(query.anim_time*90*4)*1,0,1)", 0],
					"position": [0, "math.clamp(math.sin(query.anim_time*90*4)*2,0,2) + math.clamp(-math.sin(query.anim_time*90*4)*1,0,1)", 0]
				},
				"torso": {
					"rotation": ["27.5+math.sin(query.anim_time*90*4)*1.5", 0, 0],
					"position": [0, 0, 0]
				},
				"tail": {
					"rotation": ["27.5+math.sin(query.anim_time*90*4)*5", 0, 0]
				},
				"wing_right": {
					"rotation": [103.10444, "-29.5216 + math.cos(query.anim_time*90*4)*3", 55.95867],
					"position": [-0.25, -8.25, -2]
				},
				"wing_right2": {
					"rotation": [-164.63957, -36.70901, -188.20653]
				},
				"wing_left": {
					"rotation": [89.51106, "20.7136 +math.sin(query.anim_time*90*4)*5", -54.3631],
					"position": [0, -8, -4]
				},
				"wing_left2": {
					"rotation": [-176.85214, 39.97143, -178.63366]
				},
				"neck2": {
					"rotation": [55, 0, 0]
				},
				"neck3": {
					"rotation": [-40, 0, 0]
				},
				"neck4": {
					"rotation": ["12.5+2.5 math.sin(query.anim_time*90*4)*math.cos(query.anim_time*90*4)*3", 0, 0]
				},
				"neck5": {
					"rotation": [-35, 0, 0]
				},
				"head": {
					"rotation": ["math.sin(query.anim_time*90*6)*1.5", 0, 0]
				},
				"hair": {
					"rotation": ["27.5+math.cos(query.anim_time*90*4)*1.5", "math.sin(query.anim_time*90*4)*3 - math.cos(query.anim_time*90*4)*3", 0]
				},
				"neck_fluff": {
					"rotation": ["-math.cos(query.anim_time*90*4)*1.5", "-math.sin(query.anim_time*90*4)*3 - math.cos(query.anim_time*90*4)*3", 0]
				},
				"leg_right": {
					"rotation": [
						"-math.clamp(math.sin(query.anim_time*90*4+45+180)*10,-10,10)+math.clamp(-math.sin(query.anim_time*90*4+20)*12,-5,12)",
						"math.clamp(math.sin(query.anim_time*90*4+20+180)*10,0,30)",
						0
					],
					"position": [
						0,
						"-math.clamp(-math.sin(query.anim_time*90*4+20+180)*0.4,0.3,3)+math.clamp(-math.sin(query.anim_time*90*4-30)*0.8,0.5,1)+math.clamp(-math.sin(query.anim_time*90*4-35+180)*3,1,3)-1.3",
						"-math.clamp(math.sin(query.anim_time*90*4+180)*0.2,-0.5,1)-math.clamp(math.sin(query.anim_time*90*4+180)*0.4,-0.8,0)+1.4"
					]
				},
				"leg_left": {
					"rotation": [
						"-math.clamp(math.sin(query.anim_time*90*4+90)*10,-10,10)+math.clamp(-math.sin(query.anim_time*90*4+180+20)*12,-5,12)",
						"-math.clamp(math.sin(query.anim_time*90*4+20)*10,0,30)",
						0
					],
					"position": [
						0,
						"-math.clamp(-math.sin(query.anim_time*90*4+20)*0.4,0.3,3)+math.clamp(-math.sin(query.anim_time*90*4-30+180)*0.8,0.5,1)+math.clamp(-math.sin(query.anim_time*90*4-35)*3,1,3)-1.3",
						"-math.clamp(math.sin(query.anim_time*90*4)*0.2,-0.5,1)-math.clamp(math.sin(query.anim_time*90*4)*0.4,-0.8,0)+1.4"
					]
				}
			}
		},
		"animation.mandibuzz.air_idle": {
			"loop": true,
			"bones": {
				"body": {
					"rotation": ["60 + math.cos(query.anim_time*90*2)*2", 0, 0],
					"position": ["0 - math.sin(query.anim_time*90) - math.sin(query.anim_time*90)", "9 + math.sin(query.anim_time*90*2)*2", 15]
				},
				"tail": {
					"rotation": ["-math.sin(query.anim_time*180)*7", 0, 0]
				},
				"wing_right": {
					"rotation": [0, "90+math.cos(q.anim_time*90*2.5)*30 - 100+math.cos(q.anim_time*90*2.5)*30", 0]
				},
				"wing_right2": {
					"rotation": [0, "90+math.sin((q.anim_time-.05)*90*2.5)*30 - 100+math.cos(q.anim_time*90*2.5)*30", 0]
				},
				"wing_right3": {
					"rotation": [0, "90+math.sin((q.anim_time-.1)*90*2.5)*30 - 100+math.cos(q.anim_time*90*2.5)*30", 0]
				},
				"wing_left": {
					"rotation": [0, "-90-math.cos(q.anim_time*90*2.5)*30 + 100-math.cos(q.anim_time*90*2.5)*30", 0]
				},
				"wing_left2": {
					"rotation": [0, "-90-math.sin((q.anim_time- .05)*90*2.5)*30 + 100-math.cos(q.anim_time*90*2.5)*30", 0]
				},
				"wing_left3": {
					"rotation": [0, "-90-math.sin((q.anim_time- .1)*90*2.5)*30 + 100-math.cos(q.anim_time*90*2.5)*30", 0]
				},
				"neck2": {
					"rotation": ["-math.sin(query.anim_time*180)*5", 0, 0]
				},
				"head": {
					"rotation": ["-17.5 +math.sin(query.anim_time*180)*5", 0, 0]
				},
				"hair": {
					"rotation": ["20 -math.cos(query.anim_time*180)*8", 0, 0]
				},
				"neck_fluff": {
					"rotation": ["-math.sin(query.anim_time*180)*5", 0, 0]
				},
				"leg_right": {
					"rotation": ["math.sin(query.anim_time*90*2)*5", 0, 0]
				},
				"leg_left": {
					"rotation": ["math.sin(query.anim_time*90*2)*5", 0, 0]
				}
			}
		},
		"animation.mandibuzz.air_fly": {
			"loop": true,
			"bones": {
				"body": {
					"rotation": ["60 + math.cos(query.anim_time*90*2)*2", 0, 0],
					"position": ["0 - math.sin(query.anim_time*90) - math.sin(query.anim_time*90)", "9 + math.sin(query.anim_time*90*2)*2", 15]
				},
				"tail": {
					"rotation": ["-math.sin(query.anim_time*180)*7", 0, 0]
				},
				"wing_right": {
					"rotation": [0, "90+math.sin(q.anim_time*90*2.5)*30 - 100+math.cos(q.anim_time*90*2.5)*30", 0]
				},
				"wing_right2": {
					"rotation": [0, "90+math.sin((q.anim_time-.05)*90*2.5)*30 - 100+math.cos(q.anim_time*90*2.5)*30", 0]
				},
				"wing_right3": {
					"rotation": [0, "90+math.sin((q.anim_time-.1)*90*2.5)*30 - 100+math.cos(q.anim_time*90*2.5)*30", 0]
				},
				"wing_left": {
					"rotation": [0, "-90-math.sin(q.anim_time*90*2.5)*30 + 100-math.cos(q.anim_time*90*2.5)*30", 0]
				},
				"wing_left2": {
					"rotation": [0, "-90-math.sin((q.anim_time- .05)*90*2.5)*30 + 100-math.cos(q.anim_time*90*2.5)*30", 0]
				},
				"wing_left3": {
					"rotation": [0, "-90-math.sin((q.anim_time- .1)*90*2.5)*30 + 100-math.cos(q.anim_time*90*2.5)*30", 0]
				},
				"neck2": {
					"rotation": ["-math.sin(query.anim_time*180)*5", 0, 0]
				},
				"head": {
					"rotation": ["-17.5 +math.sin(query.anim_time*180)*5", 0, 0]
				},
				"hair": {
					"rotation": ["20 -math.cos(query.anim_time*180)*8", 0, 0]
				},
				"neck_fluff": {
					"rotation": ["-math.sin(query.anim_time*180)*5", 0, 0]
				},
				"leg_right": {
					"rotation": ["math.sin(query.anim_time*90*2)*5", 0, 0]
				},
				"leg_left": {
					"rotation": ["math.sin(query.anim_time*90*2)*5", 0, 0]
				}
			}
		}
	}
}