{
	"format_version": "1.12.0",
	"minecraft:geometry": [
		{
			"description": {
				"identifier": "geometry.munkidori",
				"texture_width": 64,
				"texture_height": 64,
				"visible_bounds_width": 4,
				"visible_bounds_height": 3.5,
				"visible_bounds_offset": [0, 1.25, 0]
			},
			"bones": [
				{
					"name": "munkidori",
					"pivot": [0, 0, 0]
				},
				{
					"name": "body",
					"parent": "munkidori",
					"pivot": [0, 0, 0]
				},
				{
					"name": "torso",
					"parent": "body",
					"pivot": [0, 8, 0],
					"cubes": [
						{"origin": [-3.5, 6.5, -4.5], "size": [7, 5, 8], "inflate": 0.01, "uv": [26, 27]},
						{"origin": [-4, 11, -5], "size": [8, 4, 9], "uv": [0, 22]},
						{"origin": [-1.25, 4.5, -4.5], "size": [1, 2, 0], "uv": [6, 22]},
						{"origin": [0.25, 4.5, -4.5], "size": [1, 2, 0], "uv": [6, 22], "mirror": true},
						{"origin": [-2.5, 4.75, -4.5], "size": [1, 2, 0], "uv": [0, 0]},
						{"origin": [1.5, 4.75, -4.5], "size": [1, 2, 0], "uv": [0, 0], "mirror": true}
					]
				},
				{
					"name": "head",
					"parent": "torso",
					"pivot": [0, 15, 0],
					"cubes": [
						{"origin": [5.51303, 24.5, -5.59046], "size": [0, 4, 4], "pivot": [5.51303, 26.5, -3.59046], "rotation": [-45, 20, 0], "uv": [0, 0]},
						{"origin": [5.51303, 23.5, -3.59046], "size": [0, 1, 1], "pivot": [5.51303, 26.5, -3.59046], "rotation": [-45, 20, 0], "uv": [7, 2]},
						{"origin": [5.51303, 25.5, -1.59046], "size": [0, 1, 1], "pivot": [5.51303, 26.5, -3.59046], "rotation": [-45, 20, 0], "uv": [6, 0]},
						{"origin": [-1.5, 25, -5.05], "size": [3, 3, 0], "pivot": [0, 26.5, -4.55], "rotation": [0, 0, 45], "uv": [25, 25]},
						{"origin": [0.5, 23, -5.3], "size": [3, 3, 0], "pivot": [0, 26.5, -4.8], "rotation": [2.5, -2.5, -45], "uv": [25, 22]},
						{"origin": [-3.5, 23, -5.3], "size": [3, 3, 0], "pivot": [0, 26.5, -4.8], "rotation": [2.5, 2.5, 45], "uv": [0, 25]},
						{"origin": [-4, 28, -4], "size": [8, 1, 7], "uv": [29, 0]},
						{"origin": [-3, 19, -7], "size": [6, 2, 2], "uv": [29, 40]},
						{"origin": [-2, 29, -3], "size": [4, 2, 5], "uv": [38, 8]},
						{"origin": [0, 29, 1], "size": [0, 3, 1], "pivot": [0, 29, 2], "rotation": [-32.5, 0, 0], "uv": [6, 24]},
						{"origin": [0, 31, 0.5], "size": [0, 2, 1], "pivot": [0, 31, 0.5], "rotation": [-32.5, 0, 0], "uv": [0, 21]},
						{"origin": [-5, 15, -5], "size": [10, 13, 9], "uv": [0, 0]}
					]
				},
				{
					"name": "eyes",
					"parent": "head",
					"pivot": [0, 0, 0],
					"cubes": [
						{"origin": [-2.25, 23.1, -5.15], "size": [1, 1, 1], "inflate": -0.13, "uv": [52, 0]},
						{"origin": [1.25, 23.1, -5.15], "size": [1, 1, 1], "inflate": -0.13, "uv": [52, 0], "mirror": true},
						{"origin": [-2.25, 23, -5], "size": [1, 1, 1], "inflate": 0.01, "uv": [29, 0]},
						{"origin": [1.25, 23, -5], "size": [1, 1, 1], "inflate": 0.01, "uv": [29, 0], "mirror": true}
					]
				},
				{
					"name": "jaw",
					"parent": "head",
					"pivot": [0, 19, -5],
					"rotation": [5, 0, 0],
					"cubes": [
						{"origin": [-3, 18, -7], "size": [6, 1, 2], "uv": [38, 15]},
						{"origin": [-1, 19, -7], "size": [2, 1, 0], "pivot": [0, 19, -6], "rotation": [2.5, 0, 0], "uv": [5, 8]}
					]
				},
				{
					"name": "arm_right",
					"parent": "torso",
					"pivot": [-4, 14, -0.5],
					"cubes": [
						{"origin": [-10, 13, -2], "size": [7, 2, 3], "uv": [0, 35]}
					]
				},
				{
					"name": "arm_right2",
					"parent": "arm_right",
					"pivot": [-9, 14, -0.5],
					"cubes": [
						{"origin": [-16, 12.5, -2.5], "size": [7, 3, 4], "uv": [34, 18]},
						{"origin": [-18, 14.5, 0.5], "size": [2, 0, 1], "uv": [0, 8]},
						{"origin": [-18, 14.5, -2.5], "size": [2, 0, 1], "uv": [0, 8]},
						{"origin": [-18.5, 14.5, -1], "size": [3, 0, 1], "uv": [0, 3]}
					]
				},
				{
					"name": "arm_left",
					"parent": "torso",
					"pivot": [4, 14, -0.5],
					"cubes": [
						{"origin": [3, 13, -2], "size": [7, 2, 3], "uv": [0, 35], "mirror": true}
					]
				},
				{
					"name": "arm_left2",
					"parent": "arm_left",
					"pivot": [9, 14, -0.5],
					"cubes": [
						{"origin": [9, 12.5, -2.5], "size": [7, 3, 4], "uv": [34, 18], "mirror": true},
						{"origin": [16, 14.5, 0.5], "size": [2, 0, 1], "uv": [0, 8], "mirror": true},
						{"origin": [16, 14.5, -2.5], "size": [2, 0, 1], "uv": [0, 8], "mirror": true},
						{"origin": [15.5, 14.5, -1], "size": [3, 0, 1], "uv": [0, 3], "mirror": true}
					]
				},
				{
					"name": "leg_right",
					"parent": "body",
					"pivot": [-2.5, 6.5, 0],
					"rotation": [-22.5, 22.5, 0],
					"cubes": [
						{"origin": [-4, 2.5, -1.5], "size": [3, 5, 3], "uv": [17, 37]}
					]
				},
				{
					"name": "leg_right2",
					"parent": "leg_right",
					"pivot": [-2.5, 3.5, 0],
					"rotation": [22.5, 0, 0],
					"cubes": [
						{"origin": [-4, 0.5, -1.5], "size": [3, 3, 3], "inflate": 0.01, "uv": [42, 41]},
						{"origin": [-4.5, -0.5, -5], "size": [2, 1, 2], "pivot": [-2.5, 0, -3], "rotation": [0, 7.5, 0], "uv": [0, 22]},
						{"origin": [-2.5, -0.5, -5], "size": [2, 1, 2], "pivot": [-2.5, 0, -3], "rotation": [0, -7.5, 0], "uv": [0, 0]},
						{"origin": [-4.5, -0.5, -3], "size": [4, 1, 5], "inflate": 0.01, "uv": [0, 40]}
					]
				},
				{
					"name": "leg_left",
					"parent": "body",
					"pivot": [2.5, 6.5, 0],
					"rotation": [-22.5, -22.5, 0],
					"cubes": [
						{"origin": [1, 2.5, -1.5], "size": [3, 5, 3], "uv": [17, 37], "mirror": true}
					]
				},
				{
					"name": "leg_left2",
					"parent": "leg_left",
					"pivot": [2.5, 3.5, 0],
					"rotation": [22.5, 0, 0],
					"cubes": [
						{"origin": [1, 0.5, -1.5], "size": [3, 3, 3], "inflate": 0.01, "uv": [42, 41], "mirror": true},
						{"origin": [2.5, -0.5, -5], "size": [2, 1, 2], "pivot": [2.5, 0, -3], "rotation": [0, -7.5, 0], "uv": [0, 22], "mirror": true},
						{"origin": [0.5, -0.5, -5], "size": [2, 1, 2], "pivot": [2.5, 0, -3], "rotation": [0, 7.5, 0], "uv": [0, 0], "mirror": true},
						{"origin": [0.5, -0.5, -3], "size": [4, 1, 5], "inflate": 0.01, "uv": [0, 40], "mirror": true}
					]
				}
			]
		}
	]
}