{
	"format_version": "1.8.0",
	"animations": {
		"animation.nymble.ground_idle": {
			"animation_length": 7.08333,
			"bones": {
				"torso": {
					"rotation": [0, "math.sin(q.anim_time*90*2-40)*1", 0],
					"position": [0, "-0.25+math.sin(q.anim_time*90*4)*0.05", 0]
				},
				"flap_right": {
					"rotation": [0, 0, "-math.sin(q.anim_time*90*4-40)*1"]
				},
				"flap_left": {
					"rotation": [0, 0, "math.sin(q.anim_time*90*4)*1"]
				},
				"flap_left2": {
					"rotation": [0, 0, "-math.sin(q.anim_time*90*4)*0.05"]
				},
				"head": {
					"rotation": ["30+math.sin(q.anim_time*90*4-40)*1", 0, 0],
					"position": {
						"0.0": [0, 0.3, 1],
						"1.9167": [0, 0.41, 1],
						"7.0833": [0, 0.4, 1]
					}
				},
				"leg_front_right": {
					"rotation": [0, 0, "-math.sin(q.anim_time*90*4)*2"]
				},
				"leg_front_right2": {
					"rotation": [0, "math.sin(q.anim_time*90*4)*0.5", "math.sin(q.anim_time*90*4)*2"],
					"position": [0, "math.sin(q.anim_time*90*4)*0.05", 0]
				},
				"leg_front_left": {
					"rotation": [0, 0, "math.sin(q.anim_time*90*4)*2"]
				},
				"leg_front_left2": {
					"rotation": [0, "-math.sin(q.anim_time*90*4)*0.5", "-math.sin(q.anim_time*90*4)*2"],
					"position": [0, "math.sin(q.anim_time*90*4)*0.05", 0]
				},
				"leg_back_right": {
					"rotation": [0, 0, "-math.sin(q.anim_time*90*4)*2"]
				},
				"leg_back_right2": {
					"rotation": [0, "-math.sin(q.anim_time*90*4)*1", "math.sin(q.anim_time*90*4)*2"],
					"position": [0, "math.sin(q.anim_time*90*4)*0.05", 0]
				},
				"leg_back_left": {
					"rotation": [0, 0, "math.sin(q.anim_time*90*4)*2"]
				},
				"leg_back_left2": {
					"rotation": [0, "math.sin(q.anim_time*90*4)*1", "-math.sin(q.anim_time*90*4)*2"],
					"position": [0, "math.sin(q.anim_time*90*4)*0.05", 0]
				}
			}
		}
	}
}