{
	"format_version": "1.8.0",
	"animations": {
		"animation.grubbin.ground_idle": {
			"loop": true,
			"animation_length": 2,
			"bones": {
				"body": {
					"position": [0, "math.cos(query.anim_time*90*2-0)*0.05-0.05", 0]
				},
				"tail": {
					"rotation": ["-2.5+math.sin(query.anim_time*90*2-20)*1", "0-math.sin(query.anim_time*90*2-20)*1", 0]
				},
				"backleg_left": {
					"position": [0, "-math.cos(query.anim_time*90*2-0)*0.05+0.05", 0]
				},
				"backleg_right": {
					"position": [0, "-math.cos(query.anim_time*90*2-0)*0.05+0.05", 0]
				},
				"torso": {
					"rotation": ["math.sin(query.anim_time*90*2-0)*0.25", "math.sin(query.anim_time*90*2-0)*0.25", 0]
				},
				"frontleg_left": {
					"rotation": [-5, 0, 0],
					"position": [0, "-math.cos(query.anim_time*90*2-0)*0.05+0.05", 0]
				},
				"frontleg_right": {
					"rotation": [-5, 0, 0],
					"position": [0, "-math.cos(query.anim_time*90*2-0)*0.05+0.05", 0]
				},
				"leg_left": {
					"rotation": [-2.5, 0, 0],
					"position": [0, "-math.cos(query.anim_time*90*2-0)*0.05+0.05", 0]
				},
				"leg_right": {
					"rotation": [-2.5, 0, 0],
					"position": [0, "-math.cos(query.anim_time*90*2-0)*0.05+0.05", 0]
				},
				"head": {
					"rotation": ["math.sin(query.anim_time*90*2-20)*1", "math.sin(query.anim_time*90*2-20)*0.5", 0]
				},
				"pincer_left": {
					"rotation": [0, "-math.sin(query.anim_time*90*2-40)*2", 0]
				},
				"pincer_left2": {
					"rotation": [0, "-math.sin(query.anim_time*90*2-50)*2", 0]
				},
				"pincer_left3": {
					"rotation": [0, "-math.sin(query.anim_time*90*2-60)*2", 0]
				},
				"pincer_right": {
					"rotation": [0, "math.sin(query.anim_time*90*2-40)*2", 0]
				},
				"pincer_right2": {
					"rotation": [0, "math.sin(query.anim_time*90*2-50)*2", 0]
				},
				"pincer_right3": {
					"rotation": [0, "math.sin(query.anim_time*90*2-60)*2", 0]
				}
			}
		},
		"animation.grubbin.ground_walk": {
			"loop": true,
			"animation_length": 2,
			"bones": {
				"body": {
					"position": [0, 0, 0]
				},
				"tail": {
					"rotation": ["-2.5+math.sin(query.anim_time*90*8-20)*1", "0-math.sin(query.anim_time*90*4-20)*2", 0]
				},
				"backleg_left": {
					"position": [0, "math.clamp(-math.cos(query.anim_time*90*4-20)*0.2,0,0.2)", "math.sin(query.anim_time*90*4-20)*0.25"]
				},
				"backleg_right": {
					"position": [0, "math.clamp(-math.cos(query.anim_time*90*4+160)*0.2,0,0.2)", "-math.sin(query.anim_time*90*4-20)*0.25"]
				},
				"torso": {
					"rotation": ["math.sin(query.anim_time*90*8-0)*0.5", "math.sin(query.anim_time*90*4-0)*0.5", 0]
				},
				"frontleg_left": {
					"rotation": [-5, 0, 0],
					"position": [0, "math.clamp(-math.cos(query.anim_time*90*4+0)*0.2,0,0.2)", "math.sin(query.anim_time*90*4-0)*0.25"]
				},
				"frontleg_right": {
					"rotation": [-5, 0, 0],
					"position": [0, "math.clamp(-math.cos(query.anim_time*90*4+180)*0.2,0,0.2)", "-math.sin(query.anim_time*90*4-0)*0.25"]
				},
				"leg_left": {
					"rotation": [-2.5, 0, 0],
					"position": [0, "math.clamp(-math.cos(query.anim_time*90*4-170)*0.2,0,0.2)", "-math.sin(query.anim_time*90*4-10)*0.25"]
				},
				"leg_right": {
					"rotation": [-2.5, 0, 0],
					"position": [0, "math.clamp(-math.cos(query.anim_time*90*4-10)*0.2,0,0.2)", "math.sin(query.anim_time*90*4-10)*0.25"]
				},
				"head": {
					"rotation": ["math.sin(query.anim_time*90*8-20)*0.5", "math.sin(query.anim_time*90*4-20)*2", 0]
				},
				"pincer_left": {
					"rotation": [0, "-math.sin(query.anim_time*90*4-40)*2", 0]
				},
				"pincer_left2": {
					"rotation": [0, "-math.sin(query.anim_time*90*4-50)*2", 0]
				},
				"pincer_left3": {
					"rotation": [0, "-math.sin(query.anim_time*90*4-60)*2", 0]
				},
				"pincer_right": {
					"rotation": [0, "math.sin(query.anim_time*90*4-40)*2", 0]
				},
				"pincer_right2": {
					"rotation": [0, "math.sin(query.anim_time*90*4-50)*2", 0]
				},
				"pincer_right3": {
					"rotation": [0, "math.sin(query.anim_time*90*4-60)*2", 0]
				}
			}
		},
		"animation.grubbin.walktest": {
			"loop": true,
			"bones": {
				"body": {
					"position": [0, 0, "-query.anim_time*90*0.3"]
				}
			}
		}
	}
}