{
	"format_version": "1.8.0",
	"animations": {
		"animation.registeel.ground_idle": {
			"loop": true,
			"animation_length": 4,
			"bones": {
				"body": {
					"position": [0, "math.cos(query.anim_time*90*1-0)*0.25-0.25", 0]
				},
				"chest": {
					"rotation": ["math.sin(query.anim_time*90*1-70)*1-1", "math.sin(query.anim_time*90*1-70)*1", 0]
				},
				"arm_left": {
					"rotation": [
						"47.7557+math.sin(query.anim_time*90*1-110)*5",
						"41.8259+math.sin(query.anim_time*90*1-110)*2",
						"-93.1634-math.sin(query.anim_time*90*1-110)*5"
					]
				},
				"hand_left": {
					"rotation": ["12.5-math.sin(query.anim_time*90*1-130)*5", 0, 0]
				},
				"finger_left_1": {
					"rotation": ["10+math.sin(query.anim_time*90*1-150)*2", 0, 0]
				},
				"fingertip_1": {
					"rotation": ["-40+math.sin(query.anim_time*90*1-160)*2", 0, 0]
				},
				"finger_left_2": {
					"rotation": ["10+math.sin(query.anim_time*90*1-150)*2", 0, 0]
				},
				"fingertip_2": {
					"rotation": ["-40+math.sin(query.anim_time*90*1-160)*2", 0, 0]
				},
				"finger_left_3": {
					"rotation": ["10+math.sin(query.anim_time*90*1-150)*2", 0, 0]
				},
				"fingertip_3": {
					"rotation": ["-40+math.sin(query.anim_time*90*1-160)*2", 0, 0]
				},
				"arm_right": {
					"rotation": [
						"47.7557-math.sin(query.anim_time*90*1-110)*5",
						"-41.8259-math.sin(query.anim_time*90*1-110)*2",
						"93.1634-math.sin(query.anim_time*90*1-110)*5"
					]
				},
				"hand_right": {
					"rotation": ["12.5-math.sin(query.anim_time*90*1-130)*5", 0, 0]
				},
				"finger_right_1": {
					"rotation": ["10+math.sin(query.anim_time*90*1-150)*2", 0, 0]
				},
				"fingertip_4": {
					"rotation": ["-40+math.sin(query.anim_time*90*1-160)*2", 0, 0]
				},
				"finger_right_2": {
					"rotation": ["10+math.sin(query.anim_time*90*1-150)*2", 0, 0]
				},
				"fingertip_5": {
					"rotation": ["-40+math.sin(query.anim_time*90*1-160)*2", 0, 0]
				},
				"finger_right_3": {
					"rotation": ["10+math.sin(query.anim_time*90*1-150)*2", 0, 0]
				},
				"fingertip_6": {
					"rotation": ["-40+math.sin(query.anim_time*90*1-160)*2", 0, 0]
				},
				"leg_left": {
					"position": [0, "-math.cos(query.anim_time*90*1-0)*0.125+0.125", 0]
				},
				"leg_left_1": {
					"position": [0, "-math.cos(query.anim_time*90*1-0)*0.125+0.125", 0]
				},
				"leg_right": {
					"position": [0, "-math.cos(query.anim_time*90*1-0)*0.125+0.125", 0]
				},
				"leg_right_1": {
					"position": [0, "-math.cos(query.anim_time*90*1-0)*0.125+0.125", 0]
				}
			}
		},
		"animation.registeel.ground_walk": {
			"loop": true,
			"animation_length": 2,
			"bones": {
				"chest": {
					"rotation": ["-3-math.sin(query.anim_time*90*4-0)*2", "math.sin(query.anim_time*90*2-0)*5", "-math.sin(query.anim_time*90*2-0)*3"],
					"position": {
						"0.0": [0, -0.25, 0],
						"0.4583": [0, 0, 0],
						"0.5833": [0, -0.25, 0],
						"1.4583": [0, 0, 0],
						"1.5833": [0, -0.25, 0],
						"2.0": [0, -0.25, 0]
					}
				},
				"arm_left": {
					"rotation": [
						"-304.7584+math.sin(query.anim_time*90*2-20)*10",
						"30.9059+math.sin(query.anim_time*90*2-20)*8",
						"259.0494-math.sin(query.anim_time*90*2-20)*8"
					]
				},
				"hand_left": {
					"rotation": ["-10-math.sin(query.anim_time*90*2-40)*5", 0, "-math.sin(query.anim_time*90*2-40)*10"]
				},
				"finger_left_1": {
					"rotation": ["10-math.sin(query.anim_time*90*2-60)*8", 0, 0]
				},
				"fingertip_1": {
					"rotation": ["-40-math.sin(query.anim_time*90*2-70)*8", 0, 0]
				},
				"finger_left_2": {
					"rotation": ["10-math.sin(query.anim_time*90*2-60)*8", 0, 0]
				},
				"fingertip_2": {
					"rotation": ["-40-math.sin(query.anim_time*90*2-70)*8", 0, 0]
				},
				"finger_left_3": {
					"rotation": ["10-math.sin(query.anim_time*90*2-60)*8", 0, 0]
				},
				"fingertip_3": {
					"rotation": ["-40-math.sin(query.anim_time*90*2-70)*8", 0, 0]
				},
				"arm_right": {
					"rotation": [
						"-304.7584+math.sin(query.anim_time*90*2-20)*10",
						"-30.9059+math.sin(query.anim_time*90*2-20)*8",
						"-259.0494+math.sin(query.anim_time*90*2-20)*8"
					]
				},
				"hand_right": {
					"rotation": ["-10-math.sin(query.anim_time*90*2-40)*5", 0, "-math.sin(query.anim_time*90*2-40)*10"]
				},
				"finger_right_1": {
					"rotation": ["10+math.sin(query.anim_time*90*2-60)*8", 0, 0]
				},
				"fingertip_4": {
					"rotation": ["-40+math.sin(query.anim_time*90*2-70)*8", 0, 0]
				},
				"finger_right_2": {
					"rotation": ["10+math.sin(query.anim_time*90*2-60)*8", 0, 0]
				},
				"fingertip_5": {
					"rotation": ["-40+math.sin(query.anim_time*90*2-70)*8", 0, 0]
				},
				"finger_right_3": {
					"rotation": ["10+math.sin(query.anim_time*90*2-60)*8", 0, 0]
				},
				"fingertip_6": {
					"rotation": ["-40+math.sin(query.anim_time*90*2-70)*8", 0, 0]
				},
				"leg_left": {
					"rotation": ["-math.sin(query.anim_time*90*2-0)*10", 0, "math.clamp(math.cos(query.anim_time*90*2+180)*2+0,0,2)"],
					"position": [0, "math.clamp(-math.cos(query.anim_time*90*2+0)*0.8+0,0,0.8)", "math.sin(query.anim_time*90*2-180)*1"]
				},
				"leg_left_1": {
					"rotation": ["math.sin(query.anim_time*90*2-0)*10-math.clamp(math.cos(query.anim_time*90*2+180)*10+0,0,10)", 0, 0],
					"position": [0, "math.clamp(-math.cos(query.anim_time*90*2+0)*0.4+0,0,0.4)", 0]
				},
				"leg_right": {
					"rotation": ["math.sin(query.anim_time*90*2-0)*10", 0, "-math.clamp(math.cos(query.anim_time*90*2+0)*2+0,0,2)"],
					"position": [0, "math.clamp(-math.cos(query.anim_time*90*2+180)*0.8+0,0,0.8)", "-math.sin(query.anim_time*90*2-180)*1"]
				},
				"leg_right_1": {
					"rotation": ["-math.sin(query.anim_time*90*2-0)*10-math.clamp(math.cos(query.anim_time*90*2+0)*10+0,0,10)", 0, 0],
					"position": [0, "math.clamp(-math.cos(query.anim_time*90*2+180)*0.4+0,0,0.4)", 0]
				},
				"body": {
					"position": {
						"0.4583": [0, 0, 0],
						"0.5": [0, -0.1, 0],
						"0.5417": [0, 0, 0],
						"0.5833": [0, -0.1, 0],
						"0.625": [0, 0, 0],
						"1.4583": [0, 0, 0],
						"1.5": [0, -0.1, 0],
						"1.5417": [0, 0, 0],
						"1.5833": [0, -0.1, 0],
						"1.625": [0, 0, 0]
					}
				}
			}
		}
	}
}