{
	"format_version": "1.8.0",
	"animations": {
		"animation.regirock.ground_idle": {
			"loop": true,
			"animation_length": 4,
			"bones": {
				"Body": {
					"position": [0, "math.cos(query.anim_time*90*1-0)*0.3-0.3", 0]
				},
				"chest": {
					"rotation": ["math.sin(query.anim_time*90*1+45)*1", 0, 0]
				},
				"arm_left": {
					"rotation": ["-math.sin(query.anim_time*90*1+90)*3", 0, "-(math.cos(query.anim_time*90*1+135)*2-2)"]
				},
				"arm_left3": {
					"rotation": ["-math.sin(query.anim_time*90*1+45)*2", 0, 0]
				},
				"arm_right": {
					"rotation": ["-math.sin(query.anim_time*90*1+90)*3", 0, "math.cos(query.anim_time*90*1+135)*2-2"]
				},
				"arm_right3": {
					"rotation": ["-math.sin(query.anim_time*90*1+45)*2", 0, 0]
				},
				"leg_left": {
					"position": [0, "-math.cos(query.anim_time*90*1-0)*0.15+0.15", 0]
				},
				"leg_left2": {
					"position": [0, "-math.cos(query.anim_time*90*1-0)*0.15+0.15", 0]
				},
				"leg_right": {
					"position": [0, "-math.cos(query.anim_time*90*1-0)*0.15+0.15", 0]
				},
				"leg_right2": {
					"position": [0, "-math.cos(query.anim_time*90*1-0)*0.15+0.15", 0]
				}
			}
		},
		"animation.regirock.ground_walk": {
			"loop": true,
			"animation_length": 2,
			"bones": {
				"Body": {
					"rotation": [0, "math.sin(query.anim_time*90*2-0)*2", "math.sin(query.anim_time*90*2-0)*4"]
				},
				"chest": {
					"rotation": ["-7.5-math.sin(query.anim_time*90*4+45)*5", 0, 0],
					"position": {
						"0.0": [0, 0.33, 0],
						"0.5": [0, 1, 0],
						"0.625": [0, 0, 0],
						"1.5": [0, 1, 0],
						"1.625": [0, 0, 0],
						"2.0": [0, 0.33, 0]
					}
				},
				"arm_left": {
					"rotation": ["-math.sin(query.anim_time*90*2-0)*10", 0, 0]
				},
				"arm_left2": {
					"rotation": ["5-math.sin(query.anim_time*90*2-0)*5", 0, 0]
				},
				"arm_left3": {
					"rotation": ["10-math.sin(query.anim_time*90*2-0)*2.5", 0, 0]
				},
				"arm_right": {
					"rotation": ["math.sin(query.anim_time*90*2-0)*10", 0, 0]
				},
				"arm_right2": {
					"rotation": ["5+math.sin(query.anim_time*90*2-0)*5", 0, 0]
				},
				"arm_right3": {
					"rotation": ["10+math.sin(query.anim_time*90*2-0)*2.5", 0, 0]
				},
				"leg_left": {
					"rotation": ["-math.sin(query.anim_time*90*2-180)*15", 0, "-math.sin(query.anim_time*90*2-0)*2"],
					"position": {
						"0.0": [0, 1, 1],
						"0.5": [0, 1.4, 1],
						"0.625": [0, -0.5, 1.25],
						"1.0": [0, 0, 0],
						"1.5": [0, 0, 0.5],
						"2.0": [0, 1, 1]
					}
				},
				"leg_left2": {
					"rotation": {
						"0.0": {
							"post": [-15, 0, 0],
							"lerp_mode": "catmullrom"
						},
						"0.5": {
							"post": [0, 0, 0],
							"lerp_mode": "catmullrom"
						},
						"0.625": {
							"post": [-12.5, 0, 0],
							"lerp_mode": "catmullrom"
						},
						"1.0": {
							"post": [0, 0, 0],
							"lerp_mode": "catmullrom"
						},
						"1.5": {
							"post": [15, 0, 0],
							"lerp_mode": "catmullrom"
						},
						"2.0": {
							"post": [-15, 0, 0],
							"lerp_mode": "catmullrom"
						}
					}
				},
				"leg_right": {
					"rotation": ["-math.sin(query.anim_time*90*2-0)*15", 0, "-math.sin(query.anim_time*90*2-0)*2"],
					"position": {
						"0.0": [0, 0, 0],
						"0.5": [0, 0, 0.5],
						"0.75": [0, 0.5, 1],
						"1.0": [0, 1, 1],
						"1.5": [0, 1.4, 1],
						"1.625": [0, -0.5, 1.25],
						"2.0": [0, 0, 0]
					}
				},
				"leg_right2": {
					"rotation": {
						"0.0": [0, 0, 0],
						"0.5": [15, 0, 0],
						"1.0": [-15, 0, 0],
						"1.5": [0, 0, 0],
						"1.625": [-12.5, 0, 0],
						"2.0": [0, 0, 0]
					}
				}
			}
		}
	}
}