{
	"format_version": "1.12.0",
	"minecraft:geometry": [
		{
			"description": {
				"identifier": "geometry.misdreavus",
				"texture_width": 64,
				"texture_height": 64,
				"visible_bounds_width": 5,
				"visible_bounds_height": 3.5,
				"visible_bounds_offset": [0, 1.25, 0]
			},
			"bones": [
				{
					"name": "misdreavus",
					"pivot": [0, 0, 0]
				},
				{
					"name": "body",
					"parent": "misdreavus",
					"pivot": [0, 9, 0]
				},
				{
					"name": "head",
					"parent": "body",
					"pivot": [0, 8, -1],
					"cubes": [
						{"origin": [-5.5, 10, -6], "size": [11, 7, 10], "uv": [0, 1]}
					]
				},
				{
					"name": "bone17",
					"parent": "head",
					"pivot": [0, 16.6, -3.225],
					"cubes": [
						{"origin": [-1, 16.475, -4.225], "size": [2, 4, 2], "inflate": -0.1, "pivot": [0, 16.6, -3.225], "rotation": [-20, 0, 0], "uv": [41, 50]},
						{"origin": [-1, 15.59197, -0.67676], "size": [2, 6, 2], "pivot": [0, 16.6, 0.225], "rotation": [-22.5, 0, 0], "uv": [0, 51]},
						{"origin": [-1, 13.56155, 1.79155], "size": [2, 6, 1], "inflate": 0.1, "pivot": [0, 15.74418, 2.94669], "rotation": [-45, 0, 0], "uv": [34, 51]}
					]
				},
				{
					"name": "hair",
					"parent": "head",
					"pivot": [0, 0, -1]
				},
				{
					"name": "hair_top_right",
					"parent": "hair",
					"pivot": [3.7, 15.825, -4.65],
					"rotation": [54.43625, 3.39756, 15.56672]
				},
				{
					"name": "bone2",
					"parent": "hair_top_right",
					"pivot": [3.7, 14.425, -1.15],
					"cubes": [
						{"origin": [1.7, 15.825, -5.65], "size": [4, 2, 5], "uv": [44, 12]}
					]
				},
				{
					"name": "bone3",
					"parent": "bone2",
					"pivot": [3.7, 16.925, -1.15],
					"rotation": [-22.5, 0, 0],
					"cubes": [
						{"origin": [2.7, 16.15, -1.6], "size": [4, 1, 7], "pivot": [3.7, 16.65, 0.6], "rotation": [0, 30, 0], "uv": [42, 49]}
					]
				},
				{
					"name": "bone4",
					"parent": "bone3",
					"pivot": [6.71603, 16.475, 3.91397],
					"rotation": [17.25002, 2.99318, -9.54589],
					"cubes": [
						{"origin": [4.65052, 16.02524, 3.86142], "size": [4, 1, 3], "inflate": -0.025, "pivot": [6.65304, 16.45024, 3.73207], "rotation": [2.5, 30, 0], "uv": [50, 60]},
						{"origin": [4.65052, 17.05024, 3.88642], "size": [3, 0, 3], "pivot": [6.65304, 16.45024, 3.73207], "rotation": [2.24143, 15.01265, -0.66972], "uv": [11, 32]},
						{"origin": [5.70052, 17.02524, 3.33642], "size": [3, 0, 3], "pivot": [6.65304, 16.45024, 3.73207], "rotation": [3.36735, 49.97488, 1.32923], "uv": [11, 32]}
					]
				},
				{
					"name": "bone9",
					"parent": "bone4",
					"pivot": [8.58701, 16.75024, 7.56809]
				},
				{
					"name": "hair_top_right2",
					"parent": "bone9",
					"pivot": [8.39086, 16.72524, 6.14007],
					"rotation": [0, 30, 0]
				},
				{
					"name": "bone10",
					"parent": "hair_top_right2",
					"pivot": [8.76316, 16.82524, 6.50907],
					"rotation": [0, 20, 0],
					"cubes": [
						{"origin": [7.96424, 16.77524, 5.32098], "size": [3, 0, 6], "pivot": [8.76316, 16.82524, 6.50907], "rotation": [0, 12.5, 0], "uv": [-5, 45], "mirror": true}
					]
				},
				{
					"name": "bone18",
					"parent": "hair_top_right2",
					"pivot": [7.06316, 16.82524, 5.93407],
					"rotation": [0, 15, 0],
					"cubes": [
						{"origin": [5.3189, 16.82524, 6.06977], "size": [3, 0, 9], "pivot": [7.4939, 16.82524, 6.64477], "rotation": [0, -20, 0], "uv": [-1, 50], "mirror": true}
					]
				},
				{
					"name": "hair_top_left",
					"parent": "hair",
					"pivot": [-3.7, 15.825, -4.65],
					"rotation": [54.43625, -3.39756, -15.56672]
				},
				{
					"name": "bone5",
					"parent": "hair_top_left",
					"pivot": [-3.7, 14.425, -1.15],
					"cubes": [
						{"origin": [-5.7, 15.825, -5.65], "size": [4, 2, 5], "uv": [44, 12], "mirror": true}
					]
				},
				{
					"name": "bone6",
					"parent": "bone5",
					"pivot": [-3.7, 16.925, -1.15],
					"rotation": [-22.5, 0, 0],
					"cubes": [
						{"origin": [-6.7, 16.15, -1.6], "size": [4, 1, 7], "pivot": [-3.7, 16.65, 0.6], "rotation": [0, -30, 0], "uv": [42, 10], "mirror": true}
					]
				},
				{
					"name": "bone7",
					"parent": "bone6",
					"pivot": [-6.71603, 16.65, 4.23897],
					"rotation": [17.25002, -2.99318, 9.54589],
					"cubes": [
						{"origin": [-8.63851, 16.225, 3.81833], "size": [4, 1, 3], "inflate": -0.025, "pivot": [-6.64103, 16.65, 3.68897], "rotation": [2.5, -30, 0], "uv": [36, 60], "mirror": true},
						{"origin": [-7.63851, 17.25, 3.84333], "size": [3, 0, 3], "pivot": [-6.64103, 16.65, 3.68897], "rotation": [2.24143, -15.01265, 0.66972], "uv": [17, 32], "mirror": true},
						{"origin": [-8.68851, 17.225, 3.29333], "size": [3, 0, 3], "pivot": [-6.64103, 16.65, 3.68897], "rotation": [3.36735, -49.97488, -1.32923], "uv": [17, 32], "mirror": true}
					]
				},
				{
					"name": "bone8",
					"parent": "bone7",
					"pivot": [-8.575, 16.95, 7.525]
				},
				{
					"name": "hair_top_left2",
					"parent": "bone8",
					"pivot": [-8.50385, 16.6, 6.27198],
					"rotation": [0, -30, 0]
				},
				{
					"name": "bone11",
					"parent": "hair_top_left2",
					"pivot": [-8.8554, 16.54908, 6.39266],
					"rotation": [0, -20, 0],
					"cubes": [
						{"origin": [-11.05647, 16.49908, 5.20458], "size": [3, 0, 6], "pivot": [-8.8554, 16.54908, 6.39266], "rotation": [0, -12.5, 0], "uv": [-5, 45]}
					]
				},
				{
					"name": "bone12",
					"parent": "hair_top_left2",
					"pivot": [-7.7554, 16.54908, 6.39266],
					"rotation": [0, -15, 0],
					"cubes": [
						{"origin": [-8.5804, 16.54908, 5.81766], "size": [3, 0, 9], "pivot": [-7.7554, 16.54908, 6.39266], "rotation": [0, 20, 0], "uv": [-1, 50]}
					]
				},
				{
					"name": "hair_top",
					"parent": "hair",
					"pivot": [0, 14.6, -5.5]
				},
				{
					"name": "hair_back6",
					"parent": "hair",
					"pivot": [-5.525, 13.95, -4.05],
					"rotation": [0, -47.5, 0],
					"cubes": [
						{"origin": [-5.49821, 12, -4.30718], "size": [2, 4, 8], "uv": [0, 18], "mirror": true}
					]
				},
				{
					"name": "bone15",
					"parent": "hair_back6",
					"pivot": [-4.49821, 14, 3.01782],
					"cubes": [
						{"origin": [-4.99821, 12, 2.79282], "size": [1, 5, 7], "inflate": -0.025, "pivot": [-4.49821, 14, 3.01782], "rotation": [17.64168, 7.15102, 2.26708], "uv": [1, 19], "mirror": true}
					]
				},
				{
					"name": "bone16",
					"parent": "bone15",
					"pivot": [-4.04821, 16.55, 8.06782],
					"rotation": [7.65298, -29.1617, -14.33672],
					"cubes": [
						{"origin": [-4.97765, 11.97417, 8.73529], "size": [1, 6, 7], "pivot": [-4.47765, 13.97417, 2.96029], "rotation": [17.64168, 7.15102, 2.26708], "uv": [1, 19], "mirror": true}
					]
				},
				{
					"name": "bone",
					"parent": "bone16",
					"pivot": [-2.87765, 20.07417, 14.38529]
				},
				{
					"name": "flap_4",
					"parent": "bone",
					"pivot": [-2.87765, 20.07417, 14.38529],
					"cubes": [
						{"origin": [-2.85265, 18.69599, 12.67702], "size": [0, 3, 11], "pivot": [-2.87765, 20.07417, 14.38529], "rotation": [23.54835, 19.03771, 6.24605], "uv": [0, 50], "mirror": true}
					]
				},
				{
					"name": "flap_5",
					"parent": "bone",
					"pivot": [-2.87765, 20.07417, 14.38529],
					"cubes": [
						{"origin": [-2.80265, 16.99599, 12.90202], "size": [0, 2, 7], "pivot": [-2.87765, 20.07417, 14.38529], "rotation": [16.04835, 19.03771, 6.24605], "uv": [14, 50], "mirror": true}
					]
				},
				{
					"name": "flap_6",
					"parent": "bone",
					"pivot": [-2.87765, 20.07417, 14.38529],
					"cubes": [
						{"origin": [-2.77765, 15.72099, 14.02702], "size": [0, 2, 5], "pivot": [-2.87765, 20.07417, 14.38529], "rotation": [-1.45165, 19.03771, 6.24605], "uv": [14, 49], "mirror": true}
					]
				},
				{
					"name": "hair_back1",
					"parent": "hair",
					"pivot": [5.525, 13.95, -4.05],
					"rotation": [0, 47.5, 0],
					"cubes": [
						{"origin": [3.49821, 12, -4.30718], "size": [2, 4, 8], "uv": [0, 18]}
					]
				},
				{
					"name": "bone13",
					"parent": "hair_back1",
					"pivot": [4.49821, 14, 3.01782],
					"cubes": [
						{"origin": [3.99821, 12, 2.79282], "size": [1, 5, 7], "inflate": -0.025, "pivot": [4.49821, 14, 3.01782], "rotation": [17.64168, -7.15102, -2.26708], "uv": [1, 19]}
					]
				},
				{
					"name": "bone14",
					"parent": "bone13",
					"pivot": [3.44821, 16.5, 8.44282],
					"rotation": [7.65298, 29.1617, 14.33672],
					"cubes": [
						{"origin": [4.00357, 12.11508, 9.16887], "size": [1, 6, 7], "pivot": [4.50357, 14.11508, 3.39387], "rotation": [17.64168, -7.15102, -2.26708], "uv": [1, 19]}
					]
				},
				{
					"name": "flap",
					"parent": "bone14",
					"pivot": [2.90357, 20.21508, 14.81887]
				},
				{
					"name": "flap_1",
					"parent": "flap",
					"pivot": [2.90357, 20.21508, 14.81887],
					"cubes": [
						{"origin": [2.87857, 18.83691, 13.11059], "size": [0, 3, 11], "pivot": [2.90357, 20.21508, 14.81887], "rotation": [23.54835, -19.03771, -6.24605], "uv": [0, 50]}
					]
				},
				{
					"name": "flap_2",
					"parent": "flap",
					"pivot": [2.90357, 20.21508, 14.81887],
					"cubes": [
						{"origin": [2.82857, 17.13691, 13.33559], "size": [0, 2, 7], "pivot": [2.90357, 20.21508, 14.81887], "rotation": [16.04835, -19.03771, -6.24605], "uv": [14, 50]}
					]
				},
				{
					"name": "flap_3",
					"parent": "flap",
					"pivot": [2.90357, 20.21508, 14.81887],
					"cubes": [
						{"origin": [2.80357, 15.86191, 14.46059], "size": [0, 2, 5], "pivot": [2.90357, 20.21508, 14.81887], "rotation": [-1.45165, -19.03771, -6.24605], "uv": [14, 49]}
					]
				},
				{
					"name": "hairback",
					"parent": "hair",
					"pivot": [3.8, 12.075, 2.1]
				},
				{
					"name": "hair_back2",
					"parent": "hairback",
					"pivot": [3.8, 12.075, 2.1],
					"rotation": [0, 17.5, 0],
					"cubes": [
						{"origin": [1, 12.975, 2.5], "size": [4, 4, 6], "uv": [20, 30]}
					]
				},
				{
					"name": "hair_back2_joint",
					"parent": "hair_back2",
					"pivot": [3, 14.975, 8.5],
					"cubes": [
						{"origin": [1, 14.975, 8.5], "size": [4, 0, 5], "uv": [19, 40]}
					]
				},
				{
					"name": "hair_back3",
					"parent": "hairback",
					"pivot": [0, 11.075, 4],
					"cubes": [
						{"origin": [-2, 12.075, 3], "size": [4, 4, 7], "uv": [41, 27]}
					]
				},
				{
					"name": "hair_back3_joint",
					"parent": "hair_back3",
					"pivot": [0, 14.075, 10],
					"cubes": [
						{"origin": [-2, 14.075, 10], "size": [4, 0, 5], "uv": [11, 40]}
					]
				},
				{
					"name": "hair_back4",
					"parent": "hairback",
					"pivot": [-3.8, 12.075, 2.1],
					"rotation": [0, -17.5, 0],
					"cubes": [
						{"origin": [-5, 12.975, 2.5], "size": [4, 4, 6], "uv": [0, 30]}
					]
				},
				{
					"name": "hair_back4_joint",
					"parent": "hair_back4",
					"pivot": [-3, 14.975, 8.5],
					"cubes": [
						{"origin": [-5, 14.975, 8.5], "size": [4, 0, 5], "uv": [3, 40]}
					]
				},
				{
					"name": "hair_back5",
					"parent": "hair",
					"pivot": [-5, 14, -2],
					"rotation": [0, -30, 0]
				},
				{
					"name": "hair_back5_joint",
					"parent": "hair_back5",
					"pivot": [-4.5, 14, 6]
				},
				{
					"name": "mouth",
					"parent": "head",
					"pivot": [0, 0, -1]
				},
				{
					"name": "closed",
					"parent": "mouth",
					"pivot": [0, 8.9, -6.01],
					"cubes": [
						{"origin": [-1.525, 10.425, -6.01], "size": [2, 1, 0], "uv": [0, 22]},
						{"origin": [0.475, 10.8, -6.01], "size": [1, 1, 0], "uv": [0, 22]}
					]
				},
				{
					"name": "open",
					"parent": "mouth",
					"pivot": [0, 9, -5.01],
					"cubes": [
						{"origin": [-1.5, 10, -5.91], "size": [3, 2, 0], "uv": [0, 24]}
					]
				},
				{
					"name": "eyes",
					"parent": "head",
					"pivot": [0, 0, -1]
				},
				{
					"name": "eye_right",
					"parent": "eyes",
					"pivot": [-3.5, 10.5, -5.5],
					"cubes": [
						{"origin": [-5.51, 11, -6.01], "size": [4, 3, 1], "uv": [16, 45]}
					]
				},
				{
					"name": "eye_in2",
					"parent": "eye_right",
					"pivot": [0, -6.15, -3.05],
					"cubes": [
						{"origin": [-4.01, 11.5, -6.02], "size": [1, 2, 1], "uv": [0, 40], "mirror": true}
					]
				},
				{
					"name": "eyelid_right",
					"parent": "eye_right",
					"pivot": [-2.51, 12.5, -4.51],
					"cubes": [
						{"origin": [-5.42, 11, -5.92], "size": [4, 3, 1], "inflate": 0.01, "uv": [0, 4]}
					]
				},
				{
					"name": "eye_left",
					"parent": "eyes",
					"pivot": [3.5, 11.5, -5.5],
					"cubes": [
						{"origin": [1.51, 11, -6.01], "size": [4, 3, 1], "uv": [26, 45]}
					]
				},
				{
					"name": "eye_in",
					"parent": "eye_left",
					"pivot": [0, -5.15, -3.05],
					"cubes": [
						{"origin": [3.01, 11.5, -6.02], "size": [1, 2, 1], "uv": [0, 40]}
					]
				},
				{
					"name": "eyelid_left",
					"parent": "eye_left",
					"pivot": [2.51, 13.5, -4.51],
					"cubes": [
						{"origin": [1.42, 12, -5.92], "size": [4, 3, 1], "inflate": 0.01, "uv": [0, 0]}
					]
				},
				{
					"name": "torso",
					"parent": "body",
					"pivot": [0, 10, -3],
					"cubes": [
						{"origin": [-3, 5, -3], "size": [6, 5, 6], "uv": [40, 38]}
					]
				},
				{
					"name": "flap_front",
					"parent": "torso",
					"pivot": [0, 5, -3],
					"cubes": [
						{"origin": [-3, 1, -3], "size": [6, 4, 0], "uv": [52, 23]}
					]
				},
				{
					"name": "flap_right",
					"parent": "torso",
					"pivot": [-3, 5, 0],
					"cubes": [
						{"origin": [-3, 1, -3], "size": [0, 4, 6], "uv": [52, 13]}
					]
				},
				{
					"name": "flap_left",
					"parent": "torso",
					"pivot": [3, 5, 0],
					"cubes": [
						{"origin": [3, 1, -3], "size": [0, 4, 6], "uv": [32, -2]},
						{"origin": [3.001, 3, -0.5], "size": [0, 1, 1], "uv": [1, 1]}
					]
				},
				{
					"name": "flap_back",
					"parent": "torso",
					"pivot": [0, 5, 3],
					"cubes": [
						{"origin": [-3, 1, 3], "size": [6, 4, 0], "uv": [32, 0]}
					]
				},
				{
					"name": "necklace",
					"parent": "torso",
					"pivot": [0, 8.7, -3],
					"cubes": [
						{"origin": [-1, 7.7, -4.5], "size": [2, 2, 2], "inflate": 0.225, "uv": [0, 18]},
						{"origin": [0.7, 7.95, -4.5], "size": [2, 2, 2], "inflate": -0.05, "uv": [0, 18]},
						{"origin": [-4.425, 7.85, 1.975], "size": [2, 2, 2], "inflate": 0.05, "pivot": [-3.15, 8.95, 3.5], "rotation": [0, -45, 0], "uv": [0, 18], "mirror": true},
						{"origin": [-4.7, 7.875, -1.075], "size": [2, 2, 2], "inflate": 0.05, "uv": [0, 18], "mirror": true},
						{"origin": [-4.55, 7.95, 0.475], "size": [2, 2, 2], "inflate": -0.05, "uv": [0, 18], "mirror": true},
						{"origin": [-4.55, 7.95, -2.6], "size": [2, 2, 2], "inflate": -0.05, "uv": [0, 18], "mirror": true},
						{"origin": [-2.675, 7.95, 2.5], "size": [2, 2, 2], "inflate": -0.05, "uv": [0, 18], "mirror": true},
						{"origin": [-4.425, 7.85, -3.975], "size": [2, 2, 2], "inflate": 0.05, "pivot": [-3.15, 8.95, -3.5], "rotation": [0, 45, 0], "uv": [0, 18], "mirror": true},
						{"origin": [-2.7, 7.95, -4.5], "size": [2, 2, 2], "inflate": -0.05, "uv": [0, 18], "mirror": true},
						{"origin": [2.425, 7.85, -3.975], "size": [2, 2, 2], "inflate": 0.05, "pivot": [3.15, 8.95, -3.5], "rotation": [0, -45, 0], "uv": [0, 18]},
						{"origin": [0.675, 7.95, 2.5], "size": [2, 2, 2], "inflate": -0.05, "uv": [0, 18]},
						{"origin": [2.55, 7.95, -2.6], "size": [2, 2, 2], "inflate": -0.05, "uv": [0, 18]},
						{"origin": [2.55, 7.95, 0.475], "size": [2, 2, 2], "inflate": -0.05, "uv": [0, 18]},
						{"origin": [2.7, 7.875, -1.075], "size": [2, 2, 2], "inflate": 0.05, "uv": [0, 18]},
						{"origin": [2.425, 7.85, 1.975], "size": [2, 2, 2], "inflate": 0.05, "pivot": [3.15, 8.95, 3.5], "rotation": [0, 45, 0], "uv": [0, 18]},
						{"origin": [-1, 7.7, 2.5], "size": [2, 2, 2], "inflate": 0.175, "uv": [0, 18]},
						{"origin": [2.425, 7.85, 1.975], "size": [2, 2, 2], "inflate": 0.05, "pivot": [3.15, 8.95, 3.5], "rotation": [0, 45, 0], "uv": [0, 18]}
					]
				}
			]
		}
	]
}