{
	"format_version": "1.12.0",
	"minecraft:geometry": [
		{
			"description": {
				"identifier": "geometry.cobalion",
				"texture_width": 128,
				"texture_height": 128,
				"visible_bounds_width": 5,
				"visible_bounds_height": 5.5,
				"visible_bounds_offset": [0, 2.25, 0]
			},
			"bones": [
				{
					"name": "cobalion",
					"pivot": [0, 0, 0]
				},
				{
					"name": "body",
					"parent": "cobalion",
					"pivot": [0, 0, 2]
				},
				{
					"name": "torso",
					"parent": "body",
					"pivot": [0.58195, 23.43652, 10.4431],
					"cubes": [
						{"origin": [-5.5, 19, -1], "size": [11, 10, 14], "uv": [0, 0]},
						{"origin": [0, 18.19578, 9.56887], "size": [0, 17, 18], "uv": [0, 6]},
						{"origin": [-5.5, 19, -10], "size": [11, 10, 9], "uv": [50, 0]},
						{"origin": [-5.5, 27.91935, -9.13269], "size": [11, 3, 14], "pivot": [-0.5, 32.41935, -4.63269], "rotation": [-12.5, 0, 0], "uv": [22, 27]}
					]
				},
				{
					"name": "nick",
					"parent": "torso",
					"pivot": [0, 35.17026, -7.48186],
					"cubes": [
						{"origin": [-2, 40, -9], "size": [4, 3, 4], "uv": [46, 20]},
						{"origin": [-3, 32.63393, -13.14054], "size": [6, 7, 9], "pivot": [0, 36.13393, -8.64054], "rotation": [25, 0, 0], "uv": [58, 19]},
						{"origin": [0, 16.0757, -16.73743], "size": [0, 11, 8], "pivot": [0, 21.5757, -13.23743], "rotation": [-15, 0, 0], "uv": [0, 89]},
						{"origin": [-3, 24.34107, -15.34054], "size": [6, 4, 9], "pivot": [0, 27.84107, -10.84054], "rotation": [-47.5, 0, 0], "uv": [36, 75]},
						{"origin": [-3.5, 27.73803, -15.48612], "size": [7, 9, 7], "pivot": [0, 32.23803, -11.98612], "rotation": [-15, 0, 0], "uv": [32, 59]},
						{"origin": [-8, 26.90862, -11.50316], "size": [5, 7, 0], "pivot": [-5, 32.10862, -11.50316], "rotation": [-19.27896, 38.3808, -12.25294], "uv": [77, 105]},
						{"origin": [3, 30.10862, -11.50316], "size": [5, 7, 0], "pivot": [5, 32.10862, -11.50316], "rotation": [-19.27896, -38.3808, 12.25294], "uv": [77, 105], "mirror": true},
						{"origin": [-4, 38, -3], "size": [8, 10, 2], "uv": [16, 97]},
						{"origin": [-4, 28, -5], "size": [8, 10, 4], "pivot": [0, 38, -2], "rotation": [20, 0, 0], "uv": [0, 114]},
						{"origin": [-4, 45.79662, -0.32136], "size": [8, 2, 4], "pivot": [0, 39.19662, -2.32136], "rotation": [17.5, 0, 0], "uv": [99, 73]},
						{"origin": [3, 30, -9], "size": [2, 18, 7], "uv": [18, 72]},
						{"origin": [-5, 30, -9], "size": [2, 18, 7], "uv": [0, 72]}
					]
				},
				{
					"name": "head",
					"parent": "nick",
					"pivot": [0, 42.92386, -7.1651],
					"cubes": [
						{"origin": [-3.5, 43.25639, -10.51857], "size": [7, 6, 7], "pivot": [0, 45.51788, -9.96646], "rotation": [-7.5, 0, 0], "uv": [66, 76]},
						{"origin": [-4, 45.45645, -11.17965], "size": [8, 5, 8], "pivot": [0, 47.75645, -7.37965], "rotation": [10, 0, 0], "uv": [0, 59]},
						{"origin": [1.9, 50.13227, -11.55557], "size": [2, 2, 7], "pivot": [2.9, 51.13227, -5.55557], "rotation": [22.5, 0, 0], "uv": [105, 6]},
						{"origin": [1.9, 51.13227, -4.55557], "size": [2, 3, 5], "pivot": [2.9, 51.13227, -5.55557], "rotation": [22.5, 0, 0], "uv": [63, 105]},
						{"origin": [1.875, 50.87834, -7.48496], "size": [2, 2, 4], "pivot": [2.9, 51.37834, -5.98496], "rotation": [55, 0, 0], "uv": [106, 44]},
						{"origin": [1.9, 51.75602, -1.57936], "size": [2, 2, 3], "pivot": [2.9, 54.36082, 2.23002], "rotation": [-37.5, 0, 0], "uv": [78, 54]},
						{"origin": [1.9, 52.6268, -4.89128], "size": [2, 2, 8], "pivot": [2.9, 54.36082, 2.23002], "rotation": [7.5, 0, 0], "uv": [94, 44]},
						{"origin": [1.9, 52.44283, 2.54662], "size": [2, 2, 4], "pivot": [2.9, 54.36082, 2.23002], "rotation": [25, 0, 0], "uv": [106, 29]},
						{"origin": [2.9, 52.44283, 6.54662], "size": [0, 2, 6], "pivot": [3.9, 54.36082, 2.23002], "rotation": [25, 0, 0], "uv": [36, 3]},
						{"origin": [-2.9, 52.44283, 6.54662], "size": [0, 2, 6], "pivot": [-3.9, 54.36082, 2.23002], "rotation": [25, 0, 0], "uv": [0, 35]},
						{"origin": [-3.9, 52.44283, 2.54662], "size": [2, 2, 4], "pivot": [-2.9, 54.36082, 2.23002], "rotation": [25, 0, 0], "uv": [57, 76]},
						{"origin": [-3.9, 52.6268, -4.89128], "size": [2, 2, 8], "pivot": [-2.9, 54.36082, 2.23002], "rotation": [7.5, 0, 0], "uv": [87, 73]},
						{"origin": [-3.9, 51.13227, -4.55557], "size": [2, 3, 5], "pivot": [-2.9, 51.13227, -5.55557], "rotation": [22.5, 0, 0], "uv": [0, 0]},
						{"origin": [-3.9, 51.75602, -1.57936], "size": [2, 2, 3], "pivot": [-2.9, 54.36082, 2.23002], "rotation": [-37.5, 0, 0], "uv": [68, 54]},
						{"origin": [-3.875, 50.87834, -7.48496], "size": [2, 2, 4], "pivot": [-2.9, 51.37834, -5.98496], "rotation": [55, 0, 0], "uv": [11, 72]},
						{"origin": [-3.9, 50.13227, -11.55557], "size": [2, 2, 7], "pivot": [-2.9, 51.13227, -5.55557], "rotation": [22.5, 0, 0], "uv": [104, 79]},
						{"origin": [-2.5, 43.7, -15.5], "size": [5, 4, 5], "pivot": [0, 45.51788, -9.96646], "rotation": [10, 0, 0], "uv": [36, 0]},
						{"origin": [-3, 44.43444, -16.33481], "size": [6, 4, 7], "pivot": [-0.5, 46.43444, -13.83481], "rotation": [20, 0, 0], "uv": [87, 33]}
					]
				},
				{
					"name": "rightleg",
					"parent": "body",
					"pivot": [-4.84, 24.05449, 10.35737],
					"cubes": [
						{"origin": [-7.2, 18.6, 6.5], "size": [6, 10, 7], "pivot": [-4.7, 25.1, 10.5], "rotation": [12.5, 0, 0], "uv": [68, 37]}
					]
				},
				{
					"name": "bone",
					"parent": "rightleg",
					"pivot": [-5, 19, 10.6],
					"cubes": [
						{"origin": [-7, 11, 8.6], "size": [4, 9, 4], "uv": [104, 100]}
					]
				},
				{
					"name": "bone6",
					"parent": "bone",
					"pivot": [-5, 11, 10.5],
					"cubes": [
						{"origin": [-7.5, 0, 8], "size": [5, 11, 5], "uv": [89, 84]},
						{"origin": [-7.5, 0, 6], "size": [5, 4, 2], "uv": [53, 59]}
					]
				},
				{
					"name": "leftleg",
					"parent": "body",
					"pivot": [4.84, 24.05449, 10.35737],
					"cubes": [
						{"origin": [1.2, 18.6, 6.5], "size": [6, 10, 7], "pivot": [4.7, 25.1, 10.5], "rotation": [12.5, 0, 0], "uv": [60, 59]}
					]
				},
				{
					"name": "bone3",
					"parent": "leftleg",
					"pivot": [5, 19.5172, 10.59169],
					"cubes": [
						{"origin": [3, 11, 8.6], "size": [4, 9, 4], "uv": [88, 100]}
					]
				},
				{
					"name": "bone4",
					"parent": "bone3",
					"pivot": [5, 10.975, 10.6],
					"cubes": [
						{"origin": [2.5, 0, 8], "size": [5, 11, 5], "uv": [68, 89]},
						{"origin": [2.5, 0, 6], "size": [5, 4, 2], "uv": [24, 59]}
					]
				},
				{
					"name": "rightarm",
					"parent": "body",
					"pivot": [-5.49312, 26.47892, -7.07026],
					"cubes": [
						{"origin": [-7, 13, -8.5], "size": [4, 16, 4], "uv": [52, 88]},
						{"origin": [-6.5, 22, -9.5], "size": [0, 15, 17], "uv": [34, 27]}
					]
				},
				{
					"name": "bone7",
					"parent": "rightarm",
					"pivot": [-5, 13.5896, -7.34441],
					"cubes": [
						{"origin": [-7.5, 0, -9], "size": [5, 14, 5], "uv": [88, 14]},
						{"origin": [-7.5, 0, -11], "size": [5, 4, 2], "uv": [58, 35]}
					]
				},
				{
					"name": "leftarm",
					"parent": "body",
					"pivot": [5.49312, 26.47892, -7.07026],
					"cubes": [
						{"origin": [3, 13, -8.5], "size": [4, 16, 4], "uv": [36, 88]},
						{"origin": [6.5, 22, -9.5], "size": [0, 15, 17], "uv": [0, 27]}
					]
				},
				{
					"name": "bone2",
					"parent": "leftarm",
					"pivot": [5, 13.5896, -7.34441],
					"cubes": [
						{"origin": [2.5, 0, -9], "size": [5, 14, 5], "uv": [86, 54]},
						{"origin": [2.5, 0, -11], "size": [5, 4, 2], "uv": [0, 8]}
					]
				}
			]
		}
	]
}