{
	"format_version": "1.12.0",
	"minecraft:geometry": [
		{
			"description": {
				"identifier": "geometry.ironthorns",
				"texture_width": 247,
				"texture_height": 207,
				"visible_bounds_width": 11,
				"visible_bounds_height": 6.5,
				"visible_bounds_offset": [0, 2.75, 0]
			},
			"bones": [
				{
					"name": "tyranitar",
					"pivot": [0, 0, 0]
				},
				{
					"name": "body",
					"parent": "tyranitar",
					"pivot": [0, 0, 0]
				},
				{
					"name": "torso",
					"parent": "body",
					"pivot": [0, 33, 0],
					"cubes": [
						{"origin": [-13, 17, -11], "size": [26, 40, 22], "uv": [144, 139]},
						{"origin": [10, 31.48634, 12.46071], "size": [0, 7, 8], "pivot": [10, 44.5647, 11.08277], "rotation": [-15, 10, 0], "uv": [143, 73]},
						{"origin": [10, 41, 11], "size": [0, 7, 8], "pivot": [10, 44.5647, 11.08277], "rotation": [0, 10, 0], "uv": [143, 66]},
						{"origin": [13, 35, 11], "size": [0, 19, 13], "pivot": [13, 44.5, 11], "rotation": [0, 45, 0], "uv": [138, 96]},
						{"origin": [-13, 35, 11], "size": [0, 19, 13], "pivot": [-13, 44.5, 11], "rotation": [0, -45, 0], "uv": [138, 76]},
						{"origin": [10, 50.26807, 11.92722], "size": [0, 7, 9], "pivot": [10, 44.5647, 11.08277], "rotation": [15, 10, 0], "uv": [142, 58]},
						{"origin": [-10, 31.48634, 12.46071], "size": [0, 7, 8], "pivot": [-10, 44.5647, 11.08277], "rotation": [-15, -10, 0], "uv": [143, 51]},
						{"origin": [-10, 41, 11], "size": [0, 7, 8], "pivot": [-10, 44.5647, 11.08277], "rotation": [0, -10, 0], "uv": [143, 44]},
						{"origin": [-10, 50.26807, 11.92722], "size": [0, 7, 9], "pivot": [-10, 44.5647, 11.08277], "rotation": [15, -10, 0], "uv": [142, 36]}
					]
				},
				{
					"name": "neck",
					"parent": "torso",
					"pivot": [0, 0, 0],
					"cubes": [
						{"origin": [-9, 57, -9], "size": [18, 8, 18], "pivot": [0, 57.5, 9], "rotation": [12.5, 0, 0], "uv": [156, 112]}
					]
				},
				{
					"name": "head",
					"parent": "neck",
					"pivot": [0, 64.2676, 4.61606],
					"cubes": [
						{"origin": [-7, 64.21156, -5.56869], "size": [14, 11, 11], "pivot": [0, 64.2676, 4.61606], "rotation": [22.5, 0, 0], "uv": [167, 89]},
						{"origin": [-6, 64.91156, -15.56869], "size": [12, 5, 15], "inflate": -0.001, "pivot": [0, 69.91156, -15.56869], "rotation": [22.5, 0, 0], "uv": [165, 40]},
						{"origin": [-6, 64.91156, -15.56869], "size": [12, 5, 10], "uv": [170, 61]},
						{"origin": [-6.025, 67.41156, -14.56869], "size": [0, 2, 5], "pivot": [-6.025, 67.91156, -12.06869], "rotation": [27.5, 0, 0], "uv": [119, 91]},
						{"origin": [-6.05, 67.35953, -13.91485], "size": [0, 2, 2], "pivot": [-6.05, 67.85953, -12.16485], "rotation": [27.5, 0, 0], "uv": [117, 89]},
						{"origin": [-6.125, 67.85953, -13.41485], "size": [0, 1, 1], "pivot": [-6.05, 67.85953, -12.16485], "rotation": [27.5, 0, 0], "uv": [119, 105]},
						{"origin": [6.125, 67.85953, -13.41485], "size": [0, 1, 1], "pivot": [6.05, 67.85953, -12.16485], "rotation": [27.5, 0, 0], "uv": [117, 105]},
						{"origin": [6.05, 67.35953, -13.91485], "size": [0, 2, 2], "pivot": [6.05, 67.85953, -12.16485], "rotation": [27.5, 0, 0], "uv": [109, 89]},
						{"origin": [6.025, 67.41156, -14.56869], "size": [0, 2, 5], "pivot": [6.025, 67.91156, -12.06869], "rotation": [27.5, 0, 0], "uv": [109, 91]},
						{"origin": [-5.975, 64.16156, -14.54369], "size": [0, 1, 1], "pivot": [-6, 65.41156, -14.06869], "rotation": [45, 0, 0], "uv": [29, 27]},
						{"origin": [-5.975, 64.16156, -11.54369], "size": [0, 1, 1], "pivot": [-5.975, 64.66156, -11.04369], "rotation": [47.5, 0, 0], "uv": [27, 27]},
						{"origin": [5.975, 64.16156, -11.54369], "size": [0, 1, 1], "pivot": [5.975, 64.66156, -11.04369], "rotation": [47.5, 0, 0], "uv": [25, 27]},
						{"origin": [5.975, 64.16156, -14.54369], "size": [0, 1, 1], "pivot": [-6, 65.41156, -14.06869], "rotation": [45, 0, 0], "uv": [23, 27]},
						{"origin": [-7, 77.21156, -13.91869], "size": [14, 0, 35], "pivot": [0, 64.2676, 4.61606], "rotation": [22.5, 0, 0], "uv": [37, 50]},
						{"origin": [7, 75.83028, -18.79337], "size": [16, 0, 35], "pivot": [7, 75.83028, -1.29337], "rotation": [22.19157, -3.81024, 9.25249], "uv": [65, 50]},
						{"origin": [-23, 75.83028, -18.79337], "size": [16, 0, 35], "pivot": [-7, 75.83028, -1.29337], "rotation": [21.80633, 5.68422, -13.9042], "uv": [5, 50]}
					]
				},
				{
					"name": "bone3",
					"parent": "head",
					"pivot": [0, 64.9676, -4.38394],
					"cubes": [
						{"origin": [-6, 61.91156, -12.56869], "size": [12, 3, 8], "pivot": [0, 64.9676, -4.38394], "rotation": [2.25, 0, 0], "uv": [172, 77]}
					]
				},
				{
					"name": "arms",
					"parent": "torso",
					"pivot": [0, 0, 0]
				},
				{
					"name": "right_arm",
					"parent": "arms",
					"pivot": [-13, 47, 0],
					"cubes": [
						{"origin": [-24, 39.75, -6], "size": [17, 13, 12], "uv": [0, 176]}
					]
				},
				{
					"name": "right_arm2",
					"parent": "right_arm",
					"pivot": [-24, 51.75, 0],
					"cubes": [
						{"origin": [-35, 40.75, -5], "size": [11, 11, 10], "uv": [59, 180]}
					]
				},
				{
					"name": "right_hand",
					"parent": "right_arm2",
					"pivot": [-35.12757, 50.81009, 0.01448],
					"cubes": [
						{"origin": [-42, 41.75, -4], "size": [7, 9, 8], "uv": [102, 184]},
						{"origin": [-44, 47.25, 0.05], "size": [2, 2, 0], "pivot": [-43, 48.25, 0], "rotation": [90, 0, 0], "uv": [19, 28]},
						{"origin": [-44, 46.25, -2.275], "size": [2, 2, 0], "pivot": [-43, 47.25, -2], "rotation": [-35, 0, 0], "uv": [15, 28]},
						{"origin": [-44, 46.25, 2.275], "size": [2, 2, 0], "pivot": [-43, 47.25, 2], "rotation": [35, 0, 0], "uv": [27, 14]}
					]
				},
				{
					"name": "left_arm",
					"parent": "arms",
					"pivot": [13, 47, 0],
					"cubes": [
						{"origin": [7, 39.75, -6], "size": [17, 13, 12], "uv": [0, 150]}
					]
				},
				{
					"name": "left_arm2",
					"parent": "left_arm",
					"pivot": [24, 51.75, 0],
					"cubes": [
						{"origin": [24, 40.75, -5], "size": [11, 11, 10], "uv": [59, 158]}
					]
				},
				{
					"name": "cube",
					"parent": "left_arm2",
					"pivot": [35.12757, 50.81009, 0.01448],
					"cubes": [
						{"origin": [35, 41.75, -4], "size": [7, 9, 8], "uv": [102, 166]},
						{"origin": [42, 46.25, 2.275], "size": [2, 2, 0], "pivot": [43, 47.25, 2], "rotation": [35, 0, 0], "uv": [27, 12]},
						{"origin": [42, 46.25, -2.275], "size": [2, 2, 0], "pivot": [43, 47.25, -2], "rotation": [-35, 0, 0], "uv": [23, 12]},
						{"origin": [42, 47.25, 0.05], "size": [2, 2, 0], "pivot": [43, 48.25, 0], "rotation": [90, 0, 0], "uv": [15, 12]}
					]
				},
				{
					"name": "tail",
					"parent": "torso",
					"pivot": [0, 32.925, 3.16667],
					"cubes": [
						{"origin": [-9, 16, 3], "size": [18, 17, 33], "uv": [0, 0]}
					]
				},
				{
					"name": "bone",
					"parent": "tail",
					"pivot": [0, 19, 36.25],
					"cubes": [
						{"origin": [-7, 19, 36], "size": [14, 11, 20], "uv": [103, 13]}
					]
				},
				{
					"name": "bone2",
					"parent": "bone",
					"pivot": [0, 21, 55.75],
					"cubes": [
						{"origin": [-5, 21, 56], "size": [10, 7, 17], "uv": [172, 15]},
						{"origin": [-5, 21, 56], "size": [0, 7, 17], "pivot": [-5, 24.5, 56.5], "rotation": [0, -20, 0], "uv": [153, 7]},
						{"origin": [5, 21, 56], "size": [0, 7, 17], "pivot": [5, 24.5, 56.5], "rotation": [0, 20, 0], "uv": [153, 0]},
						{"origin": [-5, 28, 56], "size": [10, 0, 17], "pivot": [0, 28, 56], "rotation": [20, 0, 0], "uv": [53, 15]},
						{"origin": [-5, 18.05, 39], "size": [10, 0, 17], "pivot": [0, -28, 56], "rotation": [-20, 0, 0], "uv": [85, 15]}
					]
				},
				{
					"name": "legs",
					"parent": "body",
					"pivot": [0, 0, 0]
				},
				{
					"name": "right_leg",
					"parent": "legs",
					"pivot": [-12, 33, -3],
					"cubes": [
						{"origin": [-18, 11, -9], "size": [10, 22, 18], "uv": [0, 109]}
					]
				},
				{
					"name": "right_leg2",
					"parent": "right_leg",
					"pivot": [-13, 11, -5],
					"cubes": [
						{"origin": [-17, 4, -5], "size": [8, 13, 10], "uv": [57, 134]}
					]
				},
				{
					"name": "right_feet",
					"parent": "right_leg2",
					"pivot": [-13, 6, 5],
					"cubes": [
						{"origin": [-18, 0, -9], "size": [10, 4, 14], "uv": [94, 147]},
						{"origin": [-17, 0, -9], "size": [8, 4, 7], "inflate": -0.001, "pivot": [-13, 4, -9], "rotation": [25, 0, 0], "uv": [60, 98]},
						{"origin": [-18, 0, -12], "size": [1, 3, 4], "pivot": [-18, 2, -9], "rotation": [0, 15, 0], "uv": [114, 120]},
						{"origin": [-14, 0, -12], "size": [2, 3, 4], "uv": [102, 120]},
						{"origin": [-9, 0, -12], "size": [1, 3, 4], "pivot": [-8, 2, -9], "rotation": [0, -15, 0], "uv": [124, 120]}
					]
				},
				{
					"name": "left_leg",
					"parent": "legs",
					"pivot": [12, 33, -3],
					"cubes": [
						{"origin": [8, 11, -9], "size": [10, 22, 18], "uv": [0, 68]}
					]
				},
				{
					"name": "left_leg2",
					"parent": "left_leg",
					"pivot": [13, 11, -5],
					"cubes": [
						{"origin": [9, 4, -5], "size": [8, 13, 10], "uv": [57, 110]}
					]
				},
				{
					"name": "left_feet",
					"parent": "left_leg2",
					"pivot": [13, 6, 5],
					"cubes": [
						{"origin": [8, 0, -9], "size": [10, 4, 14], "uv": [94, 128]},
						{"origin": [9, 0, -9], "size": [8, 4, 7], "inflate": -0.001, "pivot": [13, 4, -9], "rotation": [25, 0, 0], "uv": [60, 86]},
						{"origin": [17, 0, -12], "size": [1, 3, 4], "pivot": [18, 2, -9], "rotation": [0, -15, 0], "uv": [124, 113]},
						{"origin": [12, 0, -12], "size": [2, 3, 4], "uv": [102, 113]},
						{"origin": [8, 0, -12], "size": [1, 3, 4], "pivot": [8, 2, -9], "rotation": [0, 15, 0], "uv": [114, 113]}
					]
				}
			]
		}
	]
}