{
	"format_version": "1.12.0",
	"minecraft:geometry": [
		{
			"description": {
				"identifier": "geometry.regigigas",
				"texture_width": 330,
				"texture_height": 330,
				"visible_bounds_width": 24,
				"visible_bounds_height": 16,
				"visible_bounds_offset": [0, 6, 0]
			},
			"bones": [
				{
					"name": "root",
					"pivot": [0, 0, 0]
				},
				{
					"name": "regigigas",
					"parent": "root",
					"pivot": [0, 0, 0]
				},
				{
					"name": "body",
					"parent": "regigigas",
					"pivot": [0, 0, 0]
				},
				{
					"name": "torso",
					"parent": "body",
					"pivot": [0.25, 72.91237, -1.5],
					"cubes": [
						{"origin": [-22.75, 49.91237, -13.5], "size": [46, 46, 24], "uv": [0, 0]}
					]
				},
				{
					"name": "torso2",
					"parent": "torso",
					"pivot": [0.12419, 81.4916, 0.95303],
					"cubes": [
						{"origin": [-25.75, 58.91237, -13.5], "size": [3, 4, 24], "uv": [250, 108]},
						{"origin": [-25.75, 58.91237, -16.5], "size": [12, 4, 3], "uv": [58, 290]},
						{"origin": [-17.75, 52.91237, -16.5], "size": [4, 6, 3], "uv": [174, 291]},
						{"origin": [-25.75, 58.91237, 10.5], "size": [4, 4, 2], "uv": [54, 228]},
						{"origin": [-23.75, 58.91237, 12.5], "size": [2, 4, 4], "uv": [184, 246]},
						{"origin": [-21.75, 58.91237, 13.5], "size": [11, 4, 3], "uv": [290, 97]},
						{"origin": [-10.75, 58.91237, 13.5], "size": [5, 7, 3], "uv": [54, 218]},
						{"origin": [5.75, 58.91237, 13.5], "size": [5, 7, 3], "uv": [0, 218]},
						{"origin": [13.75, 52.91237, -16.5], "size": [4, 6, 3], "uv": [268, 10]},
						{"origin": [13.75, 58.91237, -16.5], "size": [12, 4, 3], "uv": [28, 287]},
						{"origin": [22.75, 58.91237, -13.5], "size": [3, 4, 24], "uv": [0, 250]},
						{"origin": [21.75, 58.91237, 10.5], "size": [4, 4, 2], "uv": [0, 228]},
						{"origin": [21.75, 58.91237, 12.5], "size": [2, 4, 4], "uv": [92, 227]},
						{"origin": [10.75, 58.91237, 13.5], "size": [11, 4, 3], "uv": [290, 90]},
						{"origin": [21.25, 82.91237, 13.5], "size": [1.5, 4, 6], "uv": [268, 0]},
						{"origin": [19.25, 82.91237, 16.5], "size": [2, 4, 3], "uv": [128, 244]},
						{"origin": [4.25, 82.91237, 19.5], "size": [17, 4, 3], "uv": [268, 233]},
						{"origin": [2.25, 78.91237, 19.5], "size": [6, 4, 3], "uv": [265, 37]},
						{"origin": [-8.25, 78.91237, 19.5], "size": [6, 4, 3], "uv": [265, 30]},
						{"origin": [-21.25, 82.91237, 19.5], "size": [17, 4, 3], "uv": [265, 53]},
						{"origin": [-22.85, 82.91237, 16.5], "size": [4.6, 4, 3], "uv": [188, 291]},
						{"origin": [-22.75, 82.91237, 13.5], "size": [2.5, 4, 3], "uv": [110, 257]},
						{"origin": [-21.75, 56.91237, 10.5], "size": [44, 39, 3], "uv": [140, 0]},
						{"origin": [-18.75, 72.91237, 16.5], "size": [38, 23, 3], "uv": [208, 186]},
						{"origin": [-6.75, 65.91237, -15.5], "size": [14, 8, 2], "uv": [74, 280]},
						{"origin": [-20.75, 66.91237, 13.5], "size": [42, 29, 3], "uv": [144, 60]},
						{"origin": [-7.75, 73.91237, -16.5], "size": [16, 12, 3], "uv": [110, 227]},
						{"origin": [-7.75, 97.91237, -13.5], "size": [16, 8, 3], "uv": [274, 62]},
						{"origin": [8.25, 81.91237, -16.5], "size": [3, 14, 3], "uv": [144, 244]},
						{"origin": [-10.75, 95.91237, -16.5], "size": [3, 3, 27], "uv": [111, 244]},
						{"origin": [8.25, 95.91237, -16.5], "size": [3, 3, 27], "uv": [189, 243]},
						{"origin": [8.25, 95.91237, 10.5], "size": [3, 2, 6], "uv": [0, 260]},
						{"origin": [-10.75, 95.91237, 10.5], "size": [3, 2, 6], "uv": [220, 108]},
						{"origin": [-7.75, 95.91237, -10.5], "size": [16, 10, 10], "uv": [260, 164]},
						{"origin": [-22.75, 95.91237, -7.5], "size": [12, 4, 18], "uv": [240, 142]},
						{"origin": [-18.75, 99.91237, -5.5], "size": [6, 3, 15], "uv": [30, 252]},
						{"origin": [-18.75, 102.91237, 1.5], "size": [5, 1, 8], "uv": [110, 244]},
						{"origin": [-12.75, 99.91237, -2.5], "size": [2, 2, 8], "uv": [250, 108]},
						{"origin": [-12.75, 99.91237, -5.5], "size": [2, 4, 3], "uv": [234, 14]},
						{"origin": [-21.75, 99.91237, -3.5], "size": [3, 5, 12], "uv": [274, 73]},
						{"origin": [-21.75, 99.91237, -5.5], "size": [3, 2, 2], "uv": [219, 142]},
						{"origin": [-21.75, 99.91237, -6.5], "size": [10, 2, 1], "uv": [184, 186]},
						{"origin": [-22.75, 95.91237, -10.5], "size": [3, 3, 3], "uv": [0, 192]},
						{"origin": [-13.75, 95.91237, -10.5], "size": [3, 3, 3], "uv": [120, 190]},
						{"origin": [-19.75, 95.91237, -10.5], "size": [2, 4, 3], "uv": [94, 241]},
						{"origin": [-19.75, 95.91237, -12.5], "size": [2, 2, 2], "uv": [76, 241]},
						{"origin": [-22.75, 95.91237, -12.5], "size": [3, 2, 2], "uv": [229, 142]},
						{"origin": [-19.75, 95.91237, 10.5], "size": [3, 2, 2], "uv": [110, 191]},
						{"origin": [-20.75, 95.91237, 10.5], "size": [1, 1, 2], "uv": [0, 3]},
						{"origin": [-16.75, 95.91237, 10.5], "size": [3, 3, 4], "uv": [54, 270]},
						{"origin": [-16.75, 95.91237, 14.5], "size": [3, 2, 3], "uv": [98, 191]},
						{"origin": [-19.75, 95.91237, 12.5], "size": [3, 1, 3], "uv": [207, 142]},
						{"origin": [-13.75, 95.91237, 10.5], "size": [3, 4, 3], "uv": [12, 250]},
						{"origin": [-13.75, 95.91237, 13.5], "size": [3, 2, 2], "uv": [76, 209]},
						{"origin": [-13.75, 95.91237, 15.5], "size": [3, 1, 2], "uv": [9, 141]},
						{"origin": [14.25, 102.91237, 1.5], "size": [5, 1, 8], "uv": [76, 241]},
						{"origin": [19.25, 99.91237, -3.5], "size": [3, 5, 12], "uv": [184, 246]},
						{"origin": [13.25, 99.91237, -5.5], "size": [6, 3, 15], "uv": [56, 178]},
						{"origin": [11.25, 99.91237, -5.5], "size": [2, 4, 3], "uv": [76, 227]},
						{"origin": [11.25, 99.91237, -2.5], "size": [2, 2, 8], "uv": [0, 250]},
						{"origin": [11.25, 95.91237, 10.5], "size": [3, 4, 3], "uv": [250, 0]},
						{"origin": [12.25, 99.91237, -6.5], "size": [10, 2, 1], "uv": [172, 112]},
						{"origin": [11.25, 95.91237, -7.5], "size": [11.5, 4, 18], "uv": [144, 246]},
						{"origin": [18.25, 95.91237, -10.5], "size": [2, 4, 3], "uv": [234, 0]},
						{"origin": [20.25, 95.91237, -10.5], "size": [2.5, 3, 3], "uv": [130, 15]},
						{"origin": [20.25, 95.91237, -12.5], "size": [2.5, 2, 2], "uv": [12, 192]},
						{"origin": [11.25, 95.91237, -10.5], "size": [3, 3, 3], "uv": [182, 92]},
						{"origin": [18.25, 95.91237, -12.5], "size": [2, 2, 2], "uv": [86, 209]},
						{"origin": [14.25, 95.91237, 10.5], "size": [3, 3, 4], "uv": [202, 263]},
						{"origin": [17.25, 95.91237, 10.5], "size": [3, 2, 2], "uv": [119, 178]},
						{"origin": [20.25, 95.91237, 10.5], "size": [1, 1, 2], "uv": [0, 0]},
						{"origin": [17.25, 95.91237, 12.5], "size": [3, 1, 3], "uv": [192, 162]},
						{"origin": [14.25, 95.91237, 14.5], "size": [3, 2, 3], "uv": [0, 141]},
						{"origin": [11.25, 95.91237, 13.5], "size": [3, 2, 2], "uv": [149, 178]},
						{"origin": [11.25, 95.91237, 15.5], "size": [3, 1, 2], "uv": [131, 0]},
						{"origin": [-10.75, 81.91237, -16.5], "size": [3, 14, 3], "uv": [192, 145]},
						{"origin": [-17.75, 95.91237, -13.5], "size": [4, 3, 6], "uv": [250, 118]},
						{"origin": [-17.75, 86.91237, -16.5], "size": [4, 12, 3], "uv": [100, 126]},
						{"origin": [-17.75, 80.91237, -15.5], "size": [4, 4, 2], "pivot": [-15.75, 82.91237, -6.25], "rotation": [0, 0, 45], "uv": [12, 260]},
						{"origin": [-17.75, 72.91237, -15.5], "size": [4, 4, 2], "pivot": [-15.75, 74.91237, -6.25], "rotation": [0, 0, 45], "uv": [126, 257]},
						{"origin": [-17.75, 64.91237, -15.5], "size": [4, 4, 2], "pivot": [-15.75, 66.91237, -6.25], "rotation": [0, 0, 45], "uv": [250, 14]},
						{"origin": [14.25, 64.91237, -15.5], "size": [4, 4, 2], "pivot": [16.25, 66.91237, -15], "rotation": [0, 0, -45], "uv": [232, 108]},
						{"origin": [14.25, 72.91237, -15.5], "size": [4, 4, 2], "pivot": [16.25, 74.91237, -15], "rotation": [0, 0, -45], "uv": [240, 154]},
						{"origin": [14.25, 80.91237, -15.5], "size": [4, 4, 2], "pivot": [16.25, 82.91237, -15], "rotation": [0, 0, -45], "uv": [244, 224]},
						{"origin": [14.25, 95.91237, -13.5], "size": [4, 3, 6], "uv": [116, 15]},
						{"origin": [14.25, 86.91237, -16.5], "size": [4, 12, 3], "uv": [76, 126]},
						{"origin": [-7.75, 95.91237, -0.5], "size": [16, 9, 4], "uv": [83, 178]},
						{"origin": [-7.75, 95.91237, 7.5], "size": [16, 5, 3], "uv": [123, 274]},
						{"origin": [-7.75, 95.91237, 3.5], "size": [16, 8, 4], "uv": [183, 273]},
						{"origin": [-7.75, 95.91237, 10.5], "size": [16, 3, 3], "uv": [144, 92]},
						{"origin": [-7.75, 95.91237, 13.5], "size": [16, 2, 3], "uv": [172, 140]},
						{"origin": [-7.75, 80.91237, -18.5], "size": [16, 5, 2], "uv": [38, 280]},
						{"origin": [-7.75, 99.91237, -16.5], "size": [16, 4, 3], "uv": [0, 278]},
						{"origin": [-37.75, 72.55361, -14.14124], "size": [15, 28, 28], "pivot": [-22.25, 86.55361, -0.14124], "rotation": [-45, 0, 0], "uv": [86, 70]},
						{"origin": [-30.25, 66.55361, -20.14124], "size": [0, 6, 40], "pivot": [-30.25, 86.55361, -0.14124], "rotation": [-45, 0, 0], "uv": [80, 132]},
						{"origin": [-30.25, 72.55361, -20.14124], "size": [0, 28, 6], "pivot": [-30.25, 86.55361, -0.14124], "rotation": [-45, 0, 0], "uv": [154, 208]},
						{"origin": [-30.25, 100.55361, -20.14124], "size": [0, 6, 40], "pivot": [-30.25, 86.55361, -0.14124], "rotation": [-45, 0, 0], "uv": [0, 132]},
						{"origin": [-30.25, 72.55361, 13.85876], "size": [0, 28, 6], "pivot": [-30.25, 86.55361, -0.14124], "rotation": [-45, 0, 0], "uv": [166, 208]},
						{"origin": [22.75, 72.55361, -14.14124], "size": [15, 28, 28], "pivot": [22.25, 86.55361, -0.14124], "rotation": [-45, 0, 0], "uv": [0, 70]},
						{"origin": [30.25, 66.55361, -20.14124], "size": [0, 6, 40], "pivot": [30.25, 86.55361, -0.14124], "rotation": [-45, 0, 0], "uv": [0, 126]},
						{"origin": [30.25, 72.55361, -20.14124], "size": [0, 28, 6], "pivot": [30.25, 86.55361, -0.14124], "rotation": [-45, 0, 0], "uv": [0, 64]},
						{"origin": [30.25, 72.55361, 13.85876], "size": [0, 28, 6], "pivot": [30.25, 86.55361, -0.14124], "rotation": [-45, 0, 0], "uv": [12, 64]},
						{"origin": [30.25, 100.55361, -20.14124], "size": [0, 6, 40], "pivot": [30.25, 86.55361, -0.14124], "rotation": [-45, 0, 0], "uv": [80, 126]},
						{"origin": [-7.75, 85.91237, -20.5], "size": [16, 14, 7], "uv": [268, 212]}
					]
				},
				{
					"name": "head",
					"parent": "torso",
					"pivot": [0.25, 92.91237, -17]
				},
				{
					"name": "eyes",
					"parent": "head",
					"pivot": [0.25, 86.09094, -19.42857],
					"cubes": [
						{"origin": [-4.75, 91.91237, -21.5], "size": [2, 2, 1], "pivot": [-3.75, 92.91237, -21], "rotation": [0, 0, 45], "uv": [18, 3]},
						{"origin": [3.25, 91.91237, -21.5], "size": [2, 2, 1], "pivot": [4.25, 92.91237, -21], "rotation": [0, 0, 45], "uv": [18, 12]},
						{"origin": [-0.75, 87.91237, -21.5], "size": [2, 2, 1], "pivot": [0.25, 88.91237, -21], "rotation": [0, 0, 45], "uv": [18, 15]},
						{"origin": [-0.75, 82.66237, -19.5], "size": [2, 2, 1], "pivot": [0.25, 83.66237, -19], "rotation": [0, 0, 45], "uv": [18, 0]},
						{"origin": [-0.75, 76.66237, -17.5], "size": [2, 2, 1], "pivot": [0.25, 77.66237, -17], "rotation": [0, 0, 45], "uv": [0, 15]},
						{"origin": [-0.75, 68.66237, -16.5], "size": [2, 2, 1], "pivot": [0.25, 69.66237, -16], "rotation": [0, 0, 45], "uv": [0, 12]},
						{"origin": [-0.75, 95.91237, -21.5], "size": [2, 2, 1], "pivot": [0.25, 96.91237, -21], "rotation": [0, 0, 45], "uv": [116, 15]}
					]
				},
				{
					"name": "arms",
					"parent": "torso",
					"pivot": [0, 85, 0]
				},
				{
					"name": "arm_right",
					"parent": "arms",
					"pivot": [-33.41667, 85, -2.8677],
					"cubes": [
						{"origin": [-60.75, 76.41237, -10], "size": [28, 20, 20], "uv": [96, 126]}
					]
				},
				{
					"name": "black_lines_right",
					"parent": "arm_right",
					"pivot": [-48.75, 86.91237, -1.64286],
					"cubes": [
						{"origin": [-54.75, 85.41237, -13], "size": [12, 5, 3], "uv": [203, 285]},
						{"origin": [-48.75, 96.41237, -10], "size": [6, 3, 20], "uv": [151, 268]},
						{"origin": [-54.75, 73.41237, -10], "size": [6, 3, 20], "uv": [268, 0]},
						{"origin": [-48.75, 90.41237, -13], "size": [6, 9, 3], "uv": [244, 212]},
						{"origin": [-48.75, 89.41237, 10], "size": [6, 10, 3], "uv": [188, 214]},
						{"origin": [-54.75, 73.41237, 10], "size": [6, 11, 3], "uv": [0, 178]},
						{"origin": [-54.75, 73.41237, -13], "size": [6, 12, 3], "uv": [0, 126]}
					]
				},
				{
					"name": "arm_right2",
					"parent": "arm_right",
					"pivot": [-59.75, 86.91237, -1.5],
					"cubes": [
						{"origin": [-79.75, 78.41237, -8], "size": [19, 16, 16], "uv": [220, 76]}
					]
				},
				{
					"name": "black_lines_right2",
					"parent": "arm_right2",
					"pivot": [-69.75, 86.41237, 0],
					"cubes": [
						{"origin": [-67.75, 94.41237, -8], "size": [4, 3, 16], "uv": [273, 272]},
						{"origin": [-67.75, 88.41237, -11], "size": [4, 9, 3], "uv": [86, 257]},
						{"origin": [-75.75, 75.41237, -11], "size": [4, 9, 3], "uv": [57, 252]},
						{"origin": [-67.75, 88.41237, 8], "size": [4, 9, 3], "uv": [202, 246]},
						{"origin": [-75.75, 75.41237, 8], "size": [4, 9, 3], "uv": [30, 250]},
						{"origin": [-75.75, 75.41237, -8], "size": [4, 3, 16], "uv": [233, 272]}
					]
				},
				{
					"name": "hand_right",
					"parent": "arm_right2",
					"pivot": [-79.75, 84.91237, -1.5],
					"cubes": [
						{"origin": [-91.75, 74.41237, -12], "size": [12, 24, 24], "uv": [172, 92]},
						{"origin": [-82.75, 72.41237, -14], "size": [3, 2, 28], "uv": [120, 214]},
						{"origin": [-91.75, 72.41237, -14], "size": [3, 2, 28], "uv": [216, 112]},
						{"origin": [-91.75, 74.41237, 12], "size": [3, 24, 2], "uv": [238, 30]},
						{"origin": [-82.75, 74.41237, 12], "size": [3, 24, 2], "uv": [248, 30]},
						{"origin": [-82.75, 98.41237, -14], "size": [3, 2, 28], "uv": [154, 216]},
						{"origin": [-91.75, 98.41237, -14], "size": [3, 2, 28], "uv": [42, 222]},
						{"origin": [-91.75, 74.41237, -14], "size": [3, 24, 2], "uv": [134, 282]},
						{"origin": [-82.75, 74.41237, -14], "size": [3, 24, 2], "uv": [88, 290]}
					]
				},
				{
					"name": "finger_right",
					"parent": "hand_right",
					"pivot": [0, 0, 0]
				},
				{
					"name": "finger_right2",
					"parent": "finger_right",
					"pivot": [-90.25, 92.41237, -2.75],
					"cubes": [
						{"origin": [-105.75, 89.41237, -3], "size": [14, 6, 6], "uv": [222, 245]}
					]
				},
				{
					"name": "finger_right5",
					"parent": "finger_right2",
					"pivot": [-109.75, 92.41237, -2.75],
					"cubes": [
						{"origin": [-113.75, 89.41237, -3], "size": [8, 6, 6], "uv": [282, 148]}
					]
				},
				{
					"name": "finger_right3",
					"parent": "finger_right",
					"pivot": [0.25, 11.91237, -1.5],
					"cubes": [
						{"origin": [-101.75, 79.41237, -9], "size": [10, 6, 6], "uv": [257, 272]}
					]
				},
				{
					"name": "finger_right6",
					"parent": "finger_right3",
					"pivot": [-105.25, 82.41237, -8.75],
					"cubes": [
						{"origin": [-108.75, 79.41237, -9], "size": [7, 6, 6], "uv": [223, 273]}
					]
				},
				{
					"name": "finger_right4",
					"parent": "finger_right",
					"pivot": [0.25, 11.91237, -1.5],
					"cubes": [
						{"origin": [-99.75, 79.41237, 3], "size": [8, 6, 6], "uv": [0, 285]}
					]
				},
				{
					"name": "finger_right7",
					"parent": "finger_right4",
					"pivot": [-101.25, 82.41237, 3.25],
					"cubes": [
						{"origin": [-105.75, 79.41237, 3], "size": [6, 6, 6], "uv": [0, 12]}
					]
				},
				{
					"name": "arm_left",
					"parent": "arms",
					"pivot": [33.41667, 85, -2.8677],
					"cubes": [
						{"origin": [32.75, 76.41237, -10], "size": [28, 20, 20], "uv": [0, 126]}
					]
				},
				{
					"name": "black_lines_left",
					"parent": "arm_left",
					"pivot": [48.75, 86.91237, -1.64286],
					"cubes": [
						{"origin": [48.75, 73.41237, 10], "size": [6, 11, 3], "uv": [172, 98]},
						{"origin": [42.75, 89.41237, 10], "size": [6, 10, 3], "uv": [76, 196]},
						{"origin": [48.75, 73.41237, -13], "size": [6, 12, 3], "uv": [116, 0]},
						{"origin": [48.75, 73.41237, -10], "size": [6, 3, 20], "uv": [54, 257]},
						{"origin": [42.75, 85.41237, -13], "size": [12, 5, 3], "uv": [280, 122]},
						{"origin": [42.75, 90.41237, -13], "size": [6, 9, 3], "uv": [240, 142]},
						{"origin": [42.75, 96.41237, -10], "size": [6, 3, 20], "uv": [265, 30]}
					]
				},
				{
					"name": "arm_left2",
					"parent": "arm_left",
					"pivot": [59.75, 86.91237, -1.5],
					"cubes": [
						{"origin": [60.75, 78.41237, -8], "size": [19, 16, 16], "uv": [0, 218]}
					]
				},
				{
					"name": "black_lines_left2",
					"parent": "arm_left2",
					"pivot": [69.75, 86.41237, 0],
					"cubes": [
						{"origin": [63.75, 88.41237, 8], "size": [4, 9, 3], "uv": [58, 70]},
						{"origin": [71.75, 75.41237, 8], "size": [4, 9, 3], "uv": [100, 70]},
						{"origin": [71.75, 75.41237, -8], "size": [4, 3, 16], "uv": [76, 126]},
						{"origin": [71.75, 75.41237, -11], "size": [4, 9, 3], "uv": [140, 42]},
						{"origin": [63.75, 94.41237, -8], "size": [4, 3, 16], "uv": [86, 258]},
						{"origin": [63.75, 88.41237, -11], "size": [4, 9, 3], "uv": [56, 178]}
					]
				},
				{
					"name": "hand_left",
					"parent": "arm_left2",
					"pivot": [79.75, 84.91237, -1.5],
					"cubes": [
						{"origin": [79.75, 74.41237, -12], "size": [12, 24, 24], "uv": [136, 166]},
						{"origin": [88.75, 98.41237, -14], "size": [3, 2, 28], "uv": [234, 215]},
						{"origin": [79.75, 98.41237, -14], "size": [3, 2, 28], "uv": [234, 0]},
						{"origin": [88.75, 72.41237, -14], "size": [3, 2, 28], "uv": [76, 227]},
						{"origin": [79.75, 72.41237, -14], "size": [3, 2, 28], "uv": [231, 32]},
						{"origin": [88.75, 74.41237, -14], "size": [3, 24, 2], "uv": [164, 291]},
						{"origin": [79.75, 74.41237, -14], "size": [3, 24, 2], "uv": [154, 291]},
						{"origin": [79.75, 74.41237, 12], "size": [3, 24, 2], "uv": [290, 184]},
						{"origin": [88.75, 74.41237, 12], "size": [3, 24, 2], "uv": [144, 291]}
					]
				},
				{
					"name": "finger_left",
					"parent": "hand_left",
					"pivot": [-0.25, 11.91237, -1.5]
				},
				{
					"name": "finger_left2",
					"parent": "finger_left",
					"pivot": [91.25, 92.41237, -2.75],
					"cubes": [
						{"origin": [91.75, 89.41237, -3], "size": [14, 6, 6], "uv": [234, 62]}
					]
				},
				{
					"name": "finger_left5",
					"parent": "finger_left2",
					"pivot": [110.75, 92.41237, -2.75],
					"cubes": [
						{"origin": [105.75, 89.41237, -3], "size": [8, 6, 6], "uv": [282, 136]}
					]
				},
				{
					"name": "finger_left3",
					"parent": "finger_left",
					"pivot": [91.25, 82.41237, -8.75],
					"cubes": [
						{"origin": [91.75, 79.41237, -9], "size": [10, 6, 6], "uv": [123, 178]}
					]
				},
				{
					"name": "finger_left6",
					"parent": "finger_left3",
					"pivot": [107.25, 82.41237, -8.75],
					"cubes": [
						{"origin": [101.75, 79.41237, -9], "size": [7, 6, 6], "uv": [222, 257]}
					]
				},
				{
					"name": "finger_left4",
					"parent": "finger_left",
					"pivot": [-0.25, 11.91237, -1.5],
					"cubes": [
						{"origin": [88.75, 79.41237, 3], "size": [8, 6, 6], "uv": [106, 282]}
					]
				},
				{
					"name": "finger_left7",
					"parent": "finger_left4",
					"pivot": [103.25, 82.41237, 3.25],
					"cubes": [
						{"origin": [96.75, 79.41237, 3], "size": [6, 6, 6], "uv": [0, 0]}
					]
				},
				{
					"name": "legs",
					"parent": "body",
					"pivot": [0.25, 48, -1.4953],
					"cubes": [
						{"origin": [-20.75, 46, -8.4953], "size": [42, 4, 14], "uv": [140, 42]}
					]
				},
				{
					"name": "leg_left",
					"parent": "legs",
					"pivot": [13.25, 45.5, -1.4953],
					"cubes": [
						{"origin": [4.25, 33, -10.4953], "size": [18, 13, 18], "uv": [76, 196]}
					]
				},
				{
					"name": "leg_left2",
					"parent": "leg_left",
					"pivot": [14.25, 33, -1.4953],
					"cubes": [
						{"origin": [6.25, 20, -8.4953], "size": [14, 13, 14], "uv": [249, 245]},
						{"origin": [6.25, 24, -11.4953], "size": [14, 4, 3], "uv": [280, 108]},
						{"origin": [20.25, 24, -11.4953], "size": [3, 4, 10], "uv": [234, 14]},
						{"origin": [3.25, 24, -11.4953], "size": [3, 4, 10], "uv": [234, 0]}
					]
				},
				{
					"name": "foot_left",
					"parent": "leg_left2",
					"pivot": [14.25, 20, -1.4953],
					"cubes": [
						{"origin": [4.25, 0, -12.4953], "size": [18, 20, 20], "uv": [0, 178]}
					]
				},
				{
					"name": "leg_right",
					"parent": "legs",
					"pivot": [-12.75, 45.5, -1.4953],
					"cubes": [
						{"origin": [-21.75, 33, -10.4953], "size": [18, 13, 18], "uv": [190, 212]}
					]
				},
				{
					"name": "leg_right2",
					"parent": "leg_right",
					"pivot": [-12.75, 20, -1.4953],
					"cubes": [
						{"origin": [-19.75, 24, -11.4953], "size": [14, 4, 3], "uv": [280, 115]},
						{"origin": [-5.75, 24, -11.4953], "size": [3, 4, 10], "uv": [110, 257]},
						{"origin": [-22.75, 24, -11.4953], "size": [3, 4, 10], "uv": [76, 227]},
						{"origin": [-19.75, 20, -8.4953], "size": [14, 13, 14], "uv": [58, 70]}
					]
				},
				{
					"name": "foot_right",
					"parent": "leg_right2",
					"pivot": [-12.75, 20, -1.4953],
					"cubes": [
						{"origin": [-21.75, 0, -12.4953], "size": [18, 20, 20], "uv": [184, 146]}
					]
				}
			]
		}
	]
}