{
	"format_version": "1.8.0",
	"animations": {
		"animation.axew.sleep": {
			"loop": true,
			"bones": {
				"torso": {
					"rotation": [0, 0, 0]
				},
				"head": {
					"rotation": ["-65.2486+ math.sin(query.anim_time * 126) *2", 3.5031, 28.00119],
					"position": [0, 0, -0.5]
				},
				"eyeR": {
					"position": [1, 0, 0]
				},
				"eyeL": {
					"position": [-1, 0, 0]
				},
				"armL": {
					"rotation": [-240, "89.7778+math.sin(query.anim_time * 126) *3", -90],
					"position": [-0.5, 0, 0]
				},
				"armR": {
					"rotation": [-240, "-89.7778-math.sin(query.anim_time * 126) *3", 90]
				},
				"tail": {
					"rotation": ["-110+math.sin((query.anim_time -0.4) * 126) *5", 0, 0]
				},
				"legR": {
					"rotation": ["-112.5+math.sin(query.anim_time * 126) *1", 0, 0],
					"position": [0, -1, 0.5]
				},
				"legL": {
					"rotation": ["-112.5+math.sin(query.anim_time * 126) *1", 0, 0],
					"position": [0, -1, 0.5]
				},
				"body": {
					"rotation": ["90-math.sin(query.anim_time * 126) *1", 17.5, 0],
					"position": [0, 2, 4]
				}
			}
		},
		"animation.axew.ground_idle": {
			"loop": true,
			"bones": {
				"torso": {
					"rotation": ["0-math.sin(query.anim_time * 270) *1.5", 0, 0],
					"position": [0, "0+math.sin(query.anim_time * 270) *0.1", 0]
				},
				"head": {
					"rotation": ["0-math.sin((query.anim_time -0.5) * 270) *2", 0, 0]
				},
				"tail": {
					"rotation": ["0+math.sin((query.anim_time +0.3) * 270) *8", "0-math.sin((query.anim_time +0.3) * 135) *10", 0]
				}
			}
		},
		"animation.axew.ground_walk": {
			"loop": true,
			"bones": {
				"torso": {
					"rotation": [20, 0, 0]
				},
				"head": {
					"rotation": ["-12.5+math.sin((query.anim_time -0.8) * 1166.4) *4", 0, 0]
				},
				"tail": {
					"rotation": ["0+math.sin((query.anim_time -0.3) * 1166.4) *6", "0+math.sin(query.anim_time * 583.2) *10", 0]
				},
				"legR": {
					"rotation": ["0+math.sin(query.anim_time * 583.2) *25", 0, 0],
					"position": [0, "0+math.sin((query.anim_time -0.3) * 583.2) *0.2", 0]
				},
				"legL": {
					"rotation": ["0-math.sin(query.anim_time * 583.2) *25", 0, 0],
					"position": [0, "0-math.sin((query.anim_time -0.3) * 583.2) *0.2", 0]
				},
				"body": {
					"rotation": [0, "0+math.sin(query.anim_time * 583.2) *4", 0],
					"position": [0, "0+math.sin(query.anim_time * 1166.4) *0.5", 0]
				},
				"armL": {
					"rotation": [0, 0, 0]
				}
			}
		},
		"animation.axew.blink": {
			"animation_length": 0.16667,
			"bones": {
				"eyeR": {
					"position": {
						"0.0": [1, 0, 0],
						"0.125": [1, 0, 0],
						"0.1667": [0, 0, 0]
					}
				},
				"eyeL": {
					"position": {
						"0.0": [-1, 0, 0],
						"0.125": [-1, 0, 0],
						"0.1667": [0, 0, 0]
					}
				}
			}
		},
		"animation.axew.shoulder_left": {
			"loop": true,
			"bones": {
				"axew": {
					"position": [0, 0, 0]
				},
				"body": {
					"rotation": [0, 0, 25],
					"position": [-0.5, -4, 3]
				},
				"torso": {
					"rotation": ["12.5-math.sin(query.anim_time * 230) *1.5", 0, 0]
				},
				"head": {
					"rotation": ["-4.9694-math.sin((query.anim_time -0.5) * 230) *2", -0.46774, -17.48548]
				},
				"armL": {
					"rotation": ["-49.6392+math.sin(query.anim_time * 230) *1.5", 8.86042, "4.6547+math.sin(query.anim_time * 230) *2"]
				},
				"armR": {
					"rotation": ["-53.5297+math.sin(query.anim_time * 230) *1.5", "24.0929-math.sin(query.anim_time * 230) *1.5", 6.8817]
				},
				"tail": {
					"rotation": ["-47.5+math.sin((query.anim_time +0.3) * 230) *8", 0, 0]
				},
				"legR": {
					"rotation": [-10, 0, -17.5]
				},
				"legL": {
					"rotation": [-22.5, 0, -7.5]
				}
			}
		},
		"animation.axew.shoulder_right": {
			"loop": true,
			"bones": {
				"axew": {
					"position": [0, 0, 0]
				},
				"body": {
					"rotation": [0, 0, -25],
					"position": [0.5, -4, 3]
				},
				"torso": {
					"rotation": ["12.5-math.sin(query.anim_time * 230) *1.5", 0, 0]
				},
				"head": {
					"rotation": ["-4.9694-math.sin((query.anim_time -0.5) * 230) *2", 0.4677, 17.4855]
				},
				"armL": {
					"rotation": ["-53.5+math.sin(query.anim_time * 230) *1.5", -24, "6.8+math.sin(query.anim_time * 230) *2"]
				},
				"armR": {
					"rotation": ["-49.6392+math.sin(query.anim_time * 230) *1.5", "-8.8604-math.sin(query.anim_time * 230) *1.5", 4.6547]
				},
				"tail": {
					"rotation": ["-47.5+math.sin((query.anim_time +0.3) * 230) *8", 0, 0]
				},
				"legR": {
					"rotation": [-22.5, 0, 7.5]
				},
				"legL": {
					"rotation": [-10, 0, 17.5]
				}
			}
		}
	}
}