{
	"format_version": "1.8.0",
	"animations": {
		"animation.wiglett.ground_idle": {
			"loop": true,
			"bones": {
				"Body2": {
					"position": [0, -7, 0],
					"scale": [0.975, 1, 0.975]
				},
				"Head": {
					"rotation": ["-2+math.cos((query.anim_time+0.3)*180)*1", 0, 0],
					"position": [0, 8, 0]
				},
				"Body3": {
					"position": [0, "-13+math.cos(query.anim_time*180)*0.5", 0],
					"scale": [1.025, 1, 1.025]
				}
			}
		},
		"animation.wiglett.battle_idle": {
			"loop": true,
			"animation_length": 2,
			"bones": {
				"Body2": {
					"rotation": ["math.cos(q.anim_time*90*2*2)", 0, "math.cos(q.anim_time*90*2)"]
				},
				"Body3": {
					"rotation": ["math.cos(q.anim_time*90*2*2)", 0, "math.cos(q.anim_time*90*2)"]
				},
				"Head": {
					"rotation": ["math.sin(q.anim_time*90*2*2)", 0, "math.sin(q.anim_time*90*2)"]
				}
			}
		},
		"animation.wiglett.ground_walk": {
			"loop": true,
			"bones": {
				"Base": {
					"rotation": ["11.25+math.cos((query.anim_time-0.3)*720)*3", 0, 0]
				},
				"Body2": {
					"position": [0, -7, 0]
				},
				"Head": {
					"rotation": ["-11.25+math.cos(query.anim_time*720)*3", 0, 0],
					"position": [0, 2, 0],
					"scale": 1
				},
				"Body3": {
					"position": [0, -9, 0]
				}
			}
		},
		"animation.wiglett.water_idle": {
			"loop": true,
			"bones": {
				"Body2": {
					"rotation": [0, 0, "math.cos((query.anim_time-0.3)*180)*2"],
					"position": [0, "-0.5+math.cos(query.anim_time*180)*0.5", 0]
				},
				"Body3": {
					"rotation": [0, 0, "math.cos((query.anim_time+0.6)*180)*-2"]
				},
				"Head": {
					"rotation": [0, 0, "math.cos((query.anim_time-0.6)*180)*-2"],
					"position": [0, 0, 0],
					"scale": 1
				},
				"Eyelids": {
					"position": [0, 0, 0]
				}
			}
		},
		"animation.wiglett.water_swim": {
			"loop": true,
			"bones": {
				"Base": {
					"rotation": ["11.25+math.cos((query.anim_time-0.3)*720)*3", 0, 0]
				},
				"Body2": {
					"position": [0, -7, 0]
				},
				"Head": {
					"rotation": ["-11.25+math.cos(query.anim_time*720)*3", 0, 0],
					"position": [0, 2, 0],
					"scale": 1
				},
				"Body3": {
					"position": [0, -9, 0]
				}
			}
		},
		"animation.wiglett.sleep": {
			"loop": true,
			"bones": {
				"Body2": {
					"position": [0, -6, 0],
					"scale": [1, 0.3, 1]
				},
				"Head": {
					"rotation": [-90, 0, 0],
					"scale": [1, 0.9, 0.8]
				}
			}
		},
		"animation.wiglett.faint": {
			"loop": true,
			"animation_length": 3,
			"bones": {
				"Body2": {
					"rotation": {
						"0.0": [0, 0, 0],
						"0.25": [-22.5, 0, 0],
						"0.5": [-22.5, 0, 0],
						"0.625": [0, 0, 0]
					},
					"position": {
						"1.75": [0, 0, 0],
						"2.0": [0, -7, 0]
					},
					"scale": [1, 0.5, 1]
				},
				"Head": {
					"rotation": {
						"0.375": [0, 0, 0],
						"0.5": [-22.5, 0, 0],
						"0.75": [-22.5, 0, 0],
						"0.875": [0, 0, 0],
						"1.5": [0, 0, 0],
						"1.75": [-45, 0, 0],
						"2.5417": [0, 0, 0]
					},
					"scale": {
						"0.0": [1, 2, 1],
						"0.5": [1, 2, 1],
						"2.0": [1, 2, 1],
						"2.25": [1, -0.6, 0]
					}
				},
				"Body3": {
					"rotation": {
						"0.25": [0, 0, 0],
						"0.375": [-22.5, 0, 0],
						"0.625": [-22.5, 0, 0],
						"0.75": [0, 0, 0]
					},
					"position": {
						"1.75": [0, 0, 0],
						"2.0": [0, -4, 0]
					}
				}
			}
		},
		"animation.wiglett.blink": {
			"animation_length": 0.20833,
			"bones": {
				"Eyelids": {
					"position": {
						"0.0": [0, 0, 0],
						"0.1667": [0, 0, 0],
						"0.2083": [0, 0, -0.25]
					}
				}
			}
		}
	}
}