{
	"format_version": "1.12.0",
	"minecraft:geometry": [
		{
			"description": {
				"identifier": "geometry.regice",
				"texture_width": 256,
				"texture_height": 256,
				"visible_bounds_width": 8,
				"visible_bounds_height": 5.5,
				"visible_bounds_offset": [0, 2.25, 0]
			},
			"bones": [
				{
					"name": "regice",
					"pivot": [0, 0, 0]
				},
				{
					"name": "body",
					"parent": "regice",
					"pivot": [0, 0, 0]
				},
				{
					"name": "torso",
					"parent": "body",
					"pivot": [0, 0, 0],
					"cubes": [
						{"origin": [-9, 56, -9], "size": [18, 2, 18], "pivot": [0, -4, 0], "rotation": [0, -45, 0], "uv": [120, 68]},
						{"origin": [-7, 58, -7], "size": [14, 2, 14], "pivot": [0, -4, 0], "rotation": [0, -45, 0], "uv": [126, 120]},
						{"origin": [-5, 60, -5], "size": [10, 2, 10], "pivot": [0, -4, 0], "rotation": [0, -45, 0], "uv": [62, 133]},
						{"origin": [-12, 21, -12], "size": [24, 35, 24], "pivot": [0, -4, 0], "rotation": [0, -45, 0], "uv": [0, 0]},
						{"origin": [0, 56, -17], "size": [0, 2, 34], "uv": [48, 36]},
						{"origin": [0, 56, -17], "size": [0, 2, 34], "pivot": [0, -4, 0], "rotation": [0, 90, 0], "uv": [48, 34]},
						{"origin": [0, 58, -15], "size": [0, 2, 30], "uv": [48, 42]},
						{"origin": [0, 58, -15], "size": [0, 2, 30], "pivot": [0, -2, 0], "rotation": [0, 90, 0], "uv": [0, 100]},
						{"origin": [0, 60, -12], "size": [0, 2, 24], "uv": [45, 75]},
						{"origin": [0, 60, -12], "size": [0, 2, 24], "pivot": [0, 0, 0], "rotation": [0, 90, 0], "uv": [45, 77]},
						{"origin": [0, 64, -5], "size": [0, 2, 10], "uv": [0, 6]},
						{"origin": [0, 64, -5], "size": [0, 2, 10], "pivot": [0, 4, 0], "rotation": [0, 90, 0], "uv": [0, 8]},
						{"origin": [0, 62, -9], "size": [0, 2, 18], "uv": [45, 100]},
						{"origin": [0, 64, 0], "size": [0, 2, 0], "pivot": [0, 4, 0], "rotation": [0, 45, 0], "uv": [0, 0]},
						{"origin": [0, 64, 0], "size": [0, 2, 0], "pivot": [0, 4, 0], "rotation": [0, -45, 0], "uv": [0, 0]},
						{"origin": [0, 62, -9], "size": [0, 2, 18], "pivot": [0, 2, 0], "rotation": [0, 90, 0], "uv": [36, 115]},
						{"origin": [-11, 18, -11], "size": [22, 3, 22], "pivot": [0, 1, 0], "rotation": [0, -45, 0], "uv": [54, 74]},
						{"origin": [-9, 15, -9], "size": [18, 3, 18], "pivot": [0, 1, 0], "rotation": [0, -45, 0], "uv": [115, 99]}
					]
				},
				{
					"name": "legs",
					"parent": "torso",
					"pivot": [0, 0, 0]
				},
				{
					"name": "right_leg",
					"parent": "legs",
					"pivot": [-8.6642, 15.00192, -0.09315],
					"cubes": [
						{"origin": [-18.25, 12, -8.75], "size": [12, 3, 12], "pivot": [-7.25, 15, -5.75], "rotation": [0, 45, 0], "uv": [0, 132]},
						{"origin": [-12.25, 10, -8.75], "size": [0, 2, 12], "pivot": [-7.25, 15, -5.75], "rotation": [0, 45, 0], "uv": [0, 2]},
						{"origin": [-18.25, 10, -2.75], "size": [12, 2, 0], "pivot": [-7.25, 15, -5.75], "rotation": [0, 45, 0], "uv": [72, 12]},
						{"origin": [-17.25, 8, -2.75], "size": [10, 2, 0], "pivot": [-7.25, 15, -5.75], "rotation": [0, 45, 0], "uv": [0, 75]},
						{"origin": [-12.25, 8, -7.75], "size": [0, 2, 10], "pivot": [-7.25, 15, -5.75], "rotation": [0, 45, 0], "uv": [0, 10]},
						{"origin": [-16.25, 6, -2.75], "size": [8, 2, 0], "pivot": [-7.25, 15, -5.75], "rotation": [0, 45, 0], "uv": [0, 79]},
						{"origin": [-12.25, 6, -6.75], "size": [0, 2, 8], "pivot": [-7.25, 15, -5.75], "rotation": [0, 45, 0], "uv": [48, 66]},
						{"origin": [-15.25, 4, -2.75], "size": [6, 2, 0], "pivot": [-7.25, 15, -5.75], "rotation": [0, 45, 0], "uv": [0, 81]},
						{"origin": [-12.25, 4, -5.75], "size": [0, 2, 6], "pivot": [-7.25, 15, -5.75], "rotation": [0, 45, 0], "uv": [48, 70]},
						{"origin": [-14.25, 2, -2.75], "size": [4, 2, 0], "pivot": [-7.25, 15, -5.75], "rotation": [0, 45, 0], "uv": [56, 82]},
						{"origin": [-12.25, 2, -4.75], "size": [0, 2, 4], "pivot": [-7.25, 15, -5.75], "rotation": [0, 45, 0], "uv": [60, 76]},
						{"origin": [-13.25, 0, -2.75], "size": [2, 2, 0], "pivot": [-7.25, 15, -5.75], "rotation": [0, 45, 0], "uv": [64, 82]},
						{"origin": [-12.25, 0, -3.75], "size": [0, 2, 2], "pivot": [-7.25, 15, -5.75], "rotation": [0, 45, 0], "uv": [17, 57]}
					]
				},
				{
					"name": "left_leg",
					"parent": "legs",
					"pivot": [8.66421, 15.0019, -0.09315],
					"cubes": [
						{"origin": [6.25, 12, -8.75], "size": [12, 3, 12], "pivot": [7.25, 15, -5.75], "rotation": [0, -45, 0], "uv": [45, 103]},
						{"origin": [12.25, 10, -8.75], "size": [0, 2, 12], "pivot": [7.25, 15, -5.75], "rotation": [0, -45, 0], "uv": [0, 0]},
						{"origin": [6.25, 10, -2.75], "size": [12, 2, 0], "pivot": [7.25, 15, -5.75], "rotation": [0, -45, 0], "uv": [0, 0]},
						{"origin": [7.25, 8, -2.75], "size": [10, 2, 0], "pivot": [7.25, 15, -5.75], "rotation": [0, -45, 0], "uv": [72, 14]},
						{"origin": [12.25, 8, -7.75], "size": [0, 2, 10], "pivot": [7.25, 15, -5.75], "rotation": [0, -45, 0], "uv": [0, 0]},
						{"origin": [8.25, 6, -2.75], "size": [8, 2, 0], "pivot": [7.25, 15, -5.75], "rotation": [0, -45, 0], "uv": [60, 76]},
						{"origin": [12.25, 6, -6.75], "size": [0, 2, 8], "pivot": [7.25, 15, -5.75], "rotation": [0, -45, 0], "uv": [0, 0]},
						{"origin": [9.25, 4, -2.75], "size": [6, 2, 0], "pivot": [7.25, 15, -5.75], "rotation": [0, -45, 0], "uv": [48, 80]},
						{"origin": [12.25, 4, -5.75], "size": [0, 2, 6], "pivot": [7.25, 15, -5.75], "rotation": [0, -45, 0], "uv": [64, 68]},
						{"origin": [10.25, 2, -2.75], "size": [4, 2, 0], "pivot": [7.25, 15, -5.75], "rotation": [0, -45, 0], "uv": [48, 82]},
						{"origin": [12.25, 2, -4.75], "size": [0, 2, 4], "pivot": [7.25, 15, -5.75], "rotation": [0, -45, 0], "uv": [16, 75]},
						{"origin": [11.25, 0, -2.75], "size": [2, 2, 0], "pivot": [7.25, 15, -5.75], "rotation": [0, -45, 0], "uv": [17, 69]},
						{"origin": [12.25, 0, -3.75], "size": [0, 2, 2], "pivot": [7.25, 15, -5.75], "rotation": [0, -45, 0], "uv": [16, 6]}
					]
				},
				{
					"name": "backspikes",
					"parent": "torso",
					"pivot": [0, 0, 0]
				},
				{
					"name": "right_spikes",
					"parent": "backspikes",
					"pivot": [0, 0, 0],
					"cubes": [
						{"origin": [-5.54379, 39.08211, 27.54848], "size": [0, 9, 2], "pivot": [-5.72056, 47, 5.47056], "rotation": [45, -45, 0], "uv": [72, 76]},
						{"origin": [-10.54379, 43.58211, 27.54848], "size": [10, 0, 2], "pivot": [-5.72056, 47, 5.47056], "rotation": [45, -45, 0], "uv": [0, 67]},
						{"origin": [-9.54379, 43.58211, 29.54848], "size": [8, 0, 2], "pivot": [-5.72056, 47, 5.47056], "rotation": [45, -45, 0], "uv": [70, 22]},
						{"origin": [-5.54379, 40.08211, 29.54848], "size": [0, 7, 2], "pivot": [-5.72056, 47, 5.47056], "rotation": [45, -45, 0], "uv": [92, 0]},
						{"origin": [-8.54379, 43.58211, 31.54848], "size": [6, 0, 2], "pivot": [-5.72056, 47, 5.47056], "rotation": [45, -45, 0], "uv": [58, 78]},
						{"origin": [-5.54379, 41.08211, 31.54848], "size": [0, 5, 2], "pivot": [-5.72056, 47, 5.47056], "rotation": [45, -45, 0], "uv": [20, 79]},
						{"origin": [-10.09347, 24.6749, 1.10128], "size": [10, 9, 28], "pivot": [-5.09347, 33.66709, 5.09347], "rotation": [62.14558, -55.56139, -22.08553], "uv": [68, 31]},
						{"origin": [-5.09347, 24.6749, 29.10128], "size": [0, 9, 2], "pivot": [-5.09347, 33.66709, 5.09347], "rotation": [62.14558, -55.56139, -22.08553], "uv": [22, 66]},
						{"origin": [-10.09347, 29.1749, 29.10128], "size": [10, 0, 2], "pivot": [-5.09347, 33.66709, 5.09347], "rotation": [62.14558, -55.56139, -22.08553], "uv": [46, 65]},
						{"origin": [-9.09347, 29.1749, 31.10128], "size": [8, 0, 2], "pivot": [-5.09347, 33.66709, 5.09347], "rotation": [62.14558, -55.56139, -22.08553], "uv": [70, 20]},
						{"origin": [-5.09347, 25.6749, 31.10128], "size": [0, 7, 2], "pivot": [-5.09347, 33.66709, 5.09347], "rotation": [62.14558, -55.56139, -22.08553], "uv": [88, 14]},
						{"origin": [-8.09347, 29.1749, 33.10128], "size": [6, 0, 2], "pivot": [-5.09347, 33.66709, 5.09347], "rotation": [62.14558, -55.56139, -22.08553], "uv": [46, 78]},
						{"origin": [-5.09347, 26.6749, 33.10128], "size": [0, 5, 2], "pivot": [-5.09347, 33.66709, 5.09347], "rotation": [62.14558, -55.56139, -22.08553], "uv": [16, 79]},
						{"origin": [-10.54379, 39.08211, 2.54848], "size": [10, 9, 25], "pivot": [-5.72056, 47, 5.47056], "rotation": [45, -45, 0], "uv": [70, 99]}
					]
				},
				{
					"name": "left_spikes",
					"parent": "backspikes",
					"pivot": [0, 0, 0],
					"cubes": [
						{"origin": [5.54379, 39.08211, 27.54848], "size": [0, 9, 2], "pivot": [5.72056, 47, 5.47056], "rotation": [45, 45, 0], "uv": [22, 57]},
						{"origin": [0.54379, 43.58211, 27.54848], "size": [10, 0, 2], "pivot": [5.72056, 47, 5.47056], "rotation": [45, 45, 0], "uv": [0, 65]},
						{"origin": [1.54379, 43.58211, 29.54848], "size": [8, 0, 2], "pivot": [5.72056, 47, 5.47056], "rotation": [45, 45, 0], "uv": [70, 18]},
						{"origin": [5.54379, 40.08211, 29.54848], "size": [0, 7, 2], "pivot": [5.72056, 47, 5.47056], "rotation": [45, 45, 0], "uv": [68, 78]},
						{"origin": [2.54379, 43.58211, 31.54848], "size": [6, 0, 2], "pivot": [5.72056, 47, 5.47056], "rotation": [45, 45, 0], "uv": [12, 77]},
						{"origin": [5.54379, 41.08211, 31.54848], "size": [0, 5, 2], "pivot": [5.72056, 47, 5.47056], "rotation": [45, 45, 0], "uv": [12, 79]},
						{"origin": [0.09347, 24.6749, 1.10128], "size": [10, 9, 28], "pivot": [5.09347, 33.66709, 5.09347], "rotation": [62.14558, 55.56139, 22.08553], "uv": [0, 59]},
						{"origin": [5.09347, 24.6749, 29.10128], "size": [0, 9, 2], "pivot": [5.09347, 33.66709, 5.09347], "rotation": [62.14558, 55.56139, 22.08553], "uv": [20, 0]},
						{"origin": [0.09347, 29.1749, 29.10128], "size": [10, 0, 2], "pivot": [5.09347, 33.66709, 5.09347], "rotation": [62.14558, 55.56139, 22.08553], "uv": [0, 22]},
						{"origin": [1.09347, 29.1749, 31.10128], "size": [8, 0, 2], "pivot": [5.09347, 33.66709, 5.09347], "rotation": [62.14558, 55.56139, 22.08553], "uv": [70, 16]},
						{"origin": [5.09347, 25.6749, 31.10128], "size": [0, 7, 2], "pivot": [5.09347, 33.66709, 5.09347], "rotation": [62.14558, 55.56139, 22.08553], "uv": [24, 77]},
						{"origin": [2.09347, 29.1749, 33.10128], "size": [6, 0, 2], "pivot": [5.09347, 33.66709, 5.09347], "rotation": [62.14558, 55.56139, 22.08553], "uv": [0, 77]},
						{"origin": [5.09347, 26.6749, 33.10128], "size": [0, 5, 2], "pivot": [5.09347, 33.66709, 5.09347], "rotation": [62.14558, 55.56139, 22.08553], "uv": [20, 14]},
						{"origin": [0.54379, 39.08211, 2.54848], "size": [10, 9, 25], "pivot": [5.72056, 47, 5.47056], "rotation": [45, 45, 0], "uv": [0, 96]}
					]
				},
				{
					"name": "arms",
					"parent": "body",
					"pivot": [0, 0, 0]
				},
				{
					"name": "right_arm",
					"parent": "arms",
					"pivot": [-26, 49, 0],
					"cubes": [
						{"origin": [-46, 32, -7], "size": [20, 14, 14], "pivot": [-36, 39, 0], "rotation": [45, 0, 0], "uv": [116, 28]}
					]
				},
				{
					"name": "right_fingers",
					"parent": "right_arm",
					"pivot": [0, 0, 0],
					"cubes": [
						{"origin": [-53, 36, -5], "size": [7, 3, 3], "uv": [72, 6]},
						{"origin": [-53, 42, -1.5], "size": [7, 3, 3], "uv": [72, 0]},
						{"origin": [-53, 36, 2], "size": [7, 3, 3], "uv": [0, 69]}
					]
				},
				{
					"name": "left_arm",
					"parent": "arms",
					"pivot": [26, 49, 0],
					"cubes": [
						{"origin": [26, 32, -7], "size": [20, 14, 14], "pivot": [36, 39, 0], "rotation": [45, 0, 0], "uv": [96, 0]}
					]
				},
				{
					"name": "left_fingers",
					"parent": "left_arm",
					"pivot": [0, 0, 0],
					"cubes": [
						{"origin": [46, 36, -5], "size": [7, 3, 3], "uv": [48, 59]},
						{"origin": [46, 42, -1.5], "size": [7, 3, 3], "uv": [0, 59]},
						{"origin": [46, 36, 2], "size": [7, 3, 3], "uv": [0, 2]}
					]
				}
			]
		}
	]
}