{
	"format_version": "1.12.0",
	"minecraft:geometry": [
		{
			"description": {
				"identifier": "geometry.mysticara",
				"texture_width": 256,
				"texture_height": 192,
				"visible_bounds_width": 8,
				"visible_bounds_height": 7.5,
				"visible_bounds_offset": [0, 3.25, 0]
			},
			"bones": [
				{
					"name": "root",
					"pivot": [0, 0, 0]
				},
				{
					"name": "mysticara",
					"parent": "root",
					"pivot": [0, 0, 0]
				},
				{
					"name": "body",
					"parent": "mysticara",
					"pivot": [0, 0, 0]
				},
				{
					"name": "torso",
					"parent": "body",
					"pivot": [0, 37, 0],
					"cubes": [
						{"origin": [8.5, 53.5, 6.5], "size": [-17, -10, -12], "uv": [247, 61]},
						{"origin": [6.5, 44.5, 5.5], "size": [-13, -17, -10], "uv": [247, 61]},
						{"origin": [-8, 44, -5], "size": [16, 9, 11], "uv": [104, 48]},
						{"origin": [-6, 28, -4], "size": [12, 16, 9], "uv": [50, 139]},
						{"origin": [-12, 41.5, -11.5], "size": [24, 0, 24], "pivot": [0, 40.5, 0.5], "rotation": [0, 45, 0], "uv": [0, 10]}
					]
				},
				{
					"name": "arms",
					"parent": "torso",
					"pivot": [0, 26, 0]
				},
				{
					"name": "right_arm",
					"parent": "arms",
					"pivot": [-32.5, 57, 0],
					"cubes": [
						{"origin": [-27.5, 57.5, 5.25], "size": [-10, -6, -10], "uv": [227, 32]},
						{"origin": [-37, 52, -4.25], "size": [9, 5, 9], "uv": [140, 30]}
					]
				},
				{
					"name": "thumb",
					"parent": "right_arm",
					"pivot": [-30, 55, -4],
					"rotation": [11.23272, -36.01651, -18.66201],
					"cubes": [
						{"origin": [-29.5, 57.5, -0.5], "size": [-6, -5, -4], "uv": [227, 32]},
						{"origin": [-35, 53, -4], "size": [5, 4, 3], "uv": [121, 172]}
					]
				},
				{
					"name": "thumb2",
					"parent": "thumb",
					"pivot": [-35, 55, -4],
					"rotation": [0, 20, 0],
					"cubes": [
						{"origin": [-34.5, 57.5, -0.5], "size": [-6, -5, -4], "uv": [227, 32]},
						{"origin": [-40, 53, -4], "size": [5, 4, 3], "uv": [105, 172]}
					]
				},
				{
					"name": "middle_finger",
					"parent": "right_arm",
					"pivot": [-37, 57, 2.75],
					"rotation": [0, 0, -10],
					"cubes": [
						{"origin": [-36.5, 57.5, 4.75], "size": [-8, -5, -4], "uv": [227, 32]},
						{"origin": [-44, 53, 1.25], "size": [7, 4, 3], "uv": [33, 138]}
					]
				},
				{
					"name": "middle_finger2",
					"parent": "middle_finger",
					"pivot": [-44, 57, 2.75],
					"rotation": [0, 0, -17.5],
					"cubes": [
						{"origin": [-43.5, 57.5, 4.75], "size": [-6, -5, -4], "uv": [227, 32]},
						{"origin": [-49, 53, 1.25], "size": [5, 4, 3], "uv": [48, 175]}
					]
				},
				{
					"name": "index_finger",
					"parent": "right_arm",
					"pivot": [-37, 57, -2],
					"rotation": [0, 0, -10],
					"cubes": [
						{"origin": [-36.5, 57.5, 0], "size": [-8, -5, -4], "uv": [227, 32]},
						{"origin": [-44, 53, -3.5], "size": [7, 4, 3], "uv": [91, 112]}
					]
				},
				{
					"name": "index_finger2",
					"parent": "index_finger",
					"pivot": [-44, 57, -2],
					"rotation": [0, 0, -17.5],
					"cubes": [
						{"origin": [-43.5, 57.5, 0], "size": [-6, -5, -4], "uv": [227, 32]},
						{"origin": [-49, 53, -3.5], "size": [5, 4, 3], "uv": [164, 152]}
					]
				},
				{
					"name": "left_arm",
					"parent": "arms",
					"pivot": [32.5, 57, 0],
					"cubes": [
						{"origin": [37.5, 57.5, 5.25], "size": [-10, -6, -10], "uv": [227, 32], "mirror": true},
						{"origin": [28, 52, -4.25], "size": [9, 5, 9], "uv": [128, 68]}
					]
				},
				{
					"name": "thumb3",
					"parent": "left_arm",
					"pivot": [30, 55, -4],
					"rotation": [11.23272, 36.01651, 18.66201],
					"cubes": [
						{"origin": [35.5, 57.5, -0.5], "size": [-6, -5, -4], "uv": [227, 32], "mirror": true},
						{"origin": [30, 53, -4], "size": [5, 4, 3], "uv": [89, 172]}
					]
				},
				{
					"name": "thumb4",
					"parent": "thumb3",
					"pivot": [35, 55, -4],
					"rotation": [0, -20, 0],
					"cubes": [
						{"origin": [40.5, 57.5, -0.5], "size": [-6, -5, -4], "uv": [227, 32], "mirror": true},
						{"origin": [35, 53, -4], "size": [5, 4, 3], "uv": [73, 172]}
					]
				},
				{
					"name": "middle_finger3",
					"parent": "left_arm",
					"pivot": [37, 57, 2.75],
					"rotation": [0, 0, 10],
					"cubes": [
						{"origin": [44.5, 57.5, 4.75], "size": [-8, -5, -4], "uv": [227, 32], "mirror": true},
						{"origin": [37, 53, 1.25], "size": [7, 4, 3], "uv": [41, 112]}
					]
				},
				{
					"name": "middle_finger4",
					"parent": "middle_finger3",
					"pivot": [44, 57, 2.75],
					"rotation": [0, 0, 17.5],
					"cubes": [
						{"origin": [49.5, 57.5, 4.75], "size": [-6, -5, -4], "uv": [227, 32], "mirror": true},
						{"origin": [44, 53, 1.25], "size": [5, 4, 3], "uv": [0, 148]}
					]
				},
				{
					"name": "index_finger3",
					"parent": "left_arm",
					"pivot": [37, 57, -2],
					"rotation": [0, 0, 10],
					"cubes": [
						{"origin": [44.5, 57.5, 0], "size": [-8, -5, -4], "uv": [227, 32], "mirror": true},
						{"origin": [37, 53, -3.5], "size": [7, 4, 3], "uv": [0, 83]}
					]
				},
				{
					"name": "index_finger4",
					"parent": "index_finger3",
					"pivot": [44, 57, -2],
					"rotation": [0, 0, 17.5],
					"cubes": [
						{"origin": [49.5, 57.5, 0], "size": [-6, -5, -4], "uv": [227, 32], "mirror": true},
						{"origin": [44, 53, -3.5], "size": [5, 4, 3], "uv": [33, 145]}
					]
				},
				{
					"name": "head",
					"parent": "torso",
					"pivot": [0, 64, 0],
					"cubes": [
						{"origin": [6.5, 71.5, 7.5], "size": [-13, -15, -12], "uv": [246, 64]},
						{"origin": [-6, 57, -4], "size": [12, 14, 11], "uv": [56, 114]}
					]
				},
				{
					"name": "horns",
					"parent": "head",
					"pivot": [0.07661, 68.375, 4]
				},
				{
					"name": "right_horn",
					"parent": "horns",
					"pivot": [-6.95161, 68.125, 2.35],
					"rotation": [-5.05231, -0.42589, 50.08997],
					"cubes": [
						{"origin": [-0.44721, 68.62331, 2.85672], "size": [-7, -11, -6], "uv": [214, 23]},
						{"origin": [-6.94721, 58.12331, -2.64328], "size": [6, 10, 5], "uv": [161, 77]}
					]
				},
				{
					"name": "right_horn2",
					"parent": "right_horn",
					"pivot": [-0.94883, 58.12484, 2.35644],
					"rotation": [-38.46094, 0, 0],
					"cubes": [
						{"origin": [-0.44721, 58.62331, 2.85672], "size": [-6, -10, -5], "uv": [214, 23]},
						{"origin": [-5.94721, 49.12331, -1.64328], "size": [5, 9, 4], "uv": [0, 70]}
					]
				},
				{
					"name": "right_horn3",
					"parent": "right_horn2",
					"pivot": [-0.94883, 49.12484, 2.35644],
					"rotation": [-45.08957, 0, 0],
					"cubes": [
						{"origin": [-0.44721, 49.62331, 2.85672], "size": [-5, -8, -4], "uv": [214, 23]},
						{"origin": [-4.94721, 42.12331, -0.64328], "size": [4, 7, 3], "uv": [0, 138]}
					]
				},
				{
					"name": "left_horn",
					"parent": "horns",
					"pivot": [6.95161, 68.125, 2.35],
					"rotation": [-5.05231, 0.42589, -50.08997],
					"cubes": [
						{"origin": [7.44721, 68.62331, 2.85672], "size": [-7, -11, -6], "uv": [214, 23], "mirror": true},
						{"origin": [0.94721, 58.12331, -2.64328], "size": [6, 10, 5], "uv": [158, 57]}
					]
				},
				{
					"name": "left_horn2",
					"parent": "left_horn",
					"pivot": [0.94883, 58.12484, 2.35644],
					"rotation": [-38.46094, 0, 0],
					"cubes": [
						{"origin": [6.44721, 58.62331, 2.85672], "size": [-6, -10, -5], "uv": [214, 23], "mirror": true},
						{"origin": [0.94721, 49.12331, -1.64328], "size": [5, 9, 4], "uv": [0, 31]}
					]
				},
				{
					"name": "left_horn3",
					"parent": "left_horn2",
					"pivot": [0.94883, 49.12484, 2.35644],
					"rotation": [-45.08957, 0, 0],
					"cubes": [
						{"origin": [5.44721, 49.62331, 2.85672], "size": [-5, -8, -4], "uv": [214, 23], "mirror": true},
						{"origin": [0.94721, 42.12331, -0.64328], "size": [4, 7, 3], "uv": [0, 102]}
					]
				},
				{
					"name": "hat",
					"parent": "head",
					"pivot": [0, 26, 0],
					"cubes": [
						{"origin": [-7, 59, -5], "size": [14, 13, 13], "uv": [0, 112]}
					]
				},
				{
					"name": "hat_tails",
					"parent": "hat",
					"pivot": [0, 0, -1]
				},
				{
					"name": "right_hat_tails",
					"parent": "hat_tails",
					"pivot": [-7, 72, 2],
					"rotation": [0, 17.5, 0],
					"cubes": [
						{"origin": [-21, 59, 2], "size": [14, 13, 0], "uv": [150, 112]}
					]
				},
				{
					"name": "right_hat_tails2",
					"parent": "right_hat_tails",
					"pivot": [-21, 72, 2],
					"rotation": [0, 15, 0],
					"cubes": [
						{"origin": [-35, 60, 2], "size": [14, 11, 0], "uv": [48, 164]}
					]
				},
				{
					"name": "left_hat_tails",
					"parent": "hat_tails",
					"pivot": [7, 72, 2],
					"rotation": [0, -17.5, 0],
					"cubes": [
						{"origin": [7, 59, 2], "size": [14, 13, 0], "uv": [147, 44]}
					]
				},
				{
					"name": "left_hat_tails2",
					"parent": "left_hat_tails",
					"pivot": [21, 72, 2],
					"rotation": [0, -15, 0],
					"cubes": [
						{"origin": [21, 60, 2], "size": [14, 11, 0], "uv": [152, 141]}
					]
				},
				{
					"name": "front_hat_tails",
					"parent": "hat_tails",
					"pivot": [0, 72.16121, -1],
					"rotation": [-17.5, 0, 0],
					"cubes": [
						{"origin": [-7, 71.16121, -1], "size": [14, 15, 0], "uv": [141, 10]}
					]
				},
				{
					"name": "front_hat_tails2",
					"parent": "front_hat_tails",
					"pivot": [0, 86.16121, -1],
					"rotation": [-15, 0, 0],
					"cubes": [
						{"origin": [-6, 86.16121, -1], "size": [12, 16, 0], "uv": [150, 125]}
					]
				},
				{
					"name": "hat_ears",
					"parent": "hat",
					"pivot": [0.07661, 70.625, -7]
				},
				{
					"name": "right",
					"parent": "hat_ears",
					"pivot": [-3.00161, 66.55, -6.65],
					"rotation": [-12.45392, 1.08089, -42.61794],
					"cubes": [
						{"origin": [3.5, 83.05153, -1.15028], "size": [-7, -17, -6], "uv": [213, 26]},
						{"origin": [-3, 66.55153, -6.65028], "size": [6, 16, 5], "uv": [26, 158]}
					]
				},
				{
					"name": "right2",
					"parent": "right",
					"pivot": [2.49839, 82.55, -6.65],
					"rotation": [-11.5, 0, -37.5],
					"cubes": [
						{"origin": [3, 92.05153, -2.15028], "size": [-6, -10, -5], "uv": [214, 23]},
						{"origin": [-2.5, 82.55153, -6.65028], "size": [5, 9, 4], "uv": [0, 57]}
					]
				},
				{
					"name": "right3",
					"parent": "right2",
					"pivot": [1.99839, 91.55, -6.15],
					"rotation": [-12.5, 0, -45],
					"cubes": [
						{"origin": [2.5, 101.05153, -2.65028], "size": [-5, -10, -4], "uv": [214, 23]},
						{"origin": [-2, 91.55153, -6.15028], "size": [4, 9, 3], "uv": [108, 10]}
					]
				},
				{
					"name": "left",
					"parent": "hat_ears",
					"pivot": [3.00161, 66.55, -6.65],
					"rotation": [-12.45392, -1.08089, 42.61794],
					"cubes": [
						{"origin": [3.5, 83.05153, -1.15028], "size": [-7, -17, -6], "uv": [213, 26], "mirror": true},
						{"origin": [-3, 66.55153, -6.65028], "size": [6, 16, 5], "uv": [0, 10]}
					]
				},
				{
					"name": "left2",
					"parent": "left",
					"pivot": [-2.49839, 82.55, -6.65],
					"rotation": [-11.5, 0, 37.5],
					"cubes": [
						{"origin": [3, 92.05153, -2.15028], "size": [-6, -10, -5], "uv": [214, 23], "mirror": true},
						{"origin": [-2.5, 82.55153, -6.65028], "size": [5, 9, 4], "uv": [0, 44]}
					]
				},
				{
					"name": "left3",
					"parent": "left2",
					"pivot": [-1.99839, 91.55, -6.15],
					"rotation": [-12.5, 0, 45],
					"cubes": [
						{"origin": [2.5, 101.05153, -2.65028], "size": [-5, -10, -4], "uv": [214, 23], "mirror": true},
						{"origin": [-2, 91.55153, -6.15028], "size": [4, 9, 3], "uv": [0, 90]}
					]
				},
				{
					"name": "mask",
					"parent": "head",
					"pivot": [0, 64, -9],
					"cubes": [
						{"origin": [0, 56, -9], "size": [10, 16, 5], "pivot": [0, 64, -9], "rotation": [7.85952, -17.34551, -2.35666], "uv": [92, 141]},
						{"origin": [0.86326, 65.14535, -8.03315], "size": [8, 5, 0], "pivot": [4.36326, 67.14535, -8.03315], "rotation": [10.79642, -15.72011, -12.65077], "uv": [108, 22]},
						{"origin": [-8.86326, 65.14535, -8.03315], "size": [8, 5, 0], "pivot": [-4.36326, 67.14535, -8.03315], "rotation": [10.79642, 15.72011, 12.65077], "uv": [76, 164]},
						{"origin": [-10, 56, -9], "size": [10, 16, 5], "pivot": [0, 64, -9], "rotation": [7.85952, 17.34551, 2.35666], "uv": [122, 141]}
					]
				},
				{
					"name": "mouth",
					"parent": "head",
					"pivot": [0, 64, -9],
					"cubes": [
						{"origin": [-9.0292, 57.04715, -8.14096], "size": [9, 6, 0], "pivot": [0, 57.05462, -8.18357], "rotation": [7.85952, 17.34551, 2.35666], "uv": [41, 119]},
						{"origin": [0.0292, 57.04715, -8.14096], "size": [9, 6, 0], "pivot": [0, 57.05462, -8.18357], "rotation": [7.85952, -17.34551, -2.35666], "uv": [104, 68]}
					]
				},
				{
					"name": "collar",
					"parent": "torso",
					"pivot": [0, 56.25, 0]
				},
				{
					"name": "front",
					"parent": "collar",
					"pivot": [0, 25.25, 0]
				},
				{
					"name": "right_collar",
					"parent": "front",
					"pivot": [0, 56.25, 0],
					"rotation": [10.27206, -33.64409, -18.11321],
					"cubes": [
						{"origin": [-21, 56.25, -10], "size": [21, 0, 20], "uv": [42, 54]}
					]
				},
				{
					"name": "right_collar2",
					"parent": "right_collar",
					"pivot": [-21, 56.25, 0],
					"rotation": [0, 0, -42.5],
					"cubes": [
						{"origin": [-39, 56.25, -10], "size": [18, 0, 20], "uv": [72, 74]}
					]
				},
				{
					"name": "right_collar3",
					"parent": "right_collar2",
					"pivot": [-39, 56.25, 0],
					"rotation": [0, 0, -17.5],
					"cubes": [
						{"origin": [-57, 56.25, -9], "size": [18, 0, 18], "uv": [86, 30]}
					]
				},
				{
					"name": "left_collar",
					"parent": "front",
					"pivot": [0, 56.25, 0],
					"rotation": [10.27206, 33.64409, 18.11321],
					"cubes": [
						{"origin": [0, 56.25, -10], "size": [21, 0, 20], "uv": [0, 54]}
					]
				},
				{
					"name": "left_collar2",
					"parent": "left_collar",
					"pivot": [21, 56.25, 0],
					"rotation": [0, 0, 42.5],
					"cubes": [
						{"origin": [21, 56.25, -10], "size": [18, 0, 20], "uv": [36, 74]}
					]
				},
				{
					"name": "left_collar3",
					"parent": "left_collar2",
					"pivot": [39, 56.25, 0],
					"rotation": [0, 0, 17.5],
					"cubes": [
						{"origin": [39, 56.25, -9], "size": [18, 0, 18], "uv": [72, 94]}
					]
				},
				{
					"name": "back",
					"parent": "collar",
					"pivot": [0, 25.25, 0]
				},
				{
					"name": "right_collar4",
					"parent": "back",
					"pivot": [0, 56.25, 0],
					"rotation": [-10.27206, 33.64409, -18.11321],
					"cubes": [
						{"origin": [-21, 56.25, -10], "size": [21, 0, 20], "uv": [42, 34]}
					]
				},
				{
					"name": "right_collar5",
					"parent": "right_collar4",
					"pivot": [-21, 56.25, 0],
					"rotation": [0, 0, -42.5],
					"cubes": [
						{"origin": [-39, 56.25, -10], "size": [18, 0, 20], "uv": [0, 74]}
					]
				},
				{
					"name": "right_collar6",
					"parent": "right_collar5",
					"pivot": [-39, 56.25, 0],
					"rotation": [0, 0, -17.5],
					"cubes": [
						{"origin": [-57, 56.25, -9], "size": [18, 0, 18], "uv": [36, 94]}
					]
				},
				{
					"name": "left_collar4",
					"parent": "back",
					"pivot": [0, 56.25, 0],
					"rotation": [-10.27206, -33.64409, 18.11321],
					"cubes": [
						{"origin": [0, 56.25, -10], "size": [21, 0, 20], "uv": [0, 34]}
					]
				},
				{
					"name": "left_collar5",
					"parent": "left_collar4",
					"pivot": [21, 56.25, 0],
					"rotation": [0, 0, 42.5],
					"cubes": [
						{"origin": [21, 56.25, -10], "size": [18, 0, 20], "uv": [52, 10]}
					]
				},
				{
					"name": "left_collar6",
					"parent": "left_collar5",
					"pivot": [39, 56.25, 0],
					"rotation": [0, 0, 17.5],
					"cubes": [
						{"origin": [39, 56.25, -9], "size": [18, 0, 18], "uv": [0, 94]}
					]
				},
				{
					"name": "legs",
					"parent": "body",
					"pivot": [0, 26, 0]
				},
				{
					"name": "right_leg",
					"parent": "legs",
					"pivot": [-5.75, 37.25, 0],
					"cubes": [
						{"origin": [1.5, 37.5, 6.5], "size": [-13, -19, -12], "uv": [249, 69]},
						{"origin": [-11, 19, -5], "size": [12, 18, 11], "uv": [126, 83]}
					]
				},
				{
					"name": "right_leg2",
					"parent": "right_leg",
					"pivot": [-5, 19, -3],
					"cubes": [
						{"origin": [-1.75, 19.5, 4.5], "size": [-7, -17, -8], "uv": [246, 64]},
						{"origin": [-8.25, 3, -3], "size": [6, 16, 7], "uv": [0, 158]}
					]
				},
				{
					"name": "right_foot",
					"parent": "right_leg2",
					"pivot": [-5, 3, 0],
					"cubes": [
						{"origin": [-0.75, 3.5, 5.5], "size": [-9, -4, -18], "uv": [249, 69]},
						{"origin": [-9.25, 0, -12], "size": [8, 3, 17], "uv": [0, 138]}
					]
				},
				{
					"name": "left_leg",
					"parent": "legs",
					"pivot": [5.75, 37.25, 0],
					"cubes": [
						{"origin": [11.5, 37.5, 6.5], "size": [-13, -19, -12], "uv": [249, 69], "mirror": true},
						{"origin": [-1, 19, -5], "size": [12, 18, 11], "uv": [104, 112]}
					]
				},
				{
					"name": "left_leg2",
					"parent": "left_leg",
					"pivot": [5, 19, -3],
					"cubes": [
						{"origin": [8.75, 19.5, 4.5], "size": [-7, -17, -8], "uv": [246, 64], "mirror": true},
						{"origin": [2.25, 3, -3], "size": [6, 16, 7], "uv": [145, 155]}
					]
				},
				{
					"name": "left_foot",
					"parent": "left_leg2",
					"pivot": [5, 3, 0.5],
					"cubes": [
						{"origin": [9.75, 3.5, 5.5], "size": [-9, -4, -18], "uv": [249, 69], "mirror": true},
						{"origin": [1.25, 0, -12], "size": [8, 3, 17], "uv": [108, 10]}
					]
				}
			]
		}
	]
}