{
	"format_version": "1.12.0",
	"minecraft:geometry": [
		{
			"description": {
				"identifier": "geometry.mawilemega",
				"texture_width": 64,
				"texture_height": 64,
				"visible_bounds_width": 5,
				"visible_bounds_height": 2.5,
				"visible_bounds_offset": [0, 0.75, 0]
			},
			"bones": [
				{
					"name": "mawile",
					"pivot": [0, 0, 0]
				},
				{
					"name": "body",
					"parent": "mawile",
					"pivot": [0, 0, 0]
				},
				{
					"name": "torso",
					"parent": "body",
					"pivot": [0, 1.25, 0],
					"cubes": [
						{"origin": [-1.5, 3.75, -1.5], "size": [3, 4, 3], "uv": [24, 42]}
					]
				},
				{
					"name": "arm_left",
					"parent": "torso",
					"pivot": [1.25, 7.5, 0],
					"cubes": [
						{"origin": [1, 7, -1], "size": [3, 1, 2], "uv": [48, 32]}
					]
				},
				{
					"name": "arm_left2",
					"parent": "arm_left",
					"pivot": [4, 7.5, 1],
					"cubes": [
						{"origin": [4, 7, -1.5], "size": [3, 1, 3], "inflate": 0.001, "uv": [0, 44]}
					]
				},
				{
					"name": "finger_left",
					"parent": "arm_left2",
					"pivot": [7, 8, -0.5],
					"rotation": [0, 10, 0],
					"cubes": [
						{"origin": [7, 7, -1.5], "size": [2, 1, 1], "uv": [50, 42]}
					]
				},
				{
					"name": "finger_left2",
					"parent": "arm_left2",
					"pivot": [7, 8, 0],
					"cubes": [
						{"origin": [7, 7, -0.5], "size": [2, 1, 1], "uv": [26, 49]}
					]
				},
				{
					"name": "finger_left3",
					"parent": "arm_left2",
					"pivot": [7, 8, 0.5],
					"rotation": [0, -10, 0],
					"cubes": [
						{"origin": [7, 7, 0.5], "size": [2, 1, 1], "uv": [9, 44]}
					]
				},
				{
					"name": "arm_right",
					"parent": "torso",
					"pivot": [-1.25, 7.5, 0],
					"cubes": [
						{"origin": [-4, 7, -1], "size": [3, 1, 2], "uv": [44, 14]}
					]
				},
				{
					"name": "arm_right2",
					"parent": "arm_right",
					"pivot": [-4, 7.5, 1],
					"cubes": [
						{"origin": [-7, 7, -1.5], "size": [3, 1, 3], "inflate": 0.001, "uv": [36, 43]}
					]
				},
				{
					"name": "finger_right",
					"parent": "arm_right2",
					"pivot": [-7, 8, -0.5],
					"rotation": [0, -10, 0],
					"cubes": [
						{"origin": [-9, 7, -1.5], "size": [2, 1, 1], "uv": [33, 43]}
					]
				},
				{
					"name": "finger_right2",
					"parent": "arm_right2",
					"pivot": [-7, 8, 0],
					"cubes": [
						{"origin": [-9, 7, -0.5], "size": [2, 1, 1], "uv": [11, 39]}
					]
				},
				{
					"name": "finger_right3",
					"parent": "arm_right2",
					"pivot": [-7, 8, 0.5],
					"rotation": [0, 10, 0],
					"cubes": [
						{"origin": [-9, 7, 0.5], "size": [2, 1, 1], "uv": [20, 0]}
					]
				},
				{
					"name": "neck",
					"parent": "torso",
					"pivot": [0, 7.5, 0],
					"cubes": [
						{"origin": [-1, 7.25, -1], "size": [2, 2, 2], "uv": [20, 49]}
					]
				},
				{
					"name": "head",
					"parent": "neck",
					"pivot": [0, 8.75, 0],
					"cubes": [
						{"origin": [-3, 8, -3], "size": [6, 6, 6], "uv": [0, 16]},
						{"origin": [-1.5, 9, -3.5], "size": [3, 1, 1], "uv": [48, 48]}
					]
				},
				{
					"name": "eye_left",
					"parent": "head",
					"pivot": [2.01, 11.25, -2.01],
					"cubes": [
						{"origin": [1.01, 10.25, -3.01], "size": [2, 2, 2], "uv": [50, 17]}
					]
				},
				{
					"name": "eye_right",
					"parent": "head",
					"pivot": [-2.01, 11.25, -2.01],
					"cubes": [
						{"origin": [-3.01, 10.25, -3.01], "size": [2, 2, 2], "uv": [49, 7]}
					]
				},
				{
					"name": "hair_left",
					"parent": "head",
					"pivot": [3, 13.5, 0],
					"cubes": [
						{"origin": [3, 13.5, -1], "size": [4, 0, 2], "uv": [41, 30]}
					]
				},
				{
					"name": "hair_left2",
					"parent": "hair_left",
					"pivot": [7, 13.5, 0],
					"cubes": [
						{"origin": [7, 13.5, -1.5], "size": [5, 0, 3], "uv": [39, 25]}
					]
				},
				{
					"name": "hair_left3",
					"parent": "hair_left2",
					"pivot": [12, 13.5, 0],
					"cubes": [
						{"origin": [15, 13.5, -1.5], "size": [2, 0, 3], "pivot": [14.5, 13.5, 0], "rotation": [0, 180, 0], "uv": [39, 25]}
					]
				},
				{
					"name": "hair_right",
					"parent": "head",
					"pivot": [-3, 13.5, 0],
					"cubes": [
						{"origin": [-7, 13.5, -1], "size": [4, 0, 2], "uv": [40, 28]}
					]
				},
				{
					"name": "hair_right2",
					"parent": "hair_right",
					"pivot": [-7, 13.5, 0],
					"cubes": [
						{"origin": [-12, 13.5, -1.5], "size": [5, 0, 3], "uv": [38, 0]}
					]
				},
				{
					"name": "hair_right3",
					"parent": "hair_right2",
					"pivot": [-12, 13.5, 0],
					"cubes": [
						{"origin": [-17, 13.5, -1.5], "size": [2, 0, 3], "pivot": [-14.5, 13.5, 0], "rotation": [0, 180, 0], "uv": [38, 0]}
					]
				},
				{
					"name": "mouth_closed",
					"parent": "head",
					"pivot": [0, 8.25, -0.5],
					"cubes": [
						{"origin": [-1, 8.75, -3.01], "size": [2, 1, 0], "uv": [0, 1]}
					]
				},
				{
					"name": "mouth_open",
					"parent": "head",
					"pivot": [0, 9.5, -0.4],
					"cubes": [
						{"origin": [-1, 8.5, -2.91], "size": [2, 1, 0], "uv": [0, 0]}
					]
				},
				{
					"name": "mouth1",
					"parent": "head",
					"pivot": [-1.75, 13.5, 1.5],
					"rotation": [0, -32.5, 0],
					"cubes": [
						{"origin": [-2.75, 12.5, 0.5], "size": [2, 3, 2], "inflate": 0.001, "uv": [42, 48]}
					]
				},
				{
					"name": "mouth2",
					"parent": "mouth1",
					"pivot": [-1.75, 15.5, 0.5],
					"cubes": [
						{"origin": [-2.75, 15.5, 0.5], "size": [2, 3, 2], "uv": [0, 48]}
					]
				},
				{
					"name": "mouth3",
					"parent": "mouth2",
					"pivot": [-1.75, 18.5, 0.5],
					"cubes": [
						{"origin": [-2.75, 18.5, 0.5], "size": [2, 3, 2], "inflate": 0.001, "uv": [34, 47]}
					]
				},
				{
					"name": "mouth4",
					"parent": "mouth3",
					"pivot": [-1.75, 20.5, 1.5],
					"cubes": [
						{"origin": [-5.75, 20.5, -2.25], "size": [8, 12, 4], "inflate": 0.001, "uv": [0, 0]},
						{"origin": [2, 27.5, 1.75], "size": [0, 3, 3], "inflate": 0.001, "uv": [20, 39]},
						{"origin": [-5.5, 27.5, 1.75], "size": [0, 3, 3], "inflate": 0.001, "uv": [18, 13]},
						{"origin": [-5.25, 20.5, 1.75], "size": [7, 5, 3], "inflate": 0.001, "uv": [0, 28]}
					]
				},
				{
					"name": "jaw",
					"parent": "mouth4",
					"pivot": [-1.75, 23.5, 4.75],
					"cubes": [
						{"origin": [-5.25, 23.5, 1.75], "size": [7, 8, 3], "uv": [24, 0]}
					]
				},
				{
					"name": "jaw2",
					"parent": "jaw",
					"pivot": [-1.75, 31.5, 4.75],
					"cubes": [
						{"origin": [1, 31.5, -0.75], "size": [0, 3, 3], "uv": [8, 46]},
						{"origin": [-4.5, 31.5, -0.75], "size": [0, 3, 3], "uv": [0, 16]},
						{"origin": [-4.75, 31.5, 1.75], "size": [6, 8, 3], "uv": [24, 22]}
					]
				},
				{
					"name": "jaw3",
					"parent": "jaw2",
					"pivot": [-1.75, 39.5, 4.75],
					"cubes": [
						{"origin": [0.5, 39.5, -0.75], "size": [0, 3, 3], "uv": [14, 46]},
						{"origin": [-4, 39.5, -0.75], "size": [0, 3, 3], "uv": [0, 13]},
						{"origin": [-4.25, 39.5, 1.75], "size": [5, 7, 3], "uv": [35, 33]}
					]
				},
				{
					"name": "mouth_top2",
					"parent": "mouth4",
					"pivot": [-1.75, 32.5, 1.75],
					"cubes": [
						{"origin": [-5.25, 32.5, -1.25], "size": [7, 8, 3], "uv": [24, 11]},
						{"origin": [1.5, 35, 1.25], "size": [0, 3, 3], "uv": [11, 33]},
						{"origin": [-5, 35, 1.25], "size": [0, 3, 3], "uv": [18, 16]}
					]
				},
				{
					"name": "mouth_top3",
					"parent": "mouth_top2",
					"pivot": [-1.75, 40.5, 1.75],
					"cubes": [
						{"origin": [-4.75, 40.5, -1.25], "size": [6, 6, 3], "uv": [17, 33]},
						{"origin": [1, 42, 1.25], "size": [0, 3, 3], "uv": [32, 30]},
						{"origin": [-4.5, 42, 1.25], "size": [0, 3, 3], "uv": [17, 25]}
					]
				},
				{
					"name": "hair4",
					"parent": "mouth4",
					"pivot": [-1.25, 20.9, -2.2],
					"rotation": [27.21975, -3.40487, 9.40804],
					"cubes": [
						{"origin": [-1.75, 20.9, -2.2], "size": [1, 2, 0], "uv": [4, 53]}
					]
				},
				{
					"name": "hair5",
					"parent": "hair4",
					"pivot": [-1.25, 22.9, -2.2],
					"rotation": [-12.5, 0, 0],
					"cubes": [
						{"origin": [-1.75, 22.9, -2.2], "size": [1, 2, 0], "pivot": [-1.25, 23.9, -2.2], "rotation": [-180, 0, 180], "uv": [4, 53]}
					]
				},
				{
					"name": "hair6",
					"parent": "hair5",
					"pivot": [-1.25, 24.9, -2.2],
					"rotation": [-12.5, 0, 0],
					"cubes": [
						{"origin": [-1.75, 24.9, -2.2], "size": [1, 1, 0], "uv": [4, 53]}
					]
				},
				{
					"name": "hair",
					"parent": "mouth4",
					"pivot": [-1.75, 20.9, -2.2],
					"rotation": [19.89638, 1.61888, -7.32417],
					"cubes": [
						{"origin": [-3.25, 20.9, -2.2], "size": [2, 2, 0], "uv": [0, 53]}
					]
				},
				{
					"name": "hair2",
					"parent": "hair",
					"pivot": [-1.75, 22.9, -2.2],
					"rotation": [-10, 0, 0],
					"cubes": [
						{"origin": [-3.25, 22.9, -2.2], "size": [2, 2, 0], "pivot": [-2.25, 23.9, -2.2], "rotation": [0, 180, 0], "uv": [0, 53]}
					]
				},
				{
					"name": "hair3",
					"parent": "hair2",
					"pivot": [-1.75, 24.9, -2.2],
					"rotation": [-7.5, 0, 0],
					"cubes": [
						{"origin": [-3.25, 24.9, -2.2], "size": [2, 3, 0], "uv": [0, 53]}
					]
				},
				{
					"name": "mouth5",
					"parent": "head",
					"pivot": [1.75, 13.5, 1.5],
					"rotation": [0, 32.5, 0],
					"cubes": [
						{"origin": [0.75, 12.5, 0.5], "size": [2, 3, 2], "inflate": 0.001, "uv": [42, 48]}
					]
				},
				{
					"name": "mouth6",
					"parent": "mouth5",
					"pivot": [1.75, 15.5, 0.5],
					"cubes": [
						{"origin": [0.75, 15.5, 0.5], "size": [2, 3, 2], "uv": [0, 48]}
					]
				},
				{
					"name": "mouth7",
					"parent": "mouth6",
					"pivot": [1.75, 18.5, 0.5],
					"cubes": [
						{"origin": [0.75, 18.5, 0.5], "size": [2, 3, 2], "inflate": 0.001, "uv": [34, 47]}
					]
				},
				{
					"name": "mouth8",
					"parent": "mouth7",
					"pivot": [1.75, 20.5, 1.5],
					"cubes": [
						{"origin": [-2.25, 20.5, -2.25], "size": [8, 12, 4], "inflate": 0.001, "uv": [0, 0]},
						{"origin": [5.5, 27.5, 1.75], "size": [0, 3, 3], "inflate": 0.001, "uv": [20, 39]},
						{"origin": [-2, 27.5, 1.75], "size": [0, 3, 3], "inflate": 0.001, "uv": [18, 13]},
						{"origin": [-1.75, 20.5, 1.75], "size": [7, 5, 3], "inflate": 0.001, "uv": [0, 28]}
					]
				},
				{
					"name": "hair7",
					"parent": "mouth8",
					"pivot": [1.75, 20.9, -2.2],
					"rotation": [19.89638, -1.61888, 7.32417],
					"cubes": [
						{"origin": [1.25, 20.9, -2.2], "size": [2, 2, 0], "uv": [0, 53], "mirror": true}
					]
				},
				{
					"name": "hair8",
					"parent": "hair7",
					"pivot": [1.75, 22.9, -2.2],
					"rotation": [-10, 0, 0],
					"cubes": [
						{"origin": [1.25, 22.9, -2.2], "size": [2, 2, 0], "pivot": [2.25, 23.9, -2.2], "rotation": [0, -180, 0], "uv": [0, 53], "mirror": true}
					]
				},
				{
					"name": "hair9",
					"parent": "hair8",
					"pivot": [1.75, 24.9, -2.2],
					"rotation": [-7.5, 0, 0],
					"cubes": [
						{"origin": [1.25, 24.9, -2.2], "size": [2, 3, 0], "uv": [0, 53], "mirror": true}
					]
				},
				{
					"name": "hair10",
					"parent": "mouth8",
					"pivot": [1.25, 20.9, -2.2],
					"rotation": [27.21975, 3.40487, -9.40804],
					"cubes": [
						{"origin": [0.75, 20.9, -2.2], "size": [1, 2, 0], "uv": [4, 53], "mirror": true}
					]
				},
				{
					"name": "hair11",
					"parent": "hair10",
					"pivot": [1.25, 22.9, -2.2],
					"rotation": [-12.5, 0, 0],
					"cubes": [
						{"origin": [0.75, 22.9, -2.2], "size": [1, 2, 0], "pivot": [1.25, 23.9, -2.2], "rotation": [-180, 0, -180], "uv": [4, 53], "mirror": true}
					]
				},
				{
					"name": "hair12",
					"parent": "hair11",
					"pivot": [1.25, 24.9, -2.2],
					"rotation": [-12.5, 0, 0],
					"cubes": [
						{"origin": [0.75, 24.9, -2.2], "size": [1, 1, 0], "uv": [4, 53], "mirror": true}
					]
				},
				{
					"name": "jaw4",
					"parent": "mouth8",
					"pivot": [1.75, 23.5, 4.75],
					"cubes": [
						{"origin": [-1.75, 23.5, 1.75], "size": [7, 8, 3], "uv": [24, 0]}
					]
				},
				{
					"name": "jaw5",
					"parent": "jaw4",
					"pivot": [1.75, 31.5, 4.75],
					"cubes": [
						{"origin": [4.5, 31.5, -0.75], "size": [0, 3, 3], "uv": [8, 46]},
						{"origin": [-1, 31.5, -0.75], "size": [0, 3, 3], "uv": [0, 16]},
						{"origin": [-1.25, 31.5, 1.75], "size": [6, 8, 3], "uv": [24, 22]}
					]
				},
				{
					"name": "jaw6",
					"parent": "jaw5",
					"pivot": [1.75, 39.5, 4.75],
					"cubes": [
						{"origin": [4, 39.5, -0.75], "size": [0, 3, 3], "uv": [14, 46]},
						{"origin": [-0.5, 39.5, -0.75], "size": [0, 3, 3], "uv": [0, 13]},
						{"origin": [-0.75, 39.5, 1.75], "size": [5, 7, 3], "uv": [35, 33]}
					]
				},
				{
					"name": "mouth_top4",
					"parent": "mouth8",
					"pivot": [1.75, 32.5, 1.75],
					"cubes": [
						{"origin": [-1.75, 32.5, -1.25], "size": [7, 8, 3], "uv": [24, 11]},
						{"origin": [5, 35, 1.25], "size": [0, 3, 3], "uv": [11, 33]},
						{"origin": [-1.5, 35, 1.25], "size": [0, 3, 3], "uv": [18, 16]}
					]
				},
				{
					"name": "mouth_top5",
					"parent": "mouth_top4",
					"pivot": [1.75, 40.5, 1.75],
					"cubes": [
						{"origin": [-1.25, 40.5, -1.25], "size": [6, 6, 3], "uv": [17, 33]},
						{"origin": [4.5, 42, 1.25], "size": [0, 3, 3], "uv": [32, 30]},
						{"origin": [-1, 42, 1.25], "size": [0, 3, 3], "uv": [17, 25]}
					]
				},
				{
					"name": "leg_left",
					"parent": "body",
					"pivot": [0.75, 4.5, 0],
					"cubes": [
						{"origin": [0.25, 2.5, -2], "size": [2, 3, 4], "uv": [12, 42]}
					]
				},
				{
					"name": "leg_left2",
					"parent": "leg_left",
					"pivot": [1.75, 3.5, -2],
					"cubes": [
						{"origin": [0.25, 0.5, -2.5], "size": [3, 3, 5], "inflate": 0.001, "uv": [39, 17]}
					]
				},
				{
					"name": "foot_left",
					"parent": "leg_left2",
					"pivot": [1.75, 0.5, 0.5],
					"cubes": [
						{"origin": [0.75, 0, -1.5], "size": [2, 1, 3], "uv": [45, 44]}
					]
				},
				{
					"name": "leg_right",
					"parent": "body",
					"pivot": [-0.75, 4.5, 0],
					"cubes": [
						{"origin": [-2.25, 2.5, -2], "size": [2, 3, 4], "uv": [41, 7]}
					]
				},
				{
					"name": "leg_right2",
					"parent": "leg_right",
					"pivot": [-1.75, 3.5, -2],
					"cubes": [
						{"origin": [-3.25, 0.5, -2.5], "size": [3, 3, 5], "inflate": 0.001, "uv": [0, 36]}
					]
				},
				{
					"name": "foot_right",
					"parent": "leg_right2",
					"pivot": [-1.75, 0.5, 0.5],
					"cubes": [
						{"origin": [-2.75, 0, -1.5], "size": [2, 1, 3], "uv": [44, 3]}
					]
				}
			]
		}
	]
}