{
	"format_version": "1.12.0",
	"minecraft:geometry": [
		{
			"description": {
				"identifier": "geometry.foxy",
				"texture_width": 290,
				"texture_height": 350,
				"visible_bounds_width": 17,
				"visible_bounds_height": 10.5,
				"visible_bounds_offset": [0, 4.75, 0]
			},
			"bones": [
				{
					"name": "foxy",
					"pivot": [0, 0, 0]
				},
				{
					"name": "body",
					"parent": "foxy",
					"pivot": [0, 0, 0]
				},
				{
					"name": "torso",
					"parent": "body",
					"pivot": [0, 58, 4]
				},
				{
					"name": "head",
					"parent": "torso",
					"pivot": [0, 113.08108, 5.40726],
					"cubes": [
						{"origin": [-3, 111, 3.75], "size": [6, 2, 2], "uv": [90, 179]},
						{"origin": [-9, 113, 2.75], "size": [18, 7, 7], "uv": [73, 154]},
						{"origin": [-9, 109, -0.25], "size": [18, 4, 7], "uv": [73, 168]},
						{"origin": [-9, 113, -0.25], "size": [18, 3, 3], "uv": [77, 192]},
						{"origin": [-9, 120, 3.75], "size": [18, 6, 3], "uv": [77, 183]},
						{"origin": [-11, 113, -5.25], "size": [22, 21, 16], "uv": [60, 55]},
						{"origin": [-17, 113, -5.25], "size": [6, 7, 7], "uv": [34, 78]},
						{"origin": [11, 113, -5.25], "size": [6, 7, 7], "uv": [136, 78]}
					]
				},
				{
					"name": "brows",
					"parent": "head",
					"pivot": [0.5, 130, -5.25],
					"rotation": [-25, 0, 0],
					"cubes": [
						{"origin": [-9, 128, -5.25], "size": [7, 2, 0], "uv": [52, 11]},
						{"origin": [2, 128, -5.25], "size": [7, 2, 0], "uv": [130, 11]}
					]
				},
				{
					"name": "jaw",
					"parent": "head",
					"pivot": [0, 7, 0]
				},
				{
					"name": "lowerjaw",
					"parent": "jaw",
					"pivot": [0, 113, -0.25],
					"cubes": [
						{"origin": [-4, 113, -21.25], "size": [8, 2, 16], "inflate": -0.01, "uv": [137, 172]},
						{"origin": [-6, 113, -21.25], "size": [12, 2, 16], "uv": [133, 154]},
						{"origin": [-9, 108, -22.25], "size": [18, 5, 22], "uv": [58, 127]}
					]
				},
				{
					"name": "upperjaw",
					"parent": "jaw",
					"pivot": [0, 113, 8.75],
					"cubes": [
						{"origin": [-3, 120, -23.75], "size": [6, 2, 6], "uv": [86, 119]},
						{"origin": [-8, 115, -15.25], "size": [16, 5, 10], "uv": [72, 92]},
						{"origin": [-5, 115, -22.25], "size": [10, 5, 7], "uv": [81, 107]}
					]
				},
				{
					"name": "eyepatch",
					"parent": "head",
					"pivot": [-6.5, 127, -5.35],
					"cubes": [
						{"origin": [-12, 120, -5.35], "size": [11, 7, 0], "pivot": [-6.5, 127, -5.35], "rotation": [-95, 0, 0], "uv": [76, 47]}
					]
				},
				{
					"name": "eyes",
					"parent": "head",
					"pivot": [0, 0, 0]
				},
				{
					"name": "right_eye",
					"parent": "eyes",
					"pivot": [1, 17, 1],
					"cubes": [
						{"origin": [-9, 120, -4.25], "size": [7, 7, 6], "uv": [46, 24]},
						{"origin": [-6.5, 122.25, -4.35], "size": [2, 2, 0], "uv": [96, 38]},
						{"origin": [-10, 127, -4.25], "size": [9, 1, 8], "inflate": -0.01, "uv": [42, 47]},
						{"origin": [-10, 120, 1.75], "size": [9, 7, 2], "inflate": -0.01, "uv": [48, 15]},
						{"origin": [-10, 120, -4.25], "size": [9, 2, 8], "inflate": -0.01, "pivot": [-9.5, 121, 3.75], "rotation": [5, 0, 0], "uv": [42, 37]}
					]
				},
				{
					"name": "left_eye",
					"parent": "eyes",
					"pivot": [-1, 17, 1],
					"cubes": [
						{"origin": [2, 120, -4.25], "size": [7, 7, 6], "uv": [124, 24]},
						{"origin": [4.5, 122.25, -4.35], "size": [2, 2, 0], "uv": [96, 36]},
						{"origin": [1, 127, -4.25], "size": [9, 1, 8], "inflate": -0.01, "uv": [120, 37]},
						{"origin": [1, 120, 1.75], "size": [9, 7, 2], "inflate": -0.01, "uv": [126, 15]},
						{"origin": [1, 120, -4.25], "size": [9, 2, 8], "inflate": -0.01, "pivot": [9.5, 121, 3.75], "rotation": [5, 0, 0], "uv": [120, 46]}
					]
				},
				{
					"name": "ears",
					"parent": "head",
					"pivot": [0, 0, 0]
				},
				{
					"name": "right_ear",
					"parent": "ears",
					"pivot": [-10, 129, 0.75],
					"rotation": [0, 0, 52.5],
					"cubes": [
						{"origin": [-18, 129, 0.75], "size": [8, 3, 0], "uv": [35, 11]},
						{"origin": [-27, 126, -0.25], "size": [12, 9, 2], "uv": [23, 0]}
					]
				},
				{
					"name": "left_ear",
					"parent": "ears",
					"pivot": [10, 129, 0.75],
					"rotation": [0, 0, -52.5],
					"cubes": [
						{"origin": [10, 129, 0.75], "size": [8, 3, 0], "uv": [145, 11]},
						{"origin": [15, 126, -0.25], "size": [12, 9, 2], "uv": [145, 0]}
					]
				},
				{
					"name": "upper_endoskeleton",
					"parent": "torso",
					"pivot": [0, 0, 0],
					"cubes": [
						{"origin": [-14, 91, -5.25], "size": [28, 12, 20], "uv": [52, 247]},
						{"origin": [-13, 61, -5.25], "size": [26, 30, 20], "uv": [52, 198]},
						{"origin": [-3, 63, 2.75], "size": [6, 34, 4], "uv": [215, 73]},
						{"origin": [-3, 101, 4.75], "size": [6, 13, 0], "uv": [219, 59]},
						{"origin": [-17, 97, 2.75], "size": [34, 4, 4], "uv": [187, 45]},
						{"origin": [-9, 66, 4.75], "size": [3, 8, 0], "uv": [203, 100]},
						{"origin": [-9, 63, 4.75], "size": [6, 3, 0], "uv": [203, 108]},
						{"origin": [3, 63, 4.75], "size": [6, 3, 0], "uv": [235, 108]},
						{"origin": [-6, 74, 4.75], "size": [3, 6, 0], "uv": [209, 94]},
						{"origin": [-12, 84, 4.75], "size": [3, 14, 0], "pivot": [-11, 97, 4.75], "rotation": [0, 0, -45], "uv": [208, 70]},
						{"origin": [-8.975, 101, 4.75], "size": [3, 14, 0], "pivot": [-8.975, 101, 4.75], "rotation": [0, 0, 26.5], "uv": [212, 54]},
						{"origin": [5.975, 101, 4.75], "size": [3, 14, 0], "pivot": [8.975, 101, 4.75], "rotation": [0, 0, -26.5], "uv": [232, 54]},
						{"origin": [6, 66, 4.75], "size": [3, 8, 0], "uv": [241, 100]},
						{"origin": [3, 74, 4.75], "size": [3, 6, 0], "uv": [235, 94]},
						{"origin": [9, 84, 4.75], "size": [3, 14, 0], "pivot": [11, 97, 4.75], "rotation": [0, 0, 45], "uv": [236, 69]},
						{"origin": [-13, 51, -5.25], "size": [26, 10, 20], "uv": [54, 279]}
					]
				},
				{
					"name": "arms",
					"parent": "torso",
					"pivot": [0, 99, 0]
				},
				{
					"name": "left_arm",
					"parent": "arms",
					"pivot": [15, 101, 4.75],
					"cubes": [
						{"origin": [17, 96, 1.75], "size": [6, 6, 6], "inflate": -0.01, "uv": [176, 217]},
						{"origin": [15, 95, 0.75], "size": [8, 8, 8], "uv": [144, 213]},
						{"origin": [23, 97, 2.75], "size": [16, 4, 4], "uv": [227, 36]},
						{"origin": [25, 95, 0.75], "size": [15, 8, 8], "uv": [145, 229]}
					]
				},
				{
					"name": "left_arm2",
					"parent": "left_arm",
					"pivot": [38.98333, 99.25, 4.75],
					"cubes": [
						{"origin": [44, 95, 0.75], "size": [13, 8, 8], "uv": [154, 249]},
						{"origin": [39, 96, 1.75], "size": [6, 6, 6], "uv": [138, 245]},
						{"origin": [45, 97, 2.75], "size": [12, 4, 4], "uv": [229, 28]}
					]
				},
				{
					"name": "left_hand",
					"parent": "left_arm2",
					"pivot": [56.91667, 101.09167, 4.75],
					"cubes": [
						{"origin": [57, 96, -1.25], "size": [11, 5, 12], "uv": [221, 11]},
						{"origin": [61, 97, -3.25], "size": [7, 3, 4], "pivot": [61, 98.5, 0.75], "rotation": [8.58445, 59.62449, 9.92499], "uv": [255, 16]},
						{"origin": [68, 98, 2.75], "size": [7, 3, 4], "pivot": [68, 101, 4.75], "rotation": [0, 0, 12.5], "uv": [255, 9]},
						{"origin": [68, 98, -1.25], "size": [7, 3, 4], "pivot": [68, 101, 2.75], "rotation": [1.6575, 12.39135, 7.67995], "uv": [255, 2]},
						{"origin": [68, 98, 6.75], "size": [7, 3, 4], "pivot": [68, 101, 6.75], "rotation": [-2.20462, -12.3071, 10.23772], "uv": [233, 4]}
					]
				},
				{
					"name": "right_arm",
					"parent": "arms",
					"pivot": [-15, 101, 4.75],
					"cubes": [
						{"origin": [-23, 96, 1.75], "size": [6, 6, 6], "inflate": -0.01, "uv": [0, 209]},
						{"origin": [-23, 95, 0.75], "size": [8, 8, 8], "uv": [20, 213]},
						{"origin": [-39, 97, 2.75], "size": [16, 4, 4], "uv": [187, 36]},
						{"origin": [-40, 95, 0.75], "size": [15, 8, 8], "uv": [6, 229]}
					]
				},
				{
					"name": "right_arm2",
					"parent": "right_arm",
					"pivot": [-38.98333, 101, 4.75],
					"cubes": [
						{"origin": [-57, 95, 0.75], "size": [13, 8, 8], "uv": [0, 249]},
						{"origin": [-45, 96, 1.75], "size": [6, 6, 6], "uv": [34, 245]},
						{"origin": [-60, 97, 2.75], "size": [15, 4, 4], "uv": [191, 28]}
					]
				},
				{
					"name": "hook",
					"parent": "right_arm2",
					"pivot": [-59.99167, 101, 4.75],
					"cubes": [
						{"origin": [-64, 93, -1.25], "size": [4, 12, 12], "uv": [189, 4]},
						{"origin": [-71, 95, 4.75], "size": [7, 8, 0], "uv": [187, 4]},
						{"origin": [-83, 103, 4.75], "size": [16, 4, 0], "uv": [187, 0]},
						{"origin": [-83, 99, 4.75], "size": [8, 4, 0], "uv": [212, 9]},
						{"origin": [-83, 92, 4.75], "size": [4, 7, 0], "uv": [224, 15]},
						{"origin": [-83, 88, 4.75], "size": [11, 4, 0], "uv": [219, 0]}
					]
				},
				{
					"name": "legs",
					"parent": "body",
					"pivot": [0, 61, 3.25],
					"cubes": [
						{"origin": [-10, 58, 2.75], "size": [20, 5, 4], "uv": [201, 111]}
					]
				},
				{
					"name": "right_leg",
					"parent": "legs",
					"pivot": [-10, 58, 4.75],
					"cubes": [
						{"origin": [-12, 34, 2.75], "size": [6, 24, 4], "uv": [202, 120]},
						{"origin": [-15, 35, -1.75], "size": [12, 19, 13], "uv": [41, 309]}
					]
				},
				{
					"name": "right_leg2",
					"parent": "right_leg",
					"pivot": [-9, 34, 2.74167],
					"cubes": [
						{"origin": [-12, 0, 2.75], "size": [6, 34, 4], "uv": [202, 148]}
					]
				},
				{
					"name": "right_feet",
					"parent": "right_leg2",
					"pivot": [-9, 3, 2.73519],
					"cubes": [
						{"origin": [-13, 0, -2.275], "size": [8, 3, 10], "uv": [187, 186]},
						{"origin": [-15, 0, -6.275], "size": [12, 3, 4], "uv": [188, 199]},
						{"origin": [-15, 0, -13.275], "size": [6, 0, 7], "pivot": [-9, 0, -6.275], "rotation": [0, 10, 0], "uv": [192, 213]},
						{"origin": [-9, 0, -13.275], "size": [6, 0, 7], "pivot": [-9, 0, -6.275], "rotation": [0, -10, 0], "uv": [192, 206]}
					]
				},
				{
					"name": "left_leg",
					"parent": "legs",
					"pivot": [10, 58, 4.75],
					"cubes": [
						{"origin": [6, 34, 2.75], "size": [6, 24, 4], "uv": [230, 120]},
						{"origin": [3, 35, -1.75], "size": [12, 19, 13], "uv": [109, 309]}
					]
				},
				{
					"name": "left_leg2",
					"parent": "left_leg",
					"pivot": [9, 34, 2.74167],
					"cubes": [
						{"origin": [6, 0, 2.75], "size": [6, 34, 4], "uv": [230, 148]}
					]
				},
				{
					"name": "left_feet",
					"parent": "left_leg2",
					"pivot": [9, 3, 2.73519],
					"cubes": [
						{"origin": [5, 0, -2.275], "size": [8, 3, 10], "uv": [229, 186]},
						{"origin": [3, 0, -6.275], "size": [12, 3, 4], "uv": [232, 199]},
						{"origin": [9, 0, -13.275], "size": [6, 0, 7], "pivot": [9, 0, -6.275], "rotation": [0, -10, 0], "uv": [235, 213]},
						{"origin": [3, 0, -13.275], "size": [6, 0, 7], "pivot": [9, 0, -6.275], "rotation": [0, 10, 0], "uv": [235, 206]}
					]
				}
			]
		}
	]
}