{
	"format_version": "1.12.0",
	"minecraft:geometry": [
		{
			"description": {
				"identifier": "geometry.zygarde",
				"texture_width": 128,
				"texture_height": 128,
				"visible_bounds_width": 8,
				"visible_bounds_height": 9,
				"visible_bounds_offset": [0, 0.5, 0]
			},
			"bones": [
				{
					"name": "zygarde",
					"pivot": [0, 0, 0]
				},
				{
					"name": "body",
					"parent": "zygarde",
					"pivot": [0, 0, 0]
				},
				{
					"name": "torso",
					"parent": "body",
					"pivot": [0, 15.75, -5],
					"cubes": [
						{"origin": [-8.5, 15, -12], "size": [17, 14, 14], "uv": [1, 0]}
					]
				},
				{
					"name": "head_decor",
					"parent": "torso",
					"pivot": [0, 27, 0]
				},
				{
					"name": "left",
					"parent": "head_decor",
					"pivot": [-15, 35, -1],
					"rotation": [0, 0, -60],
					"cubes": [
						{"origin": [-17.5, 39, -1], "size": [5, 6, 0], "uv": [0, 0]},
						{"origin": [-19, 13, -0.999], "size": [8, 26, 0], "uv": [70, 91]}
					]
				},
				{
					"name": "mid_left",
					"parent": "head_decor",
					"pivot": [-9, 42.75, -1],
					"rotation": [0, 0, -30],
					"cubes": [
						{"origin": [-11.5, 46.75, -1], "size": [5, 6, 0], "uv": [0, 7]},
						{"origin": [-13, 20.75, -1], "size": [8, 26, 0], "uv": [96, 0]}
					]
				},
				{
					"name": "mid",
					"parent": "head_decor",
					"pivot": [0, 25, 0],
					"cubes": [
						{"origin": [-2.5, 51, -1], "size": [5, 6, 0], "uv": [47, 40]},
						{"origin": [-4, 25, -1.001], "size": [8, 26, 0], "uv": [106, 40]}
					]
				},
				{
					"name": "mid_right",
					"parent": "head_decor",
					"pivot": [9, 42.75, -1],
					"rotation": [0, 0, 30],
					"cubes": [
						{"origin": [6.5, 46.75, -1], "size": [5, 6, 0], "uv": [0, 36]},
						{"origin": [5, 20.75, -1], "size": [8, 26, 0], "uv": [17, 101]}
					]
				},
				{
					"name": "right",
					"parent": "head_decor",
					"pivot": [15, 35, -1],
					"rotation": [0, 0, 60],
					"cubes": [
						{"origin": [12.5, 39, -1], "size": [5, 6, 0], "uv": [0, 29]},
						{"origin": [11, 13, -0.999], "size": [8, 26, 0], "uv": [0, 101]}
					]
				},
				{
					"name": "neck_decor",
					"parent": "torso",
					"pivot": [0, 15, 0]
				},
				{
					"name": "neck_decor_right",
					"parent": "neck_decor",
					"pivot": [0, 15, 0],
					"cubes": [
						{"origin": [-20, 22, -5], "size": [12, 4, 0], "pivot": [-9, 24, -5], "rotation": [0, 0, 10], "uv": [53, 0]},
						{"origin": [-19, 17.5, -5], "size": [11, 4, 0], "pivot": [-8.5, 19.5, -5], "rotation": [0, 0, -5], "uv": [54, 5]},
						{"origin": [-13, 14.75, -5], "size": [5, 3, 0], "pivot": [-8.5, 16.25, -5], "rotation": [0, 0, -25], "uv": [59, 9]}
					]
				},
				{
					"name": "neck_decor_left",
					"parent": "neck_decor",
					"pivot": [0, 15, 0],
					"cubes": [
						{"origin": [7, 22, -5], "size": [13, 4, 0], "pivot": [8, 24, -5], "rotation": [0, 0, -10], "uv": [93, 69]},
						{"origin": [7, 17.5, -5], "size": [11, 4, 0], "pivot": [8, 20, -5], "rotation": [0, 0, 5], "uv": [93, 75]},
						{"origin": [8, 14.75, -5], "size": [5, 3, 0], "pivot": [8.5, 16.75, -5], "rotation": [0, 0, 25], "uv": [95, 79]}
					]
				},
				{
					"name": "neck",
					"parent": "torso",
					"pivot": [0, 27.5, -5],
					"cubes": [
						{"origin": [-7, 29, -17], "size": [14, 7, 18], "uv": [0, 29]}
					]
				},
				{
					"name": "head",
					"parent": "neck",
					"pivot": [0, 32.80891, -11.69939],
					"cubes": [
						{"origin": [-7.5, 30.82686, -17.40035], "size": [15, 6, 13], "pivot": [0, 31.82686, -9.40035], "rotation": [30, 0, 0], "uv": [52, 16]}
					]
				},
				{
					"name": "tail",
					"parent": "torso",
					"pivot": [0, 15.5, -5],
					"cubes": [
						{"origin": [-7, 4, -11], "size": [14, 11, 12], "uv": [53, 45]}
					]
				},
				{
					"name": "tail2",
					"parent": "tail",
					"pivot": [0, 4, -5],
					"cubes": [
						{"origin": [-7, -8, -10], "size": [14, 12, 10], "uv": [0, 57]}
					]
				},
				{
					"name": "tail3",
					"parent": "tail2",
					"pivot": [0, -7.5, -5],
					"cubes": [
						{"origin": [-7, -21, -9], "size": [14, 13, 8], "uv": [49, 69]}
					]
				},
				{
					"name": "tail4",
					"parent": "tail3",
					"pivot": [0, -21, -5],
					"cubes": [
						{"origin": [-7, -35, -8], "size": [14, 14, 6], "uv": [0, 80]}
					]
				},
				{
					"name": "tail5",
					"parent": "tail4",
					"pivot": [0, -35.5, -5],
					"cubes": [
						{"origin": [-7, -49.5, -7.25], "size": [14, 14.5, 4.5], "uv": [90, 87]}
					]
				},
				{
					"name": "tail6",
					"parent": "tail5",
					"pivot": [0, -49.58333, -5],
					"cubes": [
						{"origin": [-7, -55.5, -5], "size": [14, 6, 0], "uv": [41, 91]},
						{"origin": [-7, -62.5, -5], "size": [3, 7, 0], "uv": [55, 100]},
						{"origin": [-4.25, -59.5, -5], "size": [3, 4, 0], "uv": [55, 103]},
						{"origin": [-1.5, -64.5, -5], "size": [3, 9, 0], "uv": [55, 98]},
						{"origin": [1.25, -60.5, -5], "size": [3, 5, 0], "uv": [55, 102]},
						{"origin": [4, -61.5, -5], "size": [3, 6, 0], "uv": [55, 101]}
					]
				}
			]
		}
	]
}