{
	"format_version": "1.12.0",
	"minecraft:geometry": [
		{
			"description": {
				"identifier": "geometry.giratina",
				"texture_width": 512,
				"texture_height": 512,
				"visible_bounds_width": 26,
				"visible_bounds_height": 10.5,
				"visible_bounds_offset": [0, 4.75, 0]
			},
			"bones": [
				{
					"name": "bb_main",
					"pivot": [0, 0, 0],
					"cubes": [
						{"origin": [15.72431, 0.85847, 142.03535], "size": [9, 7, 0], "pivot": [20.22431, 3.85847, 134.53535], "rotation": [0, 0, 42.5], "uv": [214, 155]}
					]
				},
				{
					"name": "giratina",
					"pivot": [0, 0, 0]
				},
				{
					"name": "body",
					"parent": "giratina",
					"pivot": [0, 0, 35]
				},
				{
					"name": "torso",
					"parent": "body",
					"pivot": [0, 0, 35]
				},
				{
					"name": "main_body",
					"parent": "torso",
					"pivot": [0, 38, 6]
				},
				{
					"name": "body_stripes",
					"parent": "main_body",
					"pivot": [0, 38, 6],
					"cubes": [
						{"origin": [-13.8, 38.3, -36.9], "size": [30, 42, 26], "uv": [210, 74]},
						{"origin": [5.8, 66.4, -57.7], "size": [28, 0, 68], "uv": [388, 444]},
						{"origin": [-30.9, 66.4, -57.7], "size": [28, 0, 68], "uv": [388, 444], "mirror": true},
						{"origin": [-30.7, 75.2, -57.7], "size": [28, 0, 68], "uv": [388, 444], "mirror": true},
						{"origin": [5.8, 75.2, -57.7], "size": [28, 0, 68], "uv": [388, 444]}
					]
				},
				{
					"name": "body_stripes2",
					"parent": "body_stripes",
					"pivot": [1.2, 77.3, -22.9],
					"cubes": [
						{"origin": [-11.8, 80.3, -32.9], "size": [26, 12, 20], "uv": [292, 0]},
						{"origin": [5.4, 85.8, -44], "size": [25, 0, 42], "uv": [420, 7]},
						{"origin": [-25.7, 85.8, -44], "size": [25, 0, 42], "uv": [420, 7], "mirror": true}
					]
				},
				{
					"name": "body4",
					"parent": "body_stripes2",
					"pivot": [1.2, 90.1, -22.9],
					"cubes": [
						{"origin": [-9.8, 91.6, -30.9], "size": [22, 7, 16], "uv": [0, 357]}
					]
				},
				{
					"name": "neck",
					"parent": "body4",
					"pivot": [1.2, 98.20111, -17.08347],
					"cubes": [
						{"origin": [-9.8, 95.40111, -29.98347], "size": [22, 7, 16], "pivot": [1.2, 98.20111, -17.08347], "rotation": [15, 0, 0], "uv": [0, 357]}
					]
				},
				{
					"name": "head",
					"parent": "neck",
					"pivot": [0, 0, 35],
					"cubes": [
						{"origin": [-15.8, 107.01257, -48.26181], "size": [34, 0, 37], "pivot": [1.2, 106.3, -42.3], "rotation": [50, 0, 0], "uv": [226, 475]},
						{"origin": [-46.9, 112.69825, -36.40998], "size": [29, 0, 57], "pivot": [0.6, 112.69825, -7.90998], "rotation": [90, -63.5, -90], "uv": [391, 280]},
						{"origin": [-56.9, 109.57486, -26.67452], "size": [115, 0, 25], "pivot": [0.6, 109.57486, -14.17452], "rotation": [153.5, 0, 180], "uv": [215, 398]},
						{"origin": [-56.9, 109.57486, -26.57452], "size": [115, 0, 25], "pivot": [0.6, 109.57486, -14.17452], "rotation": [153.5, 0, 180], "uv": [215, 398]}
					]
				},
				{
					"name": "head2",
					"parent": "head",
					"pivot": [1.20512, 97.19765, -37.96092],
					"rotation": [5.5, 0, 0],
					"cubes": [
						{"origin": [-0.46788, 98.82007, -37.75235], "size": [22, 10, 22], "pivot": [1.2, 97.97636, -36.33255], "rotation": [14.00194, -45, -9.85108], "uv": [325, 151]}
					]
				},
				{
					"name": "jaw",
					"parent": "head2",
					"pivot": [1.20512, 100.69765, -12.36092],
					"cubes": [
						{"origin": [-10.17247, 99.13902, -34.05823], "size": [22, 2, 22], "pivot": [0.82753, 100.13902, -23.05823], "rotation": [14.00194, -45, -9.85108], "uv": [420, 126]}
					]
				},
				{
					"name": "eyelids",
					"parent": "head2",
					"pivot": [1.20512, 97.19765, -37.96092]
				},
				{
					"name": "eyelid_left",
					"parent": "eyelids",
					"pivot": [1.20512, 97.19765, -37.96092]
				},
				{
					"name": "eyelid_right",
					"parent": "eyelids",
					"pivot": [1.20512, 97.19765, -37.96092]
				},
				{
					"name": "wings",
					"parent": "body_stripes",
					"pivot": [60.5, 108, -10.7]
				},
				{
					"name": "wings_left",
					"parent": "wings",
					"pivot": [14.69553, 75.76375, -10.8],
					"cubes": [
						{"origin": [13.68372, 49.20649, -10.8], "size": [105, 69, 0], "pivot": [14.69553, 75.76375, -10.8], "rotation": [0, 0, -5], "uv": [0, 100]}
					]
				},
				{
					"name": "spikes_left",
					"parent": "wings_left",
					"pivot": [60.5, 108, -10.7],
					"cubes": [
						{"origin": [60.3347, 83.62993, -24.1], "size": [9, 0, 13], "pivot": [42.3347, 97.82993, -23.6], "rotation": [0, 0, 60], "uv": [182, 421]},
						{"origin": [36.78713, 71.24436, -24.1], "size": [9, 0, 13], "pivot": [41.28713, 71.24436, -17.6], "rotation": [0, 0, -37.5], "uv": [182, 421]},
						{"origin": [50.29713, 79.04436, -24.1], "size": [9, 0, 13], "pivot": [54.79713, 79.04436, -17.6], "rotation": [0, 0, 62.5], "uv": [182, 421]},
						{"origin": [50.29713, 79.04436, -24.1], "size": [9, 0, 13], "pivot": [54.79713, 79.04436, -17.6], "rotation": [0, 0, -35], "uv": [182, 421]},
						{"origin": [62.12168, 89.60404, -24.1], "size": [9, 0, 13], "pivot": [67.12168, 88.50404, -17.6], "rotation": [0, 0, 60], "uv": [182, 421]},
						{"origin": [63.3243, 89.48705, -24.1], "size": [9, 0, 13], "pivot": [67.8243, 89.48705, -17.6], "rotation": [0, 0, -37.5], "uv": [182, 421]}
					]
				},
				{
					"name": "wings_right",
					"parent": "wings",
					"pivot": [14.69553, 75.76375, -10.8],
					"cubes": [
						{"origin": [-115.74885, 49.37018, -10.8], "size": [105, 69, 0], "pivot": [-11.47924, 76.15283, -10.8], "rotation": [0, 0, 5], "uv": [0, 100], "mirror": true}
					]
				},
				{
					"name": "spikes_right",
					"parent": "wings_right",
					"pivot": [60.5, 108, -10.7],
					"cubes": [
						{"origin": [-54.71163, 81.13537, -24.1], "size": [9, 0, 13], "pivot": [-50.21163, 81.13537, -17.6], "rotation": [0, 0, -55], "uv": [182, 421]},
						{"origin": [-54.71163, 81.13537, -24.1], "size": [9, 0, 13], "pivot": [-50.21163, 81.13537, -17.6], "rotation": [0, 0, -132.5], "uv": [182, 421]},
						{"origin": [-67.51479, 91.44309, -24.1], "size": [9, 0, 13], "pivot": [-63.01479, 91.44309, -17.6], "rotation": [0, 0, -50], "uv": [182, 421]},
						{"origin": [-67.51479, 91.44309, -24.1], "size": [9, 0, 13], "pivot": [-63.01479, 91.44309, -17.6], "rotation": [0, 0, -127.5], "uv": [182, 421]},
						{"origin": [-38.19638, 73.13012, -24.1], "size": [9, 0, 13], "pivot": [-35.89638, 70.33012, -17.6], "rotation": [0, 0, -60], "uv": [182, 421]},
						{"origin": [-41.72125, 73.63537, -24.1], "size": [9, 0, 13], "pivot": [-37.22125, 73.63537, -17.6], "rotation": [0, 0, -150], "uv": [182, 421]}
					]
				},
				{
					"name": "bone4",
					"parent": "body_stripes",
					"pivot": [0, 38, 6]
				},
				{
					"name": "body1",
					"parent": "bone4",
					"pivot": [0, 38, 6],
					"cubes": [
						{"origin": [-14.8, 26.7, -33.2], "size": [32, 34, 66], "uv": [0, 0]}
					]
				},
				{
					"name": "body2",
					"parent": "body1",
					"pivot": [0, 39, 47],
					"cubes": [
						{"origin": [-14.8, 26.7, 32.7], "size": [32, 31, 26], "uv": [209, 142]}
					]
				},
				{
					"name": "body3",
					"parent": "body2",
					"pivot": [0, 38, 6],
					"cubes": [
						{"origin": [-13.8, 31.5, -35.9], "size": [30, 34, 36], "uv": [196, 0]}
					]
				},
				{
					"name": "tail",
					"parent": "body3",
					"pivot": [0, 0, 35]
				},
				{
					"name": "tail2",
					"parent": "tail",
					"pivot": [1.2, 43.5, 56.8],
					"cubes": [
						{"origin": [-7.8, 33.7, 58.6], "size": [18, 17, 13], "uv": [211, 366]}
					]
				},
				{
					"name": "tail3",
					"parent": "tail2",
					"pivot": [1.2, 42, 72.3],
					"cubes": [
						{"origin": [-5.8, 34.7, 71.4], "size": [14, 15, 13], "uv": [367, 361]}
					]
				},
				{
					"name": "tail4",
					"parent": "tail3",
					"pivot": [1.2, 41.9, 83.7],
					"cubes": [
						{"origin": [-3.8, 36.7, 84.4], "size": [10, 11, 12], "uv": [112, 365]}
					]
				},
				{
					"name": "tail5",
					"parent": "tail4",
					"pivot": [1.2, 42, 95.9],
					"cubes": [
						{"origin": [-2.8, 37.7, 96.3], "size": [8, 9, 10], "uv": [0, 238]}
					]
				},
				{
					"name": "tail6",
					"parent": "tail5",
					"pivot": [1.2, 42.8, 105.9],
					"cubes": [
						{"origin": [-1.8, 38.7, 106.3], "size": [6, 7, 10], "uv": [0, 0]}
					]
				},
				{
					"name": "legs",
					"parent": "body",
					"pivot": [0, 0, 33]
				},
				{
					"name": "legs_right",
					"parent": "legs",
					"pivot": [-33.8, 0, 33]
				},
				{
					"name": "bone",
					"parent": "legs_right",
					"pivot": [-23, 15.5, -20.4]
				},
				{
					"name": "leg_front_right",
					"parent": "bone",
					"pivot": [-7.1, 46.2, -20.4],
					"cubes": [
						{"origin": [-17.62846, 18.18336, -29.9], "size": [21, 29, 19], "pivot": [-7.37868, 46.04963, -20.4], "rotation": [0, 0, 40], "uv": [231, 242], "mirror": true}
					]
				},
				{
					"name": "leg_front_right2",
					"parent": "bone",
					"pivot": [-33.8, 0, -19.8],
					"cubes": [
						{"origin": [-33, 0, -29.9], "size": [20, 31, 19], "uv": [323, 51], "mirror": true}
					]
				},
				{
					"name": "leg_front_right_claws",
					"parent": "leg_front_right2",
					"pivot": [-33.8, 0, 34.1],
					"cubes": [
						{"origin": [18.5, 0, 3], "size": [10, 11, 0], "pivot": [22.5, 8.5, -35.9], "rotation": [0, -90, 0], "uv": [84, 293]},
						{"origin": [18.5, 0, 10.1], "size": [10, 17, 0], "pivot": [22.5, 8.5, -35.9], "rotation": [0, -90, 0], "uv": [130, 238]},
						{"origin": [-34.4, 0, -36.1], "size": [10, 11, 0], "pivot": [-30.2, 5.5, -35.5], "rotation": [0, -90, 0], "uv": [84, 293]},
						{"origin": [-26.9, 0, -38.9], "size": [7, 0, 9], "uv": [81, 467]},
						{"origin": [-33.1, 0, -38.9], "size": [7, 0, 9], "uv": [81, 467]},
						{"origin": [-19.9, 0, -38.9], "size": [7, 0, 9], "uv": [81, 467]}
					]
				},
				{
					"name": "leg_front_right_discs",
					"parent": "leg_front_right2",
					"pivot": [-33.8, 0, 34.1],
					"cubes": [
						{"origin": [-20.9, 16.3, -33.9], "size": [16, 0, 27], "pivot": [-14.5, 16.3, -20.4], "rotation": [0, 0, -180], "uv": [-27, 485], "mirror": true},
						{"origin": [-38, 20.8, -33.9], "size": [16, 0, 27], "uv": [-27, 485], "mirror": true}
					]
				},
				{
					"name": "bone2",
					"parent": "legs_right",
					"pivot": [-33.8, 0, 35]
				},
				{
					"name": "leg_middle_right",
					"parent": "bone2",
					"pivot": [-33.8, 0, 12.4],
					"cubes": [
						{"origin": [-33.2, 0, 3], "size": [20, 31, 19], "uv": [323, 51], "mirror": true}
					]
				},
				{
					"name": "leg_middle_right2",
					"parent": "bone2",
					"pivot": [-9.5, 44.8, 11.8],
					"cubes": [
						{"origin": [-16.87019, 16.06679, 3], "size": [21, 29, 19], "pivot": [-5.1306, 46.35803, 12.5], "rotation": [0, 0, 40], "uv": [231, 242], "mirror": true}
					]
				},
				{
					"name": "leg_middle_right_claws",
					"parent": "leg_middle_right2",
					"pivot": [-33.8, 0, 35],
					"cubes": [
						{"origin": [-20.1, 0, -6], "size": [7, 0, 9], "uv": [81, 467]},
						{"origin": [-26.9, 0, -6], "size": [7, 0, 9], "uv": [81, 467]},
						{"origin": [-33.7, 0, -6], "size": [7, 0, 9], "uv": [81, 467]},
						{"origin": [50.3, 0, 4.1], "size": [10, 11, 0], "pivot": [22.5, 8.5, -35], "rotation": [0, -90, 0], "uv": [84, 293]},
						{"origin": [50.9, 0, 11], "size": [10, 17, 0], "pivot": [22.5, 8.5, -35], "rotation": [0, -90, 0], "uv": [130, 238]},
						{"origin": [50.9, 0, 17.7], "size": [10, 11, 0], "pivot": [22.5, 8.5, -35], "rotation": [0, -90, 0], "uv": [84, 293]}
					]
				},
				{
					"name": "leg_middle_right_discs",
					"parent": "leg_middle_right2",
					"pivot": [-33.8, 0, 35],
					"cubes": [
						{"origin": [-38.3, 20.8, -1.3], "size": [16, 0, 27], "uv": [-27, 485], "mirror": true},
						{"origin": [-20.7, 16.3, -0.4], "size": [16, 0, 27], "pivot": [-14.5, 16.3, 13.1], "rotation": [0, 0, -180], "uv": [-27, 485], "mirror": true}
					]
				},
				{
					"name": "bone3",
					"parent": "legs_right",
					"pivot": [-33.8, 0, 34.1]
				},
				{
					"name": "leg_back_right",
					"parent": "bone3",
					"pivot": [-33.8, 0, 34.1],
					"cubes": [
						{"origin": [-33, 0, 34.1], "size": [20, 31, 19], "uv": [323, 51], "mirror": true}
					]
				},
				{
					"name": "leg_back_right3",
					"parent": "bone3",
					"pivot": [-2.51394, 46.17495, 43.6],
					"cubes": [
						{"origin": [-19.82186, 18.78861, 34.1], "size": [21, 29, 19], "pivot": [-10.21394, 43.37495, 43.1], "rotation": [0, 0, 40], "uv": [231, 242], "mirror": true}
					]
				},
				{
					"name": "leg_back_right_claws",
					"parent": "leg_back_right3",
					"pivot": [-33.8, 0, 34.1],
					"cubes": [
						{"origin": [-19.9, 0, 25.1], "size": [7, 0, 9], "uv": [81, 467]},
						{"origin": [-27.1, 0, 25.1], "size": [7, 0, 9], "uv": [81, 467]},
						{"origin": [-33.7, 0, 25.1], "size": [7, 0, 9], "uv": [81, 467]},
						{"origin": [82.7, 0, 3.1], "size": [10, 11, 0], "pivot": [22.5, 8.5, -35.9], "rotation": [0, -90, 0], "uv": [84, 293]},
						{"origin": [82.7, 0, 10.1], "size": [10, 17, 0], "pivot": [22.5, 8.5, -35.9], "rotation": [0, -90, 0], "uv": [130, 239]},
						{"origin": [82.6, 0, 16.8], "size": [10, 11, 0], "pivot": [22.5, 8.5, -35.9], "rotation": [0, -90, 0], "uv": [84, 293]}
					]
				},
				{
					"name": "leg_back_right_discs",
					"parent": "leg_back_right3",
					"pivot": [-33.8, 0, 34.1],
					"cubes": [
						{"origin": [-38, 20.8, 30.2], "size": [16, 0, 27], "uv": [-27, 485], "mirror": true},
						{"origin": [-20.9, 16.3, 30.2], "size": [16, 0, 27], "pivot": [-14.5, 16.3, 43.7], "rotation": [0, 0, -180], "uv": [-27, 485], "mirror": true}
					]
				},
				{
					"name": "legs_left",
					"parent": "legs",
					"pivot": [43.7, 0, 35.1]
				},
				{
					"name": "leg_left_front",
					"parent": "legs_left",
					"pivot": [25.5, 15.5, -20.4]
				},
				{
					"name": "leg_front_left",
					"parent": "leg_left_front",
					"pivot": [7.5, 48.5, -20.4],
					"cubes": [
						{"origin": [-0.63726, 19.25466, -29.9], "size": [22, 29, 19], "pivot": [11.71284, 45.40443, -19.9], "rotation": [0, 0, -40], "uv": [231, 242]}
					]
				},
				{
					"name": "leg_front_left2",
					"parent": "leg_left_front",
					"pivot": [28.5, -1.5, -20.4],
					"cubes": [
						{"origin": [15.5, 0, -29.9], "size": [20, 31, 19], "uv": [323, 51]}
					]
				},
				{
					"name": "leg_front_left_discs",
					"parent": "leg_front_left2",
					"pivot": [43.7, 0, 35.1],
					"cubes": [
						{"origin": [24.2, 20.8, -33.9], "size": [16, 0, 27], "uv": [-27, 485]},
						{"origin": [40.5, 25.3, -33.9], "size": [16, 0, 27], "pivot": [33.5, 20.8, -20.5], "rotation": [0, 0, -180], "uv": [-27, 485]}
					]
				},
				{
					"name": "left_front_left_claws",
					"parent": "leg_front_left2",
					"pivot": [25.5, 15.5, -20.4],
					"cubes": [
						{"origin": [17.8, 0, -31.4], "size": [10, 11, 0], "pivot": [22.5, 8.5, -34.9], "rotation": [0, -90, 0], "uv": [84, 293]},
						{"origin": [16.7, 0, -45.6], "size": [10, 11, 0], "pivot": [21.4, 8.5, -34.9], "rotation": [0, -90, 0], "uv": [84, 293]},
						{"origin": [17.8, 0, -38.1], "size": [10, 17, 0], "pivot": [22.5, 8.5, -34.9], "rotation": [0, -90, 0], "uv": [130, 238]},
						{"origin": [28.7, 0, -38.9], "size": [7, 0, 9], "uv": [81, 467]},
						{"origin": [22.1, 0, -38.9], "size": [7, 0, 9], "uv": [81, 467]},
						{"origin": [15.5, 0, -38.9], "size": [7, 0, 9], "uv": [81, 467]}
					]
				},
				{
					"name": "leg_middle_left",
					"parent": "legs_left",
					"pivot": [0, 0, 0]
				},
				{
					"name": "leg_middle_left3",
					"parent": "leg_middle_left",
					"pivot": [13.88882, 48.63884, 12.6],
					"cubes": [
						{"origin": [-2.25003, 21.48056, 3.1], "size": [22, 29, 19], "pivot": [13.88882, 48.63884, 12.6], "rotation": [0, 0, -40], "uv": [231, 242]}
					]
				},
				{
					"name": "leg_middle_left2",
					"parent": "leg_middle_left",
					"pivot": [30.2, -1.5, 12.6],
					"cubes": [
						{"origin": [15.2, 0, 3.1], "size": [20, 31, 19], "uv": [323, 51]}
					]
				},
				{
					"name": "leg_middle_left_claws",
					"parent": "leg_middle_left2",
					"pivot": [44.4, 0, 35.1],
					"cubes": [
						{"origin": [50.4, 0, -44.5], "size": [10, 11, 0], "pivot": [22.1, 8.5, -34.9], "rotation": [0, -90, 0], "uv": [84, 293]},
						{"origin": [51.5, 0, -37.4], "size": [10, 17, 0], "pivot": [23.2, 8.5, -34.9], "rotation": [0, -90, 0], "uv": [130, 238]},
						{"origin": [51.5, 0, -30.3], "size": [10, 11, 0], "pivot": [23.2, 8.5, -34.9], "rotation": [0, -90, 0], "uv": [84, 293]},
						{"origin": [28.2, 0, -5.7], "size": [7, 0, 9], "uv": [81, 467]},
						{"origin": [15.2, 0, -5.9], "size": [7, 0, 9], "uv": [81, 467]},
						{"origin": [22.3, 0, -5.9], "size": [7, 0, 9], "uv": [81, 467]}
					]
				},
				{
					"name": "leg_middle_left_discs",
					"parent": "leg_middle_left2",
					"pivot": [43.7, 0, 35.1],
					"cubes": [
						{"origin": [23.5, 20.8, -0.9], "size": [16, 0, 27], "uv": [-27, 485]},
						{"origin": [40.5, 25.3, -1.2], "size": [16, 0, 27], "pivot": [33.5, 20.8, -20.5], "rotation": [0, 0, -180], "uv": [-27, 485]}
					]
				},
				{
					"name": "leg_back_left",
					"parent": "legs_left",
					"pivot": [43.7, 0, 35.1]
				},
				{
					"name": "leg_back_left3",
					"parent": "leg_back_left",
					"pivot": [11.22793, 44.72067, 43.6],
					"cubes": [
						{"origin": [1.15572, 20.7374, 34.1], "size": [22, 29, 19], "pivot": [14.52793, 43.82067, 44.1], "rotation": [0, 0, -40], "uv": [231, 242]}
					]
				},
				{
					"name": "bone5",
					"parent": "leg_back_left",
					"pivot": [43.7, 0, 35.1],
					"cubes": [
						{"origin": [14.4, 0, 34.1], "size": [20, 31, 19], "uv": [323, 51]}
					]
				},
				{
					"name": "leg_back_left_discs",
					"parent": "bone5",
					"pivot": [43.7, 0, 35.1],
					"cubes": [
						{"origin": [23.3, 20.8, 30.1], "size": [16, 0, 27], "uv": [-27, 485]},
						{"origin": [40.5, 25.3, 30.2], "size": [16, 0, 27], "pivot": [33.5, 20.8, -20.5], "rotation": [0, 0, -180], "uv": [-27, 485]}
					]
				},
				{
					"name": "leg_back_left_claws",
					"parent": "bone5",
					"pivot": [43.7, 0, 35.1],
					"cubes": [
						{"origin": [14.4, 0, 25.2], "size": [7, 0, 9], "uv": [81, 467]},
						{"origin": [21.4, 0, 25.2], "size": [7, 0, 9], "uv": [81, 467]},
						{"origin": [27.5, 0, 25], "size": [7, 0, 9], "uv": [81, 467]},
						{"origin": [80.4, 0, -44.4], "size": [10, 11, 0], "pivot": [21.4, 8.5, -34.9], "rotation": [0, -90, 0], "uv": [84, 293]},
						{"origin": [81.5, 0, -37.3], "size": [10, 17, 0], "pivot": [22.5, 8.5, -34.9], "rotation": [0, -90, 0], "uv": [130, 238]},
						{"origin": [81.5, 0, -30.3], "size": [10, 11, 0], "pivot": [22.5, 8.5, -34.9], "rotation": [0, -90, 0], "uv": [84, 293]}
					]
				}
			]
		}
	]
}