{
	"format_version": "1.8.0",
	"animations": {
		"animation.hippopotas.ground_idle": {
			"loop": true,
			"bones": {
				"hippopotas": {
					"rotation": [0, 0, "math.cos(((query.anim_time) - (0.5/4)) * 90 * 1.75) * (-3 * 1)"]
				},
				"body": {
					"position": ["math.cos(((query.anim_time) - (0.5/4)) * 90 * 1.75) * (0.15 * 1)", 0, 0]
				},
				"head": {
					"rotation": [0, 0, "math.sin(((query.anim_time) - (0.5/4)) * 90 * 1.75) * (-5 * 1)"]
				},
				"right_ear": {
					"rotation": [0, 0, "math.cos(((query.anim_time) - (0.5/4)) * 90 * 1.75) * (12 * 1)"]
				},
				"tail": {
					"rotation": [0, "math.sin(((query.anim_time) - (0.5/4)) * 90 * 1.75) * (-12 * 1)", 0]
				},
				"left_ear": {
					"rotation": [0, 0, "math.cos(((query.anim_time) - (0.5/4)) * 90 * 1.75) * (12 * 1)"]
				},
				"left_front_leg": {
					"rotation": [0, 0, "math.cos(((query.anim_time) - (0.5/4)) * 90 * 1.75) * (3 * 1)"],
					"position": [-0.09988, "0.0049+math.cos(((query.anim_time) - (0.5/4)) * 90 * 1.75) * (-0.15 * 1)", 0]
				},
				"left_back_leg": {
					"rotation": [0, 0, "math.cos(((query.anim_time) - (0.5/4)) * 90 * 1.75) * (3 * 1)"],
					"position": [-0.0499, "0.0074+math.cos(((query.anim_time) - (0.5/4)) * 90 * 1.75) * (-0.15 * 1)", 0]
				},
				"right_back_leg": {
					"rotation": [0, 0, "math.cos(((query.anim_time) - (0.5/4)) * 90 * 1.75) * (3 * 1)"],
					"position": [0.04994, "-0.0025+math.cos(((query.anim_time) - (0.5/4)) * 90 * 1.75) * (0.15 * 1)", 0]
				},
				"right_front_leg": {
					"rotation": [0, 0, "math.cos(((query.anim_time) - (0.5/4)) * 90 * 1.75) * (3 * 1)"],
					"position": [0.09988, "-0.0049+math.cos(((query.anim_time) - (0.5/4)) * 90 * 1.75) * (0.15 * 1)", 0]
				}
			}
		},
		"animation.hippopotas.ground_walk": {
			"loop": true,
			"bones": {
				"body": {
					"rotation": [0, "math.cos(((query.anim_time) - (0.5/4)) * 90 * 5) * (5 * 1)", "math.cos(((query.anim_time) - (0.5/4)) * 90 * 5) * (5 * 1)"],
					"position": [0, "math.cos(((query.anim_time) - (0.5/4)) * 90 * 10) * (-0.25 * 1)", 0]
				},
				"head": {
					"rotation": ["math.sin(((query.anim_time) - (0.5/4)) * 90 * 10) * (2 * 1)", 0, "math.cos(((query.anim_time) - (0.5/4)) * 90 * 5) * (7 * 1)"]
				},
				"right_ear": {
					"rotation": [0, 0, "math.sin(((query.anim_time) - (0.5/4)) * 90 * 5) * (14 * 1)"]
				},
				"left_ear": {
					"rotation": [0, 0, "math.sin(((query.anim_time) - (0.5/4)) * 90 * 5) * (14 * 1)"]
				},
				"mouth": {
					"rotation": ["21+math.cos(((query.anim_time) - (0.5/4)) * 90 * 10) * (3 * 1)", 0, 0]
				},
				"left_front_leg": {
					"rotation": ["math.cos(((query.anim_time) - (0.5/4)) * 90 * 5) * (-20 * 1)", 0, 0]
				},
				"right_front_leg": {
					"rotation": ["math.cos(((query.anim_time) - (0.5/4)) * 90 * 5) * (20 * 1)", 0, 0]
				},
				"left_back_leg": {
					"rotation": ["math.sin(((query.anim_time) - (0.5/4)) * 90 * 5) * (20 * 1)", 0, 0]
				},
				"right_back_leg": {
					"rotation": ["math.sin(((query.anim_time) - (0.5/4)) * 90 * 5) * (-20 * 1)", 0, 0]
				},
				"tail": {
					"rotation": ["math.sin(((query.anim_time) - (0.5/4)) * 90 * 10) * (-7 * 1)", 0, 0]
				}
			}
		},
		"animation.hippopotas.sleep": {
			"loop": true,
			"bones": {
				"body": {
					"rotation": ["math.sin(((query.anim_time) - (0.5/4)) * 90 * 1) * (-1 * 1)", 0, 0],
					"position": [0, "-2.6+math.cos(((query.anim_time) - (0.5/4)) * 90 * 1) * (-0.15 * 1)", 0]
				},
				"head": {
					"rotation": ["-15+math.cos(((query.anim_time) - (0.5/4)) * 90 * 1) * (20 * 1)", 0, 0],
					"position": [0, -1.6, -1.2]
				},
				"lids": {
					"position": [0, 0, -1.02]
				},
				"mouth": {
					"rotation": ["20+math.cos(((query.anim_time) - (0.5/4)) * 90 * 1) * (-18 * 1)", 0, 0]
				},
				"left_front_leg": {
					"rotation": [-47.4036, -63.8616, -31.98298],
					"position": [1.8, 0, -0.5]
				},
				"left_front_calf": {
					"rotation": [-2, 0, 0]
				},
				"right_front_leg": {
					"rotation": [-47.4036, 63.8616, 31.98298],
					"position": [-1.8, 0, -0.5]
				},
				"right_front_calf": {
					"rotation": [-2, 0, 0]
				},
				"left_back_leg": {
					"rotation": [83.29344, 30.09971, 0.05559],
					"position": [0.1, 1.2, 1.5]
				},
				"right_back_leg": {
					"rotation": [83.29344, -30.09971, -0.05559],
					"position": [-0.1, 1.2, 1.5]
				}
			}
		},
		"animation.hippopotas.faint": {
			"animation_length": 3,
			"bones": {
				"body": {
					"rotation": {
						"0.0": {
							"post": [0, 0, 0],
							"lerp_mode": "catmullrom"
						},
						"0.5": {
							"post": [7.52832, 4.95712, 0.65426],
							"lerp_mode": "catmullrom"
						},
						"1.375": {
							"post": [-177.5, 0, 0],
							"lerp_mode": "catmullrom"
						}
					},
					"position": {
						"0.5": {
							"pre": [0, -0.9, -1],
							"post": [0, -0.9, -1],
							"lerp_mode": "catmullrom"
						},
						"1.0": {
							"post": [0, 2.1, 4],
							"lerp_mode": "catmullrom"
						},
						"1.375": {
							"post": [0, 0.6, 11],
							"lerp_mode": "catmullrom"
						}
					}
				},
				"head": {
					"rotation": {
						"0.0": {
							"post": [0, 0, 0],
							"lerp_mode": "catmullrom"
						},
						"0.5": {
							"post": [22.5, 17.5, 0],
							"lerp_mode": "catmullrom"
						},
						"1.25": {
							"post": [45.71542, 0.95703, 0],
							"lerp_mode": "catmullrom"
						},
						"1.375": {
							"post": [10, 0, 0],
							"lerp_mode": "catmullrom"
						},
						"1.5": {
							"post": [2.5, 0, 0],
							"lerp_mode": "catmullrom"
						}
					}
				},
				"lids": {
					"position": {
						"0.0": {
							"post": [0, 0, 0],
							"lerp_mode": "catmullrom"
						},
						"0.5": {
							"post": [0, 0, -1.02],
							"lerp_mode": "catmullrom"
						}
					}
				},
				"mouth": {
					"rotation": {
						"0.0": {
							"post": [0, 0, 0],
							"lerp_mode": "catmullrom"
						},
						"0.5": {
							"post": [10, 0, 0],
							"lerp_mode": "catmullrom"
						},
						"1.375": {
							"post": [45, 0, 0],
							"lerp_mode": "catmullrom"
						},
						"1.5": {
							"post": [0, 0, 0],
							"lerp_mode": "catmullrom"
						}
					}
				},
				"left_front_leg": {
					"rotation": {
						"0.0": {
							"post": [0, 0, 0],
							"lerp_mode": "catmullrom"
						},
						"0.5": {
							"post": [-35, -25, 0],
							"lerp_mode": "catmullrom"
						},
						"1.25": {
							"post": [-2.20256, -0.82534, -29.58626],
							"lerp_mode": "catmullrom"
						},
						"1.375": {
							"post": [0, 0, -47],
							"lerp_mode": "catmullrom"
						},
						"1.5": {
							"post": [0, 0, -57],
							"lerp_mode": "catmullrom"
						}
					},
					"position": {
						"0.0": {
							"post": [0, 0, 0],
							"lerp_mode": "catmullrom"
						},
						"0.5": {
							"post": [0, 0, 0],
							"lerp_mode": "catmullrom"
						},
						"1.25": {
							"post": [1.27, 0.14, 0],
							"lerp_mode": "catmullrom"
						},
						"1.375": {
							"post": [0.5, 1.2, 0],
							"lerp_mode": "catmullrom"
						}
					}
				},
				"left_front_calf": {
					"rotation": {
						"0.0": {
							"post": [0, 0, 0],
							"lerp_mode": "catmullrom"
						},
						"0.5": {
							"post": [25, 0, 0],
							"lerp_mode": "catmullrom"
						},
						"1.375": {
							"post": [-5, 0, 0],
							"lerp_mode": "catmullrom"
						}
					}
				},
				"right_front_leg": {
					"rotation": {
						"0.0": {
							"post": [0, 0, 0],
							"lerp_mode": "catmullrom"
						},
						"0.5": {
							"post": [-37.5, 0, 0],
							"lerp_mode": "catmullrom"
						},
						"1.375": {
							"post": [0, 0, 47],
							"lerp_mode": "catmullrom"
						},
						"1.5": {
							"post": [0, 0, 64.5],
							"lerp_mode": "catmullrom"
						}
					},
					"position": {
						"0.0": {
							"post": [0, 0, 0],
							"lerp_mode": "catmullrom"
						},
						"0.5": {
							"post": [0, 0, 0],
							"lerp_mode": "catmullrom"
						},
						"1.375": {
							"post": [-0.5, 1.2, 0],
							"lerp_mode": "catmullrom"
						}
					}
				},
				"left_back_leg": {
					"rotation": {
						"0.0": {
							"post": [0, 0, 0],
							"lerp_mode": "catmullrom"
						},
						"0.5": {
							"post": [0, 0, 0],
							"lerp_mode": "catmullrom"
						},
						"1.0": {
							"post": [70.69444, 10.44654, -11.01585],
							"lerp_mode": "catmullrom"
						},
						"1.375": {
							"post": [41.38888, 20.89308, -22.03171],
							"lerp_mode": "catmullrom"
						},
						"1.5": {
							"post": [53.88888, 20.89308, -22.03171],
							"lerp_mode": "catmullrom"
						}
					},
					"position": {
						"0.0": {
							"post": [0, 0, 0],
							"lerp_mode": "catmullrom"
						},
						"0.5": {
							"post": [0, 0, 0],
							"lerp_mode": "catmullrom"
						},
						"1.0": {
							"post": [0.55, 1, 1.35],
							"lerp_mode": "catmullrom"
						},
						"1.375": {
							"post": [1.1, 2, 0.7],
							"lerp_mode": "catmullrom"
						}
					}
				},
				"right_back_leg": {
					"rotation": {
						"0.0": {
							"post": [0, 0, 0],
							"lerp_mode": "catmullrom"
						},
						"0.5": {
							"post": [0, 0, 0],
							"lerp_mode": "catmullrom"
						},
						"1.25": {
							"post": [21.2185, -14.9077, 6.03683],
							"lerp_mode": "catmullrom"
						},
						"1.375": {
							"post": [41.38888, -20.89308, 22.03171],
							"lerp_mode": "catmullrom"
						},
						"1.5": {
							"post": [51.38888, -20.89308, 22.03171],
							"lerp_mode": "catmullrom"
						}
					},
					"position": {
						"0.0": {
							"post": [0, 0, 0],
							"lerp_mode": "catmullrom"
						},
						"0.5": {
							"post": [0, 0, 0],
							"lerp_mode": "catmullrom"
						},
						"1.375": {
							"post": [-1.1, 2, 0.7],
							"lerp_mode": "catmullrom"
						}
					}
				}
			}
		},
		"animation.hippopotas.blink": {
			"animation_length": 0.1667,
			"bones": {
				"lids": {
					"position": {
						"0.0": [0, 0, -1.02],
						"0.125": [0, 0, -1.02],
						"0.1667": [0, 0, 0]
					}
				}
			}
		}
	}
}