{
	"format_version": "1.8.0",
	"animations": {
		"animation.shaymin.ground_walk": {
			"loop": true,
			"bones": {
				"leave2": {
					"rotation": ["-0+math.cos(q.anim_time*90*3*2-200)*2", 0, 0]
				},
				"flower2": {
					"rotation": ["0+math.cos(q.anim_time*90*3*2-60)*1", 0, "0+math.cos(q.anim_time*90*3-60)*1"]
				},
				"leave": {
					"rotation": ["-0+math.cos(q.anim_time*90*3*2-200)*2", 0, 0]
				},
				"flower": {
					"rotation": ["0+math.cos(q.anim_time*90*3*2-60)*1", 0, "0+math.cos(q.anim_time*90*3-60)*1"]
				},
				"leg_back_right2": {
					"rotation": ["0+math.sin(q.anim_time*90*3)*10", 0, 0],
					"position": [-0.25, "0+math.clamp(math.cos(q.anim_time*90*3-180)*1,0,1)", "-0.25+math.sin(q.anim_time*90*3)*1/2"]
				},
				"leg_back_left2": {
					"rotation": ["0-math.sin(q.anim_time*90*3)*10", 0, 0],
					"position": [0.25, "0+math.clamp(math.cos(q.anim_time*90*3)*1,0,1)", "-0.25-math.sin(q.anim_time*90*3)*1/2"]
				},
				"leg_front_right": {
					"rotation": ["0-math.sin(q.anim_time*90*3)*10", 0, 0],
					"position": [-0.25, "0+math.clamp(math.cos(q.anim_time*90*3)*1,0,1)", "0.5-math.sin(q.anim_time*90*3)*1/2"]
				},
				"leg_front_left": {
					"rotation": ["0+math.sin(q.anim_time*90*3)*10", 0, 0],
					"position": [0.25, "0+math.clamp(math.cos(q.anim_time*90*3-180)*1,0,1)", "0.5+math.sin(q.anim_time*90*3)*1/2"]
				},
				"backfur": {
					"rotation": ["0+math.cos(q.anim_time*90*3*2-60)*1", 0, "0+math.cos(q.anim_time*90*3-60)*1"]
				},
				"torso": {
					"rotation": ["0+math.cos(q.anim_time*90*3*2)*1", "0-math.cos(q.anim_time*90*3)*1", "0+math.cos(q.anim_time*90*3+30)*2"],
					"position": [0, "0.2*math.sin(q.anim_time*90*3*2)", 0]
				},
				"nose": {
					"rotation": ["0+math.cos(q.anim_time*90*3*2-60)*1", 0, "0+math.cos(q.anim_time*90*3-60)*1"]
				}
			}
		},
		"animation.shaymin.ground_battle": {
			"loop": true,
			"bones": {
				"torso": {
					"rotation": ["0+math.cos(q.anim_time*90*3)*1", 0, "0+math.cos(q.anim_time*90*3/2+30)*1"],
					"position": [0, "0.1*math.sin(q.anim_time*90*3)", 0]
				},
				"backfur": {
					"rotation": ["0+math.cos(q.anim_time*90*3-60)*1", 0, "0+math.cos(q.anim_time*90*3/2-60)*1"],
					"position": [0, "0.1*math.sin(q.anim_time*90*3-60)", 0]
				},
				"flower2": {
					"rotation": ["0+math.cos(q.anim_time*90*3-160)*3", 0, 0]
				},
				"flower": {
					"rotation": ["0+math.cos(q.anim_time*90*3-160)*3", 0, 0]
				}
			}
		},
		"animation.shaymin.ground_idle": {
			"loop": true,
			"bones": {
				"torso": {
					"rotation": ["-12.5+math.cos(q.anim_time*90*3)*1", 0, "math.cos(q.anim_time*90*3/2+30)*1"],
					"position": [0, "-0.9+0.1*math.sin(q.anim_time*90*3)", 0]
				},
				"backfur": {
					"rotation": ["0+math.cos(q.anim_time*90*3-60)*1", 0, "0+math.cos(q.anim_time*90*3/2-60)*1"],
					"position": [0, "0.1*math.sin(q.anim_time*90*3-60)", 0]
				},
				"flower2": {
					"rotation": ["0+math.cos(q.anim_time*90*3-160)*3", 0, 0]
				},
				"flower": {
					"rotation": ["0+math.cos(q.anim_time*90*3-160)*3", 0, 0]
				},
				"leg_back_right2": {
					"rotation": [-90, 14.25, 0],
					"position": [0, -3, 1]
				},
				"leg_back_left2": {
					"rotation": [-90, -14.25, 0],
					"position": [0, -3, 1]
				}
			}
		},
		"animation.shaymin.blink": {
			"animation_length": 0.16667,
			"bones": {
				"eyelid_r": {
					"position": {
						"0.0": [0, 0, -0.1],
						"0.125": [0, 0, -0.1],
						"0.1667": [0, 0, 0]
					}
				},
				"eyelid_l": {
					"position": {
						"0.0": [0, 0, -0.1],
						"0.125": [0, 0, -0.1],
						"0.1667": [0, 0, 0]
					}
				}
			}
		},
		"animation.shaymin.blink_alternate": {
			"animation_length": 0.625,
			"bones": {
				"eyelid_r": {
					"scale": 1
				},
				"eye_right": {
					"scale": {
						"0.0": [1, 1, 1],
						"0.2083": [1, 1, 1],
						"0.2917": [1, 0, 1],
						"0.375": [1, 0, 1],
						"0.4583": [1, 1.1, 1],
						"0.5": [1, 1, 1],
						"0.625": [1, 1, 1]
					}
				},
				"eye_left": {
					"scale": {
						"0.0": [1, 1, 1],
						"0.2083": [1, 1, 1],
						"0.2917": [1, 0, 1],
						"0.375": [1, 0, 1],
						"0.4583": [1, 1.1, 1],
						"0.5": [1, 1, 1],
						"0.625": [1, 1, 1]
					}
				}
			}
		},
		"animation.shaymin.ground_sleep": {
			"loop": true,
			"bones": {
				"torso": {
					"rotation": ["0+math.cos(q.anim_time*90*3)*1", 0, "0+math.cos(q.anim_time*90*3/2+30)*1"],
					"position": [0, "0.1*math.sin(q.anim_time*90*1)", 0]
				},
				"backfur": {
					"rotation": ["0+math.cos(q.anim_time*90*2-60)*0.5", 0, "0+math.cos(q.anim_time*90*2/2-60)*0.5"],
					"position": [0, "0.1*math.sin(q.anim_time*90*2-60)", 0]
				},
				"flower2": {
					"rotation": ["0+math.cos(q.anim_time*90*3-160)*3", 0, 0]
				},
				"flower": {
					"rotation": ["0+math.cos(q.anim_time*90*3-160)*3", 0, 0]
				},
				"body": {
					"position": [0, -2.725, 0]
				},
				"eyelid_r": {
					"position": [0, 0, -0.1]
				},
				"eyelid_l": {
					"position": [0, 0, -0.125]
				},
				"leg_back_right2": {
					"rotation": [82.47168, -4.95712, 0.65426]
				},
				"leg_back_left2": {
					"rotation": [82.47168, 4.95712, -0.65426]
				},
				"leg_front_right": {
					"rotation": [-79.84892, 9.84655, 1.75378]
				},
				"leg_front_left": {
					"rotation": [-84.84892, -9.84655, -1.75378]
				}
			}
		}
	}
}