{
	"format_version": "1.12.0",
	"minecraft:geometry": [
		{
			"description": {
				"identifier": "geometry.dugtrio_alolan",
				"texture_width": 96,
				"texture_height": 96,
				"visible_bounds_width": 3,
				"visible_bounds_height": 2.5,
				"visible_bounds_offset": [0, 0.75, 0]
			},
			"bones": [
				{
					"name": "dugtrio",
					"pivot": [0, 1, -0.5]
				},
				{
					"name": "ground",
					"parent": "dugtrio",
					"pivot": [0, -0.5, 0],
					"cubes": [
						{"origin": [-9, -3, -8.5], "size": [18, 5, 17], "uv": [0, 0]}
					]
				},
				{
					"name": "body1",
					"parent": "ground",
					"pivot": [-4, 0, -3.75],
					"rotation": [0, 5, -2.5]
				},
				{
					"name": "body1_0",
					"parent": "body1",
					"pivot": [-4, 0, -3.75],
					"cubes": [
						{"origin": [-7.5, 0, -7.25], "size": [7, 11, 7], "uv": [28, 22]},
						{"origin": [-6, 5.5, -8.25], "size": [4, 2, 1], "uv": [0, 0]}
					]
				},
				{
					"name": "eyes",
					"parent": "body1_0",
					"pivot": [-4, 8.75, -7.3]
				},
				{
					"name": "eye_right1",
					"parent": "eyes",
					"pivot": [-5.75, 8.75, -7.26],
					"cubes": [
						{"origin": [-6.25, 7.75, -7.26], "size": [1, 2, 0], "uv": [12, 0]}
					]
				},
				{
					"name": "eyelid_right1",
					"parent": "eye_right1",
					"pivot": [-6, 8.75, -6.66],
					"cubes": [
						{"origin": [-7, 7.75, -7.16], "size": [2, 2, 1], "inflate": 0.01, "uv": [8, 9]}
					]
				},
				{
					"name": "eye_left1",
					"parent": "eyes",
					"pivot": [-2.25, 8.75, -7.26],
					"cubes": [
						{"origin": [-2.75, 7.75, -7.26], "size": [1, 2, 0], "uv": [12, 0]}
					]
				},
				{
					"name": "eyelid_left1",
					"parent": "eye_left1",
					"pivot": [-2, 8.75, -6.66],
					"cubes": [
						{"origin": [-3, 7.75, -7.16], "size": [2, 2, 1], "inflate": 0.01, "uv": [8, 9]}
					]
				},
				{
					"name": "left_hair",
					"parent": "body1_0",
					"pivot": [-4, 11, -3.75],
					"cubes": [
						{"origin": [-6.01726, 9.08639, -7.7239], "size": [4, 4, 8], "pivot": [-4.33579, 8.66971, -2.75], "rotation": [0.15876, -0.14678, 44.02826], "uv": [0, 49]},
						{"origin": [-2.7207, 5.56276, -7.7239], "size": [3, 5, 8], "pivot": [-4.33579, 8.66971, -2.75], "rotation": [0.21597, -0.01039, 4.02844], "uv": [16, 57]}
					]
				},
				{
					"name": "left_hair_01",
					"parent": "left_hair",
					"pivot": [0, 10, -3.75],
					"cubes": [
						{"origin": [-0.7207, 4.56276, -5.7239], "size": [3, 6, 0], "pivot": [-4.33579, 8.66971, -2.75], "rotation": [0.21597, -0.01039, 4.02844], "uv": [0, 3]},
						{"origin": [-1.7207, 4.56276, -2.7239], "size": [3, 6, 0], "pivot": [-4.33579, 8.66971, -2.75], "rotation": [0.21597, -0.01039, 4.02844], "uv": [6, 3]},
						{"origin": [-1.7207, 4.56276, -0.7239], "size": [3, 6, 0], "pivot": [-4.33579, 8.66971, -0.75], "rotation": [0.21597, -0.01039, 4.02844], "uv": [6, 3]}
					]
				},
				{
					"name": "right_hair",
					"parent": "body1_0",
					"pivot": [-4, 11, -3.75],
					"cubes": [
						{"origin": [-6.15355, 8.67192, -7.6187], "size": [4, 4, 8], "pivot": [-4.26421, 8.66971, -2.65], "rotation": [-0.54246, 0.87287, -43.97379], "uv": [0, 49], "mirror": true}
					]
				},
				{
					"name": "right_hair_01",
					"parent": "right_hair",
					"pivot": [-8, 10, -3.75],
					"cubes": [
						{"origin": [-9.2841, 4.52114, -0.6187], "size": [3, 6, 0], "pivot": [-4.26421, 8.66971, -0.65], "rotation": [0.14558, 1.01733, -3.96836], "uv": [6, 3], "mirror": true},
						{"origin": [-9.2841, 4.52114, -2.6187], "size": [3, 6, 0], "pivot": [-4.26421, 8.66971, -2.65], "rotation": [0.14558, 1.01733, -3.96836], "uv": [6, 3], "mirror": true},
						{"origin": [-10.2841, 4.52114, -5.6187], "size": [3, 6, 0], "pivot": [-4.26421, 8.66971, -2.65], "rotation": [0.14558, 1.01733, -3.96836], "uv": [0, 3], "mirror": true},
						{"origin": [-8.2841, 5.52114, -7.6187], "size": [3, 5, 8], "pivot": [-4.26421, 8.66971, -2.65], "rotation": [0.14558, 1.01733, -3.96836], "uv": [16, 57], "mirror": true}
					]
				},
				{
					"name": "back_hair1",
					"parent": "body1_0",
					"pivot": [-4, 10, 0.25],
					"cubes": [
						{"origin": [-9.61566, 2.17928, -8.74694], "size": [3, 6, 8], "pivot": [-5.26421, 6.26971, -3.45], "rotation": [-53.46037, 86.74091, 124.64648], "uv": [16, 57], "mirror": true}
					]
				},
				{
					"name": "body2",
					"parent": "ground",
					"pivot": [4.25, -1.5, -3.75],
					"rotation": [0, -5, 2.5]
				},
				{
					"name": "body2_0",
					"parent": "body2",
					"pivot": [4.25, -1.5, -3.75],
					"cubes": [
						{"origin": [0.75, -0.5, -7.25], "size": [7, 10, 7], "uv": [21, 40]},
						{"origin": [2.25, 4, -8.25], "size": [4, 2, 1], "uv": [0, 0]},
						{"origin": [2.83067, 6.99976, -7.43256], "size": [4, 4, 0], "pivot": [4.75752, 8.50625, -3.54416], "rotation": [-0.6535, -2.15276, -89.03844], "uv": [0, 9]},
						{"origin": [4.60762, 8.88676, -7.46694], "size": [4, 4, 8], "pivot": [4.54248, 9.70625, -3.74416], "rotation": [-0.41222, 0.52256, 79.14246], "uv": [41, 49]},
						{"origin": [0.5065, 9.85127, -7.47284], "size": [4, 4, 8], "pivot": [4.75752, 9.70625, -3.74416], "rotation": [-0.48709, -0.50813, -79.04104], "uv": [41, 49], "mirror": true}
					]
				},
				{
					"name": "eyes2",
					"parent": "body2_0",
					"pivot": [4.25, 7.25, -7.3]
				},
				{
					"name": "eye_right2",
					"parent": "eyes2",
					"pivot": [2.5, 7.25, -7.26],
					"cubes": [
						{"origin": [2, 6.25, -7.26], "size": [1, 2, 0], "uv": [12, 0]}
					]
				},
				{
					"name": "eyelid_right2",
					"parent": "eye_right2",
					"pivot": [2.25, 7.25, -6.66],
					"cubes": [
						{"origin": [1.25, 6.25, -7.16], "size": [2, 2, 1], "inflate": 0.01, "uv": [8, 9]}
					]
				},
				{
					"name": "eye_left2",
					"parent": "eyes2",
					"pivot": [6, 7.25, -7.26],
					"cubes": [
						{"origin": [5.5, 6.25, -7.26], "size": [1, 2, 0], "uv": [12, 0]}
					]
				},
				{
					"name": "eyelid_left2",
					"parent": "eye_left2",
					"pivot": [6.25, 7.25, -6.66],
					"cubes": [
						{"origin": [5.25, 6.25, -7.16], "size": [2, 2, 1], "inflate": 0.01, "uv": [8, 9]}
					]
				},
				{
					"name": "left_hair2",
					"parent": "body2_0",
					"pivot": [4.25, 9.5, -3.75]
				},
				{
					"name": "right_hair2",
					"parent": "body2_0",
					"pivot": [4.25, 9.5, -3.75]
				},
				{
					"name": "body3",
					"parent": "ground",
					"pivot": [1, -0.5, 4],
					"cubes": [
						{"origin": [-2.5, -0.5, 0.5], "size": [7, 15, 7], "uv": [0, 22]},
						{"origin": [-1, 9.25, -0.5], "size": [4, 2, 1], "uv": [0, 0]}
					]
				},
				{
					"name": "eyes3",
					"parent": "body3",
					"pivot": [1, 12.5, 0.45]
				},
				{
					"name": "eye_right3",
					"parent": "eyes3",
					"pivot": [-0.75, 12.5, 0.49],
					"cubes": [
						{"origin": [-1.25, 11.5, 0.49], "size": [1, 2, 0], "uv": [12, 0]}
					]
				},
				{
					"name": "eyelid_right3",
					"parent": "eye_right3",
					"pivot": [-1, 12.5, 1.09],
					"cubes": [
						{"origin": [-2, 11.5, 0.59], "size": [2, 2, 1], "inflate": 0.01, "uv": [8, 9]}
					]
				},
				{
					"name": "eye_left3",
					"parent": "eyes3",
					"pivot": [2.75, 12.5, 0.49],
					"cubes": [
						{"origin": [2.25, 11.5, 0.49], "size": [1, 2, 0], "uv": [12, 0]}
					]
				},
				{
					"name": "eyelid_left3",
					"parent": "eye_left3",
					"pivot": [3, 12.5, 1.09],
					"cubes": [
						{"origin": [2, 11.5, 0.59], "size": [2, 2, 1], "inflate": 0.01, "uv": [8, 9]}
					]
				},
				{
					"name": "left_hair3",
					"parent": "body3",
					"pivot": [1, 14.5, 4],
					"cubes": [
						{"origin": [-0.19477, 12.87094, 0.12951], "size": [4, 4, 8], "inflate": 0.01, "pivot": [1.35511, 13.01537, 4.14822], "rotation": [0, 0, 85], "uv": [0, 66]}
					]
				},
				{
					"name": "left_hair_2",
					"parent": "left_hair3",
					"pivot": [4.8, 11.25, 4],
					"cubes": [
						{"origin": [3.41926, 14.48517, 1.12951], "size": [6, 2, 7], "pivot": [1.35511, 13.01537, 4.14822], "rotation": [0, 0, 76], "uv": [56, 22]}
					]
				},
				{
					"name": "left_hair_3",
					"parent": "left_hair_2",
					"pivot": [5.6, 6.35, 4.5],
					"cubes": [
						{"origin": [8.03683, 8.98529, 1.12951], "size": [4, 2, 7], "pivot": [1.35511, 13.01537, 4.14822], "rotation": [0, 0, 36], "uv": [57, 46]},
						{"origin": [0.91449, 1.67798, 7.69564], "size": [3, 6, 0], "pivot": [1.35511, 13.01537, 4.14822], "rotation": [-3.17609, -1.98026, -36.30307], "uv": [0, 3]},
						{"origin": [0.91449, 1.67798, 4.69564], "size": [3, 6, 0], "pivot": [1.35511, 13.01537, 4.14822], "rotation": [-3.17609, -1.98026, -36.30307], "uv": [0, 3]},
						{"origin": [0.91449, 1.67798, 2.69564], "size": [3, 6, 0], "pivot": [1.35511, 13.01537, 4.14822], "rotation": [-3.17609, -1.98026, -36.30307], "uv": [0, 3]}
					]
				},
				{
					"name": "right_hair3",
					"parent": "body3",
					"pivot": [1.1, 14.5, 4],
					"cubes": [
						{"origin": [-1.70523, 12.87094, 0.12951], "size": [4, 4, 8], "inflate": 0.01, "pivot": [0.74489, 13.01537, 4.14822], "rotation": [0, 0, -85], "uv": [0, 66], "mirror": true}
					]
				},
				{
					"name": "right_hair_2",
					"parent": "right_hair3",
					"pivot": [-2.7, 11.25, 4],
					"cubes": [
						{"origin": [-7.31926, 14.48517, 1.12951], "size": [6, 2, 7], "pivot": [0.74489, 13.01537, 4.14822], "rotation": [0, 0, -76], "uv": [56, 22], "mirror": true}
					]
				},
				{
					"name": "right_hair_3",
					"parent": "right_hair_2",
					"pivot": [-3.5, 6.35, 4.5],
					"cubes": [
						{"origin": [-9.93683, 8.98529, 1.12951], "size": [4, 2, 7], "pivot": [0.74489, 13.01537, 4.14822], "rotation": [0, 0, -36], "uv": [57, 46], "mirror": true},
						{"origin": [-1.81449, 1.67798, 7.69564], "size": [3, 6, 0], "pivot": [0.74489, 13.01537, 4.14822], "rotation": [-3.17609, 1.98026, 36.30307], "uv": [0, 3], "mirror": true},
						{"origin": [-1.81449, 1.67798, 4.69564], "size": [3, 6, 0], "pivot": [0.74489, 13.01537, 4.14822], "rotation": [-3.17609, 1.98026, 36.30307], "uv": [0, 3], "mirror": true},
						{"origin": [-1.81449, 1.67798, 2.69564], "size": [3, 6, 0], "pivot": [0.74489, 13.01537, 4.14822], "rotation": [-3.17609, 1.98026, 36.30307], "uv": [0, 3], "mirror": true}
					]
				},
				{
					"name": "back_hair",
					"parent": "body3",
					"pivot": [0.5, 10.5, 8],
					"cubes": [
						{"origin": [-2.44477, 5.93544, 6.61587], "size": [7, 5, 1], "pivot": [1.35511, 13.01537, 4.14822], "rotation": [12, 0, 0], "uv": [38, 61]},
						{"origin": [-1.30971, 0.87512, 2.01953], "size": [3, 6, 0], "pivot": [1.35511, 13.01537, 4.14822], "rotation": [50.98562, 48.3507, 62.9179], "uv": [0, 3], "mirror": true},
						{"origin": [-0.40204, 1.76363, 4.73737], "size": [3, 6, 0], "pivot": [1.35511, 13.01537, 4.14822], "rotation": [50.98562, 48.3507, 62.9179], "uv": [0, 3], "mirror": true},
						{"origin": [0.77479, 1.11508, 2.75354], "size": [3, 6, 0], "pivot": [1.35511, 13.01537, 4.14822], "rotation": [50.98562, -48.3507, -62.9179], "uv": [0, 3]},
						{"origin": [-0.13287, 2.00359, 5.47139], "size": [3, 6, 0], "pivot": [1.35511, 13.01537, 4.14822], "rotation": [50.98562, -48.3507, -62.9179], "uv": [0, 3]}
					]
				},
				{
					"name": "back_hair_2",
					"parent": "back_hair",
					"pivot": [0.5, 7, 7.75],
					"cubes": [
						{"origin": [-3.89477, 3.14416, 5.1731], "size": [10, 4, 1], "pivot": [1.35511, 13.01537, 4.14822], "rotation": [18, 0, 0], "uv": [53, 12]}
					]
				}
			]
		}
	]
}