{
	"format_version": "1.8.0",
	"animations": {
		"animation.megagardevoir.ground_idle": {
			"loop": true,
			"bones": {
				"chest": {
					"rotation": [-7.5, 0, 0]
				},
				"arm_left": {
					"rotation": [0, "25-Math.sin(query.anim_time * 90) * 2", "60-Math.sin(query.anim_time * 90) * 2"]
				},
				"arm_left2": {
					"rotation": [36.4005, 32.9275, 53.5995]
				},
				"hand_left": {
					"rotation": [0, 0, 10]
				},
				"arm_right": {
					"rotation": [0, "-25+Math.sin(query.anim_time * 90) * 2", "-57.5+Math.sin(query.anim_time * 90) * 2"]
				},
				"arm_right2": {
					"rotation": [36.40051, -32.92753, -53.59949]
				},
				"hand_right": {
					"rotation": [0, 0, -7.5]
				},
				"neck": {
					"rotation": [12.5, 0, 0]
				},
				"head": {
					"rotation": ["5+Math.sin(query.anim_time * 90*1) * 2", 0, 0]
				},
				"leg_left": {
					"rotation": [2.5, 0, 0]
				},
				"leg_left2": {
					"rotation": [2.5, 0, 0]
				},
				"leg_right": {
					"rotation": [-5, 0, 0]
				},
				"skirt": {
					"rotation": ["0+Math.cos((query.anim_time) * 90 * 1 - 90) * -1", 0, 0],
					"position": [0, "0-Math.cos((query.anim_time) * 90 * 1 + 90) * 0.3", 0]
				},
				"waist": {
					"rotation": ["-2.5+Math.cos((query.anim_time) * 90 * 1 - 130) * -1", -10, 0],
					"position": [0, "0-Math.cos((query.anim_time) * 90 * 1 + 90) * 0.3", 0]
				},
				"left_skirt": {
					"rotation": [0, 0, "0-Math.sin(query.anim_time * 90*1) * 2"]
				},
				"front_skirt": {
					"rotation": ["0-Math.sin(query.anim_time * 90*1) * 2", 0, 0]
				},
				"right_skirt": {
					"rotation": [0, 0, "0+Math.sin(query.anim_time * 90*1) * 2"]
				},
				"back_right_miniskirt": {
					"rotation": ["0+Math.sin(query.anim_time * 90*1) * 2", 0, 0]
				},
				"back_right_miniskirt2": {
					"rotation": ["0+Math.sin(query.anim_time * 90*1) * 2", 0, 0]
				},
				"back_right_miniskirt3": {
					"rotation": ["-10-Math.sin(query.anim_time * 90*1) * 2", 0, 0]
				},
				"back_left_miniskirt": {
					"rotation": ["0+Math.sin(query.anim_time * 90*1) * 2", 0, 0]
				},
				"back_left_miniskirt2": {
					"rotation": ["0+Math.sin(query.anim_time * 90*1) * 2", 0, 0]
				},
				"back_left_miniskirt3": {
					"rotation": ["-10-Math.sin(query.anim_time * 90*1) * 2", 0, 0]
				},
				"back_left_skirt": {
					"rotation": [0, 0, "0-Math.sin(query.anim_time * 90*1) * 2"]
				},
				"back_right_skirt": {
					"rotation": [0, 0, "0+Math.sin(query.anim_time * 90*1) * 2"]
				},
				"front_left_skirt": {
					"rotation": [0, 0, "0-Math.sin(query.anim_time * 90*1) * 2"]
				},
				"front_right_skirt": {
					"rotation": [0, 0, "0+Math.sin(query.anim_time * 90*1) * 2"]
				}
			}
		},
		"animation.megagardevoir.blink": {
			"animation_length": 0.16667,
			"bones": {
				"eyelid_left": {
					"position": {
						"0.0": [0, 0, -0.1],
						"0.125": [0, 0, -0.1],
						"0.1667": [0, 0, 0]
					}
				},
				"eyelid_right": {
					"position": {
						"0.0": [0, 0, -0.1],
						"0.125": [0, 0, -0.1],
						"0.1667": [0, 0, 0]
					}
				}
			}
		},
		"animation.megagardevoir.cry": {
			"animation_length": 1.5,
			"bones": {
				"head": {
					"rotation": {
						"0.0": [0, 0, 0],
						"0.25": [-20, 0, 0],
						"1.25": [-20, 0, 0],
						"1.5": [0, 0, 0]
					}
				},
				"mouth_open": {
					"position": {
						"0.0": [0, 0, 0],
						"0.125": [0, -0.1, -0.1],
						"1.375": [0, -0.1, -0.1],
						"1.5": [0, 0, 0]
					}
				}
			}
		}
	}
}