{
	"format_version": "1.12.0",
	"minecraft:geometry": [
		{
			"description": {
				"identifier": "geometry.miraidon",
				"texture_width": 305,
				"texture_height": 175,
				"visible_bounds_width": 12,
				"visible_bounds_height": 6.5,
				"visible_bounds_offset": [0, 2.75, 0]
			},
			"bones": [
				{
					"name": "root",
					"pivot": [0, 0, 0]
				},
				{
					"name": "body",
					"parent": "root",
					"pivot": [0, 0, 0]
				},
				{
					"name": "torso",
					"parent": "body",
					"pivot": [0, 0, 0],
					"cubes": [
						{"origin": [-6.0845, 11.25, -0.89673], "size": [12, 10, 12], "uv": [16, 127]},
						{"origin": [-2.0845, 18.25, 11.10327], "size": [4, 3, 12], "pivot": [-0.0845, 17.75, 11.10327], "rotation": [27.5, 0, 0], "uv": [204, 122]}
					]
				},
				{
					"name": "torso2",
					"parent": "torso",
					"pivot": [-0.08134, 21.21145, -0.91296],
					"cubes": [
						{"origin": [-7.0845, 13, -16.64673], "size": [14, 13, 16], "pivot": [-0.0845, 13, -16.64673], "rotation": [-10, 0, 0], "uv": [10, 98]},
						{"origin": [-7.0845, 13, -28.64673], "size": [14, 15, 12], "inflate": -0.002, "pivot": [-0.0845, 13, -16.64673], "rotation": [-57.5, 0, 0], "uv": [14, 71]},
						{"origin": [-8.0845, 23.11315, -34.1129], "size": [16, 10, 11], "inflate": -0.001, "pivot": [-0.0845, 23.1, -23.09673], "rotation": [-105, 0, 0], "uv": [13, 50]},
						{"origin": [7.9655, 27.86315, -36.1129], "size": [0, 25, 20], "pivot": [-0.0845, 23.1, -23.09673], "rotation": [-87.5, 0, 0], "uv": [237, 44]},
						{"origin": [-8.1155, 27.86315, -36.1129], "size": [0, 25, 20], "pivot": [0.0845, 23.1, -23.09673], "rotation": [-87.5, 0, 0], "uv": [237, 44], "mirror": true},
						{"origin": [-5.0845, 26.90129, -24.46929], "size": [10, 12, 18], "inflate": -0.001, "pivot": [-0.0845, 31.90129, -18.46929], "rotation": [-120, 0, 0], "uv": [12, 20]}
					]
				},
				{
					"name": "arms",
					"parent": "torso2",
					"pivot": [-0.0845, 12, -8.64673]
				},
				{
					"name": "left_arm",
					"parent": "arms",
					"pivot": [7.9155, 26.71409, -12.06643],
					"cubes": [
						{"origin": [7.9155, 22.71409, -15.06643], "size": [9, 4, 5], "uv": [171, 69]}
					]
				},
				{
					"name": "left_arm2",
					"parent": "left_arm",
					"pivot": [16.9155, 24.71409, -12.06643],
					"cubes": [
						{"origin": [16.9155, 22.19705, -15.43703], "size": [13, 6, 6], "uv": [166, 78]},
						{"origin": [29.9155, 22.19705, -12.43703], "size": [6, 6, 0], "uv": [277, 109]},
						{"origin": [29.9155, 22.19705, -14.43703], "size": [6, 6, 0], "uv": [289, 85]},
						{"origin": [29.9155, 22.19705, -10.43703], "size": [6, 6, 0], "uv": [277, 85]}
					]
				},
				{
					"name": "right_arm",
					"parent": "arms",
					"pivot": [-7.9155, 26.71409, -12.06643],
					"cubes": [
						{"origin": [-16.9155, 22.71409, -15.06643], "size": [9, 4, 5], "uv": [132, 69]}
					]
				},
				{
					"name": "right_arm2",
					"parent": "right_arm",
					"pivot": [-16.9155, 24.71409, -12.06643],
					"cubes": [
						{"origin": [-29.9155, 22.19705, -15.43703], "size": [13, 6, 6], "uv": [127, 78]},
						{"origin": [-35.9155, 22.19705, -12.43703], "size": [6, 6, 0], "uv": [277, 103]},
						{"origin": [-35.9155, 22.19705, -14.43703], "size": [6, 6, 0], "uv": [277, 97]},
						{"origin": [-35.9155, 22.19705, -10.43703], "size": [6, 6, 0], "uv": [277, 74]}
					]
				},
				{
					"name": "neck",
					"parent": "torso2",
					"pivot": [-0.0845, 33.4064, -13.72122],
					"rotation": [20, 0, 0],
					"cubes": [
						{"origin": [-5.0845, 38.35064, -4.37248], "size": [10, 9, 7], "inflate": -0.01, "pivot": [-0.0845, 38.09208, 4.61643], "rotation": [27.5, 0, 0], "uv": [74, 98]},
						{"origin": [-5.0845, 29.63663, -7.65713], "size": [10, 8, 7], "inflate": -0.02, "pivot": [-0.0845, 31.17159, 0.60783], "rotation": [-30, 0, 0], "uv": [74, 114]},
						{"origin": [-5.0845, 31.11705, -13.70923], "size": [10, 13, 7], "pivot": [-0.0845, 33.4064, -13.72122], "rotation": [-70, 0, 0], "uv": [74, 129]}
					]
				},
				{
					"name": "head",
					"parent": "neck",
					"pivot": [-0.0845, 41.4616, -3.72763],
					"cubes": [
						{"origin": [-5.0845, 47.90384, -7.40444], "size": [10, 7, 7], "pivot": [-0.0845, 46.0866, 0.47237], "rotation": [85, 0, 0], "uv": [74, 84]},
						{"origin": [-6.0845, 39.56485, -4.84255], "size": [1, 2, 2], "pivot": [-5.5845, 40.56485, -3.84255], "rotation": [120, 0, 0], "uv": [237, 145]},
						{"origin": [5.0845, 39.56485, -4.84255], "size": [1, 2, 2], "pivot": [5.5845, 40.56485, -3.84255], "rotation": [120, 0, 0], "uv": [237, 145], "mirror": true},
						{"origin": [-4.0845, 33.08752, -15.48311], "size": [8, 13, 7], "pivot": [-0.0845, 46.0866, -8.37763], "rotation": [100, 0, 0], "uv": [76, 50]},
						{"origin": [-2.36402, 38.77949, -14.66282], "size": [7, 7, 7], "inflate": -0.001, "pivot": [-0.0845, 43.49998, -10.30181], "rotation": [82.94677, -44.78238, 4.98107], "uv": [77, 70]}
					]
				},
				{
					"name": "electricity",
					"parent": "head",
					"pivot": [4.75433, 45.64335, -8.31521]
				},
				{
					"name": "left",
					"parent": "electricity",
					"pivot": [4.75433, 45.64335, -8.31521]
				},
				{
					"name": "bone",
					"parent": "left",
					"pivot": [4.75433, 45.64335, -8.31521],
					"cubes": [
						{"origin": [4.28595, 45.89359, -17.73457], "size": [27, 0, 13], "pivot": [4.75433, 45.64335, -8.31521], "rotation": [135.48984, -47.31646, -66.78482], "uv": [224, 118]}
					]
				},
				{
					"name": "bone2",
					"parent": "left",
					"pivot": [4.75433, 45.64335, -8.31521],
					"cubes": [
						{"origin": [4.63595, 45.76859, -18.98457], "size": [27, 0, 10], "pivot": [4.75433, 45.64335, -8.31521], "rotation": [82.3366, -61.34404, -3.92082], "uv": [227, 131]}
					]
				},
				{
					"name": "right",
					"parent": "electricity",
					"pivot": [4.75433, 45.64335, -8.31521]
				},
				{
					"name": "bone3",
					"parent": "right",
					"pivot": [-4.90433, 45.64335, -8.31521],
					"cubes": [
						{"origin": [-31.43595, 45.89359, -17.73457], "size": [27, 0, 13], "pivot": [-4.90433, 45.64335, -8.31521], "rotation": [135.48984, 47.31646, 66.78482], "uv": [224, 118], "mirror": true}
					]
				},
				{
					"name": "bone4",
					"parent": "right",
					"pivot": [-4.87933, 45.64335, -8.31521],
					"cubes": [
						{"origin": [-31.76095, 45.76859, -18.98457], "size": [27, 0, 10], "pivot": [-4.87933, 45.64335, -8.31521], "rotation": [82.3366, 61.34404, 3.92082], "uv": [227, 131], "mirror": true}
					]
				},
				{
					"name": "eyes",
					"parent": "head",
					"pivot": [0.0845, 43.49998, -10.30181]
				},
				{
					"name": "right_eye",
					"parent": "eyes",
					"pivot": [0.1155, 43.49998, -10.30181],
					"cubes": [
						{"origin": [-5.75499, 45.92949, -10.66282], "size": [6, 0, 3], "pivot": [0.1155, 43.49998, -10.30181], "rotation": [82.94677, 44.78238, -4.98107], "uv": [234, 141]}
					]
				},
				{
					"name": "left_eye",
					"parent": "eyes",
					"pivot": [-0.1155, 43.49998, -10.30181],
					"cubes": [
						{"origin": [-0.39501, 45.80449, -10.66282], "size": [6, 0, 3], "pivot": [-0.1155, 43.49998, -10.30181], "rotation": [82.94677, -44.78238, 4.98107], "uv": [234, 141], "mirror": true}
					]
				},
				{
					"name": "tail",
					"parent": "torso",
					"pivot": [-0.0845, 14.75, 11.10327],
					"cubes": [
						{"origin": [-3.0845, 11.25, 9.10327], "size": [6, 7, 24], "inflate": -0.001, "uv": [69, 19]}
					]
				},
				{
					"name": "tail2",
					"parent": "tail",
					"pivot": [-0.0845, 17.25, 32.85327],
					"cubes": [
						{"origin": [-2.5845, 11.25, 32.85327], "size": [5, 6, 16], "uv": [130, 28]}
					]
				},
				{
					"name": "tail3",
					"parent": "tail2",
					"pivot": [-0.0845, 15.75, 48.60327],
					"cubes": [
						{"origin": [-2.0845, 11.75, 48.60327], "size": [4, 4, 8], "uv": [173, 38]}
					]
				},
				{
					"name": "tail4",
					"parent": "tail3",
					"pivot": [-0.0845, 13.75, 56.35327],
					"cubes": [
						{"origin": [-10.0845, 13.75, 55.35327], "size": [20, 0, 29], "uv": [208, 89]}
					]
				},
				{
					"name": "legs",
					"parent": "body",
					"pivot": [0, 21.5, -5],
					"rotation": [-15, 0, 0]
				},
				{
					"name": "left_leg",
					"parent": "legs",
					"pivot": [13.4155, 15.36014, -4.56575],
					"cubes": [
						{"origin": [6.9155, 8.51206, -4.63956], "size": [11, 13, 16], "uv": [111, 92]},
						{"origin": [7.9155, 5.51206, -2.63956], "size": [9, 3, 17], "uv": [112, 121]},
						{"origin": [15.4155, 5.51206, 14.36044], "size": [0, 3, 5], "uv": [277, 89]},
						{"origin": [12.4155, 5.51206, 14.36044], "size": [0, 3, 5], "uv": [287, 89]},
						{"origin": [9.4155, 5.51206, 14.36044], "size": [0, 3, 5], "uv": [277, 110]}
					]
				},
				{
					"name": "right_leg",
					"parent": "legs",
					"pivot": [-13.4155, 15.36014, -4.56575],
					"cubes": [
						{"origin": [-17.9155, 8.51206, -4.63956], "size": [11, 13, 16], "uv": [166, 92]},
						{"origin": [-16.9155, 5.51206, -2.63956], "size": [9, 3, 17], "uv": [167, 121]},
						{"origin": [-15.4155, 5.51206, 14.36044], "size": [0, 3, 5], "uv": [287, 86]},
						{"origin": [-12.4155, 5.51206, 14.36044], "size": [0, 3, 5], "uv": [277, 86]},
						{"origin": [-9.4155, 5.51206, 14.36044], "size": [0, 3, 5], "uv": [277, 75]}
					]
				}
			]
		}
	]
}