{
	"format_version": "1.12.0",
	"minecraft:geometry": [
		{
			"description": {
				"identifier": "geometry.rotomwash",
				"texture_width": 128,
				"texture_height": 128,
				"visible_bounds_width": 4,
				"visible_bounds_height": 2.5,
				"visible_bounds_offset": [0, 0.75, 0]
			},
			"bones": [
				{
					"name": "root",
					"pivot": [0, 0, 0]
				},
				{
					"name": "rotomwash",
					"parent": "root",
					"pivot": [0, 0, 0]
				},
				{
					"name": "body",
					"parent": "rotomwash",
					"pivot": [0, 0, 0],
					"cubes": [
						{"origin": [-7, 3, -7], "size": [14, 14, 14], "uv": [0, 30]},
						{"origin": [-2, 17, -2], "size": [4, 2, 4], "uv": [56, 49]},
						{"origin": [-1, 19, -1], "size": [2, 2, 2], "uv": [61, 0]},
						{"origin": [2.5, 2.5, -2], "size": [4, 1, 4], "uv": [0, 58]},
						{"origin": [-6.5, 2.5, -2], "size": [4, 1, 4], "uv": [57, 26]}
					]
				},
				{
					"name": "face",
					"parent": "body",
					"pivot": [0, 0, 0]
				},
				{
					"name": "eyes",
					"parent": "face",
					"pivot": [0, 0, 0.9]
				},
				{
					"name": "lefteye",
					"parent": "eyes",
					"pivot": [2.3, 16, -6.69],
					"rotation": [0, 0, 5],
					"cubes": [
						{"origin": [1.3, 14.5, -7.1], "size": [2, 3, 3], "uv": [60, 15]},
						{"origin": [1.3, 16, -7.23], "size": [2, 0, 3], "uv": [6, 30]},
						{"origin": [1.8, 15, -7.24], "size": [1, 2, 3], "uv": [62, 31]}
					]
				},
				{
					"name": "righteye",
					"parent": "eyes",
					"pivot": [-2.3, 16, -6.69],
					"rotation": [0, 0, -5],
					"cubes": [
						{"origin": [-3.3, 14.5, -7.1], "size": [2, 3, 3], "uv": [40, 58]},
						{"origin": [-3.3, 16, -7.23], "size": [2, 0, 3], "uv": [8, 0]},
						{"origin": [-2.8, 15, -7.24], "size": [1, 2, 3], "uv": [47, 61]}
					]
				},
				{
					"name": "mouth",
					"parent": "face",
					"pivot": [0, 0, 0],
					"cubes": [
						{"origin": [-1.95, 12.6, -7.07], "size": [2, 1, 1], "pivot": [-1.25, 12.5, -1], "rotation": [0, 0, 12.5], "uv": [6, 42]},
						{"origin": [-0.95, 12.6, -7.14], "size": [0, 1, 1], "pivot": [-1.25, 12.5, -1], "rotation": [0, 0, 12.5], "uv": [0, 1]},
						{"origin": [0.95, 12.6, -7.14], "size": [0, 1, 1], "pivot": [1.25, 12.5, -1], "rotation": [0, 0, -12.5], "uv": [0, 0]},
						{"origin": [-0.05, 12.6, -7.06], "size": [2, 1, 1], "pivot": [1.25, 12.5, -1], "rotation": [0, 0, -12.5], "uv": [0, 42]}
					]
				},
				{
					"name": "washer",
					"parent": "body",
					"pivot": [0, 0, 0],
					"cubes": [
						{"origin": [-3, 4, -7.14], "size": [6, 6, 1], "uv": [0, 7]},
						{"origin": [-2, 5, -7.28], "size": [3, 4, 1], "uv": [60, 21]},
						{"origin": [1, 8, -7.28], "size": [1, 1, 1], "uv": [42, 32]},
						{"origin": [1, 5, -7.28], "size": [1, 1, 1], "uv": [42, 30]}
					]
				},
				{
					"name": "hose",
					"parent": "body",
					"pivot": [-6.5, 5.5, 4.5],
					"rotation": [0, -10, 0],
					"cubes": [
						{"origin": [-10, 4, 3], "size": [3, 3, 3], "uv": [28, 58]},
						{"origin": [-11, 3.5, 3], "size": [5, 4, 3], "inflate": -4, "uv": [56, 41]}
					]
				},
				{
					"name": "hosepivot",
					"parent": "hose",
					"pivot": [-9.5, 5.5, 4.5],
					"rotation": [-3.89158, -11.72614, 22.98364],
					"cubes": [
						{"origin": [-13, 4, 3], "size": [3, 3, 3], "uv": [16, 58]},
						{"origin": [-13, 3.5, 3], "size": [4, 4, 3], "inflate": -4, "uv": [53, 55]}
					]
				},
				{
					"name": "hosepivot2",
					"parent": "hosepivot",
					"pivot": [-12.5, 5.5, 4.5],
					"rotation": [6.68086, -14.63639, 12.92638],
					"cubes": [
						{"origin": [-16, 4, 3], "size": [3, 3, 3], "uv": [58, 4]},
						{"origin": [-16, 3.5, 3], "size": [3, 4, 3], "inflate": -4, "uv": [45, 7]}
					]
				},
				{
					"name": "hosepivot3",
					"parent": "hosepivot2",
					"pivot": [-15.5, 5.5, 4.5],
					"rotation": [0, -30, 0],
					"cubes": [
						{"origin": [-19, 4, 3], "size": [3, 3, 3], "uv": [0, 36]},
						{"origin": [-20, 3.5, 3], "size": [5, 4, 3], "inflate": -4, "uv": [45, 0]}
					]
				},
				{
					"name": "hosepivot4",
					"parent": "hosepivot3",
					"pivot": [-18.5, 5.5, 4.5],
					"rotation": [0, -30, 0],
					"cubes": [
						{"origin": [-22, 4, 3], "size": [3, 3, 3], "uv": [0, 30]},
						{"origin": [-22.04, 4.5, 3.5], "size": [1, 2, 2], "uv": [61, 10]},
						{"origin": [-21.5, 3.5, 3], "size": [3, 4, 3], "inflate": -4, "uv": [0, 0]}
					]
				},
				{
					"name": "spinner",
					"parent": "body",
					"pivot": [6.56422, 12.48, 0],
					"rotation": [0, 0, 42.5],
					"cubes": [
						{"origin": [6, 10, 0], "size": [11, 1, 0], "pivot": [14.5, 11, 0], "rotation": [0, 0, 12.5], "uv": [56, 48]},
						{"origin": [15, 11, 0], "size": [2, 1, 0], "pivot": [14.5, 11, 0], "rotation": [0, 0, 12.5], "uv": [4, 14]},
						{"origin": [6, 13, 0], "size": [11, 1, 0], "pivot": [14.5, 14, 0], "rotation": [180, 0, -12.5], "uv": [45, 14]},
						{"origin": [11.75, 14.1, 0], "size": [2, 3, 0], "pivot": [14.5, 14, 0], "rotation": [180, 0, 0], "uv": [9, 36]},
						{"origin": [15, 14, 0], "size": [2, 1, 0], "pivot": [14.5, 14, 0], "rotation": [180, 0, -12.5], "uv": [0, 14]}
					]
				},
				{
					"name": "glow",
					"parent": "body",
					"pivot": [0, 0, 0],
					"cubes": [
						{"origin": [-7.5, 2.5, -7.5], "size": [15, 15, 15], "inflate": -15, "uv": [0, 0]},
						{"origin": [-2.5, 16.5, -2.5], "size": [5, 6, 5], "inflate": -5, "uv": [42, 30]}
					]
				}
			]
		}
	]
}