{
	"format_version": "1.12.0",
	"minecraft:geometry": [
		{
			"description": {
				"identifier": "geometry.unknown",
				"texture_width": 128,
				"texture_height": 128,
				"visible_bounds_width": 4,
				"visible_bounds_height": 3.5,
				"visible_bounds_offset": [0, 1.25, 0]
			},
			"bones": [
				{
					"name": "mainbody",
					"pivot": [0, 0, 0]
				},
				{
					"name": "chest",
					"parent": "mainbody",
					"pivot": [0, 17.5, 0],
					"cubes": [
						{"origin": [0, 14, 2], "size": [0, 9, 7], "uv": [38, 16]},
						{"origin": [-6.5, 17, -5], "size": [13, 9, 10], "uv": [0, 0]}
					]
				},
				{
					"name": "cape",
					"parent": "chest",
					"pivot": [5, 0, -4],
					"cubes": [
						{"origin": [-6, 25, 5], "size": [12, 2, 1], "uv": [43, 35]},
						{"origin": [6, 25, -5], "size": [1, 2, 11], "uv": [0, 33]},
						{"origin": [7, 27, -3], "size": [0, 4, 9], "uv": [38, 10]},
						{"origin": [-7, 27, -3], "size": [0, 4, 9], "uv": [0, 37]},
						{"origin": [-7, 27, 6], "size": [14, 4, 0], "uv": [36, 0]},
						{"origin": [-7, 25, -5], "size": [1, 2, 11], "uv": [25, 22]}
					]
				},
				{
					"name": "tusk_right",
					"parent": "cape",
					"pivot": [-6.92906, 35.53234, -4.15],
					"cubes": [
						{"origin": [-7.4, 25.15, -5.025], "size": [2, 7, 2], "pivot": [-6.825, 26, -4.075], "rotation": [0, 0, -23], "uv": [0, 50]},
						{"origin": [-9.41161, 31.22277, -5.025], "size": [2, 5, 2], "inflate": -0.025, "pivot": [-9.16824, 32.14318, -4.025], "rotation": [0, 0, 24.5], "uv": [0, 19]},
						{"origin": [-7.30453, 35.04936, -4.65], "size": [1, 4, 1], "inflate": -0.025, "pivot": [-6.92906, 35.53234, -4.15], "rotation": [0, 0, -13], "uv": [25, 35]},
						{"origin": [-7.075, 24.4, -5.05], "size": [3, 3, 0], "uv": [57, 16], "mirror": true}
					]
				},
				{
					"name": "tusk_left",
					"parent": "cape",
					"pivot": [6.92906, 35.53234, -4.15],
					"cubes": [
						{"origin": [5.4, 25.15, -5.025], "size": [2, 7, 2], "pivot": [6.825, 26, -4.075], "rotation": [0, 0, 23], "uv": [43, 51]},
						{"origin": [7.41161, 31.22277, -5.025], "size": [2, 5, 2], "inflate": -0.025, "pivot": [9.16824, 32.14318, -4.025], "rotation": [0, 0, -24.5], "uv": [28, 19]},
						{"origin": [4.075, 24.4, -5.05], "size": [3, 3, 0], "uv": [57, 16]},
						{"origin": [6.30453, 35.04936, -4.65], "size": [1, 4, 1], "inflate": -0.025, "pivot": [6.92906, 35.53234, -4.15], "rotation": [0, 0, 13], "uv": [30, 54]}
					]
				},
				{
					"name": "head",
					"parent": "chest",
					"pivot": [0, 26.19565, 0.35],
					"cubes": [
						{"origin": [2.05, 29.025, -4.125], "size": [4, 3, 0], "pivot": [4.05, 29.75, -4.125], "rotation": [0, 0, -17.5], "uv": [0, 41]},
						{"origin": [-6.05, 29.025, -4.125], "size": [4, 3, 0], "pivot": [-4.05, 29.75, -4.125], "rotation": [0, 0, 17.5], "uv": [13, 39]},
						{"origin": [-5, 26, -4], "size": [10, 6, 8], "uv": [0, 19]},
						{"origin": [-1.5, 28, -6.5], "size": [3, 1, 3], "uv": [52, 23]},
						{"origin": [-1.5, 27, -6.5], "size": [3, 1, 3], "uv": [51, 51]}
					]
				},
				{
					"name": "arm_left_all",
					"parent": "chest",
					"pivot": [-0.475, 0, 0]
				},
				{
					"name": "arm_left",
					"parent": "arm_left_all",
					"pivot": [5.525, 22.1125, 0],
					"cubes": [
						{"origin": [4.525, 20.175, -1.5], "size": [9, 3, 3], "inflate": 0.1, "uv": [36, 4]},
						{"origin": [5.525, 21.05, -2], "size": [5, 3, 4], "uv": [48, 38]}
					]
				},
				{
					"name": "bone2",
					"parent": "arm_left",
					"pivot": [13.5125, 21.7125, 0.0125],
					"cubes": [
						{"origin": [13.525, 20.225, -1.475], "size": [7, 3, 3], "inflate": 0.175, "uv": [46, 10]},
						{"origin": [13.45, 19.7, -2], "size": [1, 4, 4], "inflate": 0.125, "uv": [0, 0]}
					]
				},
				{
					"name": "finger4",
					"parent": "bone2",
					"pivot": [-0.475, 0.125, -1.1]
				},
				{
					"name": "finger5",
					"parent": "finger4",
					"pivot": [20.33616, 22.75, 0.18346],
					"cubes": [
						{"origin": [20.32097, 21.275, -1.51519], "size": [2, 1, 1], "pivot": [-0.21653, 21.75, -0.01519], "rotation": [-90, 0, 0], "uv": [43, 38]}
					]
				},
				{
					"name": "finger6",
					"parent": "finger4",
					"pivot": [20.525, 21.75, 0.025],
					"cubes": [
						{"origin": [20.525, 21.275, -0.5], "size": [2, 1, 1], "pivot": [-0.0125, 21.75, 0], "rotation": [-90, 0, 0], "uv": [13, 42]}
					]
				},
				{
					"name": "finger7",
					"parent": "finger4",
					"pivot": [20.525, 20.75, 0.025],
					"cubes": [
						{"origin": [20.525, 21.275, 0.5], "size": [2, 1, 1], "pivot": [-0.0125, 21.75, 0], "rotation": [-90, 0, 0], "uv": [0, 8]}
					]
				},
				{
					"name": "arm_right_all",
					"parent": "chest",
					"pivot": [0.45, 0, 0]
				},
				{
					"name": "arm_right",
					"parent": "arm_right_all",
					"pivot": [-5.55, 22.1125, 0],
					"cubes": [
						{"origin": [-13.55, 20.175, -1.5], "size": [9, 3, 3], "inflate": 0.1, "uv": [36, 4], "mirror": true},
						{"origin": [-10.55, 21.05, -2], "size": [5, 3, 4], "uv": [49, 28]}
					]
				},
				{
					"name": "bone3",
					"parent": "arm_right",
					"pivot": [-13.5375, 21.7125, -0.0125],
					"cubes": [
						{"origin": [-20.55, 20.225, -1.5], "size": [7, 3, 3], "inflate": 0.175, "uv": [46, 10], "mirror": true},
						{"origin": [-14.475, 19.7, -2.025], "size": [1, 4, 4], "inflate": 0.125, "uv": [0, 0], "mirror": true}
					]
				},
				{
					"name": "finger",
					"parent": "bone3",
					"pivot": [0.45, 0.125, -1.125]
				},
				{
					"name": "finger1",
					"parent": "finger",
					"pivot": [-20.55, 22.75, 0],
					"cubes": [
						{"origin": [-22.55, 21.25, -1.5], "size": [2, 1, 1], "pivot": [-0.0125, 21.75, 0], "rotation": [-90, 0, 0], "uv": [43, 38], "mirror": true}
					]
				},
				{
					"name": "finger2",
					"parent": "finger",
					"pivot": [-20.55, 21.75, 0],
					"cubes": [
						{"origin": [-22.55, 21.25, -0.5], "size": [2, 1, 1], "pivot": [-0.0125, 21.75, 0], "rotation": [-90, 0, 0], "uv": [13, 42], "mirror": true}
					]
				},
				{
					"name": "finger3",
					"parent": "finger",
					"pivot": [-20.55, 20.75, 0],
					"cubes": [
						{"origin": [-22.55, 21.25, 0.5], "size": [2, 1, 1], "pivot": [-0.0125, 21.75, 0], "rotation": [-90, 0, 0], "uv": [0, 8], "mirror": true}
					]
				},
				{
					"name": "bot",
					"parent": "mainbody",
					"pivot": [0, 18.29729, -1.2725]
				},
				{
					"name": "bo_move",
					"parent": "bot",
					"pivot": [0, 0, 0],
					"cubes": [
						{"origin": [-0.5, 9.975, -2.545], "size": [1, 6, 0], "uv": [56, 16]},
						{"origin": [-3.5, 10, -2.5], "size": [7, 8, 5], "uv": [24, 35]}
					]
				},
				{
					"name": "long_bot",
					"parent": "bot",
					"pivot": [0, 10.61667, -0.60917],
					"cubes": [
						{"origin": [-0.5, 8, -1.12], "size": [1, 6, 0], "uv": [56, 16]},
						{"origin": [0.625, 8, -0.01], "size": [1, 6, 0], "pivot": [0, 11, -1.12], "rotation": [0, -90, 0], "uv": [59, 16]},
						{"origin": [-1.625, 8, -0.01], "size": [1, 6, 0], "pivot": [0, 11, -1.12], "rotation": [0, 90, 0], "uv": [59, 16], "mirror": true},
						{"origin": [-1, 3, -1], "size": [2, 9, 2], "inflate": 0.1, "uv": [35, 48]}
					]
				},
				{
					"name": "left_leg",
					"parent": "long_bot",
					"pivot": [0.5, 2.5, 0]
				},
				{
					"name": "right_leg",
					"parent": "long_bot",
					"pivot": [-0.5, 2.5, 0]
				},
				{
					"name": "spinner",
					"parent": "right_leg",
					"pivot": [0, 5.5, 0],
					"cubes": [
						{"origin": [-1.5, 2.725, -1.5], "size": [3, 3, 3], "uv": [13, 33]},
						{"origin": [-2.075, -3.35, -1], "size": [2, 5, 2], "inflate": -0.05, "pivot": [0.5, 2.5, 0], "rotation": [0, 0, -90], "uv": [8, 52]},
						{"origin": [-0.15, 0, -1], "size": [1, 3, 2], "inflate": 0.075, "pivot": [0.5, 2.5, 0], "rotation": [0, 0, -35], "uv": [24, 54]},
						{"origin": [-0.85, 0, -1], "size": [1, 3, 2], "inflate": 0.075, "pivot": [-0.5, 2.5, 0], "rotation": [0, 0, 35], "uv": [51, 55]},
						{"origin": [0.075, -3.35, -1], "size": [2, 5, 2], "inflate": -0.05, "pivot": [-0.5, 2.5, 0], "rotation": [0, 0, 90], "uv": [16, 54]}
					]
				}
			]
		}
	]
}