{
	"format_version": "1.12.0",
	"minecraft:geometry": [
		{
			"description": {
				"identifier": "geometry.shelgon",
				"texture_width": 128,
				"texture_height": 128,
				"visible_bounds_width": 2,
				"visible_bounds_height": 2.5,
				"visible_bounds_offset": [0, 0.75, 0]
			},
			"bones": [
				{
					"name": "shelgon",
					"pivot": [0, 0, 0]
				},
				{
					"name": "body",
					"parent": "shelgon",
					"pivot": [0, 0, 0]
				},
				{
					"name": "torso",
					"parent": "body",
					"pivot": [0, 8.7, -0.5],
					"cubes": [
						{"origin": [-6.5, 3, -7], "size": [13, 13, 13], "uv": [0, 27]},
						{"origin": [-6.5, 3, -7], "size": [13, 13, 13], "inflate": 0.2, "uv": [0, 0]},
						{"origin": [-1.5, 16, -6], "size": [3, 1, 11], "uv": [40, 0]},
						{"origin": [-7.5, 10, -6], "size": [1, 3, 11], "uv": [42, 43]},
						{"origin": [6.5, 10, -6], "size": [1, 3, 11], "uv": [42, 16]}
					]
				},
				{
					"name": "eyes",
					"parent": "torso",
					"pivot": [0, -2.75, 0]
				},
				{
					"name": "eye_right",
					"parent": "eyes",
					"pivot": [0, -2.75, 0],
					"cubes": [
						{"origin": [1.25, 8.75, -7.02], "size": [1, 2, 0], "uv": [0, 0]},
						{"origin": [0.6, 9.75, -7.03], "size": [3, 2, 0], "pivot": [2, 10.75, -7.03], "rotation": [0, 0, -20], "uv": [0, 9]},
						{"origin": [1, 8.25, -7.01], "size": [2, 2, 0], "uv": [40, 0]}
					]
				},
				{
					"name": "eyelid_right",
					"parent": "eye_right",
					"pivot": [0, -2.75, 0],
					"cubes": [
						{"origin": [1, 8.25, -6.92], "size": [2, 2, 0], "inflate": 0.01, "uv": [7, 9]}
					]
				},
				{
					"name": "eye_left",
					"parent": "eyes",
					"pivot": [0, -2.75, 0],
					"cubes": [
						{"origin": [-2.25, 8.75, -7.02], "size": [1, 2, 0], "uv": [10, 0]},
						{"origin": [-3.6, 9.75, -7.03], "size": [3, 2, 0], "pivot": [-2, 10.75, -7.03], "rotation": [0, 0, 20], "uv": [0, 36]},
						{"origin": [-3, 8.25, -7.01], "size": [2, 2, 0], "uv": [40, 3]}
					]
				},
				{
					"name": "eyelid_left",
					"parent": "eye_left",
					"pivot": [0, -2.75, 0],
					"cubes": [
						{"origin": [-3, 8.25, -6.92], "size": [2, 2, 0], "inflate": 0.01, "uv": [7, 36]}
					]
				},
				{
					"name": "leg_front_right",
					"parent": "body",
					"pivot": [4.5, 3.5, -4.5],
					"cubes": [
						{"origin": [3, 0, -6], "size": [3, 5, 3], "uv": [53, 31]}
					]
				},
				{
					"name": "leg_front_left",
					"parent": "body",
					"pivot": [-4.5, 3.5, -4.5],
					"cubes": [
						{"origin": [-6, 0, -6], "size": [3, 5, 3], "uv": [40, 31]}
					]
				},
				{
					"name": "leg_back_right",
					"parent": "body",
					"pivot": [-4.5, 3.5, 3.5],
					"cubes": [
						{"origin": [-6, 0, 2], "size": [3, 5, 3], "uv": [0, 0]}
					]
				},
				{
					"name": "leg_back_left",
					"parent": "body",
					"pivot": [4.5, 3.5, 3.5],
					"cubes": [
						{"origin": [3, 0, 2], "size": [3, 5, 3], "uv": [0, 27]}
					]
				}
			]
		}
	]
}