{
	"head": "head",
	"portraitScale": 1.0,
	"portraitTranslation": [0, 1, 0],
	"profileScale": 0.5,
	"profileTranslation": [0, 1, 0],
	"faint": "bedrock(bongbong, ground_idle)",
	"cry": "bedrock(bongbong, cry)",
	"poses": {
		"standing": {
			"poseName": "standing",
			"transformTicks": 10,
			"poseTypes": [
				"STAND",
				"NONE",
				"PORTRAIT",
				"PROFILE"
			],
			"animations": [
				"look",
				"bedrock(bongbong, ground_idle)"
			]
		},
		"walking": {
			"poseName": "walking",
			"transformTicks": 10,
			"poseTypes": [ "WALK" ],
			"animations": [ "bedrock(bongbong, ground_walk)" ]
		},
		"hovering": {
			"poseName": "hovering",
			"transformTicks": 10,
			"poseTypes": [ "HOVER" ],
			"animations": [ "bedrock(bongbong, air_idle)" ]
		},
		  "flying": {
			"poseName": "flying",
			"transformTicks": 10,
			"poseTypes": [ "FLY" ],
			"animations": [ "bedrock(bongbong, air_idle)" ]
		  },
		"floating": {
			"poseName": "floating",
			"transformTicks": 10,
			"poseTypes": [ "FLOAT" ],
			"animations": [ "bedrock(bongbong, water_idle)" ]
		  },
		  "swimming": {
			"poseName": "swimming",
			"transformTicks": 10,
			"poseTypes": [ "SWIM" ],
			"animations": [ "bedrock(bongbong, water_idle)" ]
		  }
	}
}