{
	
	"head": "head",
	"portraitScale": 2,
	"portraitTranslation": [0, 0.1, 0],
	"profileScale": 0.8,
	"profileTranslation": [0, 0.6, -0.3],
	"cry": "bedrock(brutebonnet, cry)",
	"poses": {
		"standing": {
			"poseName": "standing",
			"transformTicks": 10,
			"isBattle": false,
			"poseTypes": [
				"STAND",
				"NONE",
				"PORTRAIT",
				"PROFILE"
			],
			"animations": [
				"bedrock(brutebonnet, ground_idle)"
			]
		},
		"battle-idle": {
			"poseName": "battle-idle",
			"transformTicks": 10,
			"isBattle": true,
			"poseTypes": [ 
				"STAND"
			],
			"animations": [
				"bedrock(brutebonnet, battle_idle)"
			]
		},
		"walking": {
			"poseName": "walking",
			"transformTicks": 10,
			"poseTypes": ["WALK"],
			"animations": ["bedrock(brutebonnet, ground_walk)"]
		  }
	}
}