{
    "head": "head",
    "portraitScale": 1.4,
    "portraitTranslation": [ -0.3, 1, 0 ],
    "profileScale": 0.65,
    "profileTranslation": [ 0, 0.95, 0 ],
    "faint": "bedrock(celebi, faint)",
    "poses": {

      "standing": {
        "poseName": "standing",
        "transformTicks": 1,
        "poseTypes": [
          "STAND",
          "NONE",
          "PORTRAIT",
          "PROFILE"
        ],
        "animations": [
          "bedrock(celebi, ground_idle)"
        ],
        "quirks": [
          {
            "name": "blink",
            "animations": ["bedrock(celebi, blink)"]
          }
        ]
      },
      "walking": {
        "poseName": "walking",
        "transformTicks": 1,
        "poseTypes": [ "WALK" ],
        "animations": [   
          "bedrock(celebi, ground_walk)" ],
        "quirks": [
          {
            "name": "blink",
            "animations": ["bedrock(celebi, blink)"]
          }
        ]
      },
      "sleeping": {
        "poseName": "sleeping",
        "transformTicks": 10,
        "poseTypes": [ "SLEEP" ],
        "animations": [   
          "bedrock(celebi, sleep)" ]
          }
      }
    }