{
    "portraitScale": 2.5,
    "portraitTranslation": [0, -2, 0],
    "profileScale": 1,
    "profileTranslation": [0, 0.3, 0],
    "poses": {
        "standing": {
            "poseName": "standing",
            "transformTicks": 10,
            "poseTypes": ["STAND", "PORTRAIT", "PROFILE", "NONE"],
            "quirks": [
              {
                "name": "blink",
                "animations": ["bedrock(dolliv, blink)"]
              }
            ],
            "animations": [
              "bedrock(dolliv, ground_idle)"
            ]
          },
        "walking": {
        "poseName": "walking",
        "transformTicks": 10,
        "poseTypes": ["WALK"],
        "quirks": [
          {
            "name": "blink",
            "animations": ["bedrock(dolliv, blink)"]
          }
        ],
        "animations": [
          "bedrock(dolliv, ground_walk)"
        ]
      }
    }
  }