{
    "head": "head",
    "portraitScale": 1,
    "portraitTranslation": [-0.5,0.2,0],
    "profileScale": 0.7,
    "profileTranslation": [-0.4, 0.6, 0],
    "poses": {
        "floating": {
            "poseName": "floating",
            "transformTicks": 10,
            "poseTypes": ["STAND", "PORTRAIT", "PROFILE", "NONE", "FLOAT"],
            "quirks": [
                {
                  "name": "blink",
                  "animations": ["bedrock(dondozo, blink)"]
                }
              ],
            "animations": [
              "bedrock(dondozo, water_idle)"
            ]
          },
        "swimming": {
        "poseName": "swimming",
        "transformTicks": 10,
        "poseTypes": ["WALK", "SWIM"],
        "quirks": [
            {
              "name": "blink",
              "animations": ["bedrock(dondozo, blink)"]
            }
          ],
        "animations": [
          "bedrock(dondozo, water_swim)"
        ]
      },
      "sleeping": {
        "poseName": "sleeping",
        "transformTicks": 10,
        "poseTypes": ["SLEEP","FLOAT"],
        "animations": [
          "bedrock(dondozo, sleep)"
        ]
      }
    }
  }