{
    "head": "head",
	"portraitScale": 1.6,
    "portraitTranslation": [ -0.8, -0.8, 0 ],
    "profileScale": 0.7,
    "profileTranslation": [ 0, 0.4, 0 ],
    "poses": {
      "standing": {
        "poseName": "standing",
        "transformTicks": 10,
        "poseTypes": [
          "STAND",
          "NONE",
          "PORTRAIT",
          "PROFILE"
        ],
        "animations": [
          "bedrock(furret, ground_idle)"
        ],
        "quirks": [
          {
            "name": "blink",
            "animations": ["bedrock(furret, blink)"]
          }
		]		  
      },
      "walking": {
        "poseName": "walking",
        "transformTicks": 10,
        "poseTypes": [ "WALK" ],
        "animations": [ "bedrock(furret, ground_walk)" ]
		}
      }
    }