{
	
	"head": "head",
	"portraitScale": 0.8,
	"portraitTranslation": [-0.6, 0.8, 0],
	"profileScale": 0.3,
	"profileTranslation": [0, 1.2, 0],
	"cry": "bedrock(greattusk, cry)",
	"poses": {
		"standing": {
			"poseName": "standing",
			"transformTicks": 10,
			"poseTypes": [
				"STAND",
				"NONE",
				"PORTRAIT",
				"PROFILE"
			],
			"animations": [
				"bedrock(greattusk, ground_idle)"
			]
		},
		"walking": {
			"poseName": "walking",
			"transformTicks": 10,
			"poseTypes": ["WALK"],
			"animations": ["bedrock(greattusk, ground_walk)"]
		  }
	}
}