{
    "head": "head",
    "portraitScale": 1.65,
    "portraitTranslation": [ -0.3, -0.5, 0 ],
    "profileScale": 1,
    "profileTranslation": [ -0.05, 0.3, 0 ],
    "faint": "bedrock(hippopotas, faint)",
    "poses": {

      "standing": {
        "poseName": "standing",
        "transformTicks": 10,
        "poseTypes": [
          "STAND",
          "NONE",
          "PORTRAIT",
          "PROFILE"
        ],
        "animations": [
          "look",
          "bedrock(hippopotas, ground_idle)"
        ],
        "quirks": [
          {
            "name": "blink",
            "animations": ["bedrock(hippopotas, blink)"]
          }
        ]
      },

      "walking": {
        "poseName": "walking",
        "transformTicks": 10,
        "poseTypes": [ "WALK" ],
        "animations": [ 
          "look",
          "bedrock(hippopotas, ground_walk)"
        ],
        "quirks": [
          {
            "name": "blink",
            "animations": ["bedrock(hippopotas, blink)"]
          }
        ]
      },
      "sleeping": {
        "poseName": "sleeping",
        "transformTicks": 10,
        "poseTypes": [ "SLEEP" ],
        "animations": [ 
          "bedrock(hippopotas, sleep)"
        ]
      }
    }
  }