{
	
	"head": "head",
	"portraitScale": 1.2,
	"portraitTranslation": [0, 1.3, 0],
	"profileScale": 0.5,
	"profileTranslation": [0, 1, 0],
	"faint": "bedrock(ironbundle, ground_idle)",
	"poses": {
		"standing": {
			"poseName": "standing",
			"transformTicks": 10,
			"isBattle": false,
			"poseTypes": [
				"STAND",
				"NONE",
				"PORTRAIT",
				"PROFILE"
			],
			"animations": [
				"look",
				"bedrock(ironbundle, ground_idle)"
			]
		},
		"battle-idle": {
			"poseName": "battle-idle",
			"transformTicks": 20,
			"isBattle": true,
			"poseTypes": [ 
				"STAND"
			],
			"animations": [
				"look",
				"bedrock(ironbundle, battle_idle)"
			]
		},
		"walking": {
			"poseName": "walking",
			"transformTicks": 10,
			"poseTypes": [ "WALK" ],
			"animations": [ "bedrock(ironbundle, ground_walk)" ]
		},
		"floating": {
			"poseName": "floating",
			"transformTicks": 10,
			"poseTypes": [ "FLOAT" ],
			"animations": [ "bedrock(ironbundle, ground_idle)" ]
		  },
		  "swimming": {
			"poseName": "swimming",
			"transformTicks": 10,
			"poseTypes": [ "SWIM" ],
			"animations": [ "bedrock(ironbundle, ground_walk)" ]
		  }
	}
}