{
  "head": "head",
    "portraitScale": 2.5,
    "portraitTranslation": [-0.6, -2, 0],
    "profileScale": 1,
    "profileTranslation": [0, 0.3, 0],
    "poses": {
        "standing": {
            "poseName": "standing",
            "transformTicks": 10,
            "poseTypes": ["STAND", "PORTRAIT", "PROFILE", "NONE"],
            "quirks": [
              {
                "name": "quirk1",
                "animations": ["bedrock(slitherwing, quirk)"]
              }
            ],
            "animations": [
              "bedrock(slitherwing, ground_idle)"
            ]
          },
        "walking": {
        "poseName": "walking",
        "transformTicks": 10,
        "poseTypes": ["WALK"],
        "animations": [
          "bedrock(slitherwing, ground_walk)"
        ]
      },
        "sleeping": {
        "poseName": "sleeping",
        "transformTicks": 10,
        "poseTypes": [ "SLEEP" ],
        "animations": [ "bedrock(slitherwing, sleep)" ]
      }
    }
  }