{
    "head": "head",
    "portraitScale": 1.3,
    "portraitTranslation": [ -0.2, 0.5, 0 ],
    "profileScale": 0.8,
    "profileTranslation": [ -0.05, 0.6, 0 ],
    "faint": "bedrock(slurpuff, faint)",
    "poses": {

      "standing": {
        "poseName": "standing",
        "transformTicks": 10,
        "poseTypes": [
          "STAND",
          "NONE",
          "PORTRAIT",
          "PROFILE"
        ],
        "animations": [
          "bedrock(slurpuff, ground_idle)"
        ],
        "quirks": [
          {
            "name": "blink",
            "animations": ["bedrock(slurpuff, blink)"]
          }
        ]
      },
      "walking": {
        "poseName": "walking",
        "transformTicks": 10,
        "poseTypes": [ "WALK" ],
        "animations": [   
          "bedrock(slurpuff, ground_walk)" ],
        "quirks": [
          {
            "name": "blink",
            "animations": ["bedrock(slurpuff, blink)"]
          }
        ]
      },
      "sleeping": {
        "poseName": "sleeping",
        "transformTicks": 10,
        "poseTypes": [ "SLEEP" ],
        "animations": [   
          "bedrock(slurpuff, sleep)" ]
      },
      "swimming": {
        "poseName": "swimming",
        "transformTicks": 10,
        "poseTypes": [ "SWIM" ],
        "animations": [   
          "bedrock(slurpuff, ground_walk)" ],
        "quirks": [
          {
            "name": "blink",
            "animations": ["bedrock(slurpuff, blink)"]
          }
        ]
      },
      "floating": {
        "poseName": "floating",
        "transformTicks": 10,
        "poseTypes": [ "FLOAT" ],
        "animations": [   
          "bedrock(slurpuff, ground_walk)" ],
        "quirks": [
          {
            "name": "blink",
            "animations": ["bedrock(slurpuff, blink)"]
          }
        ]
      }
    }
  }