{
    "portraitScale": 2.5,
    "portraitTranslation": [0, -2, 0],
    "profileScale": 1,
    "profileTranslation": [0, 0.3, 0],
    "faint": "bedrock(smoliv, faint, true)",
    "poses": {
        "standing": {
            "poseName": "standing",
            "transformTicks": 10,
            "poseTypes": ["STAND", "PORTRAIT", "PROFILE", "NONE"],
            "quirks": [
              {
                "name": "blink",
                "animations": ["bedrock(smoliv, blink)"]
              }
            ],
            "animations": [
              "bedrock(smoliv, ground_idle)"
            ]
          },
        "walking": {
        "poseName": "walking",
        "transformTicks": 10,
        "poseTypes": ["WALK"],
        "quirks": [
          {
            "name": "blink",
            "animations": ["bedrock(smoliv, blink)"]
          }
        ],
        "animations": [
          "bedrock(smoliv, ground_walk)"
        ]
      },
        "sleeping": {
        "poseName": "sleeping",
        "transformTicks": 10,
        "poseTypes": [ "SLEEP" ],
        "animations": [ "bedrock(smoliv, sleep)" ]
      }
    }
  }