{
	"format_version": "1.8.0",
	"animations": {
		"animation.slitherwing.pose": {
			"loop": true,
			"bones": {
				"Body": {
					"position": [0, 2, 0]
				},
				"Torso": {
					"rotation": [12.5, 0, 0]
				},
				"WingsRight": {
					"rotation": [0, 0, -22.5]
				},
				"WingsLeft": {
					"rotation": [0, 0, 22.5]
				},
				"Head": {
					"rotation": [-27.19702, 26.14165, -8.69395]
				},
				"Tail": {
					"rotation": [0, -45, 0]
				},
				"Tail2": {
					"rotation": [0, -45, 0]
				},
				"Tail3": {
					"rotation": [0, -45, 0]
				},
				"LegFrontLeft": {
					"rotation": [-6.79286, 10.51794, 56.87402]
				},
				"LegFrontLeft2": {
					"rotation": [0, 0, 27.5]
				},
				"LegBackLeft": {
					"rotation": [-22.8118, 9.2319, 86.1397]
				},
				"LegBackLeft2": {
					"rotation": [22.5, -10, 0]
				},
				"LegFrontRight": {
					"rotation": [-6.79286, -10.5179, -56.874]
				},
				"LegFrontRight2": {
					"rotation": [0, 0, -27.5]
				},
				"LegBackRight": {
					"rotation": [-22.81179, -9.23186, -86.13968]
				},
				"LegBackRight2": {
					"rotation": [22.5, 10, 0]
				}
			}
		},
		"animation.slitherwing.game_pose": {
			"loop": true,
			"bones": {
				"Body": {
					"position": [0, -0.25, 0]
				},
				"WingsRight": {
					"rotation": [0, 0, 6.5]
				},
				"WingsLeft": {
					"rotation": [0, 0, -6.5]
				},
				"Tail": {
					"rotation": [-10, 0, 0]
				},
				"Tail2": {
					"rotation": [5, 0, 0]
				},
				"Tail3": {
					"rotation": [10, 0, 0]
				},
				"LegFrontLeft": {
					"rotation": [15.63367, 16.3882, 44.76498]
				},
				"LegFrontLeft2": {
					"rotation": [0, 0, 22.5]
				},
				"LegBackLeft": {
					"rotation": [0, 0, 67.5],
					"position": [0, 2, 0]
				},
				"LegBackLeft2": {
					"rotation": [0, 0, 22.5]
				},
				"LegFrontRight": {
					"rotation": [15.63367, -16.3882, -44.765]
				},
				"LegFrontRight2": {
					"rotation": [0, 0, -22.5]
				},
				"LegBackRight": {
					"rotation": [0, 0, -67.5],
					"position": [0, 2, 0]
				},
				"LegBackRight2": {
					"rotation": [0, 0, -22.5]
				}
			}
		},
		"animation.slitherwing.ground_idle": {
			"loop": true,
			"bones": {
				"Body": {
					"position": [0, 0.75, 0]
				},
				"Torso": {
					"rotation": [7.5, 0, 0],
					"position": [0, "math.cos(query.anim_time*90*2)*0.1", 0]
				},
				"WingsRight": {
					"rotation": [0, 0, 6.5]
				},
				"WingsLeft": {
					"rotation": [0, 0, -6.5]
				},
				"Head": {
					"rotation": [-7.5, 0, 0]
				},
				"Tail": {
					"rotation": [-45, 0, 0]
				},
				"Tail2": {
					"rotation": [2.5, 0, 0]
				},
				"Tail3": {
					"rotation": ["22.5-math.cos(query.anim_time*90*2)*1", 0, 0]
				},
				"LegFrontLeft": {
					"rotation": [0, 7.5, 45],
					"position": [0, "-math.cos(query.anim_time*90*2)*0.1", 0]
				},
				"LegFrontLeft2": {
					"rotation": [0, 2.5, 45]
				},
				"LegBackLeft": {
					"rotation": [16.32495, 15.69986, 47.26579]
				},
				"LegBackLeft2": {
					"rotation": [22.5, 0, 45]
				},
				"LegFrontRight": {
					"rotation": [0, -7.5, -45],
					"position": [0, "-math.cos(query.anim_time*90*2)*0.1", 0]
				},
				"LegFrontRight2": {
					"rotation": [0, -2.5, -45]
				},
				"LegBackRight": {
					"rotation": [16.32495, -15.69986, -47.26579]
				},
				"LegBackRight2": {
					"rotation": [22.5, 0, -45]
				}
			}
		},
		"animation.slitherwing.ground_walk": {
			"loop": true,
			"animation_length": 0.79167,
			"bones": {
				"Body": {
					"rotation": [-2.5, 0, "(-math.cos(query.anim_time*90*2*2.5)*2)+(math.sin(q.anim_time*90*2*2.5)*5)"],
					"position": {
						"0.0": [0, "1.75+math.abs(math.sin(query.anim_time*90*2*2.5)*1)", 0],
						"0.0417": [0, "1.25+math.abs(math.sin(query.anim_time*90*2*2.5)*1)", 0],
						"0.0833": [0, "1.75+math.abs(math.sin(query.anim_time*90*2*2.5)*1)", 0],
						"0.125": [0, "1.25+math.abs(math.sin(query.anim_time*90*2*2.5)*1)", 0],
						"0.1667": [0, "1.75+math.abs(math.sin(query.anim_time*90*2*2.5)*1)", 0],
						"0.375": [0, "1.75+math.abs(math.sin(query.anim_time*90*2*2.5)*1)", 0],
						"0.4167": [0, "1.25+math.abs(math.sin(query.anim_time*90*2*2.5)*1)", 0],
						"0.4583": [0, "1.75+math.abs(math.sin(query.anim_time*90*2*2.5)*1)", 0],
						"0.5": [0, "1.25+math.abs(math.sin(query.anim_time*90*2*2.5)*1)", 0],
						"0.5417": [0, "1.75+math.abs(math.sin(query.anim_time*90*2*2.5)*1)", 0],
						"0.7917": [0, "1.75+math.abs(math.sin(query.anim_time*90*2*2.5)*1)", 0]
					}
				},
				"Torso": {
					"rotation": [15, 0, 0]
				},
				"WingsRight": {
					"rotation": [0, 0, 6.5]
				},
				"WingsLeft": {
					"rotation": [0, 0, -6.5]
				},
				"Head": {
					"rotation": [-7.5, 0, 0]
				},
				"Tail": {
					"rotation": [-22.5, "math.cos(query.anim_time*90*2*2.5)*40", 0]
				},
				"Tail2": {
					"rotation": [0, "math.cos((query.anim_time-0.3)*90*2*2.5)*40", 0]
				},
				"Tail3": {
					"rotation": [0, "-math.cos((query.anim_time-0.6)*90*2*2.5)*40", 0]
				},
				"LegFrontLeft": {
					"rotation": [0, "7.5-math.cos(query.anim_time*90*2*2.5-100)*20", "45-math.clamp(math.sin(query.anim_time*90*2*2.5-100)*10,0,10)"]
				},
				"LegFrontLeft2": {
					"rotation": [0, 0, "45-math.clamp(-math.cos(query.anim_time*90*2*2.5)*20,0,20)"]
				},
				"LegBackLeft": {
					"rotation": [0, "-7.5+math.cos(query.anim_time*90*2*2.5-100)*20", "45-math.clamp(-math.sin(query.anim_time*90*2*2.5-100)*15,0,15)"]
				},
				"LegBackLeft2": {
					"rotation": [0, 0, "45-math.clamp(math.cos(query.anim_time*90*2*2.5)*20,0,20)"]
				},
				"LegFrontRight": {
					"rotation": [0, "-7.5-math.cos(query.anim_time*90*2*2.5-100)*20", "-45+math.clamp(-math.sin(query.anim_time*90*2*2.5-100)*10,0,10)"]
				},
				"LegFrontRight2": {
					"rotation": [0, 0, "-45+math.clamp(math.cos(query.anim_time*90*2*2.5)*20,0,20)"]
				},
				"LegBackRight": {
					"rotation": [0, "7.5+math.cos(query.anim_time*90*2*2.5-100)*20", "-45-math.clamp(-math.sin(query.anim_time*90*2*2.5-100)*10,0,10)"]
				},
				"LegBackRight2": {
					"rotation": [0, 0, "-45+math.clamp(-math.cos(query.anim_time*90*2*2.5)*20,0,20)"]
				}
			}
		},
		"animation.slitherwing.walktest": {
			"loop": true,
			"bones": {
				"Body": {
					"position": [0, 0, "-query.anim_time*90*0.3"]
				}
			}
		},
		"animation.slitherwing.quirk": {
			"animation_length": 0.75,
			"bones": {
				"WingsRight": {
					"rotation": {
						"0.0": {
							"post": [0, 0, 0],
							"lerp_mode": "catmullrom"
						},
						"0.125": {
							"post": [0, 0, -22.5],
							"lerp_mode": "catmullrom"
						},
						"0.25": {
							"post": [0, 0, 0],
							"lerp_mode": "catmullrom"
						},
						"0.375": {
							"post": [0, 0, -22.5],
							"lerp_mode": "catmullrom"
						},
						"0.5": {
							"post": [0, 0, 0],
							"lerp_mode": "catmullrom"
						},
						"0.625": {
							"post": [0, 0, -22.5],
							"lerp_mode": "catmullrom"
						},
						"0.75": {
							"post": [0, 0, 0],
							"lerp_mode": "catmullrom"
						}
					}
				},
				"WingsLeft": {
					"rotation": {
						"0.0": {
							"post": [0, 0, 0],
							"lerp_mode": "catmullrom"
						},
						"0.125": {
							"post": [0, 0, 22.5],
							"lerp_mode": "catmullrom"
						},
						"0.25": {
							"post": [0, 0, 0],
							"lerp_mode": "catmullrom"
						},
						"0.375": {
							"post": [0, 0, 22.5],
							"lerp_mode": "catmullrom"
						},
						"0.5": {
							"post": [0, 0, 0],
							"lerp_mode": "catmullrom"
						},
						"0.625": {
							"post": [0, 0, 22.5],
							"lerp_mode": "catmullrom"
						},
						"0.75": {
							"post": [0, 0, 0],
							"lerp_mode": "catmullrom"
						}
					}
				}
			}
		},
		"animation.slitherwing.battle_idle": {
			"loop": true,
			"bones": {
				"Body": {
					"position": [0, 1, 0]
				},
				"Torso": {
					"rotation": ["-67.5+math.cos(query.anim_time*90*1.5*2)*2", 0, 0]
				},
				"WingsRight": {
					"rotation": [0, 0, -22.5]
				},
				"WingsLeft": {
					"rotation": [0, 0, 22.5]
				},
				"Head": {
					"rotation": [67.5, 0, 0]
				},
				"Tail": {
					"rotation": [45, 0, 0]
				},
				"Tail2": {
					"rotation": ["22.5-math.cos(query.anim_time*90*1.5*2)*2", 0, 0]
				},
				"LegFrontLeft": {
					"rotation": [0, "-math.cos((query.anim_time-0.3)*90*1.5*2)*2", 45]
				},
				"LegBackLeft": {
					"rotation": [16.32495, 15.69986, 47.26579]
				},
				"LegBackLeft2": {
					"rotation": [22.5, 0, 45]
				},
				"LegFrontRight": {
					"rotation": [0, "math.cos((query.anim_time-0.3)*90*1.5*2)*2", -45]
				},
				"LegBackRight": {
					"rotation": [16.32495, -15.69986, -47.26579]
				},
				"LegBackRight2": {
					"rotation": [22.5, 0, -45]
				}
			}
		},
		"animation.slitherwing.sleep": {
			"loop": true,
			"bones": {
				"Body": {
					"position": [0, -3, 0]
				},
				"WingsRight": {
					"rotation": [0, 0, -22.5]
				},
				"WingsLeft": {
					"rotation": [0, 0, 22.5]
				},
				"Head": {
					"rotation": [-22.5, 0, 0]
				},
				"LegFrontLeft": {
					"rotation": [20.94102, 40.78947, 30.36119]
				},
				"LegBackLeft": {
					"rotation": [0, 0, 17.5]
				},
				"LegFrontRight": {
					"rotation": [20.94102, -40.78947, -30.36119]
				},
				"LegBackRight": {
					"rotation": [0, 0, -17.5]
				}
			}
		}
	},
	"geckolib_format_version": 2
}