{
	"format_version": "1.12.0",
	"minecraft:geometry": [
		{
			"description": {
				"identifier": "geometry.unknown",
				"texture_width": 128,
				"texture_height": 128,
				"visible_bounds_width": 6,
				"visible_bounds_height": 2.5,
				"visible_bounds_offset": [0, 0.75, 0]
			},
			"bones": [
				{
					"name": "bone",
					"pivot": [0, 0, 0]
				},
				{
					"name": "bone2",
					"parent": "bone",
					"pivot": [-0.0375, 5.85, -4.85],
					"rotation": [-12.5, 0, 0],
					"cubes": [
						{"origin": [-4.0375, 1.85, -13.85], "size": [8, 8, 10], "uv": [0, 24]}
					]
				},
				{
					"name": "head",
					"parent": "bone2",
					"pivot": [0.0625, 6.05, -12.75],
					"rotation": [12.75, 0, 0],
					"cubes": [
						{"origin": [-4.5, 1.55, -21.15559], "size": [9, 9, 9], "uv": [48, 0]}
					]
				},
				{
					"name": "right_ear",
					"parent": "head",
					"pivot": [-2.0625, 7.85, -15.75],
					"rotation": [-16.25, 0, -48],
					"cubes": [
						{"origin": [-4.0625, 7.85, -16.75], "size": [4, 5, 2], "uv": [33, 0], "mirror": true},
						{"origin": [-3.5875, 11.85, -16.25], "size": [3, 3, 1], "uv": [34, 50], "mirror": true}
					]
				},
				{
					"name": "left_ear",
					"parent": "head",
					"pivot": [2.0625, 7.85, -15.75],
					"rotation": [-16.25, 0, 48],
					"cubes": [
						{"origin": [0.0625, 7.85, -16.75], "size": [4, 5, 2], "uv": [33, 0]},
						{"origin": [0.5875, 11.85, -16.25], "size": [3, 3, 1], "uv": [34, 50]}
					]
				},
				{
					"name": "eye_right",
					"parent": "head",
					"pivot": [-0.9375, 6.025, -12.75],
					"cubes": [
						{"origin": [-3.9375, 5.525, -21.2967], "size": [1, 1, 1], "inflate": -0.1, "uv": [0, 6], "mirror": true},
						{"origin": [-4.4375, 4.55, -21.175], "size": [2, 2, 0], "uv": [0, 8], "mirror": true},
						{"origin": [-4.4375, 4.55, -21.5367], "size": [2, 2, 1], "inflate": -0.35, "uv": [6, 12], "mirror": true}
					]
				},
				{
					"name": "eye_left",
					"parent": "head",
					"pivot": [3.5625, 5.70833, -21.0028],
					"cubes": [
						{"origin": [3.0625, 5.525, -21.2967], "size": [1, 1, 1], "inflate": -0.1, "uv": [0, 6]},
						{"origin": [2.5625, 4.55, -21.175], "size": [2, 2, 0], "uv": [0, 8]},
						{"origin": [2.5625, 4.55, -21.5367], "size": [2, 2, 1], "inflate": -0.35, "uv": [6, 12]}
					]
				},
				{
					"name": "mouth",
					"parent": "head",
					"pivot": [-0.525, 5.55, 8.19662],
					"cubes": [
						{"origin": [-1.95, 2.875, -21.20338], "size": [1, 1, 0], "uv": [10, 3]},
						{"origin": [-0.5, 3.05, -21.17838], "size": [1, 1, 0], "uv": [10, 6]},
						{"origin": [-1.5, 2.525, -21.17838], "size": [1, 1, 0], "uv": [10, 2]},
						{"origin": [0.95, 2.875, -21.20338], "size": [1, 1, 0], "uv": [10, 0]},
						{"origin": [0.5, 2.525, -21.17838], "size": [1, 1, 0], "uv": [10, 1]}
					]
				},
				{
					"name": "torso",
					"parent": "bone",
					"pivot": [-0.0625, 5.975, -6.35],
					"cubes": [
						{"origin": [-4.5625, 1.475, -5.85], "size": [9, 9, 15], "uv": [0, 0]}
					]
				},
				{
					"name": "bone4",
					"parent": "torso",
					"pivot": [-0.0375, 5.85, 8.15],
					"cubes": [
						{"origin": [-4.0375, 1.85, 7.15], "size": [8, 8, 10], "uv": [26, 32]}
					]
				},
				{
					"name": "bone6",
					"parent": "bone4",
					"pivot": [0.0625, 5.725, 16.15],
					"cubes": [
						{"origin": [-3.4375, 2.225, 12.15], "size": [7, 7, 10], "uv": [0, 42]}
					]
				},
				{
					"name": "bone7",
					"parent": "bone6",
					"pivot": [0.0625, 5.675, 21.65],
					"cubes": [
						{"origin": [-2.4375, 3.175, 21.15], "size": [5, 5, 5], "uv": [43, 19]}
					]
				},
				{
					"name": "tail5",
					"parent": "bone7",
					"pivot": [-0.45, 5.475, 12],
					"cubes": [
						{"origin": [-1.95, 3.675, 24.225], "size": [4, 4, 4], "uv": [0, 96]},
						{"origin": [-2.45, 8.175, 26], "size": [5, 0, 7], "pivot": [-0.45, 8.175, 26], "rotation": [-10, 0, 0], "uv": [-7, 72]},
						{"origin": [-4.95, 5.675, 26], "size": [5, 0, 7], "pivot": [-2.45, 5.675, 26], "rotation": [-10, 0, -90], "uv": [4, 64]},
						{"origin": [-0.05, 5.675, 26], "size": [5, 0, 7], "pivot": [2.45, 5.675, 26], "rotation": [-10, 0, 90], "uv": [4, 64], "mirror": true},
						{"origin": [-2.45, 3.175, 26], "size": [5, 0, 7], "pivot": [-0.45, 3.175, 26], "rotation": [10, 0, 0], "uv": [-7, 64]},
						{"origin": [-0.45, 4.675, 28.5], "size": [3, 0, 7], "pivot": [0.05, 4.675, 28.5], "rotation": [0, 0, -90], "uv": [-7, 88]},
						{"origin": [-1.45, 4.175, 27.9], "size": [3, 3, 3], "uv": [0, 80]}
					]
				},
				{
					"name": "right_leg_front",
					"parent": "bone",
					"pivot": [-3.4375, 4.95201, -9.1489],
					"cubes": [
						{"origin": [-4.4375, 0.43115, -10.15681], "size": [2, 5, 2], "uv": [45, 0], "mirror": true}
					]
				},
				{
					"name": "left_leg_front",
					"parent": "bone",
					"pivot": [3.4375, 4.35, -8.85],
					"cubes": [
						{"origin": [2.4375, -0.15, -9.85], "size": [2, 5, 2], "uv": [45, 0]}
					]
				},
				{
					"name": "left_leg_back",
					"parent": "bone",
					"pivot": [3.9875, 2.975, 6.65],
					"cubes": [
						{"origin": [2.9875, 1.975, 5.15], "size": [2, 2, 3], "uv": [0, 24]}
					]
				},
				{
					"name": "bone9",
					"parent": "left_leg_back",
					"pivot": [-0.0375, 0.975, 5.15],
					"cubes": [
						{"origin": [2.4375, -0.025, 4.15], "size": [3, 2, 4], "uv": [0, 0]}
					]
				},
				{
					"name": "bone5",
					"parent": "bone9",
					"pivot": [-0.0375, 0.975, 5.15],
					"cubes": [
						{"origin": [2.4375, -0.025, 3.15], "size": [3, 1, 1], "uv": [0, 60]}
					]
				},
				{
					"name": "left_leg_back2",
					"parent": "bone",
					"pivot": [-3.9875, 2.975, 6.65],
					"cubes": [
						{"origin": [-4.9875, 1.975, 5.15], "size": [2, 2, 3], "uv": [0, 24], "mirror": true}
					]
				},
				{
					"name": "bone3",
					"parent": "left_leg_back2",
					"pivot": [-0.0375, 0.975, 5.15],
					"cubes": [
						{"origin": [-5.4375, -0.025, 4.15], "size": [3, 2, 4], "uv": [0, 0], "mirror": true}
					]
				},
				{
					"name": "bone8",
					"parent": "bone3",
					"pivot": [0.0375, 0.975, 5.15],
					"cubes": [
						{"origin": [-5.4375, -0.025, 3.15], "size": [3, 1, 1], "uv": [0, 60], "mirror": true}
					]
				}
			]
		}
	]
}