{
	"format_version": "1.8.0",
	"animations": {
		"animation.charmeleon2.ground_idle": {
			"loop": true,
			"bones": {
				"hand_left": {
					"rotation": [
						0,
						"30-2*math.clamp(math.sin(q.anim_time*90*3/2)*1+1,0,1)+4*math.clamp(-math.sin(q.anim_time*90*3/2)*1+1,0,1)",
						"30+2*(math.sin(q.anim_time*90*3-90)*1+1)"
					],
					"position": [0, 0, 0.5]
				},
				"hand_right": {
					"rotation": [
						0,
						"-30+2*math.clamp(math.sin(q.anim_time*90*3/2)*1+1,0,1)-4*math.clamp(-math.sin(q.anim_time*90*3/2)*1+1,0,1)",
						"-30-2*(math.sin(q.anim_time*90*3-90)*1+1)"
					]
				},
				"claw_right1": {
					"rotation": [0, 0, "-30-math.sin(q.anim_time*90*3-90)*3"]
				},
				"claw_left1": {
					"rotation": [0, 0, "30+math.sin(q.anim_time*90*3-90)*3"]
				},
				"claw_left2": {
					"rotation": [0, 0, "30+math.sin(q.anim_time*90*3-90)*3"]
				},
				"claw_left3": {
					"rotation": [0, 0, "30+math.sin(q.anim_time*90*3-90)*3"]
				},
				"claw_right3": {
					"rotation": [0, 0, "-30-math.sin(q.anim_time*90*3-90)*3"]
				},
				"claw_right2": {
					"rotation": [0, 0, "-30-math.sin(q.anim_time*90*3-90)*3"]
				},
				"leg_left": {
					"rotation": [0, -7.5, 0]
				},
				"leg_right": {
					"rotation": [0, 7.5, 0]
				},
				"jaw": {
					"rotation": ["5+math.sin(q.anim_time*90*3-90)*2", 0, 0]
				},
				"arm_left": {
					"rotation": [6.79333, 7.35559, "-4.5628+2*(math.sin(q.anim_time*90*3)*1+1)"]
				},
				"arm_left2": {
					"rotation": [14.1614, 37.80946, 22.37174]
				},
				"arm_right": {
					"rotation": [7.40702, -6.73717, "-0.4366-2*(math.sin(q.anim_time*90*3)*1+1)"]
				},
				"arm_right2": {
					"rotation": [6.25038, -39.58992, -9.7516]
				},
				"tail": {
					"rotation": [-20, "16*(math.sin(q.anim_time*90*3)*1)+4*(math.sin(q.anim_time*90*3/2)*1)", 0]
				},
				"tail2": {
					"rotation": [20, "6*(math.sin(q.anim_time*90*3-90)*1)+6*(math.sin(q.anim_time*90*3/2-90)*1)", 0]
				},
				"fire": {
					"rotation": ["5+6*(math.sin(q.anim_time*90*3*2-90)*1-1)+6*(math.sin(q.anim_time*90*3/2-90)*1-1)", 0, 0],
					"position": [0, 2, 0]
				},
				"torso": {
					"rotation": [5, 0, 0],
					"position": [0, "-0.1*(math.sin(q.anim_time*90*3-90)*1+1)", 0]
				}
			}
		},
		"animation.charmeleon2.ground_walk": {
			"loop": true,
			"bones": {
				"body": {
					"rotation": ["math.clamp(math.sin(query.anim_time*180*3*1.5/2+20)*1,0.2,1)+math.clamp(-math.sin(query.anim_time*180*3*1.5/2)*1,0.2,1)-0.8", 0, 0],
					"position": [
						0,
						"-math.clamp(math.sin(-query.anim_time*90*3*1.5+45/2)*0.6,0,1)-math.clamp(math.sin(-query.anim_time*90*3*1.5+45/2+180)*0.6,0,1)+0.6",
						"-math.clamp(math.sin(query.anim_time*90*3*1.5)*0.4,0,0.35)-math.clamp(math.sin(-query.anim_time*90*3*1.5)*0.4,0,0.35)"
					]
				},
				"leg_left": {
					"rotation": [
						"-math.clamp(math.sin(query.anim_time*90*3*1.5+45)*10,-15,14)+math.clamp(-math.sin(query.anim_time*90*3*1.5+180)*12,5,13)-5",
						"math.clamp(-math.sin(query.anim_time*90*3*1.5+180*1)*7.5,0,10)+math.clamp(-math.sin(query.anim_time*90*3*1.5-90+180*1)*2,0,10)",
						0
					],
					"position": [
						0,
						"-1+math.clamp(-math.sin(query.anim_time*90*3*1.5+45)*0.6,0.3,2)-math.clamp(-math.sin(query.anim_time*90*3*1.5+45+180)*1,1,1)+math.clamp(-math.sin(query.anim_time*90*3*1.5-40+180)*1,0.7,0.9)+math.clamp(-math.sin(query.anim_time*90*3*1.5-35)*2,1,2)",
						"-math.clamp(math.sin(query.anim_time*90*3*1.5)*0.4,-0.3,1)-math.clamp(math.sin(query.anim_time*90*3*1.5)*0.2,-0.8,0)"
					]
				},
				"leg_right": {
					"rotation": [
						"-math.clamp(math.sin(query.anim_time*90*3*1.5+45+180)*10,-15,14)+math.clamp(-math.sin(query.anim_time*90*3*1.5+180*2)*12,5,13)-5",
						"-math.clamp(-math.sin(query.anim_time*90*3*1.5+180*2)*7.5,0,10)-math.clamp(-math.sin(query.anim_time*90*3*1.5-90+180*2)*2,0,10)",
						0
					],
					"position": [
						0,
						"-1+math.clamp(-math.sin(query.anim_time*90*3*1.5+45+180)*0.6,0.3,2)-math.clamp(-math.sin(query.anim_time*90*3*1.5+45)*1,1,1)+math.clamp(-math.sin(query.anim_time*90*3*1.5-40)*1,0.7,0.9)+math.clamp(-math.sin(query.anim_time*90*3*1.5-35+180)*2,1,2)",
						"-math.clamp(math.sin(query.anim_time*90*3*1.5+180)*0.4,-0.3,1)-math.clamp(math.sin(query.anim_time*90*3*1.5+180)*0.2,-0.8,0)"
					]
				},
				"arm_left": {
					"rotation": [0, "-15+12*(math.sin(-q.anim_time*90*3*1.5)*1+1)", "2*(math.sin(q.anim_time*90*3*1.5*2)*1+1)"]
				},
				"hand_left": {
					"rotation": [0, "5+8*(math.sin(-q.anim_time*90*3*1.5)*1+1)", 0]
				},
				"arm_right": {
					"rotation": [0, "15-12*(math.sin(q.anim_time*90*3*1.5)*1+1)", "-2*(math.sin(q.anim_time*90*3*2)*1+1)"]
				},
				"hand_right": {
					"rotation": [0, "-5-8*(math.sin(q.anim_time*90*3*1.5)*1+1)", 0]
				},
				"fire": {
					"position": [0, 2, 0]
				}
			}
		},
		"animation.charmeleon2.cry": {
			"animation_length": 0.875,
			"bones": {
				"head": {
					"rotation": {
						"0.0": {
							"post": [0, 0, 0],
							"lerp_mode": "catmullrom"
						},
						"0.1667": {
							"post": [-7.5, 0, 0],
							"lerp_mode": "catmullrom"
						},
						"0.3333": {
							"post": [0, 0, 0],
							"lerp_mode": "catmullrom"
						},
						"0.625": {
							"post": [-2.5, 0, 0],
							"lerp_mode": "catmullrom"
						},
						"0.8333": {
							"post": [0, 0, 0],
							"lerp_mode": "catmullrom"
						}
					}
				},
				"jaw": {
					"rotation": {
						"0.0": {
							"post": [0, 0, 0],
							"lerp_mode": "catmullrom"
						},
						"0.0833": {
							"post": [22.5, 0, 0],
							"lerp_mode": "catmullrom"
						},
						"0.3333": {
							"post": [5, 0, 0],
							"lerp_mode": "catmullrom"
						},
						"0.625": {
							"post": [10, 0, 0],
							"lerp_mode": "catmullrom"
						},
						"0.8333": {
							"post": [0, 0, 0],
							"lerp_mode": "catmullrom"
						}
					}
				}
			},
			"sound_effects": {
				"0.0417": {
					"effect": "pokemon.charmeleon.cry"
				}
			}
		}
	}
}