{
	"format_version": "1.8.0",
	"animations": {
		"animation.brambleghast.ground_idle": {
			"loop": true,
			"animation_length": 4,
			"bones": {
				"Body": {
					"rotation": ["math.cos(query.anim_time*90)*5", 0, "math.sin(query.anim_time*90)*5"],
					"position": [0, 0.75, 0]
				}
			}
		},
		"animation.brambleghast.ground_walk": {
			"loop": true,
			"animation_length": 2,
			"bones": {
				"Body": {
					"rotation": ["query.anim_time*180*1", 0, 0],
					"position": {
						"0.0": [0, 0, 0],
						"0.125": [0, 3.29, 0],
						"0.25": [0, 6.075, 0],
						"0.375": [0, 7.95, 0],
						"0.5": [0, 8.635, 0],
						"0.625": [0, 11.98, 0],
						"0.75": [0, 15.325, 0],
						"0.875": [0, 17.1, 0],
						"1.0": [0, 16.985, 0],
						"1.125": [0, 16.065, 0],
						"1.25": [0, 14.89, 0],
						"1.375": [0, 11.945, 0],
						"1.5": [0, 8.355, 0],
						"1.625": [0, 7.745, 0],
						"1.75": [0, 5.88, 0],
						"1.875": [0, 3.215, 0],
						"2.0": [0, 0, 0]
					}
				},
				"eyes": {
					"rotation": ["query.anim_time*180*-1", 0, 0],
					"position": [0, 0, 0]
				},
				"eyes2": {
					"rotation": ["query.anim_time*180*-1", 0, 0]
				}
			}
		},
		"animation.brambleghast.ground_run": {
			"loop": true,
			"animation_length": 1,
			"bones": {
				"Body": {
					"rotation": ["query.anim_time*360*1", 0, 0],
					"position": {
						"0.0": {
							"post": [0, 0, 0],
							"lerp_mode": "catmullrom"
						},
						"0.0417": {
							"post": [0, 2.23, 0],
							"lerp_mode": "catmullrom"
						},
						"0.0833": {
							"post": [0, 4.28, 0],
							"lerp_mode": "catmullrom"
						},
						"0.125": {
							"post": [0, 6.15, 0],
							"lerp_mode": "catmullrom"
						},
						"0.1667": {
							"post": [0, 7.495, 0],
							"lerp_mode": "catmullrom"
						},
						"0.2083": {
							"post": [0, 8.345, 0],
							"lerp_mode": "catmullrom"
						},
						"0.25": {
							"post": [0, 8.61, 0],
							"lerp_mode": "catmullrom"
						},
						"0.2917": {
							"post": [0, 10.695, 0],
							"lerp_mode": "catmullrom"
						},
						"0.3333": {
							"post": [0, 13.245, 0],
							"lerp_mode": "catmullrom"
						},
						"0.375": {
							"post": [0, 15.22, 0],
							"lerp_mode": "catmullrom"
						},
						"0.4167": {
							"post": [0, 16.59, 0],
							"lerp_mode": "catmullrom"
						},
						"0.4583": {
							"post": [0, 17.4, 0],
							"lerp_mode": "catmullrom"
						},
						"0.5": {
							"post": [0, 17.08, 0],
							"lerp_mode": "catmullrom"
						},
						"0.5417": {
							"post": [0, 16.355, 0],
							"lerp_mode": "catmullrom"
						},
						"0.5833": {
							"post": [0, 15.665, 0],
							"lerp_mode": "catmullrom"
						},
						"0.625": {
							"post": [0, 14.99, 0],
							"lerp_mode": "catmullrom"
						},
						"0.6667": {
							"post": [0, 13.18, 0],
							"lerp_mode": "catmullrom"
						},
						"0.7083": {
							"post": [0, 10.505, 0],
							"lerp_mode": "catmullrom"
						},
						"0.75": {
							"post": [0, 8.39, 0],
							"lerp_mode": "catmullrom"
						},
						"0.7917": {
							"post": [0, 7.995, 0],
							"lerp_mode": "catmullrom"
						},
						"0.8333": {
							"post": [0, 7.22, 0],
							"lerp_mode": "catmullrom"
						},
						"0.875": {
							"post": [0, 5.78, 0],
							"lerp_mode": "catmullrom"
						},
						"0.9167": {
							"post": [0, 4.195, 0],
							"lerp_mode": "catmullrom"
						},
						"0.9583": {
							"post": [0, 2.16, 0],
							"lerp_mode": "catmullrom"
						},
						"1.0": {
							"post": [0, 0, 0],
							"lerp_mode": "catmullrom"
						}
					}
				},
				"eyes": {
					"rotation": ["query.anim_time*360*-1", 0, 0]
				},
				"eyes2": {
					"rotation": ["query.anim_time*360*-1", 0, 0]
				}
			}
		},
		"animation.brambleghast.blink": {
			"animation_length": 0.20833,
			"bones": {
				"EyelidLeft": {
					"position": {
						"0.0": [0, 0, 0],
						"0.1667": [0, 0, -0.03],
						"0.2083": [0, 0, 0.02]
					}
				},
				"EyelidRight": {
					"position": {
						"0.0": [0, 0, 0],
						"0.1667": [0, 0, -0.03],
						"0.2083": [0, 0, 0.02]
					}
				}
			}
		},
		"animation.brambleghast.sleep": {
			"loop": true,
			"animation_length": 8,
			"bones": {
				"Body": {
					"rotation": ["math.cos(query.anim_time*45)*2.5", 0, "math.sin(query.anim_time*45)*2.5"],
					"position": [0, 0.45, 0]
				},
				"EyelidLeft": {
					"position": [0, 0, -0.03]
				},
				"EyelidRight": {
					"position": [0, 0, -0.03]
				}
			}
		}
	},
	"geckolib_format_version": 2
}