{
	"format_version": "1.8.0",
	"animations": {
		"animation.ironcrown.ground_idle": {
			"loop": true,
			"bones": {
				"iron_crown2": {
					"position": [0, 4, 0]
				},
				"leg_left_back": {
					"position": [0, -3, 0]
				},
				"leg_right_back": {
					"position": [0, -3, 0]
				},
				"tail": {
					"rotation": [-7.5, 0, 0]
				},
				"horn_right_2": {
					"rotation": [-55, 0, 0]
				},
				"horn_right_1": {
					"rotation": [-29.78729, -3.74196, -6.50446]
				},
				"horn_right_3": {
					"rotation": [47.5, 0, 0]
				},
				"horn_right_4": {
					"rotation": [-47.5, 0, 0]
				},
				"horn_left_1": {
					"rotation": [-29.78729, 3.74196, 6.50446]
				},
				"horn_left_2": {
					"rotation": [-55, 0, 0]
				},
				"horn_left_3": {
					"rotation": [47.5, 0, 0]
				},
				"horn_left_4": {
					"rotation": [-47.46404, 1.2834, -2.07937]
				},
				"collar": {
					"position": [0, 0, 0]
				},
				"neck": {
					"position": [0, 0, 0]
				},
				"mouth": {
					"rotation": [0, 0, 0]
				},
				"ironcrown2": {
					"position": [0, 4, 0]
				},
				"body": {
					"rotation": ["math.sin(q.anim_time*90*2-90)*0.5+1", "math.sin(q.anim_time*90*1+33)*0.5", 0],
					"position": [0, "-math.sin(q.anim_time*90*2-45)*0.15", 0]
				},
				"neck3": {
					"rotation": ["math.sin(q.anim_time*90*2-60)*-3-1.5", 0, 0],
					"position": [0, "math.sin(q.anim_time*90*2+60)*0.05", 0]
				}
			}
		},
		"animation.ironcrown.ground_walk": {
			"loop": true,
			"bones": {
				"iron_crown2": {
					"position": [0, 4, 0]
				},
				"leg_left_back": {
					"rotation": ["-20+math.clamp(20*(math.sin(q.anim_time*90*4-90+10)*1+1),-0,60)", 0, 0],
					"position": [
						0,
						"-3+math.clamp(-math.sin(q.anim_time*90*4+90+180*0)*0.01,0,0.01)+math.clamp(-math.sin(q.anim_time*90*4+50+180*0)*1.5,0.4,2)-0.4+math.clamp(math.sin(q.anim_time*90*4-100+180*0)*1.5,0.4,1)-0.3+(math.clamp(-math.sin(q.anim_time*90*2+70+180*0)*1,0.5,1)-0.5)*0.5+(math.clamp(-math.sin(q.anim_time*90*2+70+180*1)*1,0.5,1)+0)*0.5",
						0
					]
				},
				"leg_left_back2": {
					"rotation": [
						"-math.clamp(math.sin(q.anim_time*90*4+180*0)*10,0,10)+math.clamp(math.sin(q.anim_time*90*4+65+180*1)*35,0,45)-(-20+math.clamp(11*(math.sin(q.anim_time*90*4-90+180*0)*1+1),-0,60))+math.clamp(math.sin(q.anim_time*90*4-130+180*0)*00,50,100)-50",
						0,
						0
					],
					"position": [0, "(math.clamp(math.sin(q.anim_time*90*4-110+180)*1,0.5,1)-0.5)*0.7", 0]
				},
				"leg_right_back": {
					"rotation": ["-20+math.clamp(20*(math.sin(q.anim_time*90*4-90+190)*1+1),-0,60)", 0, 0],
					"position": [
						0,
						"-3+math.clamp(-math.sin(q.anim_time*90*4+90+180*0)*0.01,0,0.01)+math.clamp(-math.sin(q.anim_time*90*4+20+180*1)*1.5,0.4,2)-0.4+math.clamp(math.sin(q.anim_time*90*4-100+180*1)*1.5,0.4,1)-0.3+(math.clamp(-math.sin(q.anim_time*90*2+70+180*0)*1,0.5,1)-0.5)*0.5+(math.clamp(-math.sin(q.anim_time*90*2+70+180*1)*1,0.5,1)+0)*0.5",
						0
					]
				},
				"tail": {
					"rotation": [-7.5, 0, 0]
				},
				"horn_right_2": {
					"rotation": [-55, 0, 0]
				},
				"horn_right_1": {
					"rotation": [-29.78729, -3.74196, -6.50446]
				},
				"horn_right_3": {
					"rotation": [47.5, 0, 0]
				},
				"horn_right_4": {
					"rotation": [-47.5, 0, 0]
				},
				"horn_left_1": {
					"rotation": [-29.78729, 3.74196, 6.50446]
				},
				"horn_left_2": {
					"rotation": [-55, 0, 0]
				},
				"horn_left_3": {
					"rotation": [47.5, 0, 0]
				},
				"horn_left_4": {
					"rotation": [-47.46404, 1.2834, -2.07937]
				},
				"collar": {
					"position": [0, 0, 0]
				},
				"neck": {
					"rotation": ["math.sin(q.anim_time*90*8-90)*1+10", 0, 0]
				},
				"mouth": {
					"rotation": [0, 0, 0]
				},
				"ironcrown2": {
					"position": [0, "3+math.clamp(math.sin(q.anim_time*90*4)*1.5,0.5,2)+math.clamp(math.sin(q.anim_time*90*4+180)*1.3,0.5,2)", 0]
				},
				"body": {
					"rotation": ["math.sin(q.anim_time*90*8-90)*1+0.5", 0, 0]
				},
				"neck3": {
					"rotation": [0, 0, 0]
				},
				"leg_right_back2": {
					"rotation": [
						"math.clamp(math.sin(q.anim_time*90*4+180)*10,0,10)-math.clamp(math.sin(q.anim_time*90*4-95+180)*20,0,45)-math.clamp(math.sin(q.anim_time*90*4+180*0)*15,0,45)",
						0,
						0
					],
					"position": [0, "(math.clamp(math.sin(q.anim_time*90*4-110+180*0)*1,0.5,1)-0.5)*0.7", 0]
				},
				"leg_left_front": {
					"rotation": [
						"20-math.clamp(20*(math.sin(q.anim_time*90*4-90+33)*1+1),-0,60)",
						0,
						"math.clamp(math.sin(q.anim_time*90*4-90+180)*1,-0.8,0.8)+math.sin(q.anim_time*90*4-180*0)*1"
					],
					"position": [0, "(math.clamp(math.sin(q.anim_time*90*4-10)*-0.1,-0.5,1)+0.2)+(math.clamp(math.sin(q.anim_time*90*4-150+180)*0.8,0,1)-0)", 0]
				},
				"leg_left_front2": {
					"rotation": ["-20+math.clamp(10*(-math.sin(q.anim_time*90*4-90)*1+2)+25,0,60)-math.clamp(math.sin(q.anim_time*90*4-220*1+40)*30,-2.5,30)", 0, 0],
					"position": [0, "math.clamp(math.sin(q.anim_time*90*4-120)*1.1,0.9,1)-0.9+math.clamp(math.sin(q.anim_time*90*2-130)*1.3,0.9,1)-0.9", 0]
				},
				"leg_right_front": {
					"rotation": [
						"20-math.clamp(20*(math.sin(q.anim_time*90*4-90+33+180)*1+1),-0,60)",
						0,
						"math.clamp(math.sin(q.anim_time*90*4-90+180)*1,-0.8,0.8)+math.sin(q.anim_time*90*4-180*0)*1"
					],
					"position": [0, "(math.clamp(math.sin(q.anim_time*90*4-10)*-0.1,-0.5,1)+0.2)+(math.clamp(math.sin(q.anim_time*90*4-150)*0.8,0,1)-0)", 0]
				},
				"leg_right_front2": {
					"rotation": ["-20+math.clamp(10*(math.sin(q.anim_time*90*4-90-180*1)*1+2),0,60)+math.clamp(math.sin(q.anim_time*90*4-120*1+40)*30,-2,30)", 0, 0],
					"position": [0, "math.clamp(math.sin(q.anim_time*90*4-120+180)*1.1,0.9,1)-0.9+math.clamp(math.sin(q.anim_time*90*2-130+90)*1.3,0.9,1)-0.9", 0]
				}
			}
		},
		"animation.ironcrown.cry": {
			"animation_length": 1.375,
			"bones": {
				"head": {
					"rotation": {
						"0.0": [0, 0, 0],
						"0.1667": [-15, 0, 0],
						"0.2917": [-7.5, 0, 0],
						"0.4167": [-10, 0, 0],
						"0.5": [-7.5, 0, 0],
						"0.5833": [-10, 0, 0],
						"0.6667": [-12.5, 0, 0],
						"0.75": [-10, 0, 0],
						"0.9167": [-12.5, 0, 0],
						"1.0": [-7.5, 0, 0],
						"1.0833": [-10, 0, 0],
						"1.1667": [-12.5, 0, 0],
						"1.2083": [-10, 0, 0],
						"1.3333": [0, 0, 0]
					}
				},
				"mouth": {
					"rotation": {
						"0.0": [0, 0, 0],
						"0.125": [17.5, 0, 0],
						"0.625": [22.5, 0, 0],
						"0.9583": [20, 0, 0],
						"1.0417": [25, 0, 0],
						"1.2083": [20, 0, 0],
						"1.3333": [0, 0, 0]
					}
				}
			},
			"sound_effects": {
				"0.0": {
					"effect": "pokemon.ironcrown.cry"
				}
			}
		}
	}
}