{
  "species": "cobblemon:gengar",
  "order": 0,
  "variations": [
    {
      "aspects": [],
      "poser": "cobblemon:gengar2",
      "model": "cobblemon:gengar2.geo",
      "texture": "cobblemon:textures/pokemon/gengar/gengar2.png",
      "layers": [
        {
          "name": "glow",
          "texture": "cobblemon:textures/pokemon/gengar/gengar2_emissive.png",
          "emissive": true
        }
      ]
    },
    {
      "aspects": [
        "shiny"
      ],
      "texture": "cobblemon:textures/pokemon/gengar/gengar2_shiny.png",
      "layers": [
        {
          "name": "glow",
          "texture": "cobblemon:textures/pokemon/gengar/gengar2_shiny_emissive.png",
          "emissive": true,
          "translucent": true
        }
      ]
    }
  ]
}