{
	"format_version": "1.12.0",
	"minecraft:geometry": [
		{
			"description": {
				"identifier": "geometry.dondozo",
				"texture_width": 256,
				"texture_height": 256,
				"visible_bounds_width": 13,
				"visible_bounds_height": 3.5,
				"visible_bounds_offset": [0, 1.25, 0]
			},
			"bones": [
				{
					"name": "dondozo",
					"pivot": [0, 0, 0]
				},
				{
					"name": "body",
					"parent": "dondozo",
					"pivot": [0, 12, 0],
					"cubes": [
						{"origin": [-10, 4, -12], "size": [20, 17, 23], "uv": [0, 0]}
					]
				},
				{
					"name": "head",
					"parent": "body",
					"pivot": [0, 12, -7.25],
					"cubes": [
						{"origin": [-11.5, 13, -28], "size": [23, 6, 23], "uv": [0, 40]},
						{"origin": [-11.5, 3, -11], "size": [23, 10, 6], "uv": [80, 81]}
					]
				},
				{
					"name": "crown",
					"parent": "head",
					"pivot": [0.00049, 20.5, -18.5364],
					"cubes": [
						{"origin": [4.00078, 19, -22.26795], "size": [0, 3, 4], "pivot": [3.00078, 20.5, -20.26795], "rotation": [0, 30, 0], "uv": [0, 8]},
						{"origin": [-1.99922, 19, -23], "size": [4, 3, 0], "uv": [0, 52]},
						{"origin": [0.99991, 19, -15.80435], "size": [4, 3, 0], "pivot": [2.99991, 20.5, -16.80435], "rotation": [0, 60, 0], "uv": [0, 49]},
						{"origin": [-2.00009, 19, -14.0733], "size": [4, 3, 0], "uv": [8, 51]}
					]
				},
				{
					"name": "back_crown",
					"parent": "crown",
					"pivot": [-3.86438, 23, -16.30435],
					"cubes": [
						{"origin": [-3.99836, 19, -18.80435], "size": [0, 4, 4], "pivot": [-2.99836, 20.5, -16.80435], "rotation": [0, 30, 0], "uv": [0, 0]}
					]
				},
				{
					"name": "back_crown2",
					"parent": "back_crown",
					"pivot": [0.00049, 20.5, -18.5364],
					"cubes": [
						{"origin": [-3.99836, 23, -18.80435], "size": [0, 4, 4], "pivot": [-2.99836, 20.5, -16.80435], "rotation": [0, 30, 0], "uv": [0, 4]}
					]
				},
				{
					"name": "front_crown",
					"parent": "crown",
					"pivot": [-3.86612, 23, -20.76845],
					"cubes": [
						{"origin": [-5.00009, 19, -21.26845], "size": [4, 4, 0], "pivot": [-3.00009, 20.5, -20.26845], "rotation": [0, 60, 0], "uv": [0, 15]}
					]
				},
				{
					"name": "front_crown2",
					"parent": "front_crown",
					"pivot": [-2.99836, 20.5, -16.80435],
					"cubes": [
						{"origin": [-5.00009, 23, -21.26845], "size": [4, 4, 0], "pivot": [-3.00009, 20.5, -20.26845], "rotation": [0, 60, 0], "uv": [14, 47]}
					]
				},
				{
					"name": "mustache_left",
					"parent": "head",
					"pivot": [11, 14.5, -25],
					"cubes": [
						{"origin": [10.5, 14, -25], "size": [7, 1, 0], "uv": [0, 48]}
					]
				},
				{
					"name": "mustache_left2",
					"parent": "mustache_left",
					"pivot": [17.5, 14.5, -25],
					"cubes": [
						{"origin": [17.5, 14, -25], "size": [8, 1, 0], "uv": [0, 45]}
					]
				},
				{
					"name": "mustache_left3",
					"parent": "mustache_left2",
					"pivot": [25.5, 14.5, -25],
					"cubes": [
						{"origin": [25.5, 14, -25], "size": [8, 1, 0], "uv": [0, 44]}
					]
				},
				{
					"name": "mustache_left4",
					"parent": "mustache_left3",
					"pivot": [33.5, 14.5, -25],
					"cubes": [
						{"origin": [33.5, 14, -25], "size": [8, 1, 0], "uv": [0, 46]}
					]
				},
				{
					"name": "mustache_right",
					"parent": "head",
					"pivot": [-11, 14.5, -25],
					"cubes": [
						{"origin": [-17.5, 14, -25], "size": [7, 1, 0], "uv": [0, 47]}
					]
				},
				{
					"name": "mustache_right2",
					"parent": "mustache_right",
					"pivot": [-17.5, 14.5, -25],
					"cubes": [
						{"origin": [-25.5, 14, -25], "size": [8, 1, 0], "uv": [0, 22]}
					]
				},
				{
					"name": "mustache_right3",
					"parent": "mustache_right2",
					"pivot": [-25.5, 14.5, -25],
					"cubes": [
						{"origin": [-33.5, 14, -25], "size": [8, 1, 0], "uv": [0, 21]}
					]
				},
				{
					"name": "mustache_right4",
					"parent": "mustache_right3",
					"pivot": [-33.5, 14.5, -25],
					"cubes": [
						{"origin": [-41.5, 14, -25], "size": [8, 1, 0], "uv": [0, 20]}
					]
				},
				{
					"name": "mouth",
					"parent": "head",
					"pivot": [-0.5, 13, -11],
					"cubes": [
						{"origin": [-11.5, 3, -28], "size": [23, 10, 17], "inflate": 0.1, "uv": [0, 69]}
					]
				},
				{
					"name": "beard_mid",
					"parent": "mouth",
					"pivot": [0, 11.01685, -28],
					"cubes": [
						{"origin": [-0.5, 10.5, -32], "size": [1, 0, 4], "pivot": [-0.5, 11, -29], "rotation": [35, 0, 0], "uv": [0, 0]}
					]
				},
				{
					"name": "beard_mid2",
					"parent": "beard_mid",
					"pivot": [0, 8.87051, -31.17124],
					"cubes": [
						{"origin": [-0.5, 10.5, -36], "size": [1, 0, 4], "pivot": [-0.5, 11, -29], "rotation": [35, 0, 0], "uv": [2, 0]}
					]
				},
				{
					"name": "beard_mid3",
					"parent": "beard_mid2",
					"pivot": [0, 6.57621, -34.44785],
					"cubes": [
						{"origin": [-0.5, 10.5, -40], "size": [1, 0, 4], "pivot": [-0.5, 11, -29], "rotation": [35, 0, 0], "uv": [4, 0]}
					]
				},
				{
					"name": "beard_mid4",
					"parent": "beard_mid3",
					"pivot": [0, 4.2819, -37.72446],
					"cubes": [
						{"origin": [-0.5, 10.5, -44], "size": [1, 0, 4], "pivot": [-0.5, 11, -29], "rotation": [35, 0, 0], "uv": [4, 4]}
					]
				},
				{
					"name": "beard_mid5",
					"parent": "beard_mid4",
					"pivot": [0, 1.9876, -41.00107],
					"cubes": [
						{"origin": [-0.5, 10.5, -48], "size": [1, 0, 4], "pivot": [-0.5, 11, -29], "rotation": [35, 0, 0], "uv": [4, 8]}
					]
				},
				{
					"name": "beard_right1",
					"parent": "mouth",
					"pivot": [-11.5, 5.5, -20],
					"cubes": [
						{"origin": [-19.5, 5, -20], "size": [8, 1, 0], "uv": [0, 40]}
					]
				},
				{
					"name": "beard_right2",
					"parent": "mouth",
					"pivot": [-11.5, 5.5, -14],
					"cubes": [
						{"origin": [-18.5, 5, -14], "size": [8, 1, 0], "uv": [0, 41]}
					]
				},
				{
					"name": "beard_left1",
					"parent": "mouth",
					"pivot": [11.5, 5.5, -20],
					"cubes": [
						{"origin": [11.5, 5, -20], "size": [8, 1, 0], "uv": [0, 43]}
					]
				},
				{
					"name": "beard_left2",
					"parent": "mouth",
					"pivot": [11.5, 5.5, -14],
					"cubes": [
						{"origin": [10.5, 5, -14], "size": [8, 1, 0], "uv": [0, 42]}
					]
				},
				{
					"name": "left_eye",
					"parent": "head",
					"pivot": [11.6, 17, -26.5],
					"rotation": [10, 0, 0],
					"cubes": [
						{"origin": [11.6, 16, -28], "size": [0, 2, 3], "uv": [154, 69]}
					]
				},
				{
					"name": "right_eye",
					"parent": "head",
					"pivot": [-11.6, 17, -26.5],
					"rotation": [10, 0, 0],
					"cubes": [
						{"origin": [-11.6, 16, -28], "size": [0, 2, 3], "uv": [154, 69], "mirror": true}
					]
				},
				{
					"name": "fin_left",
					"parent": "body",
					"pivot": [10, 13, 3],
					"cubes": [
						{"origin": [10, 6, 3], "size": [18, 14, 0], "pivot": [10, 13, 3], "rotation": [0, -25, 0], "uv": [98, 111]}
					]
				},
				{
					"name": "fin_right",
					"parent": "body",
					"pivot": [-10, 13, 3],
					"cubes": [
						{"origin": [-28, 6, 3], "size": [18, 14, 0], "pivot": [-10, 13, 3], "rotation": [0, 25, 0], "uv": [84, 97]}
					]
				},
				{
					"name": "tail",
					"parent": "body",
					"pivot": [0, 13.5, 10.5],
					"cubes": [
						{"origin": [-7.5, 7, 11], "size": [15, 13, 15], "uv": [71, 25]}
					]
				},
				{
					"name": "tail2",
					"parent": "tail",
					"pivot": [0, 14, 26],
					"cubes": [
						{"origin": [-5.5, 9, 26], "size": [11, 10, 18], "uv": [74, 53]},
						{"origin": [5.5, 9, 26], "size": [6, 0, 18], "uv": [30, 96]},
						{"origin": [-11.5, 9, 26], "size": [6, 0, 18], "uv": [45, 0]}
					]
				},
				{
					"name": "tail3",
					"parent": "tail2",
					"pivot": [0, 13.5, 44],
					"cubes": [
						{"origin": [-4, 10, 44], "size": [8, 8, 16], "uv": [0, 96]},
						{"origin": [4, 10, 44], "size": [5, 0, 16], "uv": [47, 69]},
						{"origin": [-9, 10, 44], "size": [5, 0, 16], "uv": [59, 0]}
					]
				},
				{
					"name": "tail4",
					"parent": "tail3",
					"pivot": [0, 13.5, 59.66667],
					"cubes": [
						{"origin": [-2.5, 11, 60], "size": [5, 5, 14], "uv": [60, 97]},
						{"origin": [2.5, 11, 60], "size": [5, 0, 10], "uv": [0, 10]},
						{"origin": [-7.5, 11, 60], "size": [5, 0, 10], "uv": [0, 0]}
					]
				},
				{
					"name": "tail_fin",
					"parent": "tail4",
					"pivot": [0, 13, 72.5],
					"cubes": [
						{"origin": [-11, 13, 70], "size": [22, 0, 25], "uv": [61, 0]}
					]
				}
			]
		}
	]
}