{
	"format_version": "1.12.0",
	"minecraft:geometry": [
		{
			"description": {
				"identifier": "geometry.pichu",
				"texture_width": 64,
				"texture_height": 64,
				"visible_bounds_width": 4,
				"visible_bounds_height": 2.5,
				"visible_bounds_offset": [0, 0.75, 0]
			},
			"bones": [
				{
					"name": "minccino",
					"pivot": [0, 0, 0]
				},
				{
					"name": "body",
					"parent": "minccino",
					"pivot": [0, 0, 0]
				},
				{
					"name": "torso",
					"parent": "body",
					"pivot": [0, 4.25, 0.25]
				},
				{
					"name": "body2",
					"parent": "torso",
					"pivot": [0, 0.25, 0],
					"cubes": [
						{"origin": [-3, 1.25, -2.25], "size": [6, 6, 5], "uv": [0, 15]}
					]
				},
				{
					"name": "bone",
					"parent": "body2",
					"pivot": [0.12817, 5.95589, -2.26402],
					"cubes": [
						{"origin": [-1.86277, 5.55091, -2.33202], "size": [2, 1, 1], "inflate": -0.15, "pivot": [0.05317, 5.95589, -2.06402], "rotation": [24.8547, -18.04608, -53.52975], "uv": [24, 33]},
						{"origin": [-1.86277, 5.55091, -2.20702], "size": [2, 1, 1], "pivot": [0.05317, 5.95589, -2.06402], "rotation": [7.0712, -29.61646, -11.39305], "uv": [30, 33]},
						{"origin": [-1.86277, 5.90091, -2.38202], "size": [2, 1, 1], "inflate": -0.225, "pivot": [0.05317, 5.95589, -2.06402], "rotation": [-4.53688, -30.06559, 11.69756], "uv": [32, 29]}
					]
				},
				{
					"name": "head",
					"parent": "body2",
					"pivot": [0, 7, 0.25],
					"cubes": [
						{"origin": [-4.5, 7, -3.75], "size": [9, 7, 8], "uv": [0, 0]},
						{"origin": [-0.5, 9, -3.975], "size": [1, 1, 1], "inflate": -0.2, "uv": [35, 17]}
					]
				},
				{
					"name": "cowlick",
					"parent": "head",
					"pivot": [-0.175, 13.31605, -2.76227],
					"rotation": [34.3939, 27.73062, 17.6685],
					"cubes": [
						{"origin": [-0.11793, 12.85512, -3.19816], "size": [0, 4, 2], "pivot": [-0.11793, 13.76603, -2.56458], "rotation": [9.5, 0, 0], "uv": [0, 14]}
					]
				},
				{
					"name": "mouth",
					"parent": "head",
					"pivot": [0.23584, 8.5, -3.78995],
					"cubes": [
						{"origin": [-0.81416, 7.45, -4.0551], "size": [2, 1, 1], "inflate": -0.3, "pivot": [0.23584, 8.5, -3.78995], "rotation": [0, 0, -32.5], "uv": [0, 6]},
						{"origin": [-1.11416, 7.2, -4.0551], "size": [2, 1, 1], "inflate": -0.3, "pivot": [0.23584, 8.5, -3.78995], "rotation": [0, 0, 32.5], "uv": [0, 34]}
					]
				},
				{
					"name": "openmouth",
					"parent": "head",
					"pivot": [0, 8.5, -3.775]
				},
				{
					"name": "eyes",
					"parent": "head",
					"pivot": [0, 10, -3.775],
					"cubes": [
						{"origin": [-3.5, 9, -3.775], "size": [2, 3, 0], "pivot": [-2.5, 9, -3.775], "rotation": [0, 0, 5], "uv": [10, 35]},
						{"origin": [1.5, 9, -3.775], "size": [2, 3, 0], "pivot": [2.5, 9, -3.775], "rotation": [0, 0, -5], "uv": [6, 35]},
						{"origin": [1.9, 9.15, -3.603], "size": [1, 1, 1], "inflate": 0.175, "pivot": [2.25, 10.25, -3.785], "rotation": [0, 0, -5], "uv": [35, 15]},
						{"origin": [-2.9, 9.15, -3.603], "size": [1, 1, 1], "inflate": 0.175, "pivot": [-2.25, 10.25, -3.785], "rotation": [0, 0, 5], "uv": [34, 31]}
					]
				},
				{
					"name": "eyelid_right",
					"parent": "eyes",
					"pivot": [-2.5, 10, -3.175]
				},
				{
					"name": "eyelid_left",
					"parent": "eyes",
					"pivot": [2.5, 10, -3.175]
				},
				{
					"name": "ear_right",
					"parent": "head",
					"pivot": [-4.175, 11.5, 0.25],
					"rotation": [0, 15, -30],
					"cubes": [
						{"origin": [-7.81989, 11.24019, 0.21118], "size": [7, 4, 0], "uv": [0, 26], "mirror": true}
					]
				},
				{
					"name": "earfluff_right",
					"parent": "ear_right",
					"pivot": [-3.175, 4.5, 0],
					"cubes": [
						{"origin": [-4.35299, 10.31911, -0.01372], "size": [1, 4, 0], "pivot": [-3.425, 11.875, 0.025], "rotation": [0, 0, -40], "uv": [14, 35]},
						{"origin": [-4.56989, 11.19019, -0.01382], "size": [2, 4, 0], "uv": [31, 15], "mirror": true}
					]
				},
				{
					"name": "ear_right2",
					"parent": "ear_right",
					"pivot": [-4.175, 15.5, 0.25],
					"cubes": [
						{"origin": [-7.81989, 15.24019, 0.21118], "size": [7, 5, 0], "uv": [22, 19], "mirror": true}
					]
				},
				{
					"name": "ear_left",
					"parent": "head",
					"pivot": [4.175, 11.5, 0.25],
					"rotation": [0, -15, 30],
					"cubes": [
						{"origin": [0.81989, 11.24019, 0.21118], "size": [7, 4, 0], "uv": [0, 26]}
					]
				},
				{
					"name": "earfluff_left",
					"parent": "ear_left",
					"pivot": [3.175, 4.5, 0],
					"cubes": [
						{"origin": [3.35299, 10.31911, -0.01372], "size": [1, 4, 0], "pivot": [3.425, 11.875, 0.025], "rotation": [0, 0, 40], "uv": [14, 35], "mirror": true},
						{"origin": [2.56989, 11.19019, -0.01382], "size": [2, 4, 0], "uv": [31, 15]}
					]
				},
				{
					"name": "ear_left2",
					"parent": "ear_left",
					"pivot": [4.175, 15.5, 0.25],
					"cubes": [
						{"origin": [0.81989, 15.24019, 0.21118], "size": [7, 5, 0], "uv": [22, 19]}
					]
				},
				{
					"name": "tail0",
					"parent": "body2",
					"pivot": [0, 2.25, 2.75]
				},
				{
					"name": "tail1",
					"parent": "tail0",
					"pivot": [0, 2.25, 2.75],
					"rotation": [25, 0, 0],
					"cubes": [
						{"origin": [0, 1.75, 1.75], "size": [0, 2, 5], "uv": [14, 24]},
						{"origin": [0, 1.75, 1.75], "size": [0, 1, 3], "pivot": [0, 2.2, 2.5], "rotation": [-10, 10, 0], "uv": [0, 36]},
						{"origin": [0.00927, 1.75, 4.40425], "size": [0, 1, 3], "pivot": [0, 2.2, 4.425], "rotation": [-7.5, 10, 0], "uv": [0, 37]}
					]
				},
				{
					"name": "tail2",
					"parent": "tail1",
					"pivot": [0, 1.75, 5.75],
					"cubes": [
						{"origin": [0.0139, 1.75, 7.45058], "size": [0, 1, 3], "pivot": [0, 2.2, 7.475], "rotation": [-5, 10, 0], "uv": [1, 38]},
						{"origin": [-0.01, 1.75, 5.75], "size": [0, 4, 7], "uv": [17, 8]}
					]
				},
				{
					"name": "arm_right",
					"parent": "torso",
					"pivot": [-3, 7, 0],
					"cubes": [
						{"origin": [-7, 5, -1], "size": [4, 2, 2], "uv": [22, 29]},
						{"origin": [-6.5, 6.5, -0.5], "size": [1, 1, 0], "pivot": [-6, 7, -0.5], "rotation": [20, 0, -10], "uv": [0, 1]}
					]
				},
				{
					"name": "arm_left",
					"parent": "torso",
					"pivot": [3, 7, 0],
					"cubes": [
						{"origin": [3, 5, -1], "size": [4, 2, 2], "uv": [26, 4]},
						{"origin": [5.5, 6.5, -0.5], "size": [1, 1, 0], "pivot": [6, 7, -0.5], "rotation": [20, 0, 10], "uv": [0, 0]}
					]
				},
				{
					"name": "leg_right",
					"parent": "body",
					"pivot": [-1.75, 1.5, 0.5],
					"rotation": [0, 10, 0],
					"cubes": [
						{"origin": [-2.75, 1, -0.5], "size": [2, 1, 2], "inflate": 0.02, "uv": [0, 0]},
						{"origin": [-2.7424, 0, -1.08682], "size": [2, 1, 3], "inflate": 0.02, "uv": [7, 31]}
					]
				},
				{
					"name": "foot_right2",
					"parent": "leg_right",
					"pivot": [-1.75, 0, -1],
					"cubes": [
						{"origin": [-2.7424, 0, -2.08682], "size": [2, 1, 1], "uv": [34, 10]}
					]
				},
				{
					"name": "leg_left",
					"parent": "body",
					"pivot": [1.75, 1.5, 0.5],
					"rotation": [0, -10, 0],
					"cubes": [
						{"origin": [0.75, 1, -0.5], "size": [2, 1, 2], "inflate": 0.02, "uv": [0, 3]},
						{"origin": [0.7576, 0, -0.91318], "size": [2, 1, 3], "inflate": 0.02, "uv": [0, 30]}
					]
				},
				{
					"name": "foot_left2",
					"parent": "leg_left",
					"pivot": [1.75, 0, -1],
					"cubes": [
						{"origin": [0.7576, 0, -1.91318], "size": [2, 1, 1], "uv": [34, 8]}
					]
				}
			]
		}
	]
}