{
	"format_version": "1.12.0",
	"minecraft:geometry": [
		{
			"description": {
				"identifier": "geometry.unknown",
				"texture_width": 64,
				"texture_height": 64,
				"visible_bounds_width": 4,
				"visible_bounds_height": 2.5,
				"visible_bounds_offset": [0, 0.75, 0]
			},
			"bones": [
				{
					"name": "charmander",
					"pivot": [0, 0, 0]
				},
				{
					"name": "body",
					"parent": "charmander",
					"pivot": [0, 0, 0]
				},
				{
					"name": "torso",
					"parent": "body",
					"pivot": [0, 8, 0],
					"cubes": [
						{"origin": [-3.5, 3, -2.75], "size": [7, 5, 8], "uv": [25, 19]}
					]
				},
				{
					"name": "chest",
					"parent": "torso",
					"pivot": [0, 8, 4],
					"cubes": [
						{"origin": [-3, 6, -2.75], "size": [6, 6, 7], "inflate": -0.001, "uv": [21, 51]}
					]
				},
				{
					"name": "neck",
					"parent": "chest",
					"pivot": [0, 12, 3],
					"cubes": [
						{"origin": [-2.5, 12, -2], "size": [5, 2, 5], "inflate": 0.001, "uv": [22, 0]}
					]
				},
				{
					"name": "head",
					"parent": "neck",
					"pivot": [0, 14, 0],
					"cubes": [
						{"origin": [-3.5, 13.75, -4], "size": [7, 7, 7], "uv": [0, 12]},
						{"origin": [-2.5, 14, -2.5], "size": [5, 3, 2], "pivot": [0, -1, 0], "rotation": [10, 0, 0], "uv": [42, 5]}
					]
				},
				{
					"name": "bone6",
					"parent": "head",
					"pivot": [0, -1, 0],
					"cubes": [
						{"origin": [-3.5, 18.25, -3.5], "size": [0, 1, 1], "inflate": 0.012, "uv": [5, 12], "mirror": true},
						{"origin": [-3.5, 16.25, -4], "size": [1, 3, 3], "inflate": 0.01, "uv": [49, 50], "mirror": true},
						{"origin": [-3.5, 16.25, -2.5], "size": [0, 2, 1], "inflate": 0.009, "uv": [54, 47], "mirror": true},
						{"origin": [-3.5, 17, -4], "size": [0, 2, 1], "inflate": 0.011, "uv": [0, 53], "mirror": true}
					]
				},
				{
					"name": "bone5",
					"parent": "head",
					"pivot": [0, -1, 0],
					"cubes": [
						{"origin": [3.5, 18.25, -3.5], "size": [0, 1, 1], "inflate": 0.012, "uv": [5, 12]},
						{"origin": [2.5, 16.25, -4], "size": [1, 3, 3], "inflate": 0.01, "uv": [49, 50]},
						{"origin": [3.5, 16.25, -2.5], "size": [0, 2, 1], "inflate": 0.009, "uv": [54, 47]},
						{"origin": [3.5, 17, -4], "size": [0, 2, 1], "inflate": 0.011, "uv": [0, 53]}
					]
				},
				{
					"name": "bone",
					"parent": "head",
					"pivot": [-11, 4, -7],
					"rotation": [-25, 0, 42.5],
					"cubes": [
						{"origin": [-10, 19.5, -9.75], "size": [1, 1, 0], "pivot": [-11, 4, -7], "rotation": [11.80868, -31.94715, -6.31274], "uv": [0, 4]}
					]
				},
				{
					"name": "bone2",
					"parent": "head",
					"pivot": [11, 4, -7],
					"rotation": [-25, 0, -42.5],
					"cubes": [
						{"origin": [9, 19.5, -9.75], "size": [1, 1, 0], "pivot": [11, 4, -7], "rotation": [11.80868, 31.94715, 6.31274], "uv": [0, 4], "mirror": true}
					]
				},
				{
					"name": "jaw",
					"parent": "head",
					"pivot": [0, 14, -2],
					"cubes": [
						{"origin": [-2.5, 13.5, -1], "size": [5, 1, 4], "pivot": [0, -1, 0], "rotation": [15, 0, 0], "uv": [37, 0]}
					]
				},
				{
					"name": "bone3",
					"parent": "jaw",
					"pivot": [-11, 4, -7],
					"rotation": [-25, 0, 42.5]
				},
				{
					"name": "bone4",
					"parent": "head",
					"pivot": [0, -1, 1],
					"cubes": [
						{"origin": [-2.5, 16.25, -3], "size": [1, 3, 3], "inflate": 0.02, "uv": [28, 19], "mirror": true}
					]
				},
				{
					"name": "bone8",
					"parent": "head",
					"pivot": [0, -1, 1],
					"cubes": [
						{"origin": [1.5, 16.25, -3], "size": [1, 3, 3], "inflate": 0.02, "uv": [28, 19]}
					]
				},
				{
					"name": "arm_right",
					"parent": "chest",
					"pivot": [-3, 11, 1],
					"cubes": [
						{"origin": [-6, 9.25, 0], "size": [3, 2, 2], "inflate": 0.07, "uv": [49, 39], "mirror": true}
					]
				},
				{
					"name": "arm_right2",
					"parent": "arm_right",
					"pivot": [-6, 11, 1],
					"cubes": [
						{"origin": [-8, 9.25, 0], "size": [2, 2, 2], "uv": [0, 4], "mirror": true},
						{"origin": [-9, 10.25, 1.85], "size": [2, 1, 0], "pivot": [-1, -1, 1], "rotation": [0, -15, 0], "uv": [21, 17], "mirror": true},
						{"origin": [-2.75, 11, 0.25], "size": [2, 1, 0], "pivot": [-1, -1, 1], "rotation": [0, -15, -30], "uv": [21, 18], "mirror": true},
						{"origin": [-9, 10.25, 0.15], "size": [2, 1, 0], "pivot": [-1, -1, 1], "rotation": [0, 15, 0], "uv": [21, 16], "mirror": true},
						{"origin": [-9, 10.25, 1], "size": [2, 1, 0], "uv": [21, 15], "mirror": true}
					]
				},
				{
					"name": "arm_left",
					"parent": "chest",
					"pivot": [3, 11, 1],
					"cubes": [
						{"origin": [3, 9.25, 0], "size": [3, 2, 2], "inflate": 0.07, "uv": [49, 39]}
					]
				},
				{
					"name": "arm_left2",
					"parent": "arm_left",
					"pivot": [6, 11, 1],
					"cubes": [
						{"origin": [6, 9.25, 0], "size": [2, 2, 2], "uv": [0, 4]},
						{"origin": [7, 10.25, 1], "size": [2, 1, 0], "uv": [21, 15]}
					]
				},
				{
					"name": "bone7",
					"parent": "arm_left2",
					"pivot": [1, -1, 1],
					"cubes": [
						{"origin": [7, 10.25, 1.85], "size": [2, 1, 0], "pivot": [1, -1, 1], "rotation": [0, 15, 0], "uv": [21, 17]}
					]
				},
				{
					"name": "bone9",
					"parent": "arm_left2",
					"pivot": [1, -1, 1],
					"cubes": [
						{"origin": [0.75, 11, 0.25], "size": [2, 1, 0], "pivot": [1, -1, 1], "rotation": [0, 15, 30], "uv": [21, 18]}
					]
				},
				{
					"name": "bone10",
					"parent": "arm_left2",
					"pivot": [1, -1, 1],
					"cubes": [
						{"origin": [7, 10.25, 0.15], "size": [2, 1, 0], "pivot": [1, -1, 1], "rotation": [0, -15, 0], "uv": [21, 16]}
					]
				},
				{
					"name": "tail",
					"parent": "torso",
					"pivot": [0, 5, 2],
					"cubes": [
						{"origin": [-3, 3, 0], "size": [6, 5, 5], "pivot": [0, 0, 1], "rotation": [-15, 0, 0], "uv": [25, 8]}
					]
				},
				{
					"name": "tail2",
					"parent": "tail",
					"pivot": [0, 6, 6],
					"cubes": [
						{"origin": [-2.5, 2, 5], "size": [5, 4, 5], "uv": [0, 55]}
					]
				},
				{
					"name": "tail3",
					"parent": "tail2",
					"pivot": [0, 5, 10],
					"cubes": [
						{"origin": [-1.5, 0.5, 10], "size": [3, 3, 5], "pivot": [0, 0, 1], "rotation": [10, 0, 0], "uv": [47, 18]}
					]
				},
				{
					"name": "tail4",
					"parent": "tail3",
					"pivot": [0, 5, 14],
					"cubes": [
						{"origin": [-1, -2.75, 14], "size": [2, 2, 4], "pivot": [0, 0, 1], "rotation": [25, 0, 0], "uv": [52, 46]}
					]
				},
				{
					"name": "fire",
					"parent": "tail4",
					"pivot": [0, 6, 17],
					"cubes": [
						{"origin": [-1.5, 7.75, 14], "size": [3, 4, 3], "pivot": [0, 0, 1], "rotation": [-10, 0, 0], "uv": [13, 42]},
						{"origin": [-3, 6.75, 15.5], "size": [6, 9, 0], "pivot": [0, 0, 1], "rotation": [-10, 0, 0], "uv": [28, 42]},
						{"origin": [0, 6.75, 12.5], "size": [0, 9, 6], "pivot": [0, 0, 1], "rotation": [-10, 0, 0], "uv": [20, 26]}
					]
				},
				{
					"name": "leg_left",
					"parent": "body",
					"pivot": [3, 7, 1],
					"rotation": [0, -5, 0],
					"cubes": [
						{"origin": [1.99619, 2.5, 0.91284], "size": [3, 4, 5], "pivot": [3.99619, 0, 0.91284], "rotation": [30, 0, 0], "uv": [0, 35]}
					]
				},
				{
					"name": "leg_left2",
					"parent": "leg_left",
					"pivot": [3.49619, 4, 0.41284],
					"cubes": [
						{"origin": [1.99619, 2, 0.41284], "size": [3, 3, 3], "inflate": -0.001, "uv": [0, 45]}
					]
				},
				{
					"name": "foot_left",
					"parent": "leg_left2",
					"pivot": [3.49619, 2, 0.41284],
					"cubes": [
						{"origin": [1.99619, 0, 0.41284], "size": [3, 2, 3], "uv": [48, 34]}
					]
				},
				{
					"name": "foot_left2",
					"parent": "foot_left",
					"pivot": [3.99619, 1, 0.91284],
					"cubes": [
						{"origin": [2.49619, 0, -2.08716], "size": [0, 1, 1], "uv": [6, 3]},
						{"origin": [3.49619, 0, -2.08716], "size": [0, 1, 1], "uv": [6, 0]},
						{"origin": [1.99619, 0, -1.08716], "size": [3, 1, 2], "inflate": -0.001, "uv": [10, 50]},
						{"origin": [4.49619, 0, -2.08716], "size": [0, 1, 1], "uv": [6, 4]}
					]
				},
				{
					"name": "leg_right",
					"parent": "body",
					"pivot": [-3, 7, 1],
					"rotation": [0, 5, 0],
					"cubes": [
						{"origin": [-4.99619, 2.5, 0.91284], "size": [3, 4, 5], "pivot": [-3.99619, 0, 0.91284], "rotation": [30, 0, 0], "uv": [0, 35], "mirror": true}
					]
				},
				{
					"name": "leg_right2",
					"parent": "leg_right",
					"pivot": [-3.49619, 4, 0.41284],
					"cubes": [
						{"origin": [-4.99619, 2, 0.41284], "size": [3, 3, 3], "inflate": -0.001, "uv": [0, 45], "mirror": true}
					]
				},
				{
					"name": "foot_right",
					"parent": "leg_right2",
					"pivot": [-3.49619, 2, 0.41284],
					"cubes": [
						{"origin": [-4.99619, 0, 0.41284], "size": [3, 2, 3], "uv": [48, 34], "mirror": true}
					]
				},
				{
					"name": "foot_right2",
					"parent": "foot_right",
					"pivot": [-3.99619, 1, 0.91284],
					"cubes": [
						{"origin": [-2.49619, 0, -2.08716], "size": [0, 1, 1], "uv": [6, 3], "mirror": true},
						{"origin": [-3.49619, 0, -2.08716], "size": [0, 1, 1], "uv": [6, 0], "mirror": true},
						{"origin": [-4.99619, 0, -1.08716], "size": [3, 1, 2], "inflate": -0.001, "uv": [10, 50], "mirror": true},
						{"origin": [-4.49619, 0, -2.08716], "size": [0, 1, 1], "uv": [6, 4], "mirror": true}
					]
				}
			]
		}
	]
}