{
	"format_version": "1.8.0",
	"animations": {
		"animation.miraidon.ground_idle": {
			"loop": true,
			"bones": {
				"body": {
					"position": [0, "0+Math.cos(query.anim_time * 90)", 0]
				},
				"neck": {
					"rotation": ["-7.5+Math.sin(query.anim_time * 90) * 3", 0, 0]
				},
				"bone": {
					"rotation": ["0+Math.sin(query.anim_time * 90 * 6) * 1", 0, 0]
				},
				"bone2": {
					"rotation": ["0+Math.sin(query.anim_time * 90 * 4) * 1", 0, 0]
				},
				"bone3": {
					"rotation": ["0+Math.sin(query.anim_time * 90 * 6) * 1", 0, 0]
				},
				"bone4": {
					"rotation": ["0+Math.sin(query.anim_time * 90 * 4) * 1", 0, 0]
				},
				"left_arm": {
					"rotation": [0, 0, "30-Math.sin(query.anim_time * 90) * 3"]
				},
				"left_arm2": {
					"rotation": [0, 40, 22.5]
				},
				"right_arm": {
					"rotation": [0, 0, "-30+Math.sin(query.anim_time * 90) * 3"]
				},
				"right_arm2": {
					"rotation": [0, -40, -22.5]
				},
				"tail": {
					"rotation": ["0+Math.cos(query.anim_time * 90) * 2", "0+Math.sin(query.anim_time * 90) * 4", 0]
				},
				"tail2": {
					"rotation": ["0+Math.cos(query.anim_time * 90) * 2", "0+Math.sin(query.anim_time * 90) * 4", 0]
				},
				"tail3": {
					"rotation": ["0+Math.cos(query.anim_time * 90) * 2", "0+Math.sin(query.anim_time * 70) * 4", 0]
				},
				"tail4": {
					"rotation": ["0+Math.cos(query.anim_time * 90) * 2", "0+Math.sin(query.anim_time * 60) * 4", 0]
				},
				"torso2": {
					"rotation": ["10+Math.sin(query.anim_time * 90) * 2", 0, 0]
				}
			}
		},
		"animation.miraidon.ground_walk": {
			"loop": true,
			"bones": {
				"body": {
					"position": [0, "0+Math.cos(query.anim_time * 90 * 2)", 0]
				},
				"neck": {
					"rotation": ["-10+Math.sin(query.anim_time * 90 * 2) * 3", 0, 0]
				},
				"bone": {
					"rotation": ["0+Math.sin(query.anim_time * 90 * 6) * 1", 0, 0]
				},
				"bone2": {
					"rotation": ["0+Math.sin(query.anim_time * 90 * 4) * 1", 0, 0]
				},
				"bone3": {
					"rotation": ["0+Math.sin(query.anim_time * 90 * 6) * 1", 0, 0]
				},
				"bone4": {
					"rotation": ["0+Math.sin(query.anim_time * 90 * 4) * 1", 0, 0]
				},
				"left_arm": {
					"rotation": [0, 0, "30-Math.sin(query.anim_time * 90 * 2) * 3"]
				},
				"left_arm2": {
					"rotation": [71.07945, 82.1372, 94.3973]
				},
				"right_arm": {
					"rotation": [0, 0, "-30+Math.sin(query.anim_time * 90 * 2) * 3"]
				},
				"right_arm2": {
					"rotation": [71.07945, -82.13722, -94.3973]
				},
				"tail": {
					"rotation": ["0+Math.cos(query.anim_time * 90 * 2) * 2", "0+Math.sin(query.anim_time * 90* 2) * 4", 0]
				},
				"tail2": {
					"rotation": ["0+Math.cos(query.anim_time * 90 * 2) * 2", "0+Math.sin(query.anim_time * 90 * 2) * 4", 0]
				},
				"tail3": {
					"rotation": ["0+Math.cos(query.anim_time * 90 * 2) * 2", "0+Math.sin(query.anim_time * 70 * 2) * 4", 0]
				},
				"tail4": {
					"rotation": ["0+Math.cos(query.anim_time * 90) * 2", "0+Math.sin(query.anim_time * 60) * 4", 0]
				},
				"torso2": {
					"rotation": ["20+Math.sin(query.anim_time * 90 * 2) * 2", 0, 0]
				}
			}
		},
		"animation.miraidon.air_idle": {
			"loop": true,
			"bones": {
				"body": {
					"position": [0, "0+Math.cos(query.anim_time * 90)", 0]
				},
				"neck": {
					"rotation": ["-7.5+Math.sin(query.anim_time * 90) * 3", 0, 0]
				},
				"bone": {
					"rotation": ["0+Math.sin(query.anim_time * 90 * 6) * 1", 0, 0]
				},
				"bone2": {
					"rotation": ["0+Math.sin(query.anim_time * 90 * 4) * 1", 0, 0]
				},
				"bone3": {
					"rotation": ["0+Math.sin(query.anim_time * 90 * 6) * 1", 0, 0]
				},
				"bone4": {
					"rotation": ["0+Math.sin(query.anim_time * 90 * 4) * 1", 0, 0]
				},
				"left_arm": {
					"rotation": [0, 0, "30-Math.sin(query.anim_time * 90) * 3"]
				},
				"left_arm2": {
					"rotation": [0, 40, 22.5]
				},
				"right_arm": {
					"rotation": [0, 0, "-30+Math.sin(query.anim_time * 90) * 3"]
				},
				"right_arm2": {
					"rotation": [0, -40, -22.5]
				},
				"tail": {
					"rotation": ["0+Math.cos(query.anim_time * 90) * 2", "0+Math.sin(query.anim_time * 90) * 4", 0]
				},
				"tail2": {
					"rotation": ["0+Math.cos(query.anim_time * 90) * 2", "0+Math.sin(query.anim_time * 90) * 4", 0]
				},
				"tail3": {
					"rotation": ["0+Math.cos(query.anim_time * 90) * 2", "0+Math.sin(query.anim_time * 70) * 4", 0]
				},
				"tail4": {
					"rotation": ["0+Math.cos(query.anim_time * 90) * 2", "0+Math.sin(query.anim_time * 60) * 4", 0]
				},
				"torso2": {
					"rotation": ["10+Math.sin(query.anim_time * 90) * 2", 0, 0]
				}
			}
		},
		"animation.miraidon.air_fly": {
			"loop": true,
			"bones": {
				"body": {
					"position": [0, "0+Math.cos(query.anim_time * 90 * 2)", 0]
				},
				"neck": {
					"rotation": ["-10+Math.sin(query.anim_time * 90 * 2) * 3", 0, 0]
				},
				"bone": {
					"rotation": ["0+Math.sin(query.anim_time * 90 * 6) * 1", 0, 0]
				},
				"bone2": {
					"rotation": ["0+Math.sin(query.anim_time * 90 * 4) * 1", 0, 0]
				},
				"bone3": {
					"rotation": ["0+Math.sin(query.anim_time * 90 * 6) * 1", 0, 0]
				},
				"bone4": {
					"rotation": ["0+Math.sin(query.anim_time * 90 * 4) * 1", 0, 0]
				},
				"left_arm": {
					"rotation": [0, 0, "30-Math.sin(query.anim_time * 90 * 2) * 3"]
				},
				"left_arm2": {
					"rotation": [71.07945, 82.1372, 94.3973]
				},
				"right_arm": {
					"rotation": [0, 0, "-30+Math.sin(query.anim_time * 90 * 2) * 3"]
				},
				"right_arm2": {
					"rotation": [71.07945, -82.13722, -94.3973]
				},
				"tail": {
					"rotation": ["0+Math.cos(query.anim_time * 90 * 2) * 2", "0+Math.sin(query.anim_time * 90* 2) * 4", 0]
				},
				"tail2": {
					"rotation": ["0+Math.cos(query.anim_time * 90 * 2) * 2", "0+Math.sin(query.anim_time * 90 * 2) * 4", 0]
				},
				"tail3": {
					"rotation": ["0+Math.cos(query.anim_time * 90 * 2) * 2", "0+Math.sin(query.anim_time * 70 * 2) * 4", 0]
				},
				"tail4": {
					"rotation": ["0+Math.cos(query.anim_time * 90) * 2", "0+Math.sin(query.anim_time * 60) * 4", 0]
				},
				"torso2": {
					"rotation": ["20+Math.sin(query.anim_time * 90 * 2) * 2", 0, 0]
				}
			}
		},
		"animation.miraidon.battle_idle": {
			"loop": true,
			"bones": {
				"body": {
					"position": [0, "0+Math.cos(query.anim_time * 90)", 0]
				},
				"neck": {
					"rotation": ["7.5+Math.sin(query.anim_time * 90) * 3", 0, 0]
				},
				"bone": {
					"rotation": ["0+Math.sin(query.anim_time * 90 * 9) * 1", 0, 0]
				},
				"bone2": {
					"rotation": ["0+Math.sin(query.anim_time * 90 * 6) * 1", 0, 0]
				},
				"bone3": {
					"rotation": ["0+Math.sin(query.anim_time * 90 * 9) * 1", 0, 0]
				},
				"bone4": {
					"rotation": ["0+Math.sin(query.anim_time * 90 * 6) * 1", 0, 0]
				},
				"left_arm": {
					"rotation": [0, 0, "30-Math.sin(query.anim_time * 90) * 3"]
				},
				"left_arm2": {
					"rotation": [-85.85499, 62.4654, 24.5693]
				},
				"right_arm": {
					"rotation": [0, 0, "-30+Math.sin(query.anim_time * 90) * 3"]
				},
				"right_arm2": {
					"rotation": [-85.85499, -62.4654, -24.56932]
				},
				"tail": {
					"rotation": ["0+Math.cos(query.anim_time * 90) * 2", "0+Math.sin(query.anim_time * 90) * 4", 0]
				},
				"tail2": {
					"rotation": ["0+Math.cos(query.anim_time * 90) * 2", "0+Math.sin(query.anim_time * 90) * 4", 0]
				},
				"tail3": {
					"rotation": ["0+Math.cos(query.anim_time * 90) * 2", "0+Math.sin(query.anim_time * 70) * 4", 0]
				},
				"tail4": {
					"rotation": ["0+Math.cos(query.anim_time * 90) * 2", "0+Math.sin(query.anim_time * 60) * 4", 0]
				},
				"torso2": {
					"rotation": ["-2.5+Math.sin(query.anim_time * 90) * 2", 0, 0]
				}
			}
		},
		"animation.miraidon.faint": {
			"loop": true,
			"bones": {
				"body": {
					"position": [0, "0+Math.cos(query.anim_time * 90)", 0]
				},
				"neck": {
					"rotation": ["7.5+Math.sin(query.anim_time * 90) * 3", 0, 0]
				},
				"bone": {
					"rotation": ["0+Math.sin(query.anim_time * 90 * 9) * 1", 0, 0]
				},
				"bone2": {
					"rotation": ["0+Math.sin(query.anim_time * 90 * 6) * 1", 0, 0]
				},
				"bone3": {
					"rotation": ["0+Math.sin(query.anim_time * 90 * 9) * 1", 0, 0]
				},
				"bone4": {
					"rotation": ["0+Math.sin(query.anim_time * 90 * 6) * 1", 0, 0]
				},
				"left_arm": {
					"rotation": [0, 0, "30-Math.sin(query.anim_time * 90) * 3"]
				},
				"left_arm2": {
					"rotation": [-85.85499, 62.4654, 24.5693]
				},
				"right_arm": {
					"rotation": [0, 0, "-30+Math.sin(query.anim_time * 90) * 3"]
				},
				"right_arm2": {
					"rotation": [-85.85499, -62.4654, -24.56932]
				},
				"tail": {
					"rotation": ["0+Math.cos(query.anim_time * 90) * 2", "0+Math.sin(query.anim_time * 90) * 4", 0]
				},
				"tail2": {
					"rotation": ["0+Math.cos(query.anim_time * 90) * 2", "0+Math.sin(query.anim_time * 90) * 4", 0]
				},
				"tail3": {
					"rotation": ["0+Math.cos(query.anim_time * 90) * 2", "0+Math.sin(query.anim_time * 70) * 4", 0]
				},
				"tail4": {
					"rotation": ["0+Math.cos(query.anim_time * 90) * 2", "0+Math.sin(query.anim_time * 60) * 4", 0]
				},
				"torso2": {
					"rotation": ["-2.5+Math.sin(query.anim_time * 90) * 2", 0, 0]
				}
			}
		},
		"animation.miraidon.blink": {
			"animation_length": 1.5,
			"bones": {
				"left_eye": {
					"position": {
						"0.0": [0, 0, 0],
						"0.0833": [0, 0, 0.25],
						"1.4167": [0, 0, 0.25],
						"1.5": [0, 0, 0]
					}
				},
				"right_eye": {
					"position": {
						"0.0": [0, 0, 0],
						"0.0833": [0, 0, 0.25],
						"1.4167": [0, 0, 0.25],
						"1.5": [0, 0, 0]
					}
				}
			}
		}
	}
}