{
	"format_version": "1.8.0",
	"animations": {
		"animation.virizion.ground_idle": {
			"loop": true,
			"bones": {
				"rightarm": {
					"rotation": ["10-math.sin(q.anim_time*90*2-66)*0.5", 0, 0],
					"position": [0, "-0.15-math.sin(q.anim_time*90*2-75)*0.06", 0]
				},
				"torso": {
					"rotation": ["math.sin(q.anim_time*90*2-90)*0.5+1", "math.sin(q.anim_time*90*1+33)*0.5", 0],
					"position": [0, "-math.sin(q.anim_time*90*2-45)*0.15", 0]
				},
				"head": {
					"rotation": ["math.sin(q.anim_time*90*2-60)*-3-1.5", 0, 0],
					"position": [0, "math.sin(q.anim_time*90*2+60)*0.05", 0]
				},
				"neck": {
					"rotation": ["math.sin(q.anim_time*90*2+40)*-0.6-5", 0, 0],
					"position": [0, "math.sin(q.anim_time*90*2-30)*0.1", 0]
				},
				"bone": {
					"rotation": [-7.5, 0, 0]
				},
				"bone6": {
					"rotation": [7.5, 0, 0]
				},
				"leftleg": {
					"rotation": ["11.4985+math.sin(q.anim_time*90*2-90)*1+3", 0.18779, -4.88831],
					"position": [0, "-0.1-math.sin(q.anim_time*90*2-75)*0.15-0.25-math.sin(q.anim_time*90*2+15)*0.04", "math.sin(q.anim_time*90*2+60)*0.02"]
				},
				"bone4": {
					"rotation": ["-5-math.sin(q.anim_time*90*2-66)*-1+3", 0, 0]
				},
				"bone7": {
					"rotation": ["-7.4898+math.sin(q.anim_time*90*2-66)*1.5+1.5", 0.01093, -0.22603]
				},
				"leftarm": {
					"rotation": ["-5-math.sin(q.anim_time*90*3-66)*0.5", 0, 0],
					"position": [0, "-0.15-math.sin(q.anim_time*90*3-75)*0.06", 0]
				},
				"bone3": {
					"rotation": ["-math.sin(q.anim_time*90*2-90)*2-6.5", 0, 0],
					"position": [0, "(math.sin(q.anim_time*90*2-33*1)*1+1)*0.1-0.1", 0]
				},
				"bone2": {
					"rotation": ["math.sin(q.anim_time*90*3-66)*1.5+1.5", 0, 0]
				}
			}
		},
		"animation.virizion.ground_walk": {
			"loop": true,
			"animation_length": 1,
			"bones": {
				"rightarm": {
					"rotation": {
						"0.0": {
							"post": [17.5, 0, 0],
							"lerp_mode": "catmullrom"
						},
						"0.2917": {
							"post": [-25.29, 0, 0],
							"lerp_mode": "catmullrom"
						},
						"0.5": {
							"post": [-20, 0, 0],
							"lerp_mode": "catmullrom"
						},
						"1.0": {
							"post": [17.5, 0, 0],
							"lerp_mode": "catmullrom"
						}
					}
				},
				"torso": {
					"rotation": {
						"0.0": {
							"post": [-2.5, 0, 0],
							"lerp_mode": "catmullrom"
						},
						"0.25": {
							"post": [0, 0, 0],
							"lerp_mode": "catmullrom"
						},
						"0.5": {
							"post": [-2.5, 0, 0],
							"lerp_mode": "catmullrom"
						},
						"0.75": {
							"post": [-0.16, 0, 0],
							"lerp_mode": "catmullrom"
						},
						"1.0": {
							"post": [-2.5, 0, 0],
							"lerp_mode": "catmullrom"
						}
					}
				},
				"head": {
					"rotation": {
						"0.0": {
							"post": [1.73231, 0.14888, 1.79869],
							"lerp_mode": "catmullrom"
						},
						"0.25": {
							"post": [-3.26769, 0.14888, 1.79869],
							"lerp_mode": "catmullrom"
						},
						"0.5": {
							"post": [1.73231, 0.14888, 1.79869],
							"lerp_mode": "catmullrom"
						},
						"0.75": {
							"post": [-3.26769, 0.14888, 1.79869],
							"lerp_mode": "catmullrom"
						},
						"1.0": {
							"post": [1.73231, 0.14888, 1.79869],
							"lerp_mode": "catmullrom"
						}
					}
				},
				"neck": {
					"rotation": {
						"0.0": {
							"post": [7.5, 0, 0],
							"lerp_mode": "catmullrom"
						},
						"0.25": {
							"post": [10, 0, 0],
							"lerp_mode": "catmullrom"
						},
						"0.5": {
							"post": [7.5, 0, 0],
							"lerp_mode": "catmullrom"
						},
						"0.75": {
							"post": [10, 0, 0],
							"lerp_mode": "catmullrom"
						},
						"1.0": {
							"post": [7.5, 0, 0],
							"lerp_mode": "catmullrom"
						}
					},
					"position": {
						"0.0": {
							"post": [0, -0.8, 0],
							"lerp_mode": "catmullrom"
						},
						"0.5": {
							"post": [0, -0.8, 0],
							"lerp_mode": "catmullrom"
						},
						"1.0": {
							"post": [0, -0.8, 0],
							"lerp_mode": "catmullrom"
						}
					}
				},
				"bone": {
					"rotation": {
						"0.0": {
							"post": [-2.5, 0, 0],
							"lerp_mode": "catmullrom"
						},
						"0.25": {
							"post": [1.94, 0, 0],
							"lerp_mode": "catmullrom"
						},
						"0.5": {
							"post": [-15, 0, 0],
							"lerp_mode": "catmullrom"
						},
						"0.75": {
							"post": [-26.02, 0, 0],
							"lerp_mode": "catmullrom"
						},
						"1.0": {
							"post": [-2.5, 0, 0],
							"lerp_mode": "catmullrom"
						}
					}
				},
				"bone6": {
					"rotation": {
						"0.0": {
							"post": [0.15106, -1.05874, 1.13096],
							"lerp_mode": "catmullrom"
						},
						"0.5": {
							"post": [20, 0, 0],
							"lerp_mode": "catmullrom"
						},
						"0.75": {
							"post": [50.38, 0, 0],
							"lerp_mode": "catmullrom"
						},
						"1.0": {
							"post": [0.15106, -1.05874, 1.13096],
							"lerp_mode": "catmullrom"
						}
					}
				},
				"leftleg": {
					"rotation": {
						"0.0": {
							"post": [26.49849, 0.18779, -4.88831],
							"lerp_mode": "catmullrom"
						},
						"0.5": {
							"post": [-15, 0, 0],
							"lerp_mode": "catmullrom"
						},
						"1.0": {
							"post": [26.49849, 0.18779, -4.88831],
							"lerp_mode": "catmullrom"
						}
					}
				},
				"bone4": {
					"rotation": {
						"0.0": {
							"post": [20, 0, 0],
							"lerp_mode": "catmullrom"
						},
						"0.25": {
							"post": [50.38, 0, 0],
							"lerp_mode": "catmullrom"
						},
						"0.5": {
							"post": [0.15106, 1.05874, -1.13096],
							"lerp_mode": "catmullrom"
						},
						"1.0": {
							"post": [20, 0, 0],
							"lerp_mode": "catmullrom"
						}
					}
				},
				"bone7": {
					"rotation": {
						"0.0": {
							"post": [-2.48976, 0.01093, -0.22603],
							"lerp_mode": "catmullrom"
						},
						"0.1667": {
							"post": [45.48438, 0.00886, -0.18332],
							"lerp_mode": "catmullrom"
						},
						"0.5": {
							"post": [2.5, 0, 0],
							"lerp_mode": "catmullrom"
						},
						"0.75": {
							"post": [4.39631, 0.00509, -0.1052],
							"lerp_mode": "catmullrom"
						},
						"1.0": {
							"post": [-2.48976, 0.01093, -0.22603],
							"lerp_mode": "catmullrom"
						}
					}
				},
				"leftarm": {
					"rotation": {
						"0.0": {
							"post": [-20, 0, 0],
							"lerp_mode": "catmullrom"
						},
						"0.5": {
							"post": [17.5, 0, 0],
							"lerp_mode": "catmullrom"
						},
						"0.7917": {
							"post": [-25.29, 0, 0],
							"lerp_mode": "catmullrom"
						},
						"1.0": {
							"post": [-20, 0, 0],
							"lerp_mode": "catmullrom"
						}
					}
				},
				"rightleg": {
					"rotation": {
						"0.0": {
							"post": [-15, 0, 0],
							"lerp_mode": "catmullrom"
						},
						"0.5": {
							"post": [26.49849, -0.18779, 4.88831],
							"lerp_mode": "catmullrom"
						},
						"1.0": {
							"post": [-15, 0, 0],
							"lerp_mode": "catmullrom"
						}
					}
				},
				"bone3": {
					"rotation": {
						"0.0": {
							"post": [-15, 0, 0],
							"lerp_mode": "catmullrom"
						},
						"0.25": {
							"post": [-26.02, 0, 0],
							"lerp_mode": "catmullrom"
						},
						"0.5": {
							"post": [-2.5, 0, 0],
							"lerp_mode": "catmullrom"
						},
						"0.75": {
							"post": [1.94, 0, 0],
							"lerp_mode": "catmullrom"
						},
						"1.0": {
							"post": [-15, 0, 0],
							"lerp_mode": "catmullrom"
						}
					}
				},
				"bone2": {
					"rotation": {
						"0.0": {
							"post": [2.5, 0, 0],
							"lerp_mode": "catmullrom"
						},
						"0.25": {
							"post": [4.39631, -0.00509, 0.1052],
							"lerp_mode": "catmullrom"
						},
						"0.5": {
							"post": [-2.48976, -0.01093, 0.22603],
							"lerp_mode": "catmullrom"
						},
						"0.6667": {
							"post": [45.48438, -0.00886, 0.18332],
							"lerp_mode": "catmullrom"
						},
						"1.0": {
							"post": [2.5, 0, 0],
							"lerp_mode": "catmullrom"
						}
					}
				},
				"virizion": {
					"rotation": {
						"0.0": {
							"post": [0, 0, 0],
							"lerp_mode": "catmullrom"
						},
						"0.5": {
							"post": [0, 0, 0],
							"lerp_mode": "catmullrom"
						},
						"1.0": {
							"post": [0, 0, 0],
							"lerp_mode": "catmullrom"
						}
					},
					"position": {
						"0.0": {
							"post": [0, -0.9, 0],
							"lerp_mode": "catmullrom"
						},
						"0.25": {
							"post": [0, -0.1, 0],
							"lerp_mode": "catmullrom"
						},
						"0.5": {
							"post": [0, -0.9, 0],
							"lerp_mode": "catmullrom"
						},
						"0.75": {
							"post": [0, -0.1, 0],
							"lerp_mode": "catmullrom"
						},
						"1.0": {
							"post": [0, -0.9, 0],
							"lerp_mode": "catmullrom"
						}
					}
				}
			}
		},
		"animation.virizion.cry": {
			"animation_length": 1.08333,
			"bones": {
				"head": {
					"rotation": {
						"0.0": [0, 0, 0],
						"0.0417": [-12.5, 0, 0],
						"0.1667": [5, 0, 0],
						"0.25": [0, 0, 0],
						"0.2917": {
							"pre": [-12.5, 0, 0],
							"post": [-12.5, 0, 0],
							"lerp_mode": "catmullrom"
						},
						"0.75": {
							"post": [0, 0, 0],
							"lerp_mode": "catmullrom"
						}
					}
				}
			},
			"sound_effects": {
				"0.0": {
					"effect": "pokemon.virizion.cry"
				}
			}
		}
	}
}