{
	"format_version": "1.8.0",
	"animations": {
		"animation.chica.ground_idle": {
			"loop": true,
			"bones": {
				"torso": {
					"rotation": ["Math.sin(query.anim_time * 90) * 2 * 2", 0, 0]
				},
				"head": {
					"rotation": ["0+Math.sin(query.anim_time * 90) * 2 * 2 ", -0.434, "2.4621+Math.sin(query.anim_time * 90) * 2 * 2"]
				},
				"left_arm": {
					"rotation": [0, 0, "42.5+Math.sin(query.anim_time * 90) * 2 * 2"]
				},
				"left_arm2": {
					"rotation": [10.11783, 22.9824, "24.562+Math.sin(query.anim_time * 90) * 4 * 2"]
				},
				"left_hand": {
					"rotation": [0, 0, "0+Math.sin(query.anim_time * 90) * 2 * 2"]
				},
				"lower_endoskeleton": {
					"position": [0, 0, -2]
				},
				"right_leg": {
					"rotation": [-5.07673, 9.96156, 4.11955],
					"position": [0, -0.25, 0]
				},
				"right_leg2": {
					"rotation": [5, 0, -5]
				},
				"left_leg": {
					"rotation": [-7.67995, -12.39135, -5.8425],
					"position": [0, -0.25, 0]
				},
				"left_leg2": {
					"rotation": [9.99067, 0.43399, 5.03793]
				},
				"right_arm": {
					"rotation": [0, 0, -27.5]
				},
				"right_arm2": {
					"rotation": [59.95372, -35.93196, -75.04628]
				},
				"right_ear": {
					"rotation": ["0+Math.sin(query.anim_time * 90) * 2 * 2", 0, 0]
				},
				"left_ear": {
					"rotation": ["0+Math.sin(query.anim_time * 90) * 2 * 2", 0, 0]
				},
				"bone3": {
					"rotation": [-27.5, "15+Math.sin(query.anim_time * 90) * 2 * 2", "Math.sin(query.anim_time * 90) * 2 * 2"]
				},
				"bone4": {
					"rotation": [0, 0, 20]
				},
				"bone2": {
					"rotation": [0, 0, "27.5+Math.sin(query.anim_time * 90) * 2 * 2"]
				}
			}
		},
		"animation.chica.ground_walk": {
			"loop": true,
			"bones": {
				"torso": {
					"rotation": ["0+Math.sin(query.anim_time * 180) * 2 * 2", 0, 0]
				},
				"head": {
					"rotation": ["0+Math.sin(query.anim_time * 180) * 2 * 2 ", -0.434, "2.4621+Math.sin(query.anim_time * 180) * 2 * 2"]
				},
				"left_arm": {
					"rotation": [0, "0+Math.sin(query.anim_time * -180) * 4 * 4", "42.5+Math.sin(query.anim_time * 180) * 2 * 2"]
				},
				"left_arm2": {
					"rotation": [10.11783, 22.9824, "24.562+Math.sin(query.anim_time * 180) * 4 * 2"]
				},
				"left_hand": {
					"rotation": [0, 0, "0+Math.sin(query.anim_time * 90) * 2 * 2"]
				},
				"lower_endoskeleton": {
					"position": [0, 0, -2]
				},
				"right_leg": {
					"rotation": ["-5.0767+Math.sin(query.anim_time * -180) * 4 * 4", 9.96156, 4.11955],
					"position": [0, -0.25, 0]
				},
				"right_leg2": {
					"rotation": ["5+Math.sin(query.anim_time * 180) * 2 * 2", 0, -5]
				},
				"left_leg": {
					"rotation": ["-7.6799+Math.sin(query.anim_time * 180) * 4 * 4", -12.39135, -5.8425],
					"position": [0, -0.25, 0]
				},
				"left_leg2": {
					"rotation": ["9.9907+Math.sin(query.anim_time * 180) * 2 * 2", 0.43399, 5.03793]
				},
				"right_arm": {
					"rotation": [0, 0, -27.5]
				},
				"right_arm2": {
					"rotation": [59.95372, -35.93196, -75.04628]
				},
				"right_ear": {
					"rotation": ["0+Math.sin(query.anim_time * 180) * 2 * 2", 0, 0]
				},
				"left_ear": {
					"rotation": ["0+Math.sin(query.anim_time * 180) * 2 * 2", 0, 0]
				},
				"bone3": {
					"rotation": [-27.5, "15+Math.sin(query.anim_time * 180) * 2 * 2", "Math.sin(query.anim_time * 180) * 2 * 2"]
				},
				"bone4": {
					"rotation": [0, 0, 20]
				},
				"bone2": {
					"rotation": [0, 0, "27.5+Math.sin(query.anim_time * 180) * 2 * 2"]
				}
			}
		},
		"animation.chica.faint": {
			"loop": true,
			"bones": {
				"torso": {
					"rotation": ["Math.sin(query.anim_time * 90) * 2 * 2", 0, 0]
				},
				"head": {
					"rotation": ["0+Math.sin(query.anim_time * 90) * 2 * 2 ", -0.434, "2.4621+Math.sin(query.anim_time * 90) * 2 * 2"]
				},
				"left_arm": {
					"rotation": [0, 0, "42.5+Math.sin(query.anim_time * 90) * 2 * 2"]
				},
				"left_arm2": {
					"rotation": [10.11783, 22.9824, "24.562+Math.sin(query.anim_time * 90) * 4 * 2"]
				},
				"left_hand": {
					"rotation": [0, 0, "0+Math.sin(query.anim_time * 90) * 2 * 2"]
				},
				"lower_endoskeleton": {
					"position": [0, 0, -2]
				},
				"right_leg": {
					"rotation": [-5.07673, 9.96156, 4.11955],
					"position": [0, -0.25, 0]
				},
				"right_leg2": {
					"rotation": [5, 0, -5]
				},
				"left_leg": {
					"rotation": [-7.67995, -12.39135, -5.8425],
					"position": [0, -0.25, 0]
				},
				"left_leg2": {
					"rotation": [9.99067, 0.43399, 5.03793]
				},
				"right_arm": {
					"rotation": [0, 0, -27.5]
				},
				"right_arm2": {
					"rotation": [59.95372, -35.93196, -75.04628]
				},
				"right_ear": {
					"rotation": ["0+Math.sin(query.anim_time * 90) * 2 * 2", 0, 0]
				},
				"left_ear": {
					"rotation": ["0+Math.sin(query.anim_time * 90) * 2 * 2", 0, 0]
				},
				"bone3": {
					"rotation": [-27.5, "15+Math.sin(query.anim_time * 90) * 2 * 2", "Math.sin(query.anim_time * 90) * 2 * 2"]
				},
				"bone4": {
					"rotation": [0, 0, 20]
				},
				"bone2": {
					"rotation": [0, 0, "27.5+Math.sin(query.anim_time * 90) * 2 * 2"]
				}
			}
		}
	}
}