{
	"format_version": "1.8.0",
	"animations": {
		"animation.charmander2.ground_idle": {
			"loop": true,
			"bones": {
				"leg_left": {
					"rotation": [0, -10, 0],
					"position": [0, 0, 0.5]
				},
				"head": {
					"rotation": [-2.5, 0, 0],
					"position": [0, -1, 0]
				},
				"jaw": {
					"rotation": ["10+math.sin(q.anim_time*90*2-60)*4", 0, 0]
				},
				"arm_left": {
					"rotation": [-8.25443, 13.28331, "34.4176+2*(math.sin(q.anim_time*90*4)*1+1)"],
					"position": [0, -0.5, 0],
					"scale": 1
				},
				"arm_left2": {
					"rotation": [5, 25, 12.5],
					"position": [-0.5, 0.1, 0]
				},
				"arm_right": {
					"rotation": [10.65139, -22.29932, "-37.3282-2*(math.sin(q.anim_time*90*4)*1+1)"],
					"position": [0, -0.5, 0]
				},
				"arm_right2": {
					"rotation": [0, -22.5, -12.5],
					"position": [0.4, 0.1, 0],
					"scale": 1
				},
				"leg_right": {
					"rotation": [0, 10, 0],
					"position": [0, 0, 0.5]
				},
				"torso": {
					"position": [0, "-0.1*(math.sin(q.anim_time*90*4-90)*1+1)", 0.5]
				},
				"chest": {
					"position": [0, 0.5, 0]
				},
				"tail": {
					"rotation": [-12.5, "0+8*(math.sin(q.anim_time*90*3)*1)+4*(math.sin(q.anim_time*90*3/2)*1)", 0],
					"position": [0, 0, 0]
				},
				"tail2": {
					"rotation": [15, "6*(math.sin(q.anim_time*90*3-90)*1)+6*(math.sin(q.anim_time*90*3/2-90)*1)", 0],
					"position": [0, 0, -0.5]
				},
				"fire": {
					"rotation": [
						"10+6*(math.sin(q.anim_time*90*3*2-90)*1-1)+6*(math.sin(q.anim_time*90*3/2-90)*1-1)",
						0,
						"20+12*(math.sin(q.anim_time*90*3-150)*1-1)+6*(math.sin(q.anim_time*90*3/2-90)*1-1)"
					],
					"scale": "1+math.cos((query.anim_time - 0.2) * 90) * 0.15"
				}
			}
		},
		"animation.charmander2.ground_walk": {
			"loop": true,
			"bones": {
				"body": {
					"rotation": [
						"math.clamp(math.sin(query.anim_time*180*4*1.5/2+20)*1,0.2,1)+math.clamp(-math.sin(query.anim_time*180*4*1.5/2)*1,0.2,1)-0.8",
						"-math.clamp(math.sin(query.anim_time*90*4*1.5+90)*0.3,-0.3,0.3)*5",
						0
					],
					"position": [
						0,
						"-math.clamp(math.sin(-query.anim_time*90*4*1.5+45/2)*0.6,0,1)-math.clamp(math.sin(-query.anim_time*90*4*1.5+45/2+180)*0.6,0,1)+0.6",
						"-math.clamp(math.sin(query.anim_time*90*4*1.5)*0.3,0,0.3)-math.clamp(math.sin(-query.anim_time*90*4*1.5)*0.3,0,0.3)"
					]
				},
				"tail": {
					"rotation": [5, 0, 0]
				},
				"tail2": {
					"rotation": [0, 0, 0]
				},
				"fire": {
					"rotation": [
						"10+6*(math.sin(q.anim_time*90*3*2-90)*1-1)+6*(math.sin(q.anim_time*90*3/2-90)*1-1)",
						0,
						"20+12*(math.sin(q.anim_time*90*3-150)*1-1)+6*(math.sin(q.anim_time*90*3/2-90)*1-1)"
					],
					"scale": "1+math.cos((query.anim_time - 0.2) * 90) * 0.15"
				},
				"arm_left": {
					"rotation": [0, "-math.sin(query.anim_time*90*6)*6", "-2*(math.sin(q.anim_time*90*6*2)*1+1)"],
					"position": [0, 1, 0]
				},
				"arm_right": {
					"rotation": [0, "-math.sin(query.anim_time*90*6)*6", "2*(math.sin(q.anim_time*90*6*2)*1+1)"],
					"position": [0, 1, 0]
				},
				"leg_left": {
					"rotation": [
						"-math.clamp(math.sin(query.anim_time*90*4*1.5+45)*10,-15,14)+math.clamp(-math.sin(query.anim_time*90*4*1.5+180)*12,5,12)-5",
						"math.clamp(-math.sin(query.anim_time*90*4*1.5+180*1)*7.5,0,10)+math.clamp(-math.sin(query.anim_time*90*4*1.5+90+180*1)*3,0,10)",
						0
					],
					"position": [
						0,
						"-1.25+math.clamp(-math.sin(-query.anim_time*90*4*1.5-20+180)*0.4,0.2,1)-math.clamp(-math.sin(query.anim_time*90*4*1.5+65+180)*0.8,0.7,0.9)+math.clamp(-math.sin(query.anim_time*90*4*1.5-25+180)*1,0.7,1)+math.clamp(-math.sin(query.anim_time*90*4*1.5-35+180*2)*2,1,2)",
						"-math.clamp(math.sin(query.anim_time*90*4*1.5)*0.2,-0.5,1)-math.clamp(math.sin(query.anim_time*90*4*1.5)*0.4,-0.8,0)+0.9"
					]
				},
				"leg_right": {
					"rotation": [
						"-math.clamp(math.sin(query.anim_time*90*4*1.5+45+180)*10,-15,14)+math.clamp(-math.sin(query.anim_time*90*4*1.5+180*2)*12,5,12)-5",
						"-math.clamp(-math.sin(query.anim_time*90*4*1.5+180*2)*7.5,0,10)-math.clamp(-math.sin(query.anim_time*90*4*1.5+90+180*2)*3,0,10)",
						0
					],
					"position": [
						0,
						"-1.25+math.clamp(-math.sin(-query.anim_time*90*4*1.5-20)*0.4,0.2,1)-math.clamp(-math.sin(query.anim_time*90*4*1.5+65)*0.8,0.7,0.9)+math.clamp(-math.sin(query.anim_time*90*4*1.5-25)*1,0.7,1)+math.clamp(-math.sin(query.anim_time*90*4*1.5-35+180)*2,1,2)",
						"-math.clamp(math.sin(query.anim_time*90*4*1.5+180)*0.2,-0.5,1)-math.clamp(math.sin(query.anim_time*90*4*1.5+180)*0.4,-0.8,0)+0.9"
					]
				},
				"torso": {
					"position": [0, "-0.1*(math.sin(q.anim_time*90*4-90)*1+1)", 0.5]
				},
				"neck": {
					"position": [0, 0, 0]
				},
				"head": {
					"rotation": [0, 0, 0],
					"position": [0, -1, 0]
				}
			}
		},
		"animation.charmander2.physical_attack": {
			"animation_length": 3.36,
			"bones": {
				"eyelid_right": {
					"position": {
						"0.0": [0, 0, 0],
						"1.88": [0, 0, 0],
						"1.92": [-0.1, 0, -0.1],
						"2.12": [-0.1, 0, -0.1],
						"2.16": [0, 0, 0],
						"3.36": [0, 0, 0]
					}
				},
				"eyelid_left": {
					"position": {
						"0.0": [0, 0, 0],
						"1.88": [0, 0, 0],
						"1.92": [0.1, 0, -0.1],
						"2.12": [0.1, 0, -0.1],
						"2.16": [0, 0, 0],
						"3.36": [0, 0, 0]
					}
				},
				"body": {
					"rotation": {
						"0.44": {
							"pre": [0, 0, 0],
							"post": [0, 0, 0],
							"lerp_mode": "catmullrom"
						},
						"0.48": {
							"post": [0, 0, 0],
							"lerp_mode": "catmullrom"
						},
						"0.92": {
							"post": [-28, 10, 0],
							"lerp_mode": "catmullrom"
						},
						"1.32": {
							"post": [0, 0, 0],
							"lerp_mode": "catmullrom"
						},
						"2.16": {
							"post": [0, 0, 0],
							"lerp_mode": "catmullrom"
						}
					}
				},
				"torso": {
					"rotation": {
						"0.0": {
							"post": [2.5, 0, 0],
							"lerp_mode": "catmullrom"
						},
						"0.52": {
							"post": [57.5, 0, 0],
							"lerp_mode": "catmullrom"
						},
						"0.68": {
							"post": [9.99923, -0.07608, -0.31822],
							"lerp_mode": "catmullrom"
						},
						"0.92": {
							"post": [2.5, 0, 0],
							"lerp_mode": "catmullrom"
						},
						"1.32": {
							"post": [18.5, -37, 5],
							"lerp_mode": "catmullrom"
						},
						"1.36": {
							"post": [41.05877, -47.37946, -1.0839],
							"lerp_mode": "catmullrom"
						},
						"1.44": {
							"post": [45.43719, -49.23777, -3.59889],
							"lerp_mode": "catmullrom"
						},
						"1.52": {
							"post": [41.05877, -47.37946, -1.0839],
							"lerp_mode": "catmullrom"
						},
						"1.8": {
							"post": [23.05887, -40.82705, 3.26592],
							"lerp_mode": "catmullrom"
						},
						"1.96": {
							"post": [42.76937, -39.99033, -9.58484],
							"lerp_mode": "catmullrom"
						},
						"2.08": {
							"post": [45.78701, -38.35331, -15.56026],
							"lerp_mode": "catmullrom"
						},
						"2.24": {
							"post": [27.76937, -39.99033, -9.58484],
							"lerp_mode": "catmullrom"
						},
						"2.32": {
							"post": [16.15781, -40.82959, -3.22712],
							"lerp_mode": "catmullrom"
						},
						"2.56": {
							"post": [17.76937, -39.99033, -9.58484],
							"lerp_mode": "catmullrom"
						},
						"2.64": {
							"post": [48.74243, -35.99129, -8.62635],
							"lerp_mode": "catmullrom"
						},
						"2.8": {
							"post": [12.99956, -27.80849, 15.43977],
							"lerp_mode": "catmullrom"
						},
						"3.36": {
							"post": [2.5, 0, 0],
							"lerp_mode": "catmullrom"
						}
					},
					"position": {
						"0.0": {
							"post": [0, -0.1, 0],
							"lerp_mode": "catmullrom"
						},
						"0.32": {
							"post": [0, -0.19, -2],
							"lerp_mode": "catmullrom"
						},
						"0.44": {
							"post": [0, -0.79, -2],
							"lerp_mode": "catmullrom"
						},
						"0.92": {
							"post": [0, 0, 0],
							"lerp_mode": "catmullrom"
						},
						"1.32": {
							"post": [0, -0.5, 0],
							"lerp_mode": "catmullrom"
						},
						"1.44": {
							"post": [0.67, -0.5, -0.67],
							"lerp_mode": "catmullrom"
						},
						"1.8": {
							"post": [-1, -0.5, 1],
							"lerp_mode": "catmullrom"
						},
						"1.96": {
							"post": [-1, -1.5, 0],
							"lerp_mode": "catmullrom"
						},
						"2.24": {
							"post": [-1, 0.5, 0],
							"lerp_mode": "catmullrom"
						},
						"2.56": {
							"post": [-1, 0.5, 0],
							"lerp_mode": "catmullrom"
						},
						"2.64": {
							"post": [1.1, 0.44, -2.9],
							"lerp_mode": "catmullrom"
						},
						"2.8": {
							"post": [0, -0.1, 0],
							"lerp_mode": "catmullrom"
						},
						"3.36": {
							"post": [0, -0.1, 0],
							"lerp_mode": "catmullrom"
						}
					}
				},
				"head": {
					"rotation": {
						"0.0": {
							"post": [0, 0, 0],
							"lerp_mode": "catmullrom"
						},
						"0.32": {
							"post": [-17.5, 5, 0],
							"lerp_mode": "catmullrom"
						},
						"0.44": {
							"post": [-40.07734, 4.61854, -1.91757],
							"lerp_mode": "catmullrom"
						},
						"0.92": {
							"post": [36.5, -5, 0],
							"lerp_mode": "catmullrom"
						},
						"1.32": {
							"post": [4, 37.25, -6.25],
							"lerp_mode": "catmullrom"
						},
						"1.44": {
							"post": [-31.0344, 35.99973, -31.19379],
							"lerp_mode": "catmullrom"
						},
						"1.8": {
							"post": [-26.0344, 35.99973, -31.19379],
							"lerp_mode": "catmullrom"
						},
						"1.96": {
							"post": [-26.0344, 35.99973, -31.19379],
							"lerp_mode": "catmullrom"
						},
						"2.12": {
							"post": [2.17865, 36.77351, -30.22167],
							"lerp_mode": "catmullrom"
						},
						"2.28": {
							"post": [-24.1915, 26.8712, -19.73014],
							"lerp_mode": "catmullrom"
						},
						"2.56": {
							"post": [-24.1915, 26.8712, -19.73014],
							"lerp_mode": "catmullrom"
						},
						"2.64": {
							"post": [-41.08632, 26.03427, -15.91499],
							"lerp_mode": "catmullrom"
						},
						"3.04": {
							"post": [-2.5, 0, 0],
							"lerp_mode": "catmullrom"
						},
						"3.36": {
							"post": [0, 0, 0],
							"lerp_mode": "catmullrom"
						}
					}
				},
				"jaw": {
					"rotation": {
						"0.0": ["10+math.sin(q.anim_time*90*2-60)*4", 0, 0],
						"0.24": ["35+math.sin(q.anim_time*90*2-60)*4", 0, 0],
						"0.48": ["35+math.sin(q.anim_time*90*2-60)*4", 0, 0],
						"0.56": ["-7.5+math.sin(q.anim_time*90*2-60)*4", 0, 0],
						"1.0": ["-7.5+math.sin(q.anim_time*90*2-60)*4", 0, 0],
						"1.08": ["32.5+math.sin(q.anim_time*90*2-60)*4", 0, 0],
						"1.36": ["32.5+math.sin(q.anim_time*90*2-60)*4", 0, 0],
						"1.52": ["5+math.sin(q.anim_time*90*2-60)*4", 0, 0],
						"3.36": ["10+math.sin(q.anim_time*90*2-60)*4", 0, 0]
					}
				},
				"tail": {
					"rotation": {
						"0.0": [-20, "8*(math.sin(q.anim_time*90*3)*1)+4*(math.sin(q.anim_time*90*3/2)*1)", 0],
						"0.32": [10, "-17*(math.sin(q.anim_time*90*3)*1)+4*(math.sin(q.anim_time*90*3/2)*1)", 0],
						"0.52": [10, "-17*(math.sin(q.anim_time*90*3)*1)+4*(math.sin(q.anim_time*90*3/2)*1)", 0],
						"0.6": [-41.36364, -2.0763, 0],
						"0.92": [50, 8, 0],
						"1.28": [50, 8, 0],
						"1.48": [24.57348, -56.39119, -10.2071],
						"1.88": [14.47895, 22.97772, 16.39776],
						"2.04": [17.43915, 39.81863, 22.01521],
						"2.2": [14.48982, -42.12148, 2.25647],
						"2.56": [14.48982, -42.12148, 2.25647],
						"2.64": [-55.9994, 32.98924, -21.67513],
						"2.72": [-60.53578, 45.01411, -35.35502],
						"3.36": [-20, "8*(math.sin(q.anim_time*90*3)*1)+4*(math.sin(q.anim_time*90*3/2)*1)", 0]
					}
				},
				"tail2": {
					"rotation": {
						"0.0": [15, "6*(math.sin(q.anim_time*90*3-90)*1)+6*(math.sin(q.anim_time*90*3/2-90)*1)", 0],
						"0.4": [45, "-4*(math.sin(q.anim_time*90*3-90)*1)+6*(math.sin(q.anim_time*90*3/2-90)*1)", 0],
						"0.56": [30, "-4*(math.sin(q.anim_time*90*3-90)*1)+6*(math.sin(q.anim_time*90*3/2-90)*1)", 0],
						"0.68": [-25.55556, -2.04627, 0],
						"0.92": [17.5, 6, 0],
						"1.28": [17.5, 6, 0],
						"1.52": [-15.5, -41, -1.75],
						"2.04": [-12.60476, 22.44894, -16.94227],
						"2.2": [-14.18539, 34.61262, -20.23227],
						"2.32": [-11.19427, -30.8845, -6.59318],
						"2.56": [-11.19427, -30.8845, -6.59318],
						"2.68": [0.57328, 22.28596, 4.55937],
						"2.8": [7.34222, 35.57756, 16.99153],
						"3.36": [15, "6*(math.sin(q.anim_time*90*3-90)*1)+6*(math.sin(q.anim_time*90*3/2-90)*1)", 0]
					}
				},
				"fire": {
					"rotation": {
						"0.0": [0, 0, 0],
						"0.32": [-59.5, 10.75, 6.5],
						"0.44": [-59.5, 10.75, 6.5],
						"0.48": [-59.5, 10.75, 6.5],
						"0.92": [-65, 0, 0],
						"1.32": [-14.25, 4.5, 17],
						"1.44": [-14.25, 4.5, 17],
						"3.36": [0, 0, 0]
					},
					"scale": "1+math.cos((query.anim_time - 0.2) * 90) * 0.15"
				},
				"arm_left": {
					"rotation": {
						"0.0": [10, 10, "35+2*(math.sin(q.anim_time*90*4)*1+1)"],
						"0.32": [10, 32.5, "5+2*(math.sin(q.anim_time*90*4)*1+1)"],
						"0.44": [10, 32.5, "5+2*(math.sin(q.anim_time*90*4)*1+1)"],
						"0.48": [10, 32.5, "5+2*(math.sin(q.anim_time*90*4)*1+1)"],
						"0.92": [5, -45, -20],
						"1.32": [-30, -31.5, 26],
						"1.44": [-10.80602, -47.47778, -1.0008],
						"1.88": [3.74523, 25.2478, 15.24739],
						"2.04": [23.39086, 38.66354, 40.68403],
						"2.2": [246.97858, 74.52078, 235.73206],
						"2.6": [349.3144, 11.22738, 388.3168],
						"3.36": [349.62961, 11.67534, 400.86757]
					},
					"position": {
						"0.0": [0, 0, 0],
						"1.32": [0, 0, 0],
						"1.44": [0, 0, 0],
						"3.36": [0, 0, 0]
					}
				},
				"arm_right": {
					"rotation": {
						"0.0": [10, -10, "-35-2*(math.sin(q.anim_time*90*4)*1+1)"],
						"0.32": [10, -32.5, "-5-2*(math.sin(q.anim_time*90*4)*1+1)"],
						"0.44": [10, -32.5, "-5-2*(math.sin(q.anim_time*90*4)*1+1)"],
						"0.48": [10, -32.5, "-5-2*(math.sin(q.anim_time*90*4)*1+1)"],
						"0.68": [5, 45, 10],
						"0.92": [5, 45, 10],
						"1.28": [65.77861, 3.94386, 35.96766],
						"1.32": [106.22468, -42.11143, -35.55626],
						"1.36": [183.65113, -63.82461, -168.62636],
						"1.48": [138.5, -54, -117],
						"1.56": [75.12891, -66.23566, -46.41393],
						"1.8": [69.56224, 17.21882, -13.74953],
						"1.96": [87.58417, -52.09479, -70.15657],
						"2.12": [1.76544, -51.5025, 32.2965],
						"2.56": [36.91819, 18.09376, -28.73756],
						"3.36": [10, -10, "-35-2*(math.sin(q.anim_time*90*4)*1+1)"]
					},
					"position": {
						"0.0": [0, 0, 0],
						"0.68": [0, 0, 0],
						"0.92": [0, 0, 0],
						"1.36": [0, -0.75, -1.5],
						"1.48": [0, -0.75, -1.5],
						"2.12": [0, -0.75, -1.5],
						"2.56": [-0.86826, -1.05348, 0.53814],
						"3.36": [0, 0, 0]
					}
				},
				"leg_left": {
					"rotation": {
						"0.0": {
							"post": [0, -10, 0],
							"lerp_mode": "catmullrom"
						},
						"0.04": {
							"post": [0, -10, 0],
							"lerp_mode": "catmullrom"
						},
						"0.12": {
							"post": [-7.83962, -22.43312, 1.05613],
							"lerp_mode": "catmullrom"
						},
						"0.28": {
							"post": [0, -17.5, 0],
							"lerp_mode": "catmullrom"
						},
						"0.48": {
							"post": [0, -17.5, 0],
							"lerp_mode": "catmullrom"
						},
						"0.52": {
							"post": [52.309, -10.74989, -13.30114],
							"lerp_mode": "catmullrom"
						},
						"0.92": {
							"post": [-65.28329, -9.89432, 3.01705],
							"lerp_mode": "catmullrom"
						},
						"1.32": {
							"post": [0, -72.5, 0],
							"lerp_mode": "catmullrom"
						},
						"1.44": {
							"post": [23.64436, -71.0069, -22.48839],
							"lerp_mode": "catmullrom"
						},
						"1.8": {
							"post": [23.64436, -71.0069, -22.48839],
							"lerp_mode": "catmullrom"
						},
						"1.96": {
							"post": [23.64436, -71.0069, -9.98839],
							"lerp_mode": "catmullrom"
						},
						"2.12": {
							"post": [-57.1002, -64.02566, 64.98171],
							"lerp_mode": "catmullrom"
						},
						"2.24": {
							"post": [92.14449, -32.29467, -63.12006],
							"lerp_mode": "catmullrom"
						},
						"2.76": {
							"post": [48.78694, -60.4662, -35.69121],
							"lerp_mode": "catmullrom"
						},
						"3.36": {
							"post": [0, -10, 0],
							"lerp_mode": "catmullrom"
						}
					},
					"position": {
						"0.0": {
							"post": [0, 0, 0],
							"lerp_mode": "catmullrom"
						},
						"0.04": {
							"post": [0, 0, 0],
							"lerp_mode": "catmullrom"
						},
						"0.12": {
							"post": [0.67, 0.5, -0.17],
							"lerp_mode": "catmullrom"
						},
						"0.28": {
							"post": [1, 0, -1],
							"lerp_mode": "catmullrom"
						},
						"0.48": {
							"post": [1, 0, -1],
							"lerp_mode": "catmullrom"
						},
						"0.92": {
							"post": [0.26, -0.55, 1.15],
							"lerp_mode": "catmullrom"
						},
						"1.2": {
							"post": [-0.07, -1.36, 2.11],
							"lerp_mode": "catmullrom"
						},
						"1.32": {
							"post": [-0.15515, 0, 0.79042],
							"lerp_mode": "catmullrom"
						},
						"1.44": {
							"post": [-1.15515, 0, 2.79042],
							"lerp_mode": "catmullrom"
						},
						"2.76": {
							"post": [-0.06, 0, 0.42],
							"lerp_mode": "catmullrom"
						},
						"2.92": {
							"post": [-0.06, 1, 1.33],
							"lerp_mode": "catmullrom"
						},
						"3.36": {
							"post": [0, 0, 0],
							"lerp_mode": "catmullrom"
						}
					}
				},
				"leg_right": {
					"rotation": {
						"0.0": {
							"post": [0, 10, 0],
							"lerp_mode": "catmullrom"
						},
						"0.2": {
							"post": [0, 10, 0],
							"lerp_mode": "catmullrom"
						},
						"0.28": {
							"post": [-10, 31.25, 0],
							"lerp_mode": "catmullrom"
						},
						"0.4": {
							"post": [0, 37.5, 0],
							"lerp_mode": "catmullrom"
						},
						"0.48": {
							"post": [30.44565, 33.48545, 17.96717],
							"lerp_mode": "catmullrom"
						},
						"0.56": {
							"post": [90.29071, 1.33695, 22.6923],
							"lerp_mode": "catmullrom"
						},
						"0.92": {
							"post": [-36.65423, 41.99176, -8.46179],
							"lerp_mode": "catmullrom"
						},
						"1.28": {
							"post": [-54.15094, 21.48099, 7.90804],
							"lerp_mode": "catmullrom"
						},
						"1.36": {
							"post": [15, 0, 0],
							"lerp_mode": "catmullrom"
						},
						"1.44": {
							"post": [2.5, 0, 0],
							"lerp_mode": "catmullrom"
						},
						"1.8": {
							"post": [2.5, 0, 0],
							"lerp_mode": "catmullrom"
						},
						"1.96": {
							"post": [17.5, 0, 0],
							"lerp_mode": "catmullrom"
						},
						"2.04": {
							"post": [-42.5, 0, 0],
							"lerp_mode": "catmullrom"
						},
						"2.28": {
							"post": [-42.5, 0, 0],
							"lerp_mode": "catmullrom"
						},
						"2.52": {
							"post": [44.00703, -10.54529, 10.72858],
							"lerp_mode": "catmullrom"
						},
						"2.6": {
							"post": [-20.18412, -8.5886, 9.70681],
							"lerp_mode": "catmullrom"
						},
						"3.36": {
							"post": [0, 10, 0],
							"lerp_mode": "catmullrom"
						}
					},
					"position": {
						"0.0": {
							"post": [0, 0, 0],
							"lerp_mode": "catmullrom"
						},
						"0.2": {
							"post": [0, 0, 0],
							"lerp_mode": "catmullrom"
						},
						"0.28": {
							"post": [-0.25, 0.75, 0.62],
							"lerp_mode": "catmullrom"
						},
						"0.4": {
							"post": [-0.5, 0, 1.25],
							"lerp_mode": "catmullrom"
						},
						"0.48": {
							"post": [-0.5, 0, -0.75],
							"lerp_mode": "catmullrom"
						},
						"0.92": {
							"post": [0, -0.5, 0],
							"lerp_mode": "catmullrom"
						},
						"1.28": {
							"post": [-0.98, 0.63, -1.9],
							"lerp_mode": "catmullrom"
						},
						"1.36": {
							"post": [-1.5, 0.25, -2.25],
							"lerp_mode": "catmullrom"
						},
						"1.44": {
							"post": [0.47, 0.24, -3.27],
							"lerp_mode": "catmullrom"
						},
						"1.96": {
							"post": [-1.5, 0.25, -2.25],
							"lerp_mode": "catmullrom"
						},
						"2.04": {
							"post": [-1.5, -0.75, -2.25],
							"lerp_mode": "catmullrom"
						},
						"2.76": {
							"post": [-0.66, 1.61, -1],
							"lerp_mode": "catmullrom"
						},
						"3.36": {
							"post": [0, 0, 0],
							"lerp_mode": "catmullrom"
						}
					}
				},
				"tail3": {
					"rotation": {
						"0.0": [0, 0, 0],
						"1.36": [0, -40, 0]
					}
				},
				"tail4": {
					"rotation": {
						"0.0": [0, 0, 0],
						"1.36": [0, -27.5, 0]
					}
				}
			}
		},
		"animation.charmander2.special_attack": {
			"loop": true,
			"animation_length": 4.56,
			"bones": {
				"eyelid_right": {
					"position": {
						"0.32": [0, 0, 0],
						"0.36": [-0.1, 0, -0.1],
						"0.76": [-0.1, 0, -0.1],
						"0.8": [0, 0, 0]
					}
				},
				"eyelid_left": {
					"position": {
						"0.32": [0, 0, 0],
						"0.36": [0.1, 0, -0.1],
						"0.76": [0.1, 0, -0.1],
						"0.8": [0, 0, 0]
					}
				},
				"body": {
					"rotation": {
						"0.68": {
							"pre": [0, 0, 0],
							"post": [0, 0, 0],
							"lerp_mode": "catmullrom"
						},
						"0.96": {
							"post": [27.5, 0, 0],
							"lerp_mode": "catmullrom"
						},
						"1.56": {
							"post": [25, 0, 0],
							"lerp_mode": "catmullrom"
						},
						"2.36": {
							"post": [25, 0, 0],
							"lerp_mode": "catmullrom"
						},
						"3.28": [0, 0, 0]
					},
					"position": {
						"0.24": {
							"pre": [0, 0, 0],
							"post": [0, 0, 0],
							"lerp_mode": "catmullrom"
						},
						"0.52": {
							"post": [0, 1, 0],
							"lerp_mode": "catmullrom"
						},
						"0.68": {
							"post": [0, 0.5, 0],
							"lerp_mode": "catmullrom"
						},
						"0.96": {
							"post": [0, 0, -1],
							"lerp_mode": "catmullrom"
						},
						"1.24": {
							"post": [0, 0.25, -1],
							"lerp_mode": "catmullrom"
						},
						"1.6": {
							"post": [0, 0.25, -1],
							"lerp_mode": "catmullrom"
						},
						"2.4": {
							"post": [0, 0.25, -1],
							"lerp_mode": "catmullrom"
						},
						"3.88": [0, 0, 0]
					}
				},
				"head": {
					"rotation": {
						"0.0": [-17.5, 0, 0],
						"0.56": {
							"pre": [7.5, 0, 0],
							"post": [7.5, 0, 0],
							"lerp_mode": "catmullrom"
						},
						"0.72": {
							"post": [7.5, 0, 0],
							"lerp_mode": "catmullrom"
						},
						"0.88": {
							"post": [-50, 0, 0],
							"lerp_mode": "catmullrom"
						},
						"1.16": {
							"post": [-52.5, 0, 0],
							"lerp_mode": "catmullrom"
						},
						"1.72": {
							"post": [-40, 0, 0],
							"lerp_mode": "catmullrom"
						},
						"2.52": [-37.5, 0, 0],
						"3.24": [0, 0, 0]
					},
					"position": [0, -1, 0]
				},
				"jaw": {
					"rotation": {
						"0.0": {
							"post": [0, 0, 0],
							"lerp_mode": "catmullrom"
						},
						"0.48": {
							"post": [0, 0, 0],
							"lerp_mode": "catmullrom"
						},
						"0.88": {
							"post": [0, 0, 0],
							"lerp_mode": "catmullrom"
						},
						"1.16": {
							"post": [52.5, 0, 0],
							"lerp_mode": "catmullrom"
						},
						"1.68": {
							"post": [47.5, 0, 0],
							"lerp_mode": "catmullrom"
						},
						"2.48": [47.5, 0, 0],
						"2.76": [47.5, 0, 0],
						"3.0": [6.43, 0, 0],
						"4.32": [0, 0, 0]
					}
				},
				"tail": {
					"rotation": {
						"0.0": {
							"post": [0, 0, 0],
							"lerp_mode": "catmullrom"
						},
						"0.52": {
							"post": [17.5, -45, 7.5],
							"lerp_mode": "catmullrom"
						},
						"0.8": {
							"post": [17.5, -45, 7.5],
							"lerp_mode": "catmullrom"
						},
						"0.96": {
							"post": [-7.5, 0, 0],
							"lerp_mode": "catmullrom"
						},
						"1.6": {
							"post": [-7.5, 0, 0],
							"lerp_mode": "catmullrom"
						},
						"2.4": {
							"post": [-7.5, 0, 0],
							"lerp_mode": "catmullrom"
						},
						"4.32": [0, 0, 0]
					},
					"position": {
						"0.0": {
							"post": [0, 0, 0],
							"lerp_mode": "catmullrom"
						}
					}
				},
				"tail2": {
					"rotation": {
						"0.0": {
							"post": [0, 0, 0],
							"lerp_mode": "catmullrom"
						},
						"0.52": {
							"post": [7.5, -32.5, 0],
							"lerp_mode": "catmullrom"
						},
						"0.8": {
							"post": [7.5, -32.5, 0],
							"lerp_mode": "catmullrom"
						},
						"0.96": {
							"post": [0, 0, 0],
							"lerp_mode": "catmullrom"
						}
					}
				},
				"arm_left": {
					"rotation": {
						"0.0": {
							"post": [0, 0, 0],
							"lerp_mode": "catmullrom"
						},
						"0.48": {
							"post": [0, 82.5, -17.5],
							"lerp_mode": "catmullrom"
						},
						"0.8": {
							"post": [0, 82.5, -17.5],
							"lerp_mode": "catmullrom"
						},
						"0.96": {
							"post": [0, -47.5, -45],
							"lerp_mode": "catmullrom"
						},
						"1.6": {
							"post": [0, -47.5, -45],
							"lerp_mode": "catmullrom"
						},
						"2.4": {
							"post": [0, -47.5, -45],
							"lerp_mode": "catmullrom"
						},
						"3.76": [0, 0, 0]
					}
				},
				"arm_right": {
					"rotation": {
						"0.0": {
							"post": [0, 0, 0],
							"lerp_mode": "catmullrom"
						},
						"0.48": {
							"post": [0, -82.5, 17.5],
							"lerp_mode": "catmullrom"
						},
						"0.8": {
							"post": [0, -82.5, 17.5],
							"lerp_mode": "catmullrom"
						},
						"0.96": {
							"post": [0, 47.5, 45],
							"lerp_mode": "catmullrom"
						},
						"1.6": {
							"post": [0, 47.5, 45],
							"lerp_mode": "catmullrom"
						},
						"2.4": {
							"post": [0, 47.5, 45],
							"lerp_mode": "catmullrom"
						},
						"3.76": [0, 0, 0]
					}
				},
				"leg_left": {
					"rotation": {
						"0.2": {
							"pre": [0, 0, 0],
							"post": [0, 0, 0],
							"lerp_mode": "catmullrom"
						},
						"0.48": {
							"post": [-37.5, -22.5, 0],
							"lerp_mode": "catmullrom"
						},
						"0.64": {
							"post": [-37.5, -22.5, 0],
							"lerp_mode": "catmullrom"
						},
						"0.84": {
							"post": [-15, 0, 0],
							"lerp_mode": "catmullrom"
						},
						"0.96": {
							"post": [-27.5, 0, 0],
							"lerp_mode": "catmullrom"
						},
						"1.56": {
							"post": [-25, 0, 0],
							"lerp_mode": "catmullrom"
						},
						"2.36": {
							"post": [-25, 0, 0],
							"lerp_mode": "catmullrom"
						},
						"2.92": [-7.5, 0, 0],
						"3.28": [-10, -22.5, 0],
						"3.8": [0, 0, 0]
					},
					"position": {
						"0.0": {
							"post": [0, 0, 0],
							"lerp_mode": "catmullrom"
						},
						"0.48": {
							"post": [0, 0.49952, 0.02181],
							"lerp_mode": "catmullrom"
						},
						"0.64": {
							"post": [0, 0.49952, 0.02181],
							"lerp_mode": "catmullrom"
						},
						"0.84": {
							"post": [0, -0.02719, -1.5796],
							"lerp_mode": "catmullrom"
						},
						"1.56": {
							"post": [0, -0.14544, -1.35825],
							"lerp_mode": "catmullrom"
						},
						"2.36": {
							"post": [0, -0.14544, -1.35825],
							"lerp_mode": "catmullrom"
						},
						"2.92": [0, -0.14544, -1.35825],
						"3.28": [0, 0.49952, 0.02181],
						"3.8": [0, 0, 0]
					}
				},
				"leg_right": {
					"rotation": {
						"0.8": {
							"pre": [0, 0, 0],
							"post": [0, 0, 0],
							"lerp_mode": "catmullrom"
						},
						"0.96": {
							"post": [-5, 22.5, 0],
							"lerp_mode": "catmullrom"
						},
						"1.24": {
							"post": [-7.5, 20, 0],
							"lerp_mode": "catmullrom"
						},
						"1.56": {
							"post": [-7.5, 20, 0],
							"lerp_mode": "catmullrom"
						},
						"2.36": {
							"post": [-7.5, 20, 0],
							"lerp_mode": "catmullrom"
						},
						"2.56": [-11.87, 11.67, 0],
						"2.76": [-20.1, 8.67, 0],
						"3.04": [-5.05, 0, 0],
						"3.28": [-0.96, 0, 0],
						"3.8": [0, 0, 0]
					},
					"position": {
						"0.24": {
							"pre": [0, 0, 0],
							"post": [0, 0, 0],
							"lerp_mode": "catmullrom"
						},
						"0.52": {
							"post": [0, -1, 0],
							"lerp_mode": "catmullrom"
						},
						"0.68": {
							"post": [0, -0.5, 0],
							"lerp_mode": "catmullrom"
						},
						"0.96": {
							"post": [0, -0.5, 0],
							"lerp_mode": "catmullrom"
						},
						"1.6": {
							"post": [0, -0.5, 0],
							"lerp_mode": "catmullrom"
						},
						"2.4": {
							"post": [0, -0.5, 0],
							"lerp_mode": "catmullrom"
						},
						"2.76": [0, -0.28, 0],
						"3.04": [0, -0.34691, -0.0392],
						"3.28": [0, -0.2509, 0.21976],
						"3.8": [0, 0, 0]
					}
				},
				"neck": {
					"position": [0, 0, 0]
				},
				"tail3": {
					"rotation": {
						"0.0": [0, 0, 0],
						"0.52": [0, -40, 0],
						"0.96": [0, 5, 0]
					}
				},
				"tail4": {
					"rotation": {
						"0.0": [0, 0, 0],
						"0.52": [0, -27.5, 0],
						"0.96": [0, 7.5, 0]
					}
				}
			}
		},
		"animation.charmander2.sleep": {
			"loop": true,
			"bones": {
				"eyelid_right": {
					"position": [-0.1, 0, -0.1]
				},
				"eyelid_left": {
					"position": [0.1, 0, -0.1]
				},
				"body": {
					"rotation": [82.5, 0, 0],
					"position": [0, 1.25, 0]
				},
				"torso": {
					"rotation": ["5+math.sin(q.anim_time*90*2)*0.25", 0, 0]
				},
				"head": {
					"rotation": [-63.5, 14.5, -26.5],
					"position": [0, 0, -1]
				},
				"jaw": {
					"rotation": ["5+math.sin(q.anim_time*90*2-60)*1", 0, 0]
				},
				"bone4": {
					"position": [-1, 0, -1]
				},
				"bone8": {
					"position": [1, 0, -1]
				},
				"arm_right": {
					"rotation": ["-146.3307-math.sin(q.anim_time*90*2)*1.25", "-19.677+math.sin(q.anim_time*90*2)*0.25", 49.87711],
					"position": [0.5, -1.75, -1]
				},
				"arm_right2": {
					"rotation": [0, 0, -47.5]
				},
				"arm_left": {
					"rotation": ["-4.25-math.sin(q.anim_time*90*2)*.75", "14.75-math.sin(q.anim_time*90*2)*0.25", -107.5],
					"position": [0, -1.25, -2]
				},
				"tail": {
					"rotation": ["-110-math.sin(q.anim_time*90*2)*0.25", 0, -1.25],
					"position": [0, -1, -1]
				},
				"tail2": {
					"rotation": [11.48188, -46.2281, -1.19445]
				},
				"fire": {
					"rotation": [
						"14.75+3*(math.sin(q.anim_time*90*3*2-90)*1-1)+3*(math.sin(q.anim_time*90*3/2-90)*1-1)",
						1.5,
						"-4.75+6*(math.sin(q.anim_time*90*3-150)*1-1)+3*(math.sin(q.anim_time*90*3/2-90)*1-1)"
					]
				},
				"leg_left": {
					"rotation": [-28.07384, -86.7652, 12.6404],
					"position": [0, 0, -2]
				},
				"leg_right": {
					"rotation": [-47.25, 81.5, -4.25],
					"position": [0, 0.5, -2]
				}
			}
		},
		"animation.charmander2.faint": {
			"loop": true,
			"animation_length": 3,
			"bones": {
				"eyelid_right": {
					"position": {
						"0.0": [0, 0, 0],
						"0.05": [-0.1, 0, -0.1],
						"0.3": [-0.1, 0, -0.1],
						"0.35": [0, 0, 0],
						"1.1": [0, 0, 0],
						"1.45": [0, 0, 0],
						"1.5": [-0.1, 0, -0.1]
					}
				},
				"eyelid_left": {
					"position": {
						"0.0": [0, 0, 0],
						"0.05": [0.1, 0, -0.1],
						"1.1": [0.1, 0, -0.1]
					}
				},
				"body": {
					"rotation": {
						"0.0": [0, 0, 0],
						"0.05": [0, 0, 0],
						"0.2": [-15, -32.5, 0],
						"0.35": [-15, -32.5, 0],
						"0.65": [-15, -12.5, 0],
						"1.1": [-15, -12.5, 0],
						"1.5": [-57.5, -12.5, 0],
						"2.0": [-10, -12.5, 0]
					},
					"position": {
						"0.0": [0, -0.2, 0],
						"0.05": [0, 0, 0],
						"0.2": [-1, -0.3, 2],
						"0.35": [-1, -0.3, 2],
						"0.65": [-1, -0.3, 5],
						"1.1": [-1, -0.3, 5],
						"1.5": [-1, 0.7, 3]
					}
				},
				"torso": {
					"rotation": {
						"0.0": [2.5, 0, 0],
						"0.05": [22.5, 0, 0],
						"0.2": [2.5, 0, 0],
						"0.35": [2.72074, -9.65594, -2.61298],
						"0.6": [3.41527, 19.291, 5.38152],
						"0.95": [-17.32849, 19.54197, 2.64022],
						"1.1": [4.98513, 19.45769, 1.9539],
						"1.3": [-6.5834, 16.2228, 2.86475],
						"1.5": [135.96637, 5.6937, 7.2869],
						"1.6": [150.86839, 5.37658, 6.71406],
						"1.7": [105.86839, 5.37658, 6.71406]
					},
					"position": {
						"0.0": [0, "-0.1*(math.sin(q.anim_time*90*4-90)*1+1)", 0],
						"0.6": [0.54568, "0.498-0.1*(math.sin(q.anim_time*90*4-90)*1+1)", 1.85856],
						"1.1": [0.54568, "0.498-0.1*(math.sin(q.anim_time*90*4-90)*1+1)", 1.85856],
						"1.3": [0.32644, -0.37139, 1.04421],
						"1.5": [-0.31576, "-3.4105-0.1*(math.sin(q.anim_time*90*4-90)*1+1)", -1.13566],
						"1.7": [-0.32, "-5.3423-0.1*(math.sin(q.anim_time*90*4-90)*1+1)", -0.62236]
					}
				},
				"head": {
					"rotation": {
						"0.0": [-2.5, 0, 0],
						"0.05": [20, 0, 0],
						"0.4": [-46.24369, 7.01249, -18.07635],
						"1.1": [-46.24369, 7.01249, -18.07635],
						"1.5": [-85.93404, -7.43183, -23.59782],
						"1.6": [-116.67817, -19.66719, -20.53843],
						"1.7": [-106.44735, -4.70442, -21.62258]
					},
					"position": {
						"0.0": [0, -1, 0],
						"1.55": [-0.1, 0.71, 0.7],
						"1.6": [-0.09623, 0.70683, 0.70081],
						"1.7": [0.16831, 0.71962, -2.28748]
					}
				},
				"jaw": {
					"rotation": {
						"0.0": ["10+math.sin(q.anim_time*90*2-60)*4", 0, 0],
						"0.05": ["math.sin(q.anim_time*90*2-60)*4", 0, 0],
						"0.25": ["52.5+math.sin(q.anim_time*90*2-60)*4", 0, 0],
						"1.1": ["52.5+math.sin(q.anim_time*90*2-60)*4", 0, 0],
						"1.5": ["2.5+math.sin(q.anim_time*90*2-60)*4", 0, 0]
					}
				},
				"tail": {
					"rotation": {
						"0.0": [-20, "8*(math.sin(q.anim_time*90*3)*1)+4*(math.sin(q.anim_time*90*3/2)*1)", 0],
						"0.05": [-45, "8*(math.sin(q.anim_time*90*3)*1)+4*(math.sin(q.anim_time*90*3/2)*1)", 0],
						"0.1": [-5, "0+8*(math.sin(q.anim_time*90*3)*1)+4*(math.sin(q.anim_time*90*3/2)*1)", 0],
						"0.2": [16.43495, "16.8565+8*(math.sin(q.anim_time*90*3)*1)+4*(math.sin(q.anim_time*90*3/2)*1)", 4.93213],
						"0.4": [25.33056, -22.689, -18.97085],
						"0.8": [38.04423, "9.8955+8*(math.sin(q.anim_time*90*3)*1)+4*(math.sin(q.anim_time*90*3/2)*1)", 7.6662],
						"1.15": [19.48193, "17.7013+8*(math.sin(q.anim_time*90*3)*1)+4*(math.sin(q.anim_time*90*3/2)*1)", 14.08454],
						"1.25": [19.48193, "17.7013+8*(math.sin(q.anim_time*90*3)*1)+4*(math.sin(q.anim_time*90*3/2)*1)", 14.08454],
						"1.35": [-3.01807, "17.7013+8*(math.sin(q.anim_time*90*3)*1)+4*(math.sin(q.anim_time*90*3/2)*1)", 14.08454],
						"1.4": [-74.17457, 6.83508, 3.28945],
						"1.5": [-61.61223, "-3.4864+8*(math.sin(q.anim_time*90*3)*1)+4*(math.sin(q.anim_time*90*3/2)*1)", -3.90727],
						"1.6": [-4.11223, "-3.4864+8*(math.sin(q.anim_time*90*3)*1)+4*(math.sin(q.anim_time*90*3/2)*1)", -3.90727],
						"1.65": [28.38777, "-3.4864+8*(math.sin(q.anim_time*90*3)*1)+4*(math.sin(q.anim_time*90*3/2)*1)", -3.90727],
						"2.2": [-119.11223, "-3.4864+8*(math.sin(q.anim_time*90*3)*1)+4*(math.sin(q.anim_time*90*3/2)*1)", -3.90727],
						"2.3": [-116.61, -3.4864, -3.91]
					},
					"position": {
						"0.0": [0, 0, 0],
						"1.4": [0, 0, 0],
						"1.5": [0.09623, 0.50137, -0.85987],
						"2.2": [0.06558, -0.51616, 0.32519]
					}
				},
				"tail2": {
					"rotation": {
						"0.0": [15, "6*(math.sin(q.anim_time*90*3-90)*1)+6*(math.sin(q.anim_time*90*3/2-90)*1)", 0],
						"0.1": [-7.5, "0+6*(math.sin(q.anim_time*90*3-90)*1)+6*(math.sin(q.anim_time*90*3/2-90)*1)", 0],
						"0.2": [7.5, "0+6*(math.sin(q.anim_time*90*3-90)*1)+6*(math.sin(q.anim_time*90*3/2-90)*1)", 0],
						"0.8": [32.5, "0+6*(math.sin(q.anim_time*90*3-90)*1)+6*(math.sin(q.anim_time*90*3/2-90)*1)", 0],
						"1.15": [12.5, "0+6*(math.sin(q.anim_time*90*3-90)*1)+6*(math.sin(q.anim_time*90*3/2-90)*1)", 0],
						"1.35": [12.5, "0+6*(math.sin(q.anim_time*90*3-90)*1)+6*(math.sin(q.anim_time*90*3/2-90)*1)", 0],
						"1.55": [-40, "6*(math.sin(q.anim_time*90*3-90)*1)+6*(math.sin(q.anim_time*90*3/2-90)*1)", 0],
						"1.65": [40, "6*(math.sin(q.anim_time*90*3-90)*1)+6*(math.sin(q.anim_time*90*3/2-90)*1)", 0],
						"2.3": [5, 6, 0]
					}
				},
				"fire": {
					"rotation": {
						"0.0": [
							"10+6*(math.sin(q.anim_time*90*3*2-90)*1-1)+6*(math.sin(q.anim_time*90*3/2-90)*1-1)",
							0,
							"20+12*(math.sin(q.anim_time*90*3-150)*1-1)+6*(math.sin(q.anim_time*90*3/2-90)*1-1)"
						],
						"0.3": [-10.59828, 11.73228, 30.39818],
						"0.35": [
							"-4.8718+6*(math.sin(q.anim_time*90*3*2-90)*1-1)+6*(math.sin(q.anim_time*90*3/2-90)*1-1)",
							9.37409,
							"51.2616+12*(math.sin(q.anim_time*90*3-150)*1-1)+6*(math.sin(q.anim_time*90*3/2-90)*1-1)"
						],
						"0.65": [
							"10.7012+6*(math.sin(q.anim_time*90*3*2-90)*1-1)+6*(math.sin(q.anim_time*90*3/2-90)*1-1)",
							-3.2667,
							"-17.2981+12*(math.sin(q.anim_time*90*3-150)*1-1)+6*(math.sin(q.anim_time*90*3/2-90)*1-1)"
						],
						"0.85": [
							"-26.0428+6*(math.sin(q.anim_time*90*3*2-90)*1-1)+6*(math.sin(q.anim_time*90*3/2-90)*1-1)",
							4.42786,
							"12.2475+12*(math.sin(q.anim_time*90*3-150)*1-1)+6*(math.sin(q.anim_time*90*3/2-90)*1-1)"
						],
						"1.0": [
							"-10.2772+6*(math.sin(q.anim_time*90*3*2-90)*1-1)+6*(math.sin(q.anim_time*90*3/2-90)*1-1)",
							2.1265,
							"5.148+12*(math.sin(q.anim_time*90*3-150)*1-1)+6*(math.sin(q.anim_time*90*3/2-90)*1-1)"
						],
						"1.4": [
							"-10.2772+6*(math.sin(q.anim_time*90*3*2-90)*1-1)+6*(math.sin(q.anim_time*90*3/2-90)*1-1)",
							2.1265,
							"5.148+12*(math.sin(q.anim_time*90*3-150)*1-1)+6*(math.sin(q.anim_time*90*3/2-90)*1-1)"
						],
						"1.45": [
							"-140.2772+6*(math.sin(q.anim_time*90*3*2-90)*1-1)+6*(math.sin(q.anim_time*90*3/2-90)*1-1)",
							2.1265,
							"5.148+12*(math.sin(q.anim_time*90*3-150)*1-1)+6*(math.sin(q.anim_time*90*3/2-90)*1-1)"
						],
						"1.6": [
							"-140.2772+6*(math.sin(q.anim_time*90*3*2-90)*1-1)+6*(math.sin(q.anim_time*90*3/2-90)*1-1)",
							2.1265,
							"5.148+12*(math.sin(q.anim_time*90*3-150)*1-1)+6*(math.sin(q.anim_time*90*3/2-90)*1-1)"
						],
						"1.65": [
							"-40.2772+6*(math.sin(q.anim_time*90*3*2-90)*1-1)+6*(math.sin(q.anim_time*90*3/2-90)*1-1)",
							2.1265,
							"5.148+12*(math.sin(q.anim_time*90*3-150)*1-1)+6*(math.sin(q.anim_time*90*3/2-90)*1-1)"
						],
						"2.3": [
							"14.7228+6*(math.sin(q.anim_time*90*3*2-90)*1-1)+6*(math.sin(q.anim_time*90*3/2-90)*1-1)",
							2.1265,
							"5.148+12*(math.sin(q.anim_time*90*3-150)*1-1)+6*(math.sin(q.anim_time*90*3/2-90)*1-1)"
						]
					},
					"scale": {
						"0.0": [1, 1, 1],
						"2.3": [0, 0, 0]
					}
				},
				"arm_left": {
					"rotation": {
						"0.0": [10, 10, "35+2*(math.sin(q.anim_time*90*4)*1+1)"],
						"0.05": [103.87287, 72.91687, "72.5355+2*(math.sin(q.anim_time*200*4)*1+1)"],
						"0.3": [33.02742, -23.99592, "-18.9185+2*(math.sin(q.anim_time*90*4)*1+1)"],
						"0.4": [-23.98769, -3.18403, "-39.0365+2*(math.sin(q.anim_time*90*4)*1+1)"],
						"0.5": [-1.53359, 48.85692, "7.8333+2*(math.sin(q.anim_time*90*4)*1+1)"],
						"0.65": [33.02742, -23.99592, "-18.9185+2*(math.sin(q.anim_time*90*4)*1+1)"],
						"0.85": [-23.98769, -3.18403, "-39.0365+2*(math.sin(q.anim_time*90*4)*1+1)"],
						"0.95": [-1.20217, 12.00656, "-33.6729+2*(math.sin(q.anim_time*90*4)*1+1)"],
						"1.1": [-1.20217, 12.00656, "-33.6729+2*(math.sin(q.anim_time*90*4)*1+1)"],
						"1.3": [-1.18739, -7.98918, "-33.2577+2*(math.sin(q.anim_time*90*4)*1+1)"],
						"1.5": [-1.84788, -50.47624, "-31.9971+2*(math.sin(q.anim_time*90*4)*1+1)"],
						"1.6": [0.26121, -30.573, "-43.4575+2*(math.sin(q.anim_time*90*4)*1+1)"],
						"1.7": [0.22522, -3.07324, "-43.3367+2*(math.sin(q.anim_time*90*4)*1+1)"]
					},
					"position": {
						"0.0": [0, 0, 0],
						"0.85": [-0.99144, -0.02825, -0.12743],
						"1.6": [-0.99144, -0.02825, -0.12743],
						"1.7": [-0.92386, -0.0268, -0.87707]
					}
				},
				"arm_right": {
					"rotation": {
						"0.0": [10, -10, "-35-2*(math.sin(q.anim_time*90*4)*1+1)"],
						"0.05": [127.90843, -73.4365, "-92.6968-2*(math.sin(q.anim_time*200*4)*1+1)"],
						"0.3": [18.22624, 16.67984, "21.5699-2*(math.sin(q.anim_time*90*4)*1+1)"],
						"0.4": [-15.77759, -15.74757, "42.7706-2*(math.sin(q.anim_time*90*4)*1+1)"],
						"0.5": [18.73087, -62.29996, "10.4762-2*(math.sin(q.anim_time*90*4)*1+1)"],
						"0.65": [18.22624, 16.67984, "21.5699-2*(math.sin(q.anim_time*90*4)*1+1)"],
						"0.85": [-15.77759, -15.74757, "42.7706-2*(math.sin(q.anim_time*90*4)*1+1)"],
						"0.95": [-6.00822, -24.08847, "41.0256-2*(math.sin(q.anim_time*90*4)*1+1)"],
						"1.1": [-6.00822, -24.08847, "41.0256-2*(math.sin(q.anim_time*90*4)*1+1)"],
						"1.5": [-32.7855, 16.17706, "-20.4942-2*(math.sin(q.anim_time*90*4)*1+1)"],
						"1.6": [-33.40383, 2.95214, "23.3356-2*(math.sin(q.anim_time*90*4)*1+1)"],
						"1.7": [-8.455, -6.94037, "24.8006-2*(math.sin(q.anim_time*90*4)*1+1)"]
					},
					"position": {
						"0.0": [0, 0, 0],
						"0.85": [0.99144, 0.02825, 0.12743],
						"1.6": [0.99144, 0.02825, 0.12743],
						"1.7": [1.07818, 0.03426, -0.8661]
					}
				},
				"leg_left": {
					"rotation": {
						"0.0": [0, -10, 0],
						"0.05": [0, -10, 0],
						"0.3": [-61.50949, -29.28962, -5.56374],
						"0.45": [10.81291, -50.83608, -5.22816],
						"1.1": [10.81291, -50.83608, -5.22816],
						"1.3": [50.43983, -36.1648, -40.28071],
						"1.5": [99.28826, 41.85197, -61.59827],
						"1.6": [156.78269, 56.22272, -10.89322],
						"1.8": [76.78, 56.22, -10.89],
						"2.25": [56.78, 56.22, -10.89]
					},
					"position": {
						"0.0": [0.54, 0.22, 0.81],
						"0.3": [0.54, 0.22, 0.81],
						"0.45": [0.5373, 0.21829, 0.81465],
						"1.1": [0.5373, 0.21829, 0.81465],
						"1.3": [0.32356, -0.03268, -0.13303],
						"1.5": [0.32356, -2.06676, -2.39185],
						"1.6": [1.2963, -4.12602, -0.59906],
						"1.8": [-0.48356, -3.77509, 0.11949]
					}
				},
				"leg_right": {
					"rotation": {
						"0.0": [0, 10, 0],
						"0.05": [0, 10, 0],
						"0.2": [21.36297, 33.61566, 10.57516],
						"0.45": [-5.97412, 34.04145, 5.81655],
						"0.65": [-67.97142, 58.96032, 4.72428],
						"0.8": [-65.21361, 68.54387, 9.80083],
						"1.5": [159.27984, -12.07285, 9.11493],
						"1.6": [187.83027, -41.07699, -11.12707],
						"1.8": [110.96512, -8.79588, -6.87914],
						"2.0": [55.96512, -8.79588, -6.87914]
					},
					"position": {
						"0.0": [0, 0.24, -0.06],
						"0.05": [0, 0.24, -0.06],
						"0.2": [0, 0.24148, -0.0647],
						"0.45": [0, 0.24148, -0.0647],
						"0.65": [-0.19112, 0.91372, 2.45437],
						"0.8": [0.02644, 1.16268, 3.39303],
						"1.1": [0.02644, 1.16268, 3.39303],
						"1.5": [-0.18644, -2.12676, 0.18815],
						"1.8": [0.83, -2.97, 0.18]
					}
				},
				"bone4": {
					"position": {
						"0.0": [0, 0, 0],
						"1.9": [-1, 0, -1]
					}
				},
				"bone8": {
					"position": {
						"0.0": [0, 0, 0],
						"1.85": [0, 0, 0],
						"1.9": [1, 0, -1]
					}
				}
			}
		},
		"animation.charmander2.damage": {
			"loop": true,
			"bones": {
				"eyelid_left": {
					"position": [0.1, 0, -0.1]
				},
				"body": {
					"position": [0, 0, 1]
				},
				"torso": {
					"rotation": [-10, -9.75, 0],
					"position": [0, -0.1, 0.5]
				},
				"neck": {
					"rotation": [0, 0, 0]
				},
				"head": {
					"rotation": [-7.5, 0, 0]
				},
				"jaw": {
					"rotation": [35, 0, 0]
				},
				"tail": {
					"rotation": [-0.25, 12.75, -1.75]
				},
				"tail2": {
					"rotation": [15.5, 15.75, 2.75]
				},
				"fire": {
					"rotation": [
						"10+6*(math.sin(q.anim_time*90*3*2-90)*1-1)+6*(math.sin(q.anim_time*90*3/2-90)*1-1)",
						0,
						"20+12*(math.sin(q.anim_time*90*3-150)*1-1)+6*(math.sin(q.anim_time*90*3/2-90)*1-1)"
					]
				},
				"arm_left": {
					"rotation": [7.5, -24, 7.5]
				},
				"arm_right": {
					"rotation": [11.67704, -24.56868, -18.70968]
				},
				"leg_left": {
					"rotation": [0, -42.5, 0],
					"position": [0.25, 0, 1.5]
				},
				"leg_right": {
					"rotation": [0, 17.5, 0],
					"position": [0, 0, -1]
				},
				"bone4": {
					"position": [-1, 0, -1]
				}
			}
		}
	}
}