{
	"format_version": "1.8.0",
	"animations": {
		"animation.deoxys.pose1": {
			"loop": true,
			"bones": {
				"body": {
					"rotation": [12.5, 0, 0],
					"position": [0, 2, 0]
				},
				"hips": {
					"rotation": [-5, 0, 0]
				},
				"human_armleft": {
					"rotation": [2.88419, 6.92618, 22.67458]
				},
				"left_forearm": {
					"rotation": [4.47651, 4.32184, 17.27642]
				},
				"left_hand": {
					"rotation": [0, 0, 25]
				},
				"left_index1": {
					"rotation": [0, 0, -40]
				},
				"left_index2": {
					"rotation": [0, 0, 45]
				},
				"left_middle1": {
					"rotation": [0, 0, 7.5]
				},
				"left_middle2": {
					"rotation": [0, 0, 27.5]
				},
				"left_ring1": {
					"rotation": [0, 0, 32.5]
				},
				"left_ring2": {
					"rotation": [0, 0, 25]
				},
				"left_pinky1": {
					"rotation": [0, 0, 42.5]
				},
				"left_pinky2": {
					"rotation": [0, 0, 45]
				},
				"left_thumb": {
					"rotation": [20, -32.5, 0]
				},
				"right_arm": {
					"rotation": [1.75378, 9.84655, -27.34892]
				},
				"rightarm_red2": {
					"rotation": [0, 0, -5]
				},
				"rightarm_red3": {
					"rotation": [0, 0, -15]
				},
				"rightarm_red4": {
					"rotation": [0, 0, -5]
				},
				"rightarm_red5": {
					"rotation": [0, 0, -5]
				},
				"rightarm_red6": {
					"rotation": [0, 0, -5]
				},
				"rightarm_red7": {
					"rotation": [0, 0, 20]
				},
				"rightarm_blue2": {
					"rotation": [0, 0, -5]
				},
				"rightarm_blue3": {
					"rotation": [0, 0, -15]
				},
				"rightarm_blue4": {
					"rotation": [0, 0, -5]
				},
				"rightarm_blue5": {
					"rotation": [0, 0, -5]
				},
				"rightarm_blue6": {
					"rotation": [0, 0, -5]
				},
				"rightarm_blue7": {
					"rotation": [0, 0, -12.5]
				},
				"leftleg": {
					"rotation": [-25.16007, -6.62852, 3.58367],
					"position": [-0.75, -2, 1.5]
				},
				"left_thigh": {
					"rotation": [0, 27.5, 0],
					"position": [1, 2, 0]
				},
				"left_calf": {
					"rotation": [45.1767, -9.01615, 19.31121]
				},
				"rightleg": {
					"rotation": [-15.72856, -21.23934, 12.37079],
					"position": [-0.75, 0, 0.25]
				},
				"right_calf": {
					"rotation": [11.40319, -7.98133, -19.37511]
				}
			}
		},
		"animation.deoxys.pose2": {
			"loop": true,
			"bones": {
				"body": {
					"rotation": [12.5, 0, 0],
					"position": [0, 2, 0]
				},
				"hips": {
					"rotation": [-5, 0, 0]
				},
				"human_armleft": {
					"rotation": [-22.11581, 6.92618, 22.67458]
				},
				"left_forearm": {
					"rotation": [4.47651, 4.32184, 17.27642]
				},
				"left_hand": {
					"rotation": [0, 0, 25]
				},
				"left_index1": {
					"rotation": [0, 0, -40]
				},
				"left_index2": {
					"rotation": [0, 0, 45]
				},
				"left_middle1": {
					"rotation": [0, 0, 7.5]
				},
				"left_middle2": {
					"rotation": [0, 0, 27.5]
				},
				"left_ring1": {
					"rotation": [0, 0, 32.5]
				},
				"left_ring2": {
					"rotation": [0, 0, 25]
				},
				"left_pinky1": {
					"rotation": [0, 0, 42.5]
				},
				"left_pinky2": {
					"rotation": [0, 0, 45]
				},
				"left_thumb": {
					"rotation": [34.25551, -47.05994, 12.75057]
				},
				"right_arm": {
					"rotation": [1.75378, 9.84655, -27.34892]
				},
				"rightarm_red2": {
					"rotation": [0, 0, -5]
				},
				"rightarm_red3": {
					"rotation": [0, -7.5, -15]
				},
				"rightarm_red4": {
					"rotation": [0, 0, -5]
				},
				"rightarm_red5": {
					"rotation": [0, -7.5, -5]
				},
				"rightarm_red6": {
					"rotation": [0, 0, -5]
				},
				"rightarm_red7": {
					"rotation": [0, 0, 20]
				},
				"rightarm_blue2": {
					"rotation": [0, 0, -5]
				},
				"rightarm_blue3": {
					"rotation": [0, -12.5, -15]
				},
				"rightarm_blue4": {
					"rotation": [0, 0, -5]
				},
				"rightarm_blue5": {
					"rotation": [0, -5, -5]
				},
				"rightarm_blue6": {
					"rotation": [0, 0, -5]
				},
				"rightarm_blue7": {
					"rotation": [0, 0, -22.5]
				},
				"leftleg": {
					"rotation": [-45.66856, -17.21966, 3.66184],
					"position": [-0.75, -2, 1.5]
				},
				"left_thigh": {
					"rotation": [0, 27.5, 0],
					"position": [1, 2, 0]
				},
				"left_calf": {
					"rotation": [45.1767, -9.01615, 19.31121]
				},
				"rightleg": {
					"rotation": [-15.72856, -21.23934, 12.37079],
					"position": [-0.75, 0, 0.25]
				},
				"right_calf": {
					"rotation": [22.59672, -5.89705, -29.2284]
				},
				"head": {
					"rotation": [17.32615, -5.41965, 1.36641]
				}
			}
		},
		"animation.deoxys.ground_idle": {
			"loop": true,
			"animation_length": 2.5,
			"bones": {
				"body": {
					"rotation": ["5+math.sin((query.anim_time)*144)*2.5", 0, 0],
					"position": [0, "-4.25-math.sin((query.anim_time)*144)*0.3", 0.25]
				},
				"hips": {
					"rotation": [-5, 0, 0]
				},
				"left_arm": {
					"rotation": [6.16046, -14.83096, 22.78866],
					"position": [-0.5, -0.25, 0]
				},
				"leftarm_red2": {
					"rotation": [0, 0, "7.5+math.sin((query.anim_time-0.1)*144)*5"]
				},
				"leftarm_red3": {
					"rotation": [0, "0+math.sin((query.anim_time-0.1)*144)*6", "7.5+math.sin((query.anim_time-0.2)*144)*5"]
				},
				"leftarm_red4": {
					"rotation": [0, 0, "7.5+math.sin((query.anim_time-0.3)*144)*5"]
				},
				"leftarm_red5": {
					"rotation": [0, "5+math.sin((query.anim_time-0.2)*144)*6", "7.5+math.sin((query.anim_time-0.4)*144)*5"]
				},
				"leftarm_blue2": {
					"rotation": [0, 0, "7.5+math.sin((query.anim_time-0.1)*144)*5"]
				},
				"leftarm_blue3": {
					"rotation": [0, "0+math.sin((query.anim_time-0.1)*144)*6", "7.5+math.sin((query.anim_time-0.2)*144)*5"]
				},
				"leftarm_blue4": {
					"rotation": [0, 0, "7.5+math.sin((query.anim_time-0.3)*144)*5"]
				},
				"leftarm_blue5": {
					"rotation": [0, "5+math.sin((query.anim_time-0.2)*144)*6", "7.5+math.sin((query.anim_time-0.4)*144)*5"]
				},
				"leftarm_blue6": {
					"rotation": [0, 0, "7.5+math.sin((query.anim_time-0.5)*144)*10"]
				},
				"right_arm": {
					"rotation": [3.70923, 17.32142, -22.6204],
					"position": [0.45, -0.25, 0]
				},
				"rightarm_red2": {
					"rotation": [0, 0, "-7.5-math.sin((query.anim_time-0.3)*144)*5"]
				},
				"rightarm_red3": {
					"rotation": [0, "0-math.sin((query.anim_time-0.3)*144)*6", "-7.5-math.sin((query.anim_time-0.4)*144)*5"]
				},
				"rightarm_red4": {
					"rotation": [0, 0, "-7.5-math.sin((query.anim_time-0.5)*144)*5"]
				},
				"rightarm_red5": {
					"rotation": [0, "0-math.sin((query.anim_time-0.4)*144)*6", "-7.5-math.sin((query.anim_time-0.6)*144)*5"]
				},
				"rightarm_blue2": {
					"rotation": [0, 0, "-7.5-math.sin((query.anim_time-0.3)*144)*5"]
				},
				"rightarm_blue3": {
					"rotation": [0, "0-math.sin((query.anim_time-0.3)*144)*6", "-7.5-math.sin((query.anim_time-0.4)*144)*5"]
				},
				"rightarm_blue4": {
					"rotation": [0, 0, "-7.5-math.sin((query.anim_time-0.5)*144)*5"]
				},
				"rightarm_blue5": {
					"rotation": [0, "0-math.sin((query.anim_time-0.4)*144)*6", "-7.5-math.sin((query.anim_time-0.6)*144)*5"]
				},
				"rightarm_blue6": {
					"rotation": [0, 0, "-7.5-math.sin((query.anim_time-0.7)*144)*10"]
				},
				"head": {
					"rotation": ["7.5+math.sin((query.anim_time-0.4)*144)*3", 0, 0]
				},
				"leftleg": {
					"rotation": ["-7.154-math.sin((query.anim_time)*144)*3", 13.88621, "-24.7006-math.sin((query.anim_time)*144)*3"],
					"position": [-1.25, "-0.75-math.sin((query.anim_time)*144)*0.4", 0.5]
				},
				"left_thigh": {
					"rotation": [5, 0, 0],
					"position": [0, -2.25, 1.5]
				},
				"left_calf": {
					"rotation": ["9.8936+math.sin((query.anim_time)*144)*4.5", 1.51047, "12.6593+math.sin((query.anim_time)*144)*5"]
				},
				"rightleg": {
					"rotation": ["-14.44-math.sin((query.anim_time)*144)*3", -17.67, "31.06+math.sin((query.anim_time)*144)*3"],
					"position": [-0.25, "-2.92-math.sin((query.anim_time)*144)*0.4", 0]
				},
				"right_calf": {
					"rotation": ["9.83+math.sin((query.anim_time)*144)*3", 1.8, "-22.34-math.sin((query.anim_time)*144)*5"],
					"position": [0, 0, 0]
				},
				"human_armleft": {
					"rotation": [0, 0, "30+math.sin((query.anim_time)*144)*7"],
					"scale": 0
				},
				"human_armright": {
					"rotation": [0, 0, "-25-math.sin((query.anim_time-0.2)*144)*7"],
					"scale": 0
				},
				"leftarm_red1": {
					"rotation": [0, 0, "0+math.sin((query.anim_time)*144)*8"]
				},
				"leftarm_red6": {
					"rotation": [0, 0, "0+math.sin((query.anim_time-0.5)*144)*8"]
				},
				"leftarm_red7": {
					"rotation": [0, 0, "0+math.sin((query.anim_time-0.6)*144)*15"]
				},
				"leftarm_blue1": {
					"rotation": [0, 0, "0+math.sin((query.anim_time)*144)*8"]
				},
				"leftarm_blue7": {
					"rotation": [0, 0, "0+math.sin((query.anim_time-0.6)*144)*15"]
				},
				"rightarm_red1": {
					"rotation": [0, 0, "0-math.sin((query.anim_time-0.2)*144)*8"]
				},
				"rightarm_red6": {
					"rotation": [0, 0, "0-math.sin((query.anim_time-0.7)*144)*8"]
				},
				"rightarm_red7": {
					"rotation": [0, 0, "0-math.sin((query.anim_time-0.8)*144)*15"]
				},
				"rightarm_blue1": {
					"rotation": [0, 0, "0-math.sin((query.anim_time-0.2)*144)*8"]
				},
				"rightarm_blue7": {
					"rotation": [0, 0, "0-math.sin((query.anim_time-0.8)*144)*10"]
				},
				"left_forearm": {
					"rotation": [0, 0, "7.5+math.sin((query.anim_time-0.2)*144)*18"]
				},
				"left_hand": {
					"rotation": [0, 0, "10+math.sin((query.anim_time-0.2)*144)*10"]
				},
				"right_forearm": {
					"rotation": [0, 0, "-15-math.sin((query.anim_time-0.2)*144)*15"]
				},
				"right_hand": {
					"rotation": [0, 0, "-12.5-math.sin((query.anim_time-0.2)*144)*5"]
				}
			}
		},
		"animation.deoxys.battle_stance": {
			"loop": true,
			"animation_length": 2.5,
			"bones": {
				"body": {
					"rotation": [12.5, 0, 0],
					"position": [0, "2-math.sin((query.anim_time-0.1)*144)*1.5", -1.9]
				},
				"hips": {
					"rotation": [-5, 0, 0]
				},
				"human_armleft": {
					"rotation": [3.76613, "6.4905-math.sin((query.anim_time-0.1)*144)*3", "30.2136+math.sin((query.anim_time-0.1)*144)*3"],
					"position": [-0.75, 0.5, 0]
				},
				"left_forearm": {
					"rotation": [4.49232, "9.3062-math.sin((query.anim_time-0.3)*144)*4", "17.6659+math.sin((query.anim_time-0.3)*144)*5"]
				},
				"left_hand": {
					"rotation": [0, 0, "18.0749+math.sin((query.anim_time-0.7)*144)*10"],
					"position": [0, 0.25, 0]
				},
				"left_index1": {
					"rotation": [0, 0, "-40-math.sin((query.anim_time-0.1)*144)*15"]
				},
				"left_index2": {
					"rotation": [0, 0, 45]
				},
				"left_middle1": {
					"rotation": [0, 0, "7.5-math.sin((query.anim_time-0.1)*144)*15"]
				},
				"left_middle2": {
					"rotation": [0, 0, 27.5]
				},
				"left_ring1": {
					"rotation": [0, 0, "32.5-math.sin((query.anim_time-0.1)*144)*15"]
				},
				"left_ring2": {
					"rotation": [0, 0, 25]
				},
				"left_pinky1": {
					"rotation": [0, 0, "42.5-math.sin((query.anim_time-0.1)*144)*15"]
				},
				"left_pinky2": {
					"rotation": [0, 0, 45]
				},
				"left_thumb": {
					"rotation": ["27.5-math.sin((query.anim_time-0.1)*144)*5", "-32.5-math.sin((query.anim_time-0.1)*144)*5", 0],
					"position": [0, 0, 0.25]
				},
				"right_arm": {
					"rotation": [1.75378, 9.84655, -27.3489],
					"position": [0.5, -0.5, 0]
				},
				"rightarm_red2": {
					"rotation": [0, 0, "-5-math.sin((query.anim_time-0.2)*144)*5"]
				},
				"rightarm_red3": {
					"rotation": [0, 0, "-15-math.sin((query.anim_time-0.3)*144)*5"]
				},
				"rightarm_red4": {
					"rotation": [0, 0, "-5-math.sin((query.anim_time-0.4)*144)*5"]
				},
				"rightarm_red5": {
					"rotation": [0, 0, "-5-math.sin((query.anim_time-0.5)*144)*5"]
				},
				"rightarm_red6": {
					"rotation": [0, 0, "-5-math.sin((query.anim_time-0.6)*144)*8"]
				},
				"rightarm_red7": {
					"rotation": [0, 0, "20-math.sin((query.anim_time-0.7)*144)*8"]
				},
				"rightarm_blue2": {
					"rotation": [0, 0, "-5-math.sin((query.anim_time-0.2)*144)*5"]
				},
				"rightarm_blue3": {
					"rotation": [0, 0, "-15-math.sin((query.anim_time-0.3)*144)*5"]
				},
				"rightarm_blue4": {
					"rotation": [0, 0, "-5-math.sin((query.anim_time-0.4)*144)*5"]
				},
				"rightarm_blue5": {
					"rotation": [0, 0, "-5-math.sin((query.anim_time-0.5)*144)*5"]
				},
				"rightarm_blue6": {
					"rotation": [0, 0, "-5-math.sin((query.anim_time-0.6)*144)*8"]
				},
				"rightarm_blue7": {
					"rotation": [0, 0, "-12.5-math.sin((query.anim_time-0.7)*144)*8"]
				},
				"leftleg": {
					"rotation": ["-30.1601-math.sin((query.anim_time-0.1)*144)*2", -6.62852, "3.5837-math.sin((query.anim_time-0.1)*144)*1"],
					"position": [-0.75, "-1-math.sin((query.anim_time-0.1)*144)*1.5", 1.5]
				},
				"left_thigh": {
					"rotation": [0, 27.5, 0],
					"position": [1, 2, 0]
				},
				"left_calf": {
					"rotation": ["40.1677-math.sin((query.anim_time-0.1)*144)*1", -8.9347, "19.3846-math.sin((query.anim_time-0.1)*144)*1.5"],
					"position": [0, 0.5, 0]
				},
				"rightleg": {
					"rotation": ["-15.7286-math.sin((query.anim_time-0.3)*144)*3", -21.23934, "12.3708+math.sin((query.anim_time-0.3)*144)*2"],
					"position": [-0.5, "1-math.sin((query.anim_time-0.1)*144)*1.5", 0.25]
				},
				"right_calf": {
					"rotation": ["14.2372+math.sin((query.anim_time-0.3)*144)*1", -7.50914, "-21.8527+math.sin((query.anim_time-0.3)*144)*1"]
				},
				"human_armright": {
					"scale": 0
				},
				"left_arm": {
					"rotation": [0, 0, 27.5],
					"scale": 0
				},
				"rightarm_red1": {
					"rotation": [0, 0, "0-math.sin((query.anim_time-0.1)*144)*5"]
				},
				"rightarm_blue1": {
					"rotation": [0, 0, "0-math.sin((query.anim_time-0.1)*144)*5"]
				},
				"head": {
					"rotation": ["0-math.sin((query.anim_time-0.3)*144)*3", 0, 0]
				},
				"leftarm_red3": {
					"rotation": [0, 0, "27.5+math.sin((query.anim_time-0.3)*144)*8"]
				},
				"leftarm_blue3": {
					"rotation": [0, 0, "27.5+math.sin((query.anim_time-0.3)*144)*8"]
				}
			}
		},
		"animation.deoxys.ground_walk": {
			"loop": true,
			"animation_length": 2.5,
			"bones": {
				"body": {
					"rotation": ["22.5+math.sin((query.anim_time)*144)*2.5", 0, 0],
					"position": [0, "-2.25-math.sin((query.anim_time)*144)*1", -8.75]
				},
				"hips": {
					"rotation": [-5, 0, 0]
				},
				"left_arm": {
					"rotation": [11.46583, -19.73395, 21.76174],
					"position": [-0.5, -0.25, 0]
				},
				"leftarm_red2": {
					"rotation": [0, -5, "7.5+math.sin((query.anim_time-0.1)*144)*3"]
				},
				"leftarm_red3": {
					"rotation": [0, "-5+math.sin((query.anim_time-0.1)*144)*4", "7.5+math.sin((query.anim_time-0.2)*144)*3"]
				},
				"leftarm_red4": {
					"rotation": [0, -5, "7.5+math.sin((query.anim_time-0.3)*144)*3"]
				},
				"leftarm_red5": {
					"rotation": [0, "math.sin((query.anim_time-0.2)*144)*4", "7.5+math.sin((query.anim_time-0.4)*144)*3"]
				},
				"leftarm_blue2": {
					"rotation": [0, -5, "7.5+math.sin((query.anim_time-0.1)*144)*3"]
				},
				"leftarm_blue3": {
					"rotation": [0, "-5+math.sin((query.anim_time-0.1)*144)*4", "7.5+math.sin((query.anim_time-0.2)*144)*3"]
				},
				"leftarm_blue4": {
					"rotation": [0, -5, "7.5+math.sin((query.anim_time-0.3)*144)*3"]
				},
				"leftarm_blue5": {
					"rotation": [0, "math.sin((query.anim_time-0.2)*144)*4", "7.5+math.sin((query.anim_time-0.4)*144)*3"]
				},
				"leftarm_blue6": {
					"rotation": [0, -5, "7.5+math.sin((query.anim_time-0.5)*144)*8"]
				},
				"right_arm": {
					"rotation": [8.98615, 22.26201, -21.80333],
					"position": [0.45, -0.25, 0]
				},
				"rightarm_red2": {
					"rotation": [0, 5, "-7.5-math.sin((query.anim_time-0.3)*144)*3"]
				},
				"rightarm_red3": {
					"rotation": [0, "5-math.sin((query.anim_time-0.3)*144)*4", "-7.5-math.sin((query.anim_time-0.4)*144)*3"]
				},
				"rightarm_red4": {
					"rotation": [0, 5, "-7.5-math.sin((query.anim_time-0.5)*144)*3"]
				},
				"rightarm_red5": {
					"rotation": [0, "5-math.sin((query.anim_time-0.4)*144)*4", "-7.5-math.sin((query.anim_time-0.6)*144)*3"]
				},
				"rightarm_blue2": {
					"rotation": [0, 5, "-7.5-math.sin((query.anim_time-0.3)*144)*3"]
				},
				"rightarm_blue3": {
					"rotation": [0, "5-math.sin((query.anim_time-0.3)*144)*4", "-7.5-math.sin((query.anim_time-0.4)*144)*3"]
				},
				"rightarm_blue4": {
					"rotation": [0, 5, "-7.5-math.sin((query.anim_time-0.5)*144)*3"]
				},
				"rightarm_blue5": {
					"rotation": [0, "5-math.sin((query.anim_time-0.4)*144)*4", "-7.5-math.sin((query.anim_time-0.6)*144)*3"]
				},
				"rightarm_blue6": {
					"rotation": [0, 5, "-7.5-math.sin((query.anim_time-0.7)*144)*8"]
				},
				"head": {
					"rotation": ["-12.5-math.sin((query.anim_time-0.4)*144)*3", 0, 0]
				},
				"leftleg": {
					"rotation": ["21.0685-math.sin((query.anim_time-0.3)*144)*1", 22.45886, "-4.9278-math.sin((query.anim_time-0.3)*144)*1"],
					"position": [-0.25, "0.75-math.sin((query.anim_time)*144)*1", -4.75]
				},
				"left_thigh": {
					"rotation": [5, 0, 0],
					"position": [0, -2.25, 1.5]
				},
				"left_calf": {
					"rotation": ["17.4623-math.sin((query.anim_time)*144)*5", -0.42414, "19.9061-math.sin((query.anim_time)*144)*5"]
				},
				"rightleg": {
					"rotation": ["32.9162-math.sin((query.anim_time)*144)*3", -24.43946, "3.9365+math.sin((query.anim_time)*144)*3"],
					"position": [0.5, "-1.42-math.sin((query.anim_time)*144)*1", -5]
				},
				"right_calf": {
					"rotation": ["9.634+math.sin((query.anim_time-0.9)*144)*4", 2.49956, "-27.301-math.sin((query.anim_time-0.9)*144)*4"],
					"position": [0, 0, 0]
				},
				"human_armleft": {
					"scale": 0
				},
				"human_armright": {
					"scale": 0
				},
				"leftarm_red1": {
					"rotation": [0, 0, "0+math.sin((query.anim_time)*144)*6"]
				},
				"leftarm_red6": {
					"rotation": [0, -5, "0+math.sin((query.anim_time-0.5)*144)*6"]
				},
				"leftarm_red7": {
					"rotation": [0, -5, "0+math.sin((query.anim_time-0.6)*144)*13"]
				},
				"leftarm_blue1": {
					"rotation": [0, 0, "0+math.sin((query.anim_time)*144)*6"]
				},
				"leftarm_blue7": {
					"rotation": [0, -5, "0+math.sin((query.anim_time-0.6)*144)*13"]
				},
				"rightarm_red1": {
					"rotation": [0, 0, "0-math.sin((query.anim_time-0.2)*144)*6"]
				},
				"rightarm_red6": {
					"rotation": [0, 5, "0-math.sin((query.anim_time-0.7)*144)*6"]
				},
				"rightarm_red7": {
					"rotation": [0, 7.5, "-math.sin((query.anim_time-0.8)*144)*13"]
				},
				"rightarm_blue1": {
					"rotation": [0, 0, "0-math.sin((query.anim_time-0.2)*144)*6"]
				},
				"rightarm_blue7": {
					"rotation": [0, 5, "0-math.sin((query.anim_time-0.8)*144)*8"]
				}
			}
		},
		"animation.deoxys.sleep": {
			"loop": true,
			"animation_length": 2.5,
			"bones": {
				"body": {
					"rotation": ["22.5+math.sin((query.anim_time)*144)*2.5", 0, 0],
					"position": [0, "-0.25-math.sin((query.anim_time)*144)*1", -8.75]
				},
				"hips": {
					"rotation": [-10, 0, 0],
					"position": [0, 0.25, 0]
				},
				"left_arm": {
					"rotation": [-26.06221, 2.95739, 50.51303],
					"position": [-0.5, -0.25, 0]
				},
				"leftarm_red2": {
					"rotation": [0, -5, "7.5+math.sin((query.anim_time-0.1)*144)*3"]
				},
				"leftarm_red3": {
					"rotation": [0, "-5+math.sin((query.anim_time-0.1)*144)*4", "7.5+math.sin((query.anim_time-0.2)*144)*3"]
				},
				"leftarm_red4": {
					"rotation": [0, -5, "7.5+math.sin((query.anim_time-0.3)*144)*3"]
				},
				"leftarm_red5": {
					"rotation": [0, "math.sin((query.anim_time-0.2)*144)*4", "7.5+math.sin((query.anim_time-0.4)*144)*3"]
				},
				"leftarm_blue2": {
					"rotation": [0, -5, "7.5+math.sin((query.anim_time-0.1)*144)*3"]
				},
				"leftarm_blue3": {
					"rotation": [0, "-5+math.sin((query.anim_time-0.1)*144)*4", "7.5+math.sin((query.anim_time-0.2)*144)*3"]
				},
				"leftarm_blue4": {
					"rotation": [0, -5, "7.5+math.sin((query.anim_time-0.3)*144)*3"]
				},
				"leftarm_blue5": {
					"rotation": [0, "math.sin((query.anim_time-0.2)*144)*4", "7.5+math.sin((query.anim_time-0.4)*144)*3"]
				},
				"leftarm_blue6": {
					"rotation": [0, -5, "7.5+math.sin((query.anim_time-0.5)*144)*5"]
				},
				"right_arm": {
					"rotation": [-11.9275, -3.7372, -47.5912],
					"position": [0.45, -0.25, 0]
				},
				"rightarm_red2": {
					"rotation": [0, 5, "-7.5-math.sin((query.anim_time-0.3)*144)*3"]
				},
				"rightarm_red3": {
					"rotation": [0, "5-math.sin((query.anim_time-0.3)*144)*4", "-7.5-math.sin((query.anim_time-0.4)*144)*3"]
				},
				"rightarm_red4": {
					"rotation": [0, 5, "-7.5-math.sin((query.anim_time-0.5)*144)*3"]
				},
				"rightarm_red5": {
					"rotation": [0, "5-math.sin((query.anim_time-0.4)*144)*4", "-7.5-math.sin((query.anim_time-0.6)*144)*3"]
				},
				"rightarm_blue2": {
					"rotation": [0, 5, "-7.5-math.sin((query.anim_time-0.3)*144)*3"]
				},
				"rightarm_blue3": {
					"rotation": [0, "5-math.sin((query.anim_time-0.3)*144)*4", "-7.5-math.sin((query.anim_time-0.4)*144)*3"]
				},
				"rightarm_blue4": {
					"rotation": [0, 5, "-7.5-math.sin((query.anim_time-0.5)*144)*3"]
				},
				"rightarm_blue5": {
					"rotation": [0, "5-math.sin((query.anim_time-0.4)*144)*4", "-7.5-math.sin((query.anim_time-0.6)*144)*3"]
				},
				"rightarm_blue6": {
					"rotation": [0, 5, "-7.5-math.sin((query.anim_time-0.7)*144)*5"]
				},
				"head": {
					"rotation": ["12.5-math.sin((query.anim_time-0.4)*144)*3", 0, 0]
				},
				"leftleg": {
					"rotation": ["-15.2577-math.sin((query.anim_time-0.3)*144)*1", 20.26066, "-15.4055-math.sin((query.anim_time-0.3)*144)*1"],
					"position": [-0.25, "2.75-math.sin((query.anim_time)*144)*1", -7.25]
				},
				"left_thigh": {
					"rotation": [5, 0, 0],
					"position": [0, -2.25, 1.5]
				},
				"left_calf": {
					"rotation": ["35.4138-math.sin((query.anim_time)*144)*5", -9.99274, "40.4371-math.sin((query.anim_time)*144)*5"]
				},
				"rightleg": {
					"rotation": ["-15.6686-math.sin((query.anim_time)*144)*3", -20.26676, "22.6139+math.sin((query.anim_time)*144)*3"],
					"position": [0, "0.58-math.sin((query.anim_time)*144)*1", -7.75]
				},
				"right_calf": {
					"rotation": ["34.2686+math.sin((query.anim_time-0.9)*144)*4", 11.8311, "-50.6844-math.sin((query.anim_time-0.9)*144)*4"],
					"position": [0, 0, 0]
				},
				"human_armleft": {
					"scale": 0
				},
				"human_armright": {
					"scale": 0
				},
				"leftarm_red1": {
					"rotation": [0, 0, "0+math.sin((query.anim_time)*144)*3"]
				},
				"leftarm_red6": {
					"rotation": [0, -5, "0+math.sin((query.anim_time-0.5)*144)*4"]
				},
				"leftarm_red7": {
					"rotation": [0, -5, "0+math.sin((query.anim_time-0.6)*144)*7"]
				},
				"leftarm_blue1": {
					"rotation": [0, 0, "0+math.sin((query.anim_time)*144)*3"]
				},
				"leftarm_blue7": {
					"rotation": [0, -5, "0+math.sin((query.anim_time-0.6)*144)*4"]
				},
				"rightarm_red1": {
					"rotation": [0, 0, "0-math.sin((query.anim_time-0.2)*144)*3"]
				},
				"rightarm_red6": {
					"rotation": [0, 5, "0-math.sin((query.anim_time-0.7)*144)*4"]
				},
				"rightarm_red7": {
					"rotation": [0, 7.5, "-math.sin((query.anim_time-0.8)*144)*7"]
				},
				"rightarm_blue1": {
					"rotation": [0, 0, "0-math.sin((query.anim_time-0.2)*144)*3"]
				},
				"rightarm_blue7": {
					"rotation": [0, 5, "0-math.sin((query.anim_time-0.8)*144)*4"]
				},
				"lefteye": {
					"position": [0, 0, 1]
				},
				"righteye": {
					"position": [0, 0, 1]
				},
				"eyelids": {
					"position": [0, 0, -1]
				}
			}
		},
		"animation.deoxys.faint": {
			"animation_length": 3,
			"bones": {
				"body": {
					"rotation": {
						"0.0": [5, 0, 0],
						"0.2917": {
							"pre": [5.43327, 4.5252, 5.43327],
							"post": [5.43327, 4.5252, 5.43327],
							"lerp_mode": "catmullrom"
						},
						"0.625": {
							"post": [5, 0, 0],
							"lerp_mode": "catmullrom"
						},
						"0.9583": {
							"post": [7.50841, 11.14185, -6.62541],
							"lerp_mode": "catmullrom"
						},
						"1.25": {
							"post": [12.57673, 9.96156, 0.88045],
							"lerp_mode": "catmullrom"
						},
						"1.4583": {
							"post": [20.07673, 9.96156, 0.88045],
							"lerp_mode": "catmullrom"
						},
						"1.8333": {
							"post": [27.16588, 8.13256, -1.1895],
							"lerp_mode": "catmullrom"
						},
						"2.0833": {
							"post": [18.03038, 12.96737, -10.09679],
							"lerp_mode": "catmullrom"
						},
						"2.5": [30.36206, 13.35484, -12.54005]
					},
					"position": {
						"0.0": [0, -4.25, 0.25],
						"0.2917": {
							"pre": [0.5, -3.75, 0.25],
							"post": [0.5, -3.75, 0.25],
							"lerp_mode": "catmullrom"
						},
						"0.625": {
							"post": [0, -4.25, 1.25],
							"lerp_mode": "catmullrom"
						},
						"0.9583": {
							"post": [-2.13, -2.79, 0.02],
							"lerp_mode": "catmullrom"
						},
						"1.4583": {
							"post": [0, -4.25, -0.75],
							"lerp_mode": "catmullrom"
						},
						"1.8333": {
							"post": [0.5, -4.25, -2.5],
							"lerp_mode": "catmullrom"
						},
						"2.0833": {
							"post": [-1.75, -5.25, -3.5],
							"lerp_mode": "catmullrom"
						},
						"2.5": [-2, -17.25, -8.75]
					}
				},
				"hips": {
					"rotation": {
						"0.0": [-5, 0, 0],
						"0.5": {
							"pre": [-5.17544, 14.94159, -1.3378],
							"post": [-5.17544, 14.94159, -1.3378],
							"lerp_mode": "catmullrom"
						},
						"0.9167": {
							"post": [-8.58991, 10.80369, -6.06934],
							"lerp_mode": "catmullrom"
						},
						"1.25": {
							"post": [-10.04292, 7.4713, -0.6574],
							"lerp_mode": "catmullrom"
						},
						"1.4583": {
							"post": [-13.55469, 9.9472, 9.14536],
							"lerp_mode": "catmullrom"
						},
						"1.8333": {
							"post": [-22.54292, 7.4713, -0.6574],
							"lerp_mode": "catmullrom"
						},
						"2.0833": {
							"post": [-22.34219, 0.53787, 2.21104],
							"lerp_mode": "catmullrom"
						},
						"2.5": [-24.81766, 0.6684, 2.5101]
					},
					"position": {
						"0.0": [0, 0, 0],
						"1.4583": [0, 0, -1],
						"2.0833": [0.5, 0, -1]
					}
				},
				"left_arm": {
					"rotation": {
						"0.0": [6.16046, -14.83096, 22.78866],
						"0.75": {
							"pre": [12.3373, -10.32, -5.02717],
							"post": [12.3373, -10.32, -5.02717],
							"lerp_mode": "catmullrom"
						},
						"1.375": {
							"post": [4.81943, -15.30965, 27.9431],
							"lerp_mode": "catmullrom"
						},
						"1.8333": {
							"post": [9.25902, -13.14685, 10.02197],
							"lerp_mode": "catmullrom"
						},
						"2.625": [-0.25272, 12.23659, 16.67743]
					},
					"position": [-0.5, -0.25, 0]
				},
				"leftarm_red2": {
					"rotation": {
						"0.0": [0, 0, 7.5],
						"0.625": [0, 0, 10]
					}
				},
				"leftarm_red3": {
					"rotation": {
						"0.0": [0, 0, 7.5],
						"0.2917": {
							"pre": [0, 0, 19.83],
							"post": [0, 0, 19.83],
							"lerp_mode": "catmullrom"
						},
						"0.625": {
							"post": [0, 0, 12.5],
							"lerp_mode": "catmullrom"
						},
						"2.5": [0, 0, 35]
					}
				},
				"leftarm_red4": {
					"rotation": {
						"0.0": [0, 0, 7.5],
						"1.0": {
							"pre": [-1.19262, -4.30371, 12.20887],
							"post": [-1.19262, -4.30371, 12.20887],
							"lerp_mode": "catmullrom"
						},
						"2.0833": {
							"post": [0, -7.5, 7.5],
							"lerp_mode": "catmullrom"
						},
						"2.5": [-5.0806, 5.87369, 27.01462]
					}
				},
				"leftarm_red5": {
					"rotation": {
						"0.0": [0, 5, 7.5],
						"1.0": [0.21803, 5.00952, 2.49526],
						"2.5": [-1.74205, 14.809, -12.59224]
					}
				},
				"leftarm_blue2": {
					"rotation": {
						"0.0": [0, 0, 7.5],
						"0.625": [0, 0, 10]
					}
				},
				"leftarm_blue3": {
					"rotation": {
						"0.0": [0, 0, 7.5],
						"0.2917": {
							"pre": [0, 0, 19.83],
							"post": [0, 0, 19.83],
							"lerp_mode": "catmullrom"
						},
						"0.625": {
							"post": [0, 0, 12.5],
							"lerp_mode": "catmullrom"
						},
						"1.0": {
							"post": [0, 0, 12.5],
							"lerp_mode": "catmullrom"
						},
						"1.4167": {
							"post": [0, 0, 15],
							"lerp_mode": "catmullrom"
						},
						"2.0833": {
							"post": [0, 0, 22.5],
							"lerp_mode": "catmullrom"
						},
						"2.5": [0, 0, 35]
					}
				},
				"leftarm_blue4": {
					"rotation": {
						"0.0": [0, 0, 7.5],
						"0.2917": {
							"pre": [0, 0, 12.5],
							"post": [0, 0, 12.5],
							"lerp_mode": "catmullrom"
						},
						"1.0": {
							"post": [-0.22218, -5.67845, 11.8658],
							"lerp_mode": "catmullrom"
						},
						"2.0833": {
							"post": [-0.43441, -4.96214, 22.47144],
							"lerp_mode": "catmullrom"
						},
						"2.5": [0.66099, 2.49023, 22.53396]
					}
				},
				"leftarm_blue5": {
					"rotation": {
						"0.0": [0, 5, 7.5],
						"0.625": {
							"pre": [2.20462, 4.8071, 17.73772],
							"post": [2.20462, 4.8071, 17.73772],
							"lerp_mode": "catmullrom"
						},
						"1.0": {
							"post": [-1.10693, 4.95167, 2.37924],
							"lerp_mode": "catmullrom"
						},
						"2.0833": {
							"post": [-1.10693, 4.95167, 2.37924],
							"lerp_mode": "catmullrom"
						},
						"2.5": [-2.20462, 4.8071, -2.73772]
					}
				},
				"leftarm_blue6": {
					"rotation": {
						"0.0": [0, 0, 7.5],
						"0.625": {
							"pre": [0, 0, 12.5],
							"post": [0, 0, 12.5],
							"lerp_mode": "catmullrom"
						},
						"1.0": {
							"post": [0, 0, -12.5],
							"lerp_mode": "catmullrom"
						},
						"1.5": {
							"post": [-5.97859, -2.76245, 8.98409],
							"lerp_mode": "catmullrom"
						},
						"2.0833": {
							"post": [2.35666, -4.84551, -20.35952],
							"lerp_mode": "catmullrom"
						},
						"2.2083": [3.90399, -4.57228, -25.58619]
					}
				},
				"right_arm": {
					"rotation": {
						"0.0": [3.70923, 17.32142, -22.6204],
						"1.0": {
							"pre": [16.61604, 6.19335, 35.21968],
							"post": [16.61604, 6.19335, 35.21968],
							"lerp_mode": "catmullrom"
						},
						"1.5": {
							"post": [32.16791, -44.58816, 4.46428],
							"lerp_mode": "catmullrom"
						},
						"2.5": [35.10617, -48.75315, 0.42846]
					},
					"position": [0.45, -0.25, 0]
				},
				"rightarm_red2": {
					"rotation": {
						"0.0": [0, 0, -7.5],
						"1.0": [0, 0, -2.5],
						"2.5": [0, -2.5, -10]
					}
				},
				"rightarm_red3": {
					"rotation": {
						"0.0": [0, 0, -7.5],
						"0.3333": {
							"pre": [0, 0, -22.5],
							"post": [0, 0, -22.5],
							"lerp_mode": "catmullrom"
						},
						"1.5": {
							"post": [0, 12.5, -22.5],
							"lerp_mode": "catmullrom"
						},
						"1.9583": {
							"post": [0, -10, -22.5],
							"lerp_mode": "catmullrom"
						},
						"2.5": [-2.35666, -27.34551, -14.64048]
					}
				},
				"rightarm_red4": {
					"rotation": {
						"0.0": [0, 0, -7.5],
						"1.5": {
							"pre": [0.05349, 7.02732, -8.69096],
							"post": [0.05349, 7.02732, -8.69096],
							"lerp_mode": "catmullrom"
						},
						"1.9583": {
							"post": [0, -2.5, -7.5],
							"lerp_mode": "catmullrom"
						},
						"2.5": [-0.75429, -12.38401, 10.04858]
					}
				},
				"rightarm_red5": {
					"rotation": {
						"0.0": [0, 0, -7.5],
						"1.5": {
							"pre": [0, 2.5, -7.5],
							"post": [0, 2.5, -7.5],
							"lerp_mode": "catmullrom"
						},
						"1.9583": {
							"post": [3.00793, 2.01355, 10.32115],
							"lerp_mode": "catmullrom"
						},
						"2.5": [4.26175, 1.55478, 17.83761]
					}
				},
				"rightarm_blue2": {
					"rotation": {
						"0.0": [0, 0, -7.5],
						"0.3333": [0, 0, -15],
						"2.5": [0, -12.5, -15]
					}
				},
				"rightarm_blue3": {
					"rotation": {
						"0.0": [0, 0, -7.5],
						"0.3333": {
							"pre": [0, 0, -22.5],
							"post": [0, 0, -22.5],
							"lerp_mode": "catmullrom"
						},
						"1.0": {
							"post": [0, 0, -15],
							"lerp_mode": "catmullrom"
						},
						"1.5": {
							"post": [0, 10, -15],
							"lerp_mode": "catmullrom"
						},
						"1.9583": {
							"post": [0, -10, -15],
							"lerp_mode": "catmullrom"
						},
						"2.5": [0, -20, -15]
					}
				},
				"rightarm_blue4": {
					"rotation": {
						"0.0": [0, 0, -7.5],
						"1.5": [0, 12.5, -7.5],
						"2.5": [-2.75122, -19.84611, 0.81552]
					}
				},
				"rightarm_blue5": {
					"rotation": {
						"0.0": [0, 0, -7.5],
						"1.0": {
							"pre": [0, 0, 0],
							"post": [0, 0, 0],
							"lerp_mode": "catmullrom"
						},
						"1.5": {
							"post": [0, 12.5, 0],
							"lerp_mode": "catmullrom"
						},
						"1.9583": {
							"post": [0, 5, 20],
							"lerp_mode": "catmullrom"
						},
						"2.5": [15.31454, -8.68281, 33.10426]
					}
				},
				"rightarm_blue6": {
					"rotation": {
						"0.0": [0, 0, -7.5],
						"0.3333": {
							"pre": [0, 0, -25],
							"post": [0, 0, -25],
							"lerp_mode": "catmullrom"
						},
						"1.0": {
							"post": [0, 0, 0],
							"lerp_mode": "catmullrom"
						},
						"1.5": {
							"post": [0.005, 3.15506, -0.16184],
							"lerp_mode": "catmullrom"
						},
						"1.9583": {
							"post": [0, 0, 0],
							"lerp_mode": "catmullrom"
						},
						"2.5": [-0.07413, -15.66301, 25.41953]
					}
				},
				"head": {
					"rotation": {
						"0.0": [7.5, 0, 0],
						"0.625": {
							"pre": [-14.29886, 10.82156, 2.78058],
							"post": [-14.29886, 10.82156, 2.78058],
							"lerp_mode": "catmullrom"
						},
						"0.9583": {
							"post": [-0.84698, -4.57751, 9.77122],
							"lerp_mode": "catmullrom"
						},
						"1.4583": {
							"post": [4.86762, 13.67322, 1.84185],
							"lerp_mode": "catmullrom"
						},
						"2.3333": {
							"post": [-33.54147, 13.67322, 1.84185],
							"lerp_mode": "catmullrom"
						},
						"2.625": [19.86762, 13.67322, 1.84185]
					}
				},
				"leftleg": {
					"rotation": {
						"0.0": [-15.23563, 16.29359, -17.34279],
						"0.625": {
							"pre": [-15.23563, 16.29359, -17.34279],
							"post": [-15.23563, 16.29359, -17.34279],
							"lerp_mode": "catmullrom"
						},
						"0.9583": {
							"post": [-32.25391, 13.91743, -23.63515],
							"lerp_mode": "catmullrom"
						},
						"1.25": {
							"post": [-31.94091, 12.70039, -24.14411],
							"lerp_mode": "catmullrom"
						},
						"1.5833": {
							"post": [-28.42028, 15.91315, -18.27501],
							"lerp_mode": "catmullrom"
						},
						"1.8333": {
							"post": [-20.26091, 16.57897, -17.50771],
							"lerp_mode": "catmullrom"
						},
						"2.0833": {
							"post": [-25.90925, 15.49919, -19.85388],
							"lerp_mode": "catmullrom"
						},
						"2.5": [-60.55559, 3.16021, -32.37685]
					},
					"position": {
						"0.0": [-1.25, -0.75, 0.5],
						"0.625": {
							"pre": [-1.25, -0.75, 0.5],
							"post": [-1.25, -0.75, 0.5],
							"lerp_mode": "catmullrom"
						},
						"0.9583": {
							"post": [-1.25, 0.19, -0.12],
							"lerp_mode": "catmullrom"
						},
						"1.25": {
							"post": [-1.25, -1.25, -0.5],
							"lerp_mode": "catmullrom"
						},
						"1.5833": {
							"post": [-0.05, -0.05, -1.36],
							"lerp_mode": "catmullrom"
						},
						"1.8333": {
							"post": [-0.25, 0.5, -4.75],
							"lerp_mode": "catmullrom"
						},
						"2.0833": {
							"post": [-0.75, -0.25, -3],
							"lerp_mode": "catmullrom"
						},
						"2.5": [-0.25, -13.25, -6.75]
					}
				},
				"left_thigh": {
					"rotation": [5, 0, 0],
					"position": [0, -2.25, 1.5]
				},
				"left_calf": {
					"rotation": {
						"0.0": [27.43092, -1.06904, 22.32177],
						"0.6667": {
							"pre": [27.43092, -1.06904, 22.32177],
							"post": [27.43092, -1.06904, 22.32177],
							"lerp_mode": "catmullrom"
						},
						"0.9583": {
							"post": [39.7375, -10.81116, 36.23076],
							"lerp_mode": "catmullrom"
						},
						"1.25": {
							"post": [22.39432, -2.42067, 24.45934],
							"lerp_mode": "catmullrom"
						},
						"1.4167": {
							"post": [22.7149, -0.56675, 20.39226],
							"lerp_mode": "catmullrom"
						},
						"1.5417": {
							"post": [19.68513, -0.09389, 18.72503],
							"lerp_mode": "catmullrom"
						},
						"1.8333": {
							"post": [15.02295, -0.71301, 19.75806],
							"lerp_mode": "catmullrom"
						},
						"2.0833": {
							"post": [22.39432, -2.42067, 24.45934],
							"lerp_mode": "catmullrom"
						},
						"2.2083": {
							"post": [51.06387, -11.27724, 33.69427],
							"lerp_mode": "catmullrom"
						},
						"2.2917": {
							"post": [61.84358, -17.18162, 39.85089],
							"lerp_mode": "catmullrom"
						},
						"2.4167": {
							"post": [73.01313, -26.03818, 49.08582],
							"lerp_mode": "catmullrom"
						},
						"2.5": [76.29283, -31.94256, 55.24244]
					},
					"position": [0, 0, 0]
				},
				"rightleg": {
					"rotation": {
						"0.0": [-26.83771, -28.48406, 31.34285],
						"0.25": {
							"pre": [-24.36885, -28.20339, 30.16078],
							"post": [-24.36885, -28.20339, 30.16078],
							"lerp_mode": "catmullrom"
						},
						"0.625": {
							"post": [3.3922, -32.91035, 11.7411],
							"lerp_mode": "catmullrom"
						},
						"0.9167": {
							"post": [3.64713, -33.82254, 11.98877],
							"lerp_mode": "catmullrom"
						},
						"1.25": {
							"post": [3.3922, -32.91035, 11.7411],
							"lerp_mode": "catmullrom"
						},
						"1.5833": {
							"post": [-40.79049, -27.81045, 37.77046],
							"lerp_mode": "catmullrom"
						},
						"1.8333": {
							"post": [-26.11623, -31.46476, 29.30313],
							"lerp_mode": "catmullrom"
						},
						"2.0": {
							"post": [-26.11623, -31.46476, 29.30313],
							"lerp_mode": "catmullrom"
						},
						"2.5": [-7.28902, -23.41284, 13.27734]
					},
					"position": {
						"0.0": [-0.25, -2.92, 0],
						"0.25": {
							"pre": [-0.25, -1.86, 0.1],
							"post": [-0.25, -1.86, 0.1],
							"lerp_mode": "catmullrom"
						},
						"0.625": {
							"post": [-0.25, -2.6, 0.29],
							"lerp_mode": "catmullrom"
						},
						"0.9167": {
							"post": [-0.25, -3.6, 0.32],
							"lerp_mode": "catmullrom"
						},
						"1.25": {
							"post": [-0.25, -2.6, 0.29],
							"lerp_mode": "catmullrom"
						},
						"1.8333": {
							"post": [-0.25, -3.42, 0],
							"lerp_mode": "catmullrom"
						},
						"2.0": {
							"post": [-0.25, -3.42, -1],
							"lerp_mode": "catmullrom"
						},
						"2.5": [-0.25, -14.42, -9.25]
					}
				},
				"right_calf": {
					"rotation": {
						"0.25": {
							"pre": [30.42621, 7.41196, -37.89438],
							"post": [30.42621, 7.41196, -37.89438],
							"lerp_mode": "catmullrom"
						},
						"0.4583": {
							"post": [29.85167, 7.02688, -38.32844],
							"lerp_mode": "catmullrom"
						},
						"0.625": {
							"post": [14.63859, 2.64592, -27.27168],
							"lerp_mode": "catmullrom"
						},
						"0.9167": {
							"post": [17.34543, 3.2007, -30.1128],
							"lerp_mode": "catmullrom"
						},
						"1.25": {
							"post": [14.63859, 2.64592, -27.27168],
							"lerp_mode": "catmullrom"
						},
						"1.5833": {
							"post": [32.96813, 8.4917, -49.42412],
							"lerp_mode": "catmullrom"
						},
						"1.8333": {
							"post": [24.10427, 1.39004, -33.14908],
							"lerp_mode": "catmullrom"
						},
						"2.0": {
							"post": [24.10427, 1.39004, -33.14908],
							"lerp_mode": "catmullrom"
						},
						"2.125": {
							"post": [40.95293, 10.68342, -39.43638],
							"lerp_mode": "catmullrom"
						},
						"2.25": {
							"post": [54.11907, 15.60973, -40.03689],
							"lerp_mode": "catmullrom"
						},
						"2.5": [64.5609, 10.30083, -51.84697]
					},
					"position": [0, 0, 0]
				},
				"human_armleft": {
					"rotation": [0, 0, 30],
					"scale": 0
				},
				"human_armright": {
					"rotation": [0, 0, -25],
					"scale": 0
				},
				"leftarm_red1": {
					"rotation": [0, 0, 0]
				},
				"leftarm_red6": {
					"rotation": {
						"0.0": [0, 0, 0],
						"0.625": {
							"pre": [0, 0, 15],
							"post": [0, 0, 15],
							"lerp_mode": "catmullrom"
						},
						"1.0": {
							"post": [0, 0, -20],
							"lerp_mode": "catmullrom"
						},
						"1.5": {
							"post": [1.92287, -7.86878, 1.50917],
							"lerp_mode": "catmullrom"
						},
						"2.0833": {
							"post": [0, -10, -20],
							"lerp_mode": "catmullrom"
						},
						"2.2083": {
							"post": [-0.34514, -10.17788, -26.58503],
							"lerp_mode": "catmullrom"
						},
						"2.5": [0, -10, -20]
					}
				},
				"leftarm_red7": {
					"rotation": {
						"0.0": [0, 0, 0],
						"0.2917": {
							"pre": [0, 0, 12.33],
							"post": [0, 0, 12.33],
							"lerp_mode": "catmullrom"
						},
						"0.625": {
							"post": [0, 0, 5],
							"lerp_mode": "catmullrom"
						},
						"1.0": {
							"post": [-4.15002, 1.35547, -36.09427],
							"lerp_mode": "catmullrom"
						},
						"1.4167": {
							"post": [-6.06351, -16.15589, -8.20176],
							"lerp_mode": "catmullrom"
						},
						"1.5": {
							"post": [-6.83396, -17.32125, 11.41833],
							"lerp_mode": "catmullrom"
						},
						"2.0833": {
							"post": [-2.67539, -27.54008, -14.46295],
							"lerp_mode": "catmullrom"
						},
						"2.2083": [-0.64272, -27.75756, -22.2301]
					}
				},
				"leftarm_blue1": {
					"rotation": {
						"0.0": [0, 0, 0],
						"0.375": [0, 0, -5],
						"0.6667": [0, 0, 0]
					}
				},
				"leftarm_blue7": {
					"rotation": {
						"0.0": [0, 0, 0],
						"0.2917": {
							"pre": [0, 0, 13.33],
							"post": [0, 0, 13.33],
							"lerp_mode": "catmullrom"
						},
						"0.625": {
							"post": [0, 0, 12.5],
							"lerp_mode": "catmullrom"
						},
						"1.0": {
							"post": [0, 0, -5],
							"lerp_mode": "catmullrom"
						},
						"1.4167": {
							"post": [-7.89268, 11.76511, 1.46087],
							"lerp_mode": "catmullrom"
						},
						"1.5417": {
							"post": [-7.73891, 13.91613, 13.1705],
							"lerp_mode": "catmullrom"
						},
						"2.0833": {
							"post": [0, -7.5, -5],
							"lerp_mode": "catmullrom"
						},
						"2.2083": [3.61644, -7.1835, -15.62758]
					}
				},
				"rightarm_red1": {
					"rotation": {
						"0.0": [0, 0, 0],
						"0.3333": [0, 0, -5]
					}
				},
				"rightarm_red6": {
					"rotation": {
						"0.0": [0, 0, 0],
						"0.3333": {
							"pre": [1.33407, -0.56744, -14.85328],
							"post": [1.33407, -0.56744, -14.85328],
							"lerp_mode": "catmullrom"
						},
						"1.0": {
							"post": [-4.40386, 0.11388, 10.77763],
							"lerp_mode": "catmullrom"
						},
						"1.5": {
							"post": [-4.40652, 25.04234, 8.8725],
							"lerp_mode": "catmullrom"
						},
						"1.9583": {
							"post": [-4.36832, 22.54966, 9.06751],
							"lerp_mode": "catmullrom"
						},
						"2.5": [-2.06802, 23.25432, 21.75711]
					}
				},
				"rightarm_red7": {
					"rotation": {
						"0.0": [0, 0, 0],
						"0.3333": {
							"pre": [0, 0, -7.5],
							"post": [0, 0, -7.5],
							"lerp_mode": "catmullrom"
						},
						"1.0": {
							"post": [0, 0, 30],
							"lerp_mode": "catmullrom"
						},
						"1.5": {
							"post": [-3.60535, 22.45599, 19.55768],
							"lerp_mode": "catmullrom"
						},
						"1.9583": {
							"post": [-6.73602, 23.6651, 7.13372],
							"lerp_mode": "catmullrom"
						},
						"2.5": [-4.67664, 24.66207, 17.29437]
					}
				},
				"rightarm_blue1": {
					"rotation": {
						"0.0": [0, 0, 0],
						"2.5": [0, 7.5, 0]
					}
				},
				"rightarm_blue7": {
					"rotation": {
						"0.0": [0, 0, 0],
						"0.3333": {
							"pre": [0, 0, -15],
							"post": [0, 0, -15],
							"lerp_mode": "catmullrom"
						},
						"1.0": {
							"post": [0, 0, 5],
							"lerp_mode": "catmullrom"
						},
						"1.5": {
							"post": [-0.13349, 0.83616, 9.43834],
							"lerp_mode": "catmullrom"
						},
						"2.5": [-0.44067, -22.49038, 15.03852]
					}
				},
				"left_forearm": {
					"rotation": [0, 0, 7.5]
				},
				"left_hand": {
					"rotation": [0, 0, 10]
				},
				"right_forearm": {
					"rotation": [0, 0, -15]
				},
				"right_hand": {
					"rotation": [0, 0, -12.5]
				},
				"lefteye": {
					"position": {
						"0.0": [0, 0, 0],
						"0.25": [0, 0, 0],
						"0.2917": [0, 0, 1],
						"0.4167": [0, 0, 0],
						"0.9167": [0, 0, 0],
						"0.9583": [0, 0, 1],
						"1.0833": [0, 0, 0],
						"1.25": [0, 0, 0],
						"1.2917": [0, 0, 1],
						"1.4167": [0, 0, 0],
						"2.1667": [0, 0, 0],
						"2.2083": [0, 0, 1]
					}
				},
				"righteye": {
					"position": {
						"0.0": [0, 0, 0],
						"0.25": [0, 0, 0],
						"0.2917": [0, 0, 1],
						"0.4167": [0, 0, 0],
						"0.9167": [0, 0, 0],
						"0.9583": [0, 0, 1],
						"1.0833": [0, 0, 0],
						"1.25": [0, 0, 0],
						"1.2917": [0, 0, 1],
						"1.4167": [0, 0, 0],
						"2.1667": [0, 0, 0],
						"2.2083": [0, 0, 1]
					}
				},
				"eyelids": {
					"position": {
						"0.0": [0, 0, 0],
						"0.25": [0, 0, 0],
						"0.2917": [0, 0, -1],
						"0.4167": [0, 0, 0],
						"0.9167": [0, 0, 0],
						"0.9583": [0, 0, -1],
						"1.0833": [0, 0, 0],
						"1.25": [0, 0, 0],
						"1.2917": [0, 0, -1],
						"1.4167": [0, 0, 0],
						"2.1667": [0, 0, 0],
						"2.2083": [0, 0, -1]
					}
				},
				"right_thigh": {
					"rotation": [0, 0, 0]
				}
			}
		}
	}
}