{
	"format_version": "1.12.0",
	"minecraft:geometry": [
		{
			"description": {
				"identifier": "geometry.megadiancie",
				"texture_width": 192,
				"texture_height": 192,
				"visible_bounds_width": 9,
				"visible_bounds_height": 7.5,
				"visible_bounds_offset": [0, 3.25, 0]
			},
			"bones": [
				{
					"name": "root",
					"pivot": [0, 13, 0]
				},
				{
					"name": "megadiancie",
					"parent": "root",
					"pivot": [0, 13, 0]
				},
				{
					"name": "body",
					"parent": "megadiancie",
					"pivot": [0, 13, 0]
				},
				{
					"name": "torso",
					"parent": "body",
					"pivot": [0, 13, 0],
					"cubes": [
						{"origin": [-18.50717, 22, -19.86746], "size": [21, 7, 10], "inflate": -0.01, "pivot": [-5.97424, 29, -9.84924], "rotation": [55, 45, 0], "uv": [95, 35]},
						{"origin": [-18.50717, 22, 7.86746], "size": [21, 7, 10], "inflate": -0.01, "pivot": [-5.97424, 29, 7.84924], "rotation": [-55, -45, 0], "uv": [85, 97]},
						{"origin": [4.47589, 18.21496, 28.83701], "size": [2, 1, 2], "inflate": -0.01, "pivot": [17.96844, 20.22707, 2.83684], "rotation": [-48.5834, 26.6878, 24.3036], "uv": [11, 107]},
						{"origin": [4.47589, 17.71496, 25.83701], "size": [2, 2, 2], "inflate": -0.01, "pivot": [17.96844, 20.22707, 2.83684], "rotation": [-48.5834, 26.6878, 24.3036], "uv": [63, 81]},
						{"origin": [9.47589, 18.21496, 22.83701], "size": [2, 1, 2], "inflate": -0.01, "pivot": [17.96844, 20.22707, 2.83684], "rotation": [-49.56718, 28.32564, 22.17401], "uv": [95, 89]},
						{"origin": [9.47589, 17.71496, 19.83701], "size": [2, 2, 2], "inflate": -0.01, "pivot": [17.96844, 20.22707, 2.83684], "rotation": [-49.56718, 28.32564, 22.17401], "uv": [27, 80]},
						{"origin": [-6.47589, 18.21496, 28.83701], "size": [2, 1, 2], "inflate": -0.01, "pivot": [-17.96844, 20.22707, 2.83684], "rotation": [-48.5834, -26.6878, -24.3036], "uv": [95, 86]},
						{"origin": [-6.47589, 17.71496, 25.83701], "size": [2, 2, 2], "inflate": -0.01, "pivot": [-17.96844, 20.22707, 2.83684], "rotation": [-48.5834, -26.6878, -24.3036], "uv": [27, 73]},
						{"origin": [-11.47589, 18.21496, 22.83701], "size": [2, 1, 2], "inflate": -0.01, "pivot": [-17.96844, 20.22707, 2.83684], "rotation": [-49.56718, -28.32564, -22.17401], "uv": [27, 96]},
						{"origin": [-11.47589, 17.71496, 19.83701], "size": [2, 2, 2], "inflate": -0.01, "pivot": [-17.96844, 20.22707, 2.83684], "rotation": [-49.56718, -28.32564, -22.17401], "uv": [23, 55]},
						{"origin": [-7.97589, 17.21496, 7.83701], "size": [5, 3, 17], "inflate": -0.01, "pivot": [-17.96844, 20.22707, 2.83684], "rotation": [-48.58342, -26.68777, -24.30364], "uv": [114, 73]},
						{"origin": [-12.97589, 17.21496, 4.83701], "size": [5, 3, 14], "inflate": -0.01, "pivot": [-17.96844, 20.22707, 2.83684], "rotation": [-49.56718, -28.32564, -22.17401], "uv": [133, 100]},
						{"origin": [-17.97589, 17.21496, 2.83701], "size": [5, 3, 10], "inflate": -0.01, "pivot": [-17.96844, 20.22707, 2.83684], "rotation": [-51.79396, -31.49566, -17.71179], "uv": [98, 136]},
						{"origin": [7.97589, 17.21496, 4.83701], "size": [5, 3, 14], "inflate": -0.01, "pivot": [17.96844, 20.22707, 2.83684], "rotation": [-49.56718, 28.32564, 22.17401], "uv": [138, 141]},
						{"origin": [-1.02411, 24.21496, 38.83701], "size": [2, 1, 2], "inflate": -0.01, "pivot": [-0.02411, 23.21496, 7.83701], "rotation": [-50, 0, 0], "uv": [74, 107]},
						{"origin": [-1.52411, 23.71496, 34.83701], "size": [3, 2, 3], "inflate": -0.01, "pivot": [-0.02411, 23.21496, 7.83701], "rotation": [-50, 0, 0], "uv": [108, 52]},
						{"origin": [-3.02411, 23.21496, 9.83701], "size": [6, 3, 24], "inflate": -0.01, "pivot": [-0.02411, 23.21496, 7.83701], "rotation": [-50, 0, 0], "uv": [11, 75]},
						{"origin": [2.97589, 17.21496, 7.83701], "size": [5, 3, 17], "inflate": -0.01, "pivot": [17.96844, 20.22707, 2.83684], "rotation": [-48.58342, 26.68777, 24.30364], "uv": [46, 131]},
						{"origin": [12.97589, 17.21496, 2.83701], "size": [5, 3, 10], "inflate": -0.01, "pivot": [17.96844, 20.22707, 2.83684], "rotation": [-51.79396, 31.49566, 17.71179], "uv": [93, 155]},
						{"origin": [-2.49283, 22, 7.86746], "size": [21, 7, 10], "inflate": -0.01, "pivot": [5.97424, 29, 7.84924], "rotation": [-55, 45, 0], "uv": [11, 102]},
						{"origin": [-2.49283, 22, -19.86746], "size": [21, 7, 10], "inflate": -0.01, "pivot": [5.97424, 29, -9.84924], "rotation": [55, -45, 0], "uv": [63, 114]},
						{"origin": [17.52561, 17.22305, -30.25076], "size": [5, 3, 8], "inflate": -0.01, "pivot": [4.55576, 20.23453, -18.24104], "rotation": [83.26366, -52.782, -24.03208], "uv": [151, 117]},
						{"origin": [10.52561, 17.22305, -27.25076], "size": [5, 3, 8], "inflate": -0.01, "pivot": [4.55576, 20.23453, -18.24104], "rotation": [83.26366, -52.782, -24.03208], "uv": [35, 137]},
						{"origin": [-22.52561, 17.22305, -30.25076], "size": [5, 3, 8], "inflate": -0.01, "pivot": [-4.55576, 20.23453, -18.24104], "rotation": [83.26366, 52.782, 24.03208], "uv": [151, 158]},
						{"origin": [-15.52561, 17.22305, -27.25076], "size": [5, 3, 8], "inflate": -0.01, "pivot": [-4.55576, 20.23453, -18.24104], "rotation": [83.26366, 52.782, 24.03208], "uv": [11, 161]},
						{"origin": [-3.5, 6, -4.5], "size": [7, 6, 7], "pivot": [0, 42.5, -1], "rotation": [0, -45, 0], "uv": [123, 158]},
						{"origin": [-6.5, 35, -7.5], "size": [13, 5, 13], "pivot": [0, 37.5, -1], "rotation": [0, -45, 0], "uv": [112, 118]},
						{"origin": [-22.863, 44.5, -7.74049], "size": [23, 0, 23], "pivot": [0.12749, 44.5, 15.25], "rotation": [24.15039, -42.14985, -16.84952], "uv": [11, 52]},
						{"origin": [-6.5, 12, -7.5], "size": [13, 5, 13], "pivot": [0, 42.5, -1], "rotation": [0, -45, 0], "uv": [11, 119]},
						{"origin": [-8.5, 29, -9.5], "size": [17, 6, 17], "pivot": [0, 37.5, -1], "rotation": [0, -45, 0], "uv": [63, 58]},
						{"origin": [-10.5, 17, -11.5], "size": [21, 12, 21], "pivot": [0, 37.5, -1], "rotation": [0, -45, 0], "uv": [11, 19]},
						{"origin": [-8.81586, 10, -14.95495], "size": [4, 7, 4], "pivot": [-8.76041, 17, -7.01041], "rotation": [28.24912, -36.6102, -42.01738], "uv": [73, 131]},
						{"origin": [-8.81586, 10, -6.95495], "size": [4, 7, 4], "pivot": [-8.76041, 17, -7.01041], "rotation": [28.24912, -36.6102, -42.01738], "uv": [11, 88]},
						{"origin": [4.81586, 10, -6.95495], "size": [4, 7, 4], "pivot": [8.76041, 17, -7.01041], "rotation": [28.24912, 36.6102, 42.01738], "uv": [74, 19]},
						{"origin": [4.81586, 10, -14.95495], "size": [4, 7, 4], "pivot": [8.76041, 17, -7.01041], "rotation": [28.24912, 36.6102, 42.01738], "uv": [47, 86]},
						{"origin": [4.81586, 10, 0.95495], "size": [4, 7, 4], "pivot": [8.76041, 17, 5.01041], "rotation": [-28.24912, -36.6102, 42.01738], "uv": [11, 55]},
						{"origin": [4.81586, 10, 8.95495], "size": [4, 7, 4], "pivot": [8.76041, 17, 5.01041], "rotation": [-28.24912, -36.6102, 42.01738], "uv": [11, 66]},
						{"origin": [-8.81586, 10, 0.95495], "size": [4, 7, 4], "pivot": [-8.76041, 17, 5.01041], "rotation": [-28.24912, 36.6102, -42.01738], "uv": [47, 75]},
						{"origin": [-8.81586, 10, 8.95495], "size": [4, 7, 4], "pivot": [-8.76041, 17, 5.01041], "rotation": [-28.24912, 36.6102, -42.01738], "uv": [11, 77]}
					]
				},
				{
					"name": "torso2",
					"parent": "torso",
					"pivot": [0, 40, -1],
					"cubes": [
						{"origin": [-3.5, 40, -4.5], "size": [7, 7, 7], "pivot": [0, 37.5, -1], "rotation": [0, -45, 0], "uv": [150, 45]},
						{"origin": [-2.99758, 42, -4.70811], "size": [3, 5, 3], "pivot": [0, 47, -1.71053], "rotation": [-14.69108, -43.55182, 10.28573], "uv": [11, 119]}
					]
				},
				{
					"name": "neck",
					"parent": "torso2",
					"pivot": [0, 47, -1],
					"cubes": [
						{"origin": [-2, 47, -2.5], "size": [4, 2, 3], "uv": [63, 107]},
						{"origin": [-5, 48, 0.5], "size": [10, 0, 3], "uv": [11, 52]},
						{"origin": [3, 48, -5.5], "size": [3, 0, 6], "pivot": [5, 48, 0.5], "rotation": [10.08453, 7.38542, 1.30962], "uv": [19, 28]},
						{"origin": [-6, 48, -5.5], "size": [3, 0, 6], "pivot": [-5, 48, 0.5], "rotation": [10.08453, -7.38542, -1.30962], "uv": [19, 19]}
					]
				},
				{
					"name": "head",
					"parent": "neck",
					"pivot": [0, 53.80064, -0.89038],
					"cubes": [
						{"origin": [4, 57, -4.75], "size": [5, 6, 2], "pivot": [5, 58, -4.75], "rotation": [-19.7339, -11.0311, 61.92445], "uv": [110, 81]},
						{"origin": [-9, 57, -4.75], "size": [5, 6, 2], "pivot": [-5, 58, -4.75], "rotation": [-19.7339, 11.0311, -61.92445], "uv": [74, 30]},
						{"origin": [-6, 49, -6], "size": [12, 11, 10], "uv": [114, 52]}
					]
				},
				{
					"name": "eyes",
					"parent": "head",
					"pivot": [0, 46, 0]
				},
				{
					"name": "left_eye",
					"parent": "eyes",
					"pivot": [0, 46, 0],
					"cubes": [
						{"origin": [1.5, 52, -6.1], "size": [5, 5, 0], "uv": [95, 81]}
					]
				},
				{
					"name": "left_eye2",
					"parent": "left_eye",
					"pivot": [0, 46, 0],
					"cubes": [
						{"origin": [1.75, 52.75, -6.175], "size": [3, 4, 0], "uv": [11, 28]}
					]
				},
				{
					"name": "right_eye",
					"parent": "eyes",
					"pivot": [0, 46, 0],
					"cubes": [
						{"origin": [-6.5, 52, -6.1], "size": [5, 5, 0], "uv": [11, 102]}
					]
				},
				{
					"name": "right_eye2",
					"parent": "right_eye",
					"pivot": [0, 46, 0],
					"cubes": [
						{"origin": [-4.75, 52.75, -6.175], "size": [3, 4, 0], "uv": [11, 19]}
					]
				},
				{
					"name": "crystals",
					"parent": "head",
					"pivot": [0, 46, 0],
					"cubes": [
						{"origin": [-8.91942, 54.79074, -7.5], "size": [9, 7, 9], "pivot": [0, 54.87132, -7.5], "rotation": [-5.02832, 4.95712, 44.34574], "uv": [139, 19]},
						{"origin": [-0.08058, 54.79074, -7.5], "size": [9, 7, 9], "inflate": -0.01, "pivot": [0, 54.87132, -7.5], "rotation": [-5.02832, -4.95712, -44.34574], "uv": [103, 19]}
					]
				},
				{
					"name": "ribbons",
					"parent": "crystals",
					"pivot": [8, 56.5, 6]
				},
				{
					"name": "left_ribbon",
					"parent": "ribbons",
					"pivot": [9, 56.5, 6],
					"cubes": [
						{"origin": [4, 54.5, 0], "size": [4, 3, 6], "uv": [11, 28]}
					]
				},
				{
					"name": "left_ribbon2",
					"parent": "left_ribbon",
					"pivot": [4, 56, 4],
					"cubes": [
						{"origin": [4, 56, 4], "size": [4, 0, 26], "uv": [61, 81]}
					]
				},
				{
					"name": "left_ribbon3",
					"parent": "left_ribbon2",
					"pivot": [6, 56, 30],
					"cubes": [
						{"origin": [3, 55, 57], "size": [2, 2, 2], "uv": [23, 88]},
						{"origin": [7, 55, 57], "size": [2, 2, 2], "uv": [63, 89]},
						{"origin": [4, 56, 30], "size": [4, 0, 26], "uv": [53, 81]}
					]
				},
				{
					"name": "right_ribbon",
					"parent": "ribbons",
					"pivot": [-9, 56.5, 6],
					"cubes": [
						{"origin": [-8, 54.5, 0], "size": [4, 3, 6], "uv": [11, 19]}
					]
				},
				{
					"name": "right_ribbon2",
					"parent": "right_ribbon",
					"pivot": [-4, 56, 4],
					"cubes": [
						{"origin": [-8, 56, 4], "size": [4, 0, 26], "uv": [45, 81]}
					]
				},
				{
					"name": "right_ribbon3",
					"parent": "right_ribbon2",
					"pivot": [-6, 56, 30],
					"cubes": [
						{"origin": [-8, 56, 30], "size": [4, 0, 26], "uv": [69, 19]},
						{"origin": [-9, 55, 57], "size": [2, 2, 2], "uv": [63, 93]},
						{"origin": [-5, 55, 57], "size": [2, 2, 2], "uv": [27, 92]}
					]
				},
				{
					"name": "down_crystals",
					"parent": "crystals",
					"pivot": [1, 61, -4]
				},
				{
					"name": "left_down_crystals",
					"parent": "down_crystals",
					"pivot": [0.425, 61, -1.375],
					"rotation": [50, -50.0274, -10.9253],
					"cubes": [
						{"origin": [0.43048, 58.8729, -12.35442], "size": [2, 2, 11], "uv": [59, 151]},
						{"origin": [-0.56952, 57.8729, -25.35442], "size": [4, 4, 13], "uv": [72, 155]},
						{"origin": [0.18048, 59.3729, -29.35442], "size": [2, 2, 2], "pivot": [1.93048, 60.3729, -22.35442], "rotation": [0, 0, -45], "uv": [63, 102]}
					]
				},
				{
					"name": "back_crystals",
					"parent": "down_crystals",
					"pivot": [0.425, 58.875, 3.375],
					"rotation": [-52.5, 0, 0],
					"cubes": [
						{"origin": [-0.56952, 56.8729, 2.35442], "size": [2, 2, 3], "uv": [24, 63]},
						{"origin": [-1.56952, 55.8729, 5.35442], "size": [4, 4, 16], "uv": [74, 135]},
						{"origin": [-0.81952, 57.3729, 23.35442], "size": [2, 2, 2], "pivot": [0.93048, 58.3729, 15.35442], "rotation": [0, 0, -45], "uv": [86, 19]}
					]
				},
				{
					"name": "right_down_crystals",
					"parent": "down_crystals",
					"pivot": [-0.425, 61, -1.375],
					"rotation": [50, 50.0274, 10.9253],
					"cubes": [
						{"origin": [-2.43048, 58.8729, -12.35442], "size": [2, 2, 11], "uv": [95, 82]},
						{"origin": [-3.43048, 57.8729, -25.35442], "size": [4, 4, 13], "uv": [145, 80]},
						{"origin": [-2.18048, 59.3729, -29.35442], "size": [2, 2, 2], "pivot": [-1.93048, 60.3729, -22.35442], "rotation": [0, 0, 45], "uv": [86, 36]}
					]
				},
				{
					"name": "top_crystals",
					"parent": "crystals",
					"pivot": [0, 58, -6],
					"rotation": [17.5, 0, 0],
					"cubes": [
						{"origin": [-4, 53, -2], "size": [5, 5, 14], "pivot": [-1, 58, -2], "rotation": [45.99297, -10.54529, -10.72858], "uv": [11, 137]},
						{"origin": [-5, 53, -2], "size": [5, 5, 13], "pivot": [-1, 58, -2], "rotation": [38.59949, -28.53623, -32.94098], "uv": [145, 60]},
						{"origin": [-1, 53, -2], "size": [5, 5, 14], "pivot": [1, 58, -2], "rotation": [45.99297, 10.54529, 10.72858], "uv": [114, 136]},
						{"origin": [0, 53, -2], "size": [5, 5, 13], "pivot": [1, 58, -2], "rotation": [38.59949, 28.53623, 32.94098], "uv": [36, 151]}
					]
				},
				{
					"name": "arms",
					"parent": "torso2",
					"pivot": [0, 18, 0]
				},
				{
					"name": "right_arm",
					"parent": "arms",
					"pivot": [-3.48333, 47, -1],
					"cubes": [
						{"origin": [-15.5, 44, -2], "size": [12, 3, 2], "uv": [138, 136]}
					]
				},
				{
					"name": "right_arm2",
					"parent": "right_arm",
					"pivot": [-15.5, 45.375, -1],
					"cubes": [
						{"origin": [-26.5, 43.5, -2.5], "size": [11, 4, 3], "uv": [157, 97]},
						{"origin": [-32.5, 46.25, -2.5], "size": [6, 0, 3], "uv": [20, 77]}
					]
				},
				{
					"name": "left_arm",
					"parent": "arms",
					"pivot": [3.48333, 47, -1],
					"cubes": [
						{"origin": [3.5, 44, -2], "size": [12, 3, 2], "uv": [80, 52]}
					]
				},
				{
					"name": "left_arm2",
					"parent": "left_arm",
					"pivot": [15.5, 45.375, -1],
					"cubes": [
						{"origin": [15.5, 43.5, -2.5], "size": [11, 4, 3], "uv": [147, 35]},
						{"origin": [26.5, 46.25, -2.5], "size": [6, 0, 3], "uv": [11, 37]}
					]
				}
			]
		}
	]
}