{
	"format_version": "1.12.0",
	"minecraft:geometry": [
		{
			"description": {
				"identifier": "geometry.sneasel_male",
				"texture_width": 64,
				"texture_height": 32,
				"visible_bounds_width": 3,
				"visible_bounds_height": 3.5,
				"visible_bounds_offset": [0, 1.25, 0]
			},
			"bones": [
				{
					"name": "sneasel",
					"pivot": [0, 0, 0]
				},
				{
					"name": "body",
					"parent": "sneasel",
					"pivot": [0, 0, 0]
				},
				{
					"name": "torso",
					"parent": "body",
					"pivot": [0, 4.55, 0],
					"cubes": [
						{"origin": [-2.5, 5, -2], "size": [5, 6, 4], "uv": [0, 13]},
						{"origin": [-1.5, 11, -1.5], "size": [3, 2, 3], "uv": [21, 0]}
					]
				},
				{
					"name": "head",
					"parent": "torso",
					"pivot": [0, 12.05, 0],
					"cubes": [
						{"origin": [-3.5, 12, -3.5], "size": [7, 6, 7], "uv": [0, 0]},
						{"origin": [-0.5, 15.25, -3.5], "size": [1, 2, 0], "inflate": 0.01, "uv": [4, 5]},
						{"origin": [-2, 12.25, -4.35], "size": [4, 2, 1], "inflate": 0.01, "uv": [45, 13]},
						{"origin": [-0.5, 13.25, -4.48], "size": [1, 1, 0], "uv": [21, 0]}
					]
				},
				{
					"name": "eyes",
					"parent": "head",
					"pivot": [0, 15, -2]
				},
				{
					"name": "eye_right",
					"parent": "eyes",
					"pivot": [-3, 15.25, -2],
					"cubes": [
						{"origin": [-3.5, 14.25, -3.5], "size": [2, 2, 2], "inflate": 0.01, "uv": [42, 4], "mirror": true}
					]
				},
				{
					"name": "eyelid_right",
					"parent": "eye_right",
					"pivot": [-2.4, 15.25, -2.4],
					"cubes": [
						{"origin": [-3.4, 14.25, -3.4], "size": [2, 2, 2], "inflate": 0.02, "uv": [50, 4], "mirror": true}
					]
				},
				{
					"name": "eye_left",
					"parent": "eyes",
					"pivot": [3, 15.25, -2],
					"cubes": [
						{"origin": [1.5, 14.25, -3.5], "size": [2, 2, 2], "inflate": 0.01, "uv": [42, 0]}
					]
				},
				{
					"name": "eyelid_left",
					"parent": "eye_left",
					"pivot": [2.4, 15.25, -2.4],
					"cubes": [
						{"origin": [1.4, 14.25, -3.4], "size": [2, 2, 2], "inflate": 0.02, "uv": [50, 0]}
					]
				},
				{
					"name": "ear_right",
					"parent": "head",
					"pivot": [-1.25, 18, -1.5],
					"rotation": [-20, 15, -40],
					"cubes": [
						{"origin": [-4.25, 17.5, -1.5], "size": [3, 4, 0], "uv": [36, 16]}
					]
				},
				{
					"name": "ear_left",
					"parent": "head",
					"pivot": [1.25, 18, -1.5],
					"rotation": [-20, -15, 40],
					"cubes": [
						{"origin": [1.75, 17.5, -1.5], "size": [2, 3, 0], "uv": [0, 13]}
					]
				},
				{
					"name": "feather",
					"parent": "ear_left",
					"pivot": [2.75, 18.25, -1.5],
					"rotation": [-5, -2.5, 5],
					"cubes": [
						{"origin": [1.25, 18.75, -1.5], "size": [3, 9, 0], "uv": [20, 23]}
					]
				},
				{
					"name": "arm_right",
					"parent": "torso",
					"pivot": [-2.5, 10.5, 0],
					"cubes": [
						{"origin": [-6.5, 9.95, -1], "size": [4, 1, 2], "uv": [34, 8]}
					]
				},
				{
					"name": "arm_right2",
					"parent": "arm_right",
					"pivot": [-6.5, 10.7, 1],
					"cubes": [
						{"origin": [-9.5, 9.95, -1], "size": [3, 1, 2], "inflate": 0.01, "uv": [24, 13]}
					]
				},
				{
					"name": "wrist_right",
					"parent": "arm_right2",
					"pivot": [-9.5, 10.5, 0],
					"cubes": [
						{"origin": [-10.5, 9.95, -1], "size": [1, 1, 2], "inflate": 0.02, "uv": [0, 0]}
					]
				},
				{
					"name": "claws_right",
					"parent": "wrist_right",
					"pivot": [-10.2, 10.95, 0]
				},
				{
					"name": "claw_right_front",
					"parent": "claws_right",
					"pivot": [-10.2, 10.95, -0.7],
					"cubes": [
						{"origin": [-12.2, 9.95, -0.7], "size": [2, 1, 0], "inflate": 0.01, "uv": [18, 20]}
					]
				},
				{
					"name": "claw_right_front2",
					"parent": "claw_right_front",
					"pivot": [-12.2, 10.95, -0.7],
					"cubes": [
						{"origin": [-14.2, 9.95, -0.7], "size": [2, 1, 0], "uv": [0, 6]}
					]
				},
				{
					"name": "claw_right_back",
					"parent": "claws_right",
					"pivot": [-10.2, 10.95, 0.7],
					"cubes": [
						{"origin": [-12.2, 9.95, 0.7], "size": [2, 1, 0], "inflate": 0.01, "uv": [21, 5]}
					]
				},
				{
					"name": "claw_right_back2",
					"parent": "claw_right_back",
					"pivot": [-12.2, 10.95, 0.7],
					"cubes": [
						{"origin": [-14.2, 9.95, 0.7], "size": [2, 1, 0], "uv": [0, 5]}
					]
				},
				{
					"name": "arm_left",
					"parent": "torso",
					"pivot": [2.5, 10.5, 0],
					"cubes": [
						{"origin": [2.5, 9.95, -1], "size": [4, 1, 2], "uv": [0, 23]}
					]
				},
				{
					"name": "arm_left2",
					"parent": "arm_left",
					"pivot": [6.5, 10.7, 1],
					"cubes": [
						{"origin": [6.5, 9.95, -1], "size": [3, 1, 2], "inflate": 0.01, "uv": [26, 16]}
					]
				},
				{
					"name": "wrist_left",
					"parent": "arm_left2",
					"pivot": [9.5, 10.4, 0],
					"cubes": [
						{"origin": [9.5, 9.95, -1], "size": [1, 1, 2], "inflate": 0.02, "uv": [30, 0]}
					]
				},
				{
					"name": "claws_left",
					"parent": "wrist_left",
					"pivot": [10.2, 10.95, 0]
				},
				{
					"name": "claw_left_front",
					"parent": "claws_left",
					"pivot": [10.2, 10.95, -0.7],
					"cubes": [
						{"origin": [10.2, 9.95, -0.7], "size": [2, 1, 0], "inflate": 0.01, "uv": [18, 18]}
					]
				},
				{
					"name": "claw_left_front2",
					"parent": "claw_left_front",
					"pivot": [12.2, 10.95, -0.7],
					"cubes": [
						{"origin": [12.2, 9.95, -0.7], "size": [2, 1, 0], "uv": [0, 16]}
					]
				},
				{
					"name": "claw_left_back",
					"parent": "claws_left",
					"pivot": [10.2, 10.95, 0.7],
					"cubes": [
						{"origin": [10.2, 9.95, 0.7], "size": [2, 1, 0], "inflate": 0.01, "uv": [18, 19]}
					]
				},
				{
					"name": "claw_left_back2",
					"parent": "claw_left_back",
					"pivot": [12.2, 10.95, 0.7],
					"cubes": [
						{"origin": [12.2, 9.95, 0.7], "size": [2, 1, 0], "uv": [18, 17]}
					]
				},
				{
					"name": "tail",
					"parent": "torso",
					"pivot": [0, 6.75, 2]
				},
				{
					"name": "tail1",
					"parent": "tail",
					"pivot": [0, 7.5, 1.75],
					"rotation": [20, 0, 0],
					"cubes": [
						{"origin": [0, 7, 1.75], "size": [0, 2, 5], "uv": [14, 10]}
					]
				},
				{
					"name": "tail2",
					"parent": "tail",
					"pivot": [0, 7, 1.75],
					"rotation": [-5, 0, 0],
					"cubes": [
						{"origin": [0, 5.75, 1.75], "size": [0, 2, 6], "inflate": 0.01, "uv": [14, 7]}
					]
				},
				{
					"name": "tail3",
					"parent": "tail",
					"pivot": [0, 6, 2],
					"rotation": [-30, 0, 0],
					"cubes": [
						{"origin": [0, 4.5, 2], "size": [0, 2, 4], "uv": [10, 19]}
					]
				},
				{
					"name": "leg_right",
					"parent": "body",
					"pivot": [-2.1, 5.05, 0],
					"rotation": [-5, 10, 5],
					"cubes": [
						{"origin": [-2.5, 3, -1], "size": [2, 3, 2], "inflate": 0.01, "uv": [37, 11]}
					]
				},
				{
					"name": "leg_right2",
					"parent": "leg_right",
					"pivot": [-1.5, 3, -1],
					"rotation": [20, 0, 0],
					"cubes": [
						{"origin": [-2.5, 0, -1], "size": [2, 3, 2], "uv": [30, 20]}
					]
				},
				{
					"name": "foot_right",
					"parent": "leg_right2",
					"pivot": [-1.5, 1, 0.25],
					"rotation": [-15, 0, -5],
					"cubes": [
						{"origin": [-2.5, -0.5, -2.75], "size": [2, 1, 4], "uv": [38, 16]},
						{"origin": [-0.85, -0.5, -3.75], "size": [0, 1, 1], "pivot": [-0.85, 0, -2.75], "rotation": [0, 10, 0], "uv": [21, 5]},
						{"origin": [-2.2, -0.5, -3.75], "size": [0, 1, 1], "pivot": [-2.2, 0, -2.75], "rotation": [0, -10, 0], "uv": [0, 22]}
					]
				},
				{
					"name": "leg_left",
					"parent": "body",
					"pivot": [2.1, 5.05, 0],
					"rotation": [-5, -10, -5],
					"cubes": [
						{"origin": [0.5, 3, -1], "size": [2, 3, 2], "inflate": 0.01, "uv": [46, 8]}
					]
				},
				{
					"name": "leg_left2",
					"parent": "leg_left",
					"pivot": [1.5, 3, -1],
					"rotation": [20, 0, 0],
					"cubes": [
						{"origin": [0.5, 0, -1], "size": [2, 3, 2], "uv": [51, 17]}
					]
				},
				{
					"name": "foot_left",
					"parent": "leg_left2",
					"pivot": [1.5, 1, 0.25],
					"rotation": [-15, 0, 5],
					"cubes": [
						{"origin": [0.5, -0.5, -2.75], "size": [2, 1, 4], "uv": [18, 17]},
						{"origin": [0.8, -0.5, -3.75], "size": [0, 1, 1], "pivot": [0.8, 0, -2.75], "rotation": [0, -10, 0], "uv": [21, 0]},
						{"origin": [2.15, -0.5, -3.75], "size": [0, 1, 1], "pivot": [2.15, 0, -2.75], "rotation": [0, 10, 0], "uv": [21, 1]}
					]
				}
			]
		}
	]
}