{
	"format_version": "1.12.0",
	"minecraft:geometry": [
		{
			"description": {
				"identifier": "geometry.tapufini",
				"texture_width": 256,
				"texture_height": 256,
				"visible_bounds_width": 5,
				"visible_bounds_height": 5.5,
				"visible_bounds_offset": [0, 2.25, 0]
			},
			"bones": [
				{
					"name": "tapufini",
					"pivot": [0, 0, 0]
				},
				{
					"name": "full_body",
					"parent": "tapufini",
					"pivot": [1, 14, 0]
				},
				{
					"name": "shell2",
					"parent": "full_body",
					"pivot": [-0.42798, 38.59117, 4.57882],
					"rotation": [45, 0, 180],
					"cubes": [
						{"origin": [-8, 36, -13], "size": [15, 3, 40], "uv": [0, 0]},
						{"origin": [-6, 32, -11], "size": [11, 4, 37], "uv": [0, 43]},
						{"origin": [-5, 30, -8], "size": [9, 6, 30], "uv": [45, 87]},
						{"origin": [7, 36, 18], "size": [3, 3, 9], "uv": [93, 87]},
						{"origin": [-11, 36, 18], "size": [3, 3, 9], "uv": [11, 91]},
						{"origin": [-8, 39, -14], "size": [2, 3, 33], "pivot": [-7, 38.5, 13], "rotation": [0, 0, -12.5], "uv": [90, 90]},
						{"origin": [-11, 39, 18], "size": [2, 3, 9], "pivot": [-7, 38.5, 13], "rotation": [0, 0, -12.5], "uv": [13, 108]},
						{"origin": [2, 39, -15], "size": [2, 3, 5], "pivot": [3, 38.5, -3.5], "rotation": [0, 0, 12.5], "uv": [108, 99]},
						{"origin": [-7, 39, -10], "size": [4, 3, 2], "pivot": [5, 40.5, 0], "rotation": [0, -47.5, 0], "uv": [0, 0]},
						{"origin": [1, 39, -10], "size": [5, 3, 2], "pivot": [-6, 40.5, 0], "rotation": [0, 47.5, 0], "uv": [81, 43]},
						{"origin": [-5, 39, -15], "size": [2, 3, 5], "pivot": [-4, 38.5, -3.5], "rotation": [0, 0, -12.5], "uv": [108, 87]},
						{"origin": [-4, 39, -15], "size": [7, 3, 2], "pivot": [-0.5, 38.5, -5], "rotation": [12.5, 0, 0], "uv": [57, 87]},
						{"origin": [-7, 39, 25], "size": [13, 3, 2], "pivot": [-0.5, 38.5, 26], "rotation": [-12.5, 0, 0], "uv": [0, 35]},
						{"origin": [5, 39, -14], "size": [2, 3, 32], "pivot": [6, 38.5, 13], "rotation": [0, 0, 12.5], "uv": [52, 123]},
						{"origin": [8, 39, 18], "size": [2, 3, 9], "pivot": [6, 38.5, 13], "rotation": [0, 0, 12.5], "uv": [74, 66]},
						{"origin": [7, 39, 15], "size": [2, 3, 5], "pivot": [8, 40.5, 17.5], "rotation": [0, 37.5, 0], "uv": [60, 95]},
						{"origin": [-10, 39, 15], "size": [2, 3, 5], "pivot": [-9, 40.5, 17.5], "rotation": [0, -37.5, 0], "uv": [20, 61]},
						{"origin": [4, 34, -12], "size": [3, 3, 39], "pivot": [6, 36.5, 13], "rotation": [0, 0, 30], "uv": [0, 84]},
						{"origin": [-8, 34, -12], "size": [3, 3, 39], "pivot": [-6.5, 36.5, 13], "rotation": [0, 0, -30], "uv": [57, 45]},
						{"origin": [-5, 35, -14], "size": [9, 2, 13], "uv": [88, 126]}
					]
				},
				{
					"name": "bone4",
					"parent": "shell2",
					"pivot": [-1, 30.5, -8],
					"cubes": [
						{"origin": [-2, 32, -6], "size": [3, 2, 10], "pivot": [-1, 30.5, -8], "rotation": [-62.5, 0, 0], "uv": [70, 12]},
						{"origin": [-0.5, 28.09967, -6.33271], "size": [0, 6, 13], "pivot": [-0.5, 26.59967, -0.33271], "rotation": [-102.5, 0, 0], "uv": [0, 30]},
						{"origin": [-0.5, 26.09967, -5.33271], "size": [0, 2, 10], "pivot": [-0.5, 26.59967, -0.33271], "rotation": [-102.5, 0, 0], "uv": [19, 0]},
						{"origin": [-0.5, 22.09967, -5.33271], "size": [0, 4, 5], "pivot": [-0.5, 26.59967, -0.33271], "rotation": [-102.5, 0, 0], "uv": [30, 20]},
						{"origin": [-0.5, 24.09967, -0.33271], "size": [0, 2, 2], "pivot": [-0.5, 26.59967, -0.33271], "rotation": [-102.5, 0, 0], "uv": [0, 16]},
						{"origin": [-0.5, 34.09967, -5.33271], "size": [0, 4, 5], "pivot": [-0.5, 26.59967, -0.33271], "rotation": [-102.5, 0, 0], "uv": [30, 20]},
						{"origin": [-0.5, 34.09967, 1.66729], "size": [0, 4, 5], "pivot": [-0.5, 26.59967, -0.33271], "rotation": [-102.5, 0, 0], "uv": [30, 20]}
					]
				},
				{
					"name": "bone9",
					"parent": "bone4",
					"pivot": [-0.5, 20.57519, 0.06725],
					"rotation": [40, 0, 0],
					"cubes": [
						{"origin": [-2, 32, 4], "size": [3, 2, 10], "pivot": [-1, 30.5, -8], "rotation": [-62.5, 0, 0], "uv": [70, 0]}
					]
				},
				{
					"name": "bone3",
					"parent": "shell2",
					"pivot": [-0.5, 38.98956, -13.05362],
					"rotation": [-30, 0, 0],
					"cubes": [
						{"origin": [-4, 39, -22], "size": [7, 3, 9], "pivot": [-0.5, 38.5, -5], "rotation": [12.5, 0, 0], "uv": [0, 49]},
						{"origin": [-2, 38, -31], "size": [3, 5, 13], "pivot": [-0.5, 38.5, -5], "rotation": [12.5, 0, 0], "uv": [0, 0]}
					]
				},
				{
					"name": "body",
					"parent": "full_body",
					"pivot": [1, 14, 0],
					"cubes": [
						{"origin": [-2, 30, -1], "size": [4, 5, 3], "uv": [126, 73]},
						{"origin": [-3, 27, -2], "size": [6, 5, 5], "uv": [119, 126]},
						{"origin": [-6, 27, -4], "size": [3, 6, 8], "pivot": [-4.5, 31, 0], "rotation": [0, 0, -27.5], "uv": [102, 35]},
						{"origin": [3, 27, -4], "size": [3, 6, 8], "pivot": [4.5, 31, 1], "rotation": [0, 0, 27.5], "uv": [0, 103]},
						{"origin": [-2, 24, -1], "size": [4, 4, 3], "uv": [128, 17]}
					]
				},
				{
					"name": "leftarm",
					"parent": "body",
					"pivot": [6, 31, -1],
					"rotation": [0, 22.5, 40],
					"cubes": [
						{"origin": [6, 30, -2], "size": [6, 2, 2], "uv": [102, 77]}
					]
				},
				{
					"name": "bone",
					"parent": "leftarm",
					"pivot": [12.33333, 31, -1],
					"rotation": [0, 15, -20],
					"cubes": [
						{"origin": [12, 30, -2], "size": [9, 2, 2], "uv": [93, 31]}
					]
				},
				{
					"name": "bone2",
					"parent": "bone",
					"pivot": [20.5, 30, -1],
					"cubes": [
						{"origin": [19, 30, -2.5], "size": [7, 0, 2], "pivot": [21.5, 30, -1.5], "rotation": [50, 32.5, 0], "uv": [21, 55]}
					]
				},
				{
					"name": "bone5",
					"parent": "bone",
					"pivot": [20.5, 32, -1],
					"cubes": [
						{"origin": [19, 32, -3], "size": [7, 0, 4], "pivot": [20.5, 32, -1], "rotation": [-20, 0, -30], "uv": [15, 4]}
					]
				},
				{
					"name": "rightarm",
					"parent": "body",
					"pivot": [-6, 31, -1],
					"rotation": [180, 22.5, 140],
					"cubes": [
						{"origin": [-6, 30, -2], "size": [6, 2, 2], "uv": [59, 76]}
					]
				},
				{
					"name": "bone6",
					"parent": "rightarm",
					"pivot": [0.33333, 31, -1],
					"rotation": [0, -15, -20],
					"cubes": [
						{"origin": [0, 30, -2], "size": [9, 2, 2], "uv": [70, 24]}
					]
				},
				{
					"name": "bone7",
					"parent": "bone6",
					"pivot": [8.5, 30, -1],
					"cubes": [
						{"origin": [7, 30, -1.5], "size": [7, 0, 2], "pivot": [9.5, 30, -0.5], "rotation": [-50, -32.5, 0], "uv": [17, 8]}
					]
				},
				{
					"name": "bone8",
					"parent": "bone6",
					"pivot": [8.5, 32, -1],
					"cubes": [
						{"origin": [7, 32, -3], "size": [7, 0, 4], "pivot": [8.5, 32, -1], "rotation": [20, 0, -30], "uv": [15, 0]}
					]
				},
				{
					"name": "body2",
					"parent": "body",
					"pivot": [-6, 31, -1],
					"rotation": [-7.5, 0, 0],
					"cubes": [
						{"origin": [-4, 17, -2], "size": [8, 9, 6], "uv": [59, 43]},
						{"origin": [-3, 7, -2], "size": [6, 11, 6], "pivot": [0, 17, 1], "rotation": [12.5, 0, 0], "uv": [59, 58]},
						{"origin": [0, 8, -7], "size": [0, 8, 5], "pivot": [0, 17, 1], "rotation": [12.5, 0, 0], "uv": [0, 0]},
						{"origin": [-4, 8.21334, -4.05204], "size": [8, 2, 14], "pivot": [0, 8.21334, 2.94796], "rotation": [37.5, 0, 0], "uv": [23, 126]}
					]
				},
				{
					"name": "head",
					"parent": "full_body",
					"pivot": [0, 34.75, -0.7],
					"rotation": [15, 0, 0],
					"cubes": [
						{"origin": [-4, 35, -3], "size": [8, 10, 7], "uv": [0, 18]},
						{"origin": [-3, 44, -3.9], "size": [6, 3, 8], "uv": [0, 61]}
					]
				},
				{
					"name": "hairright",
					"parent": "head",
					"pivot": [-2.28235, 45.42725, 0.18897],
					"cubes": [
						{"origin": [-6, 39, -4], "size": [2, 8, 8], "pivot": [-4, 41.5, 0.5], "rotation": [0, 0, 40], "uv": [45, 84]},
						{"origin": [-7.48903, 31.68183, -3], "size": [2, 9, 6], "pivot": [-5.91414, 39.28661, 0], "rotation": [0, 30, 10], "uv": [127, 106]},
						{"origin": [-8.88008, 19.76585, -2], "size": [2, 13, 4], "pivot": [-7.08986, 31.37873, 0], "rotation": [0, 25, -7.5], "uv": [71, 134]},
						{"origin": [-4.87964, 12.79628, -3], "size": [2, 10, 6], "pivot": [-6.35753, 23.76206, 0], "rotation": [0, -7.5, 62.5], "uv": [0, 126]},
						{"origin": [-14.05312, 7.96246, -3], "size": [0, 10, 6], "pivot": [-14.05312, 16.96246, 0], "rotation": [0, -15, 97.5], "uv": [86, 6]}
					]
				},
				{
					"name": "hairleft",
					"parent": "head",
					"pivot": [2.80948, 45.42719, 0.19944],
					"rotation": [0, 180, 0],
					"cubes": [
						{"origin": [-0.91375, 39, -3.60112], "size": [2, 8, 8], "pivot": [1.08625, 41.5, 0.89888], "rotation": [0, 0, 40], "uv": [0, 84]},
						{"origin": [-2.40278, 31.68183, -2.60112], "size": [2, 9, 6], "pivot": [-0.82789, 39.28661, 0.39888], "rotation": [0, -32.5, 10], "uv": [127, 91]},
						{"origin": [-3.79383, 19.76585, -1.60112], "size": [2, 13, 4], "pivot": [-2.00361, 31.37873, 0.39888], "rotation": [0, -27.5, -7.5], "uv": [128, 0]},
						{"origin": [0.20661, 12.79628, -2.60112], "size": [2, 10, 6], "pivot": [-1.27128, 23.76206, 0.39888], "rotation": [0, 7.5, 62.5], "uv": [102, 61]},
						{"origin": [-8.96687, 7.96246, -2.60112], "size": [0, 10, 6], "pivot": [-8.96687, 16.96246, 0.39888], "rotation": [0, 15, 97.5], "uv": [26, 78]}
					]
				},
				{
					"name": "righteye",
					"parent": "head",
					"pivot": [1, 15, 1],
					"cubes": [
						{"origin": [-3.5, 37, -3.1], "size": [2, 3, 0], "uv": [30, 29]},
						{"origin": [-3.8, 40, -3.2], "size": [2, 2, 0], "uv": [0, 23]}
					]
				},
				{
					"name": "lefteye",
					"parent": "head",
					"pivot": [7, 15, 1],
					"cubes": [
						{"origin": [1.5, 37, -3.1], "size": [2, 3, 0], "uv": [0, 20]},
						{"origin": [1.8, 40, -3.2], "size": [2, 2, 0], "uv": [32, 12]}
					]
				},
				{
					"name": "shell",
					"parent": "full_body",
					"pivot": [-0.45089, 11.95074, 6.32758],
					"rotation": [32.5, 0, 0],
					"cubes": [
						{"origin": [-7.5, 9.38374, -3.68071], "size": [15, 3, 28], "uv": [70, 0]},
						{"origin": [-5.5, 5.38374, -2.68071], "size": [11, 4, 26], "uv": [102, 31]},
						{"origin": [7.5, 9.38374, 15.31929], "size": [3, 3, 9], "uv": [45, 100]},
						{"origin": [-10.5, 9.38374, 15.31929], "size": [3, 3, 9], "uv": [93, 99]},
						{"origin": [-7.5, 12.38374, -3.68071], "size": [2, 3, 20], "pivot": [-7, 11.88374, 10.31929], "rotation": [0, 0, -12.5], "uv": [102, 61]},
						{"origin": [-10.5, 12.38374, 15.31929], "size": [2, 3, 9], "pivot": [-7, 11.88374, 10.31929], "rotation": [0, 0, -12.5], "uv": [126, 61]},
						{"origin": [2.5, 12.38374, -8.68071], "size": [2, 3, 5], "pivot": [3, 11.88374, -6.18071], "rotation": [0, 0, 12.5], "uv": [66, 126]},
						{"origin": [3.5, 12.38374, -3.68071], "size": [4, 3, 2], "pivot": [5, 13.88374, -2.68071], "rotation": [0, -47.5, 0], "uv": [86, 0]},
						{"origin": [1.5, 7.38374, -3.68071], "size": [5, 5, 2], "pivot": [5, 13.88374, -2.68071], "rotation": [0, -47.5, 0], "uv": [23, 18]},
						{"origin": [-7.5, 12.38374, -3.68071], "size": [5, 3, 2], "pivot": [-6, 13.88374, -2.68071], "rotation": [0, 47.5, 0], "uv": [60, 103]},
						{"origin": [-5.5, 7.38374, -3.68071], "size": [5, 5, 2], "pivot": [-6, 13.88374, -2.68071], "rotation": [0, 47.5, 0], "uv": [12, 84]},
						{"origin": [-4.5, 12.38374, -8.68071], "size": [2, 3, 5], "pivot": [-4, 11.88374, -6.18071], "rotation": [0, 0, -12.5], "uv": [23, 126]},
						{"origin": [-3.5, 12.38374, -8.68071], "size": [7, 3, 2], "pivot": [-0.5, 11.88374, -7.68071], "rotation": [12.5, 0, 0], "uv": [14, 103]},
						{"origin": [-3.5, 7.38374, -8.68071], "size": [7, 3, 2], "pivot": [-0.5, 9.88374, -7.68071], "rotation": [30, 0, 0], "uv": [102, 49]},
						{"origin": [-6.5, 12.38374, 22.31929], "size": [13, 3, 2], "pivot": [-0.5, 11.88374, 23.31929], "rotation": [-12.5, 0, 0], "uv": [0, 72]},
						{"origin": [5.5, 12.38374, -3.68071], "size": [2, 3, 19], "pivot": [6, 11.88374, 10.31929], "rotation": [0, 0, 12.5], "uv": [0, 126]},
						{"origin": [8.5, 12.38374, 15.31929], "size": [2, 3, 9], "pivot": [6, 11.88374, 10.31929], "rotation": [0, 0, 12.5], "uv": [53, 126]},
						{"origin": [7.5, 9.38374, 12.31929], "size": [2, 6, 5], "pivot": [8, 13.88374, 14.81929], "rotation": [0, 37.5, 0], "uv": [82, 53]},
						{"origin": [-9.5, 9.38374, 12.31929], "size": [2, 6, 5], "pivot": [-9, 13.88374, 14.81929], "rotation": [0, -37.5, 0], "uv": [23, 44]},
						{"origin": [4.5, 7.38374, -2.68071], "size": [3, 3, 27], "pivot": [6, 9.88374, 10.31929], "rotation": [0, 0, 30], "uv": [127, 61]},
						{"origin": [-7.5, 7.38374, -2.68071], "size": [3, 3, 27], "pivot": [-6.5, 9.88374, 10.31929], "rotation": [0, 0, -30], "uv": [120, 126]},
						{"origin": [-4.5, 9.38374, -8.68071], "size": [9, 3, 5], "uv": [70, 31]}
					]
				}
			]
		}
	]
}