{
	"format_version": "1.12.0",
	"minecraft:geometry": [
		{
			"description": {
				"identifier": "geometry.kyogrenew",
				"texture_width": 256,
				"texture_height": 256,
				"visible_bounds_width": 9,
				"visible_bounds_height": 3.5,
				"visible_bounds_offset": [0, 1.25, 0]
			},
			"bones": [
				{
					"name": "kyogre",
					"pivot": [0, 0, 0]
				},
				{
					"name": "body",
					"parent": "kyogre",
					"pivot": [0, 23, -3],
					"cubes": [
						{"origin": [-14, 4, -11], "size": [28, 18, 16], "uv": [0, 62]},
						{"origin": [-7, 24, -5], "size": [0, 8, 10], "inflate": 0.001, "pivot": [0, 0, 0], "rotation": [-14.51082, -3.84097, -14.51082], "uv": [16, 180], "mirror": true},
						{"origin": [7, 24, -5], "size": [0, 8, 10], "inflate": 0.001, "pivot": [0, 0, 0], "rotation": [-14.51082, 3.84097, 14.51082], "uv": [16, 180]}
					]
				},
				{
					"name": "head",
					"parent": "body",
					"pivot": [0, 22, -11],
					"cubes": [
						{"origin": [12, 11.75, -21.25], "size": [0, 2, 2], "inflate": 0.02, "uv": [46, 157]},
						{"origin": [-12, 12.5, -25.75], "size": [24, 9, 17], "uv": [174, 165]},
						{"origin": [12, 13.25, -22.75], "size": [0, 3, 5], "inflate": 0.03, "uv": [33, 31]},
						{"origin": [-12, 5.1, -25.75], "size": [24, 9, 16], "inflate": -0.01, "uv": [86, 31]},
						{"origin": [-10, 12.5, -30], "size": [20, 6, 6], "uv": [199, 123]},
						{"origin": [12, 10, -22.75], "size": [0, 3, 5], "uv": [60, 39]},
						{"origin": [12, 12.25, -20.75], "size": [0, 1, 1], "inflate": 0.025, "uv": [45, 155]},
						{"origin": [-12, 12.25, -20.75], "size": [0, 1, 1], "inflate": 0.025, "uv": [45, 155], "mirror": true},
						{"origin": [-12, 11.75, -21.25], "size": [0, 2, 2], "inflate": 0.02, "uv": [46, 157], "mirror": true},
						{"origin": [-12, 13.25, -22.75], "size": [0, 3, 5], "inflate": 0.03, "uv": [33, 31], "mirror": true},
						{"origin": [-12, 10, -22.75], "size": [0, 3, 5], "uv": [60, 39], "mirror": true}
					]
				},
				{
					"name": "bottom_jaw",
					"parent": "head",
					"pivot": [0, 11, -24],
					"cubes": [
						{"origin": [-10, 7.5, -30], "size": [20, 5, 10], "uv": [193, 57]}
					]
				},
				{
					"name": "bone2",
					"parent": "bottom_jaw",
					"pivot": [4, 21, -24],
					"rotation": [0, 0, 45],
					"cubes": [
						{"origin": [12, 17, -29.5], "size": [2, 2, 0], "uv": [207, 81]}
					]
				},
				{
					"name": "bone3",
					"parent": "bottom_jaw",
					"pivot": [-4, 21, -24],
					"rotation": [0, 0, -45],
					"cubes": [
						{"origin": [-14, 17, -29.5], "size": [2, 2, 0], "uv": [207, 81], "mirror": true}
					]
				},
				{
					"name": "bone9",
					"parent": "bottom_jaw",
					"pivot": [-2, 21, -24],
					"rotation": [0, 0, 45],
					"cubes": [
						{"origin": [6, 17, -29.5], "size": [2, 2, 0], "uv": [207, 81]}
					]
				},
				{
					"name": "bone10",
					"parent": "bottom_jaw",
					"pivot": [-4, 21, -24],
					"rotation": [0, 0, 45],
					"cubes": [
						{"origin": [3.75, 16.75, -29.5], "size": [2, 2, 0], "uv": [207, 81]}
					]
				},
				{
					"name": "bone11",
					"parent": "bottom_jaw",
					"pivot": [-7, 21, -24],
					"rotation": [0, 0, 45],
					"cubes": [
						{"origin": [1, 17, -29.5], "size": [2, 2, 0], "uv": [207, 81]}
					]
				},
				{
					"name": "bone12",
					"parent": "bottom_jaw",
					"pivot": [-10, 21, -24],
					"rotation": [0, 0, 45],
					"cubes": [
						{"origin": [-2, 17, -29.5], "size": [2, 2, 0], "uv": [207, 81]}
					]
				},
				{
					"name": "bone15",
					"parent": "bottom_jaw",
					"pivot": [-4, 21, -24],
					"rotation": [0, 90, 0]
				},
				{
					"name": "bone14",
					"parent": "bone15",
					"pivot": [-4, 21, -24],
					"rotation": [0, 0, 45],
					"cubes": [
						{"origin": [4, 17, -29.5], "size": [2, 2, 0], "uv": [207, 81]}
					]
				},
				{
					"name": "bone16",
					"parent": "bottom_jaw",
					"pivot": [-4, 21, -22],
					"rotation": [0, 90, 0]
				},
				{
					"name": "bone17",
					"parent": "bone16",
					"pivot": [-4, 21, -22],
					"rotation": [0, 0, 45],
					"cubes": [
						{"origin": [4, 17, -27.5], "size": [2, 2, 0], "uv": [207, 81]}
					]
				},
				{
					"name": "bone18",
					"parent": "bottom_jaw",
					"pivot": [4, 21, -22],
					"rotation": [0, -90, 0]
				},
				{
					"name": "bone19",
					"parent": "bone18",
					"pivot": [4, 21, -22],
					"rotation": [0, 0, -45],
					"cubes": [
						{"origin": [-6, 17, -27.5], "size": [2, 2, 0], "uv": [207, 81], "mirror": true}
					]
				},
				{
					"name": "bone20",
					"parent": "bone18",
					"pivot": [2, 21, -22],
					"rotation": [0, 0, -45],
					"cubes": [
						{"origin": [-8, 17, -27.5], "size": [2, 2, 0], "uv": [207, 81], "mirror": true}
					]
				},
				{
					"name": "bone8",
					"parent": "bottom_jaw",
					"pivot": [1, 21, -23],
					"rotation": [0, 0, 45],
					"cubes": [
						{"origin": [9, 17, -29.5], "size": [2, 2, 0], "uv": [219, 84]}
					]
				},
				{
					"name": "bone22",
					"parent": "body",
					"pivot": [0, 21, 5],
					"cubes": [
						{"origin": [-13, 5, 5], "size": [26, 16, 8], "uv": [0, 96]}
					]
				},
				{
					"name": "bone23",
					"parent": "bone22",
					"pivot": [0, 18, 13],
					"cubes": [
						{"origin": [-11, 8, 13], "size": [22, 10, 8], "uv": [110, 104]}
					]
				},
				{
					"name": "tail",
					"parent": "bone23",
					"pivot": [0, 15, 21],
					"cubes": [
						{"origin": [-8, 10, 20], "size": [16, 5, 5], "uv": [72, 62]}
					]
				},
				{
					"name": "tail2",
					"parent": "tail",
					"pivot": [0, 15, 25],
					"cubes": [
						{"origin": [-6, 10.5, 24], "size": [12, 4, 10], "uv": [100, 122]}
					]
				},
				{
					"name": "tail3",
					"parent": "tail2",
					"pivot": [0, 14, 34],
					"cubes": [
						{"origin": [-3, 11, 34], "size": [6, 3, 6], "uv": [0, 0]}
					]
				},
				{
					"name": "tail4",
					"parent": "tail3",
					"pivot": [0, 14, 41],
					"cubes": [
						{"origin": [-2, 11, 40], "size": [4, 3, 6], "uv": [86, 130]}
					]
				},
				{
					"name": "left_tailfin",
					"parent": "tail2",
					"pivot": [0, 11, 0],
					"cubes": [
						{"origin": [12, 11, 22], "size": [17, 2, 7], "pivot": [0, 11, 0], "rotation": [0, -15, 0], "uv": [128, 56], "mirror": true}
					]
				},
				{
					"name": "left_innerfinflap1",
					"parent": "left_tailfin",
					"pivot": [9, 12, 32],
					"cubes": [
						{"origin": [7, 12, 31], "size": [7, 0, 5], "pivot": [0, 11, 0], "rotation": [0, -2.5, 0], "uv": [91, 121], "mirror": true}
					]
				},
				{
					"name": "left_innerfinflap2",
					"parent": "left_innerfinflap1",
					"pivot": [9, 12, 36],
					"cubes": [
						{"origin": [7, 12, 36], "size": [7, 0, 5], "pivot": [0, 11, 0], "rotation": [0, -2.5, 0], "uv": [91, 116], "mirror": true}
					]
				},
				{
					"name": "left_innerfinflap3",
					"parent": "left_innerfinflap2",
					"pivot": [9, 12, 42],
					"cubes": [
						{"origin": [7, 12, 41], "size": [7, 0, 5], "pivot": [0, 11, 0], "rotation": [0, -2.5, 0], "uv": [91, 111], "mirror": true}
					]
				},
				{
					"name": "left_innerfinflap4",
					"parent": "left_innerfinflap3",
					"pivot": [9, 12, 47],
					"cubes": [
						{"origin": [7, 12, 46], "size": [7, 0, 7], "pivot": [0, 11, 0], "rotation": [0, -2.5, 0], "uv": [89, 104], "mirror": true}
					]
				},
				{
					"name": "left_outerfinflap1",
					"parent": "left_tailfin",
					"pivot": [17, 12, 32],
					"rotation": [0, 10, 0],
					"cubes": [
						{"origin": [15, 12, 31], "size": [7, 0, 5], "pivot": [8, 11, 0], "rotation": [0, -2.5, 0], "uv": [91, 121], "mirror": true}
					]
				},
				{
					"name": "left_outerfinflap2",
					"parent": "left_outerfinflap1",
					"pivot": [17, 12, 36],
					"cubes": [
						{"origin": [15, 12, 36], "size": [7, 0, 5], "pivot": [8, 11, 0], "rotation": [0, -2.5, 0], "uv": [91, 116], "mirror": true}
					]
				},
				{
					"name": "left_outerfinflap3",
					"parent": "left_outerfinflap2",
					"pivot": [17, 12, 42],
					"cubes": [
						{"origin": [15, 12, 41], "size": [7, 0, 5], "pivot": [8, 11, 0], "rotation": [0, -2.5, 0], "uv": [91, 111], "mirror": true}
					]
				},
				{
					"name": "left_outerfinflap4",
					"parent": "left_outerfinflap3",
					"pivot": [17, 12, 47],
					"cubes": [
						{"origin": [15, 12, 46], "size": [7, 0, 7], "pivot": [8, 11, 0], "rotation": [0, -2.5, 0], "uv": [89, 104], "mirror": true}
					]
				},
				{
					"name": "right_tailfin",
					"parent": "tail2",
					"pivot": [0, 11, 0],
					"cubes": [
						{"origin": [-29, 11, 22], "size": [17, 2, 7], "pivot": [0, 11, 0], "rotation": [0, 15, 0], "uv": [128, 56]}
					]
				},
				{
					"name": "right_innerfinflap1",
					"parent": "right_tailfin",
					"pivot": [-9, 12, 32],
					"cubes": [
						{"origin": [-14, 12, 31], "size": [7, 0, 5], "pivot": [0, 11, 0], "rotation": [0, 2.5, 0], "uv": [91, 121]}
					]
				},
				{
					"name": "right_innerfinflap2",
					"parent": "right_innerfinflap1",
					"pivot": [-9, 12, 36],
					"cubes": [
						{"origin": [-14, 12, 36], "size": [7, 0, 5], "pivot": [0, 11, 0], "rotation": [0, 2.5, 0], "uv": [91, 116]}
					]
				},
				{
					"name": "right_innerfinflap3",
					"parent": "right_innerfinflap2",
					"pivot": [-9, 12, 42],
					"cubes": [
						{"origin": [-14, 12, 41], "size": [7, 0, 5], "pivot": [0, 11, 0], "rotation": [0, 2.5, 0], "uv": [91, 111]}
					]
				},
				{
					"name": "right_innerfinflap4",
					"parent": "right_innerfinflap3",
					"pivot": [-9, 12, 47],
					"cubes": [
						{"origin": [-14, 12, 46], "size": [7, 0, 7], "pivot": [0, 11, 0], "rotation": [0, 2.5, 0], "uv": [89, 104]}
					]
				},
				{
					"name": "right_outerfinflap1",
					"parent": "right_tailfin",
					"pivot": [-17, 12, 32],
					"rotation": [0, -10, 0],
					"cubes": [
						{"origin": [-22, 12, 31], "size": [7, 0, 5], "pivot": [-8, 11, 0], "rotation": [0, 2.5, 0], "uv": [91, 121]}
					]
				},
				{
					"name": "right_outerfinflap2",
					"parent": "right_outerfinflap1",
					"pivot": [-17, 12, 36],
					"cubes": [
						{"origin": [-22, 12, 36], "size": [7, 0, 5], "pivot": [-8, 11, 0], "rotation": [0, 2.5, 0], "uv": [91, 116]}
					]
				},
				{
					"name": "right_outerfinflap3",
					"parent": "right_outerfinflap2",
					"pivot": [-17, 12, 42],
					"cubes": [
						{"origin": [-22, 12, 41], "size": [7, 0, 5], "pivot": [-8, 11, 0], "rotation": [0, 2.5, 0], "uv": [91, 111]}
					]
				},
				{
					"name": "right_outerfinflap4",
					"parent": "right_outerfinflap3",
					"pivot": [-17, 12, 47],
					"cubes": [
						{"origin": [-22, 12, 46], "size": [7, 0, 7], "pivot": [-8, 11, 0], "rotation": [0, 2.5, 0], "uv": [89, 104]}
					]
				},
				{
					"name": "left_arm",
					"parent": "body",
					"pivot": [14, 15, -4],
					"cubes": [
						{"origin": [14, 13, -9], "size": [5, 2, 10], "uv": [134, 126]}
					]
				},
				{
					"name": "left_arm2",
					"parent": "left_arm",
					"pivot": [19, 15, -3],
					"cubes": [
						{"origin": [19, 12.5, -12], "size": [5, 3, 16], "uv": [150, 131]}
					]
				},
				{
					"name": "left_arm3",
					"parent": "left_arm2",
					"pivot": [24, 15, -4],
					"cubes": [
						{"origin": [24, 12.5, -18], "size": [29, 3, 28], "uv": [49, 207]},
						{"origin": [53, 13, 0.25], "size": [7, 2, 5], "pivot": [6, 13, 0], "rotation": [0, 20, 0], "uv": [0, 38]},
						{"origin": [53, 13, -5.5], "size": [6, 2, 5], "pivot": [6, 13, 0], "rotation": [0, 5, 0], "uv": [1, 38]},
						{"origin": [52, 13, -7], "size": [6, 2, 5], "pivot": [6, 13, 0], "rotation": [0, -5, 0], "uv": [1, 38]},
						{"origin": [49.5, 13, -12], "size": [7, 2, 5], "pivot": [6, 13, 0], "rotation": [0, -20, 0], "uv": [0, 38]}
					]
				},
				{
					"name": "right_arm",
					"parent": "body",
					"pivot": [-14, 15, -4],
					"cubes": [
						{"origin": [-19, 13, -9], "size": [5, 2, 10], "uv": [134, 126], "mirror": true}
					]
				},
				{
					"name": "right_arm2",
					"parent": "right_arm",
					"pivot": [-19, 15, -3],
					"cubes": [
						{"origin": [-24, 12.5, -12], "size": [5, 3, 16], "uv": [150, 131], "mirror": true}
					]
				},
				{
					"name": "right_arm3",
					"parent": "right_arm2",
					"pivot": [-24, 15, -4],
					"cubes": [
						{"origin": [-53, 12.5, -18], "size": [29, 3, 28], "uv": [49, 207], "mirror": true},
						{"origin": [-60, 13, 0.25], "size": [7, 2, 5], "pivot": [-6, 13, 0], "rotation": [0, -20, 0], "uv": [0, 38], "mirror": true},
						{"origin": [-59, 13, -5.5], "size": [6, 2, 5], "pivot": [-6, 13, 0], "rotation": [0, -5, 0], "uv": [1, 38], "mirror": true},
						{"origin": [-58, 13, -7], "size": [6, 2, 5], "pivot": [-6, 13, 0], "rotation": [0, 5, 0], "uv": [1, 38], "mirror": true},
						{"origin": [-56.5, 13, -12], "size": [7, 2, 5], "pivot": [-6, 13, 0], "rotation": [0, 20, 0], "uv": [0, 38], "mirror": true}
					]
				}
			]
		}
	]
}