{
  "species": "cobblemon:guzzlord",
  "order": 0,
  "variations": [
    {
      "aspects": [],
      "poser": "cobblemon:guzzlord",
      "model": "cobblemon:guzzlord.geo",
      "texture": "cobblemon:textures/pokemon/guzzlord/guzzlord.png",
      "layers": [
        {
          "name": "color",
          "texture": "cobblemon:textures/pokemon/guzzlord/guzzlord_emissive.png",
          "emissive": true
        }
      ]
    },
    {
      "aspects": [
        "shiny"
      ],
      "texture": "cobblemon:textures/pokemon/guzzlord/guzzlord_shiny.png",
      "layers": [
        {
          "name": "color",
          "texture": "cobblemon:textures/pokemon/guzzlord/guzzlord_emissive.png",
          "emissive": true
        }
      ]
    }
  ]
}