{
  "species": "cobblemon:kingambit",
  "order": 0,
  "variations": [
    {
      "aspects": [],
      "poser": "cobblemon:kingambit",
      "model": "cobblemon:kingambit.geo",
      "texture": "cobblemon:textures/pokemon/kingambit/kingambit.png",
      "layers": []
    },
    {
      "aspects": ["shiny"],
      "poser": "cobblemon:kingambit",
      "model": "cobblemon:kingambit.geo",
      "texture": "cobblemon:textures/pokemon/kingambit/kingambit_shiny.png",
      "layers": []
    }
  ]
}
