{
	"species": "cobblemon:necrozma",
	"order": 0,
	"variations": [
		{
			"aspects": [],
			"poser": "cobblemon:necrozma",
			"model": "cobblemon:necrozma.geo",
			"texture": "cobblemon:textures/pokemon/necrozma/necrozma.png",
			"layers": [
				{
					"name": "glow",
					"texture": "cobblemon:textures/pokemon/necrozma/necrozma_emissive.png",
					"emissive": true
				  }
			]
		},
		{
			"aspects": [ "shiny" ],
			"texture": "cobblemon:textures/pokemon/necrozma/necrozma_shiny.png",
			"layers": [
				{
					"name": "glow",
					"texture": "cobblemon:textures/pokemon/necrozma/necrozma_emissive.png",
					"emissive": true
				  }
			]
		}
	]
}