{
  "species": "cobblemon:rotomheat",
  "order": 0,
  "variations": [
    {
      "aspects": [],
      "poser": "cobblemon:rotomheat",
      "model": "cobblemon:rotomheat.geo",
      "texture": "cobblemon:textures/pokemon/rotomheat/rotomheat.png",
      "layers": []
    },
    {
      "aspects": ["shiny"],
      "poser": "cobblemon:rotomheat",
      "model": "cobblemon:rotomheat.geo",
      "texture": "cobblemon:textures/pokemon/rotomheat/rotomheat_shiny.png",
      "layers": []
    }
  ]
}
