{
  "species": "cobblemon:toedscruel",
  "order": 1,
  "variations": [
    {
      "aspects": [],
      "poser": "cobblemon:toedscruel",
      "model": "cobblemon:toedscruel.geo",
      "texture": "cobblemon:textures/pokemon/0949_toedscruel/toedscruel.png",
      "layers": [
        {
          "name": "stuff",
          "texture": "cobblemon:textures/pokemon/0949_toedscruel/toedscruel_translucent.png",
          "translucent": true
        }
      ]
    },
    {
      "aspects": ["shiny"],
      "texture": "cobblemon:textures/pokemon/0949_toedscruel/toedscruel_shiny.png",
      "layers": [
        {
          "name": "stuff",
          "texture": "cobblemon:textures/pokemon/0949_toedscruel/toedscruel_shiny_translucent.png",
          "translucent": true
        }
      ]
    }
  ]
}
