{
  "species": "cobblemon:slowpoke",
  "order": 0,
  "variations": [
    {
      "aspects": [
        "galarian"
      ],
      "poser": "cobblemon:slowpoke_galarian",
      "model": "cobblemon:slowpoke_galarian.geo",
      "texture": "cobblemon:textures/pokemon/slowpoke/slowpoke_galarian.png",
      "layers": []
    },
    {
      "aspects": [
        "galarian",
        "shiny"
      ],
      "poser": "cobblemon:slowpoke_galarian",
      "model": "cobblemon:slowpoke_galarian.geo",
      "texture": "cobblemon:textures/pokemon/slowpoke/slowpoke_galarian_shiny.png",
      "layers": []
    }
  ]
}
