{
	"format_version": "1.8.0",
	"animations": {
		"animation.samurotthisui.ground_idle": {
			"loop": true,
			"bones": {
				"torso": {
					"rotation": ["7.5 + Math.cos((query.anim_time) * 160) * 0.9", 0, 0]
				},
				"neck": {
					"rotation": ["17.5 + Math.cos((query.anim_time - 0.4) * 160) * 2", 0, 0]
				},
				"head": {
					"rotation": [0, 0, 0]
				},
				"leg_front_right": {
					"rotation": [-5, 0, "Math.cos((query.anim_time) * 160) * 1.2"]
				},
				"leg_front_right2": {
					"rotation": [0, 0, 12.5]
				},
				"leg_front_left": {
					"rotation": [-5, 0, "Math.cos((query.anim_time) * 160) * -1.2"]
				},
				"leg_front_left2": {
					"rotation": [0, 0, -12.5]
				},
				"muzzle_ruff_back_right": {
					"rotation": [0, 0, "0 - Math.cos((query.anim_time) * 160) * 3"]
				},
				"muzzle_ruff_back_left": {
					"rotation": [0, 0, "0 + Math.cos((query.anim_time) * 160) * 3"]
				},
				"muzzle_ruff_front_right": {
					"rotation": [0, 0, "0 + Math.cos((query.anim_time) * 160) * 3"]
				},
				"muzzle_ruff_front_left": {
					"rotation": [0, 0, "0 - Math.cos((query.anim_time) * 160) * 3"]
				}
			}
		},
		"animation.samurotthisui.ground_walk": {
			"loop": true,
			"bones": {
				"torso": {
					"rotation": ["7.5 + Math.cos((query.anim_time) * 160) * 0.9", 0, 0]
				},
				"neck": {
					"rotation": ["17.5 + Math.cos((query.anim_time - 0.4) * 160) * 2", 0, 0]
				},
				"head": {
					"rotation": [0, 0, 0]
				},
				"leg_front_right": {
					"rotation": [-5, 0, "Math.cos((query.anim_time) * 160) * 1.2"]
				},
				"leg_front_right2": {
					"rotation": [0, 0, 12.5]
				},
				"leg_front_left": {
					"rotation": [-5, 0, "Math.cos((query.anim_time) * 160) * -1.2"]
				},
				"leg_front_left2": {
					"rotation": [0, 0, -12.5]
				},
				"muzzle_ruff_back_right": {
					"rotation": [0, 0, "0 - Math.cos((query.anim_time) * 160) * 3"]
				},
				"muzzle_ruff_back_left": {
					"rotation": [0, 0, "0 + Math.cos((query.anim_time) * 160) * 3"]
				},
				"muzzle_ruff_front_right": {
					"rotation": [0, 0, "0 + Math.cos((query.anim_time) * 160) * 3"]
				},
				"muzzle_ruff_front_left": {
					"rotation": [0, 0, "0 - Math.cos((query.anim_time) * 160) * 3"]
				}
			}
		},
		"animation.samurotthisui.faint": {
			"loop": true,
			"bones": {
				"torso": {
					"rotation": ["7.5 + Math.cos((query.anim_time) * 160) * 0.9", 0, 0]
				},
				"neck": {
					"rotation": ["17.5 + Math.cos((query.anim_time - 0.4) * 160) * 2", 0, 0]
				},
				"head": {
					"rotation": [0, 0, 0]
				},
				"leg_front_right": {
					"rotation": [-5, 0, "Math.cos((query.anim_time) * 160) * 1.2"]
				},
				"leg_front_right2": {
					"rotation": [0, 0, 12.5]
				},
				"leg_front_left": {
					"rotation": [-5, 0, "Math.cos((query.anim_time) * 160) * -1.2"]
				},
				"leg_front_left2": {
					"rotation": [0, 0, -12.5]
				},
				"muzzle_ruff_back_right": {
					"rotation": [0, 0, "0 - Math.cos((query.anim_time) * 160) * 3"]
				},
				"muzzle_ruff_back_left": {
					"rotation": [0, 0, "0 + Math.cos((query.anim_time) * 160) * 3"]
				},
				"muzzle_ruff_front_right": {
					"rotation": [0, 0, "0 + Math.cos((query.anim_time) * 160) * 3"]
				},
				"muzzle_ruff_front_left": {
					"rotation": [0, 0, "0 - Math.cos((query.anim_time) * 160) * 3"]
				}
			}
		}
	}
}