{
	"format_version": "1.12.0",
	"minecraft:geometry": [
		{
			"description": {
				"identifier": "geometry.unknown",
				"texture_width": 128,
				"texture_height": 128,
				"visible_bounds_width": 10,
				"visible_bounds_height": 4.5,
				"visible_bounds_offset": [0, 1.75, 0]
			},
			"bones": [
				{
					"name": "ironbundle",
					"pivot": [0, 0, 0]
				},
				{
					"name": "body",
					"parent": "ironbundle",
					"pivot": [0, 10.625, 0.5],
					"cubes": [
						{"origin": [-7.5, 4.25, -7], "size": [15, 9, 15], "uv": [45, 15]},
						{"origin": [-6.5, 3.25, -6], "size": [13, 13, 13], "uv": [47, 47]},
						{"origin": [-5.5, 5.25, -5], "size": [11, 13, 11], "uv": [0, 60]},
						{"origin": [-5.5, 17.61612, 5.88388], "size": [11, 2, 1], "inflate": -0.01, "pivot": [0, 19.5, 6], "rotation": [-35, 0, 0], "uv": [45, 12]},
						{"origin": [-6.38388, 17.61612, -5], "size": [1, 2, 11], "inflate": -0.01, "pivot": [-5.5, 19.5, 0.5], "rotation": [0, 0, -35], "uv": [17, 84]},
						{"origin": [5.38388, 17.61612, -5], "size": [1, 2, 11], "inflate": -0.01, "pivot": [5.5, 19.5, 0.5], "rotation": [0, 0, 35], "uv": [17, 84], "mirror": true},
						{"origin": [-5.5, 17.61612, -5.88388], "size": [11, 2, 1], "inflate": -0.01, "pivot": [0, 19.5, -5], "rotation": [35, 0, 0], "uv": [78, 0]},
						{"origin": [-1, 18.61612, -5.88388], "size": [2, 1, 1], "inflate": 0.01, "pivot": [0, 19.5, -5], "rotation": [35, 0, 0], "uv": [9, 0]},
						{"origin": [-5.5, 2.5, -5], "size": [11, 1, 11], "uv": [45, 0]},
						{"origin": [-1.25, 6.875, -7], "size": [1, 1, 1], "inflate": 0.01, "uv": [10, 36]},
						{"origin": [-4.75, 12.125, -7], "size": [1, 1, 1], "inflate": 0.01, "uv": [45, 41]},
						{"origin": [4.75, 4.625, -7], "size": [1, 1, 1], "inflate": 0.01, "uv": [45, 39]},
						{"origin": [0.25, 5.625, -7], "size": [1, 1, 1], "inflate": 0.01, "uv": [10, 36], "mirror": true}
					]
				},
				{
					"name": "LeftArm",
					"parent": "body",
					"pivot": [5.75, 17, 0.5],
					"cubes": [
						{"origin": [8.5, 17, -2.5], "size": [10, 2, 6], "uv": [75, 39], "mirror": true},
						{"origin": [6.5, 17, 0], "size": [6, 1, 1], "inflate": 0.01, "uv": [0, 13], "mirror": true},
						{"origin": [5.5, 17, -1.5], "size": [14, 1, 4], "inflate": -0.01, "uv": [45, 39]},
						{"origin": [5.5, 15.75, -0.5], "size": [2, 2, 2], "inflate": -0.02, "uv": [0, 88]}
					]
				},
				{
					"name": "RightArm",
					"parent": "body",
					"pivot": [-5.75, 17, 0.5],
					"cubes": [
						{"origin": [-7.5, 15.75, -0.5], "size": [2, 2, 2], "inflate": -0.02, "uv": [0, 88], "mirror": true},
						{"origin": [-12.5, 17, 0], "size": [6, 1, 1], "inflate": 0.01, "uv": [0, 13]},
						{"origin": [-19.5, 17, -1.5], "size": [14, 1, 4], "inflate": -0.01, "uv": [45, 39], "mirror": true},
						{"origin": [-18.5, 17, -2.5], "size": [10, 2, 6], "uv": [75, 39]}
					]
				},
				{
					"name": "Tail1",
					"parent": "body",
					"pivot": [0, 7.5, 7.5],
					"cubes": [
						{"origin": [-1, 6.5, 8], "size": [2, 2, 5], "uv": [0, 0]}
					]
				},
				{
					"name": "Tail2",
					"parent": "Tail1",
					"pivot": [0, 7.5, 12.5],
					"cubes": [
						{"origin": [-1, 6.5, 13], "size": [2, 2, 5], "uv": [0, 0]}
					]
				},
				{
					"name": "Tail3",
					"parent": "Tail2",
					"pivot": [0, 7.5, 17.5],
					"cubes": [
						{"origin": [-1, 6.5, 18], "size": [2, 2, 5], "uv": [0, 0]}
					]
				},
				{
					"name": "Tail4",
					"parent": "Tail3",
					"pivot": [0, 7.5, 22.5],
					"cubes": [
						{"origin": [-1, 6.5, 23], "size": [2, 2, 5], "uv": [0, 0]}
					]
				},
				{
					"name": "Tail5",
					"parent": "Tail4",
					"pivot": [0, 7.5, 27.5],
					"cubes": [
						{"origin": [-1, 6.5, 28], "size": [2, 2, 5], "uv": [0, 0]}
					]
				},
				{
					"name": "Tail6",
					"parent": "Tail5",
					"pivot": [0, 7.5, 32.5],
					"cubes": [
						{"origin": [-1, 6.5, 33], "size": [2, 2, 5], "uv": [0, 0]}
					]
				},
				{
					"name": "Tail7",
					"parent": "Tail6",
					"pivot": [0, 7.5, 37.5],
					"cubes": [
						{"origin": [-1, 6.5, 38], "size": [2, 2, 5], "uv": [0, 0]}
					]
				},
				{
					"name": "Tail8",
					"parent": "Tail7",
					"pivot": [0, 7.5, 42.5],
					"cubes": [
						{"origin": [-1, 6.5, 43], "size": [2, 2, 5], "uv": [0, 0]}
					]
				},
				{
					"name": "Tail9",
					"parent": "Tail8",
					"pivot": [0, 7.5, 47.5],
					"cubes": [
						{"origin": [-1, 6.5, 48], "size": [2, 2, 5], "uv": [0, 0]}
					]
				},
				{
					"name": "Bundle",
					"parent": "Tail9",
					"pivot": [0, 7.5, 52.46877],
					"cubes": [
						{"origin": [-7.5, 0.5, 52.5], "size": [15, 15, 15], "uv": [0, 30]},
						{"origin": [-2.5, 10.5, 66.75], "size": [5, 0, 3], "pivot": [0, 9, 67.75], "rotation": [25, 0, 0], "uv": [0, 33]},
						{"origin": [-2.5, 7.5, 66.75], "size": [0, 3, 3], "pivot": [0, 9, 67.75], "rotation": [25, 0, 0], "uv": [78, 0]},
						{"origin": [2.5, 7.5, 66.75], "size": [0, 3, 3], "pivot": [0, 9, 67.75], "rotation": [25, 0, 0], "uv": [78, 0]},
						{"origin": [-2.5, 5.5, 66.75], "size": [5, 0, 3], "pivot": [0, 7, 67.75], "rotation": [-25, 0, 0], "uv": [0, 30]},
						{"origin": [-2.5, 5.5, 66.75], "size": [0, 3, 3], "pivot": [0, 7, 67.75], "rotation": [-25, 0, 0], "uv": [79, 74]},
						{"origin": [2.5, 5.5, 66.75], "size": [0, 3, 3], "pivot": [0, 7, 67.75], "rotation": [-25, 0, 0], "uv": [79, 74]}
					]
				},
				{
					"name": "lights",
					"parent": "Bundle",
					"pivot": [0, 7.5, 52.46877]
				},
				{
					"name": "up_lights",
					"parent": "lights",
					"pivot": [0, 7.5, 52.46877]
				},
				{
					"name": "up_light1",
					"parent": "up_lights",
					"pivot": [1, 15, 57.96877],
					"cubes": [
						{"origin": [0.5, 14.5, 57.46877], "size": [1, 1, 1], "inflate": 0.01, "uv": [10, 36]}
					]
				},
				{
					"name": "up_light2",
					"parent": "up_lights",
					"pivot": [-5, 15, 65.96877],
					"cubes": [
						{"origin": [-5.5, 14.5, 65.46877], "size": [1, 1, 1], "inflate": 0.01, "uv": [10, 36]}
					]
				},
				{
					"name": "up_light3",
					"parent": "up_lights",
					"pivot": [6, 15, 64.96877],
					"cubes": [
						{"origin": [5.5, 14.5, 64.46877], "size": [1, 1, 1], "inflate": 0.01, "uv": [10, 36]}
					]
				},
				{
					"name": "up_light4",
					"parent": "up_lights",
					"pivot": [4, 15, 62.96877],
					"cubes": [
						{"origin": [3.5, 14.5, 62.46877], "size": [1, 1, 1], "inflate": 0.01, "uv": [10, 36]}
					]
				},
				{
					"name": "up_light5",
					"parent": "up_lights",
					"pivot": [-1, 15, 61.96877],
					"cubes": [
						{"origin": [-1.5, 14.5, 61.46877], "size": [1, 1, 1], "inflate": 0.01, "uv": [10, 36]}
					]
				},
				{
					"name": "up_light6",
					"parent": "up_lights",
					"pivot": [-5, 15, 59.96877],
					"cubes": [
						{"origin": [-5.5, 14.5, 59.46877], "size": [1, 1, 1], "inflate": 0.01, "uv": [10, 36]}
					]
				},
				{
					"name": "up_light7",
					"parent": "up_lights",
					"pivot": [6, 15, 54.96877],
					"cubes": [
						{"origin": [5.5, 14.5, 54.46877], "size": [1, 1, 1], "inflate": 0.01, "uv": [10, 36]}
					]
				},
				{
					"name": "up_light8",
					"parent": "up_lights",
					"pivot": [-2, 15, 55.96877],
					"cubes": [
						{"origin": [-2.5, 14.5, 55.46877], "size": [1, 1, 1], "inflate": 0.01, "uv": [10, 36]}
					]
				},
				{
					"name": "up_light9",
					"parent": "up_lights",
					"pivot": [-6, 15, 54.96877],
					"cubes": [
						{"origin": [-6.5, 14.5, 54.46877], "size": [1, 1, 1], "inflate": 0.01, "uv": [10, 36]}
					]
				},
				{
					"name": "back_lights",
					"parent": "lights",
					"pivot": [0, 7.5, 52.46877]
				},
				{
					"name": "back_light1",
					"parent": "back_lights",
					"pivot": [6, 13, 67],
					"cubes": [
						{"origin": [5.5, 12.5, 66.5], "size": [1, 1, 1], "inflate": 0.01, "uv": [10, 36]}
					]
				},
				{
					"name": "back_light2",
					"parent": "back_lights",
					"pivot": [4, 11, 67],
					"cubes": [
						{"origin": [3.5, 10.5, 66.5], "size": [1, 1, 1], "inflate": 0.01, "uv": [10, 36]}
					]
				},
				{
					"name": "back_light3",
					"parent": "back_lights",
					"pivot": [3, 5, 67],
					"cubes": [
						{"origin": [2.5, 4.5, 66.5], "size": [1, 1, 1], "inflate": 0.01, "uv": [10, 36]}
					]
				},
				{
					"name": "back_light4",
					"parent": "back_lights",
					"pivot": [5, 2, 67],
					"cubes": [
						{"origin": [4.5, 1.5, 66.5], "size": [1, 1, 1], "inflate": 0.01, "uv": [10, 36]}
					]
				},
				{
					"name": "back_light5",
					"parent": "back_lights",
					"pivot": [0, 3, 67],
					"cubes": [
						{"origin": [-0.5, 2.5, 66.5], "size": [1, 1, 1], "inflate": 0.01, "uv": [10, 36]}
					]
				},
				{
					"name": "back_light6",
					"parent": "back_lights",
					"pivot": [-2, 12, 67],
					"cubes": [
						{"origin": [-2.5, 11.5, 66.5], "size": [1, 1, 1], "inflate": 0.01, "uv": [10, 36]}
					]
				},
				{
					"name": "back_light7",
					"parent": "back_lights",
					"pivot": [-6, 13, 67],
					"cubes": [
						{"origin": [-6.5, 12.5, 66.5], "size": [1, 1, 1], "inflate": 0.01, "uv": [10, 36]}
					]
				},
				{
					"name": "back_light8",
					"parent": "back_lights",
					"pivot": [-5, 2, 67],
					"cubes": [
						{"origin": [-5.5, 1.5, 66.5], "size": [1, 1, 1], "inflate": 0.01, "uv": [10, 36]}
					]
				},
				{
					"name": "back_light9",
					"parent": "back_lights",
					"pivot": [-4, 6, 67],
					"cubes": [
						{"origin": [-4.5, 5.5, 66.5], "size": [1, 1, 1], "inflate": 0.01, "uv": [10, 36]}
					]
				},
				{
					"name": "front_lights",
					"parent": "lights",
					"pivot": [0, 0, 0]
				},
				{
					"name": "front_light1",
					"parent": "front_lights",
					"pivot": [0, 7.5, 52.46877],
					"cubes": [
						{"origin": [-6.5, 12.5, 52.46877], "size": [1, 1, 1], "inflate": 0.01, "uv": [10, 36]}
					]
				},
				{
					"name": "front_light2",
					"parent": "front_lights",
					"pivot": [5, 14, 53.46877],
					"cubes": [
						{"origin": [4.5, 13.5, 52.46877], "size": [1, 1, 1], "inflate": 0.01, "uv": [10, 36]}
					]
				},
				{
					"name": "front_light3",
					"parent": "front_lights",
					"pivot": [-5, 2, 53.46877],
					"cubes": [
						{"origin": [-5.5, 1.5, 52.46877], "size": [1, 1, 1], "inflate": 0.01, "uv": [10, 36]}
					]
				},
				{
					"name": "front_light4",
					"parent": "front_lights",
					"pivot": [5, 2, 53.46877],
					"cubes": [
						{"origin": [4.5, 1.5, 52.46877], "size": [1, 1, 1], "inflate": 0.01, "uv": [10, 36]}
					]
				},
				{
					"name": "left_lights",
					"parent": "lights",
					"pivot": [0, 7.5, 52.46877]
				},
				{
					"name": "left_light1",
					"parent": "left_lights",
					"pivot": [-7, 13, 65.96877],
					"cubes": [
						{"origin": [-7.5, 12.5, 65.46877], "size": [1, 1, 1], "inflate": 0.01, "uv": [10, 36]}
					]
				},
				{
					"name": "left_light2",
					"parent": "left_lights",
					"pivot": [-7, 12, 60.96877],
					"cubes": [
						{"origin": [-7.5, 11.5, 60.46877], "size": [1, 1, 1], "inflate": 0.01, "uv": [10, 36]}
					]
				},
				{
					"name": "left_light3",
					"parent": "left_lights",
					"pivot": [-7, 13, 53.96877],
					"cubes": [
						{"origin": [-7.5, 12.5, 53.46877], "size": [1, 1, 1], "inflate": 0.01, "uv": [10, 36]}
					]
				},
				{
					"name": "left_light4",
					"parent": "left_lights",
					"pivot": [-7, 8, 64.96877],
					"cubes": [
						{"origin": [-7.5, 7.5, 64.46877], "size": [1, 1, 1], "inflate": 0.01, "uv": [10, 36]}
					]
				},
				{
					"name": "left_light5",
					"parent": "left_lights",
					"pivot": [-7, 9, 57.96877],
					"cubes": [
						{"origin": [-7.5, 8.5, 57.46877], "size": [1, 1, 1], "inflate": 0.01, "uv": [10, 36]}
					]
				},
				{
					"name": "left_light6",
					"parent": "left_lights",
					"pivot": [-7, 3, 65.96877],
					"cubes": [
						{"origin": [-7.5, 2.5, 65.46877], "size": [1, 1, 1], "inflate": 0.01, "uv": [10, 36]}
					]
				},
				{
					"name": "left_light7",
					"parent": "left_lights",
					"pivot": [-7, 4, 61.96877],
					"cubes": [
						{"origin": [-7.5, 3.5, 61.46877], "size": [1, 1, 1], "inflate": 0.01, "uv": [10, 36]}
					]
				},
				{
					"name": "left_light8",
					"parent": "left_lights",
					"pivot": [-7, 6, 55.96877],
					"cubes": [
						{"origin": [-7.5, 5.5, 55.46877], "size": [1, 1, 1], "inflate": 0.01, "uv": [10, 36]}
					]
				},
				{
					"name": "left_light9",
					"parent": "left_lights",
					"pivot": [-7, 2, 54.96877],
					"cubes": [
						{"origin": [-7.5, 1.5, 54.46877], "size": [1, 1, 1], "inflate": 0.01, "uv": [10, 36]}
					]
				},
				{
					"name": "right_lights",
					"parent": "lights",
					"pivot": [0, 7.5, 52.46877]
				},
				{
					"name": "right_light1",
					"parent": "right_lights",
					"pivot": [7, 13, 53.96877],
					"cubes": [
						{"origin": [6.5, 12.5, 53.46877], "size": [1, 1, 1], "inflate": 0.01, "uv": [10, 36]}
					]
				},
				{
					"name": "right_light2",
					"parent": "right_lights",
					"pivot": [7, 12, 57.96877],
					"cubes": [
						{"origin": [6.5, 11.5, 57.46877], "size": [1, 1, 1], "inflate": 0.01, "uv": [10, 36]}
					]
				},
				{
					"name": "right_light3",
					"parent": "right_lights",
					"pivot": [7, 8, 54.96877],
					"cubes": [
						{"origin": [6.5, 7.5, 54.46877], "size": [1, 1, 1], "inflate": 0.01, "uv": [10, 36]}
					]
				},
				{
					"name": "right_light4",
					"parent": "right_lights",
					"pivot": [7, 9, 61.96877],
					"cubes": [
						{"origin": [6.5, 8.5, 61.46877], "size": [1, 1, 1], "inflate": 0.01, "uv": [10, 36]}
					]
				},
				{
					"name": "right_light5",
					"parent": "right_lights",
					"pivot": [7, 13, 65.96877],
					"cubes": [
						{"origin": [6.5, 12.5, 65.46877], "size": [1, 1, 1], "inflate": 0.01, "uv": [10, 36]}
					]
				},
				{
					"name": "right_light6",
					"parent": "right_lights",
					"pivot": [7, 4, 57.96877],
					"cubes": [
						{"origin": [6.5, 3.5, 57.46877], "size": [1, 1, 1], "inflate": 0.01, "uv": [10, 36]}
					]
				},
				{
					"name": "right_light7",
					"parent": "right_lights",
					"pivot": [7, 2, 54.96877],
					"cubes": [
						{"origin": [6.5, 1.5, 54.46877], "size": [1, 1, 1], "inflate": 0.01, "uv": [10, 36]}
					]
				},
				{
					"name": "right_light8",
					"parent": "right_lights",
					"pivot": [7, 6, 63.96877],
					"cubes": [
						{"origin": [6.5, 5.5, 63.46877], "size": [1, 1, 1], "inflate": 0.01, "uv": [10, 36]}
					]
				},
				{
					"name": "right_light9",
					"parent": "right_lights",
					"pivot": [7, 2, 64.96877],
					"cubes": [
						{"origin": [6.5, 1.5, 64.46877], "size": [1, 1, 1], "inflate": 0.01, "uv": [10, 36]}
					]
				},
				{
					"name": "bottom_lights",
					"parent": "lights",
					"pivot": [0, 7.5, 52.46877]
				},
				{
					"name": "bottom_light1",
					"parent": "bottom_lights",
					"pivot": [5, 1, 53.96877],
					"cubes": [
						{"origin": [4.5, 0.5, 53.46877], "size": [1, 1, 1], "inflate": 0.01, "uv": [10, 36]}
					]
				},
				{
					"name": "bottom_light2",
					"parent": "bottom_lights",
					"pivot": [-6, 1, 54.96877],
					"cubes": [
						{"origin": [-6.5, 0.5, 54.46877], "size": [1, 1, 1], "inflate": 0.01, "uv": [10, 36]}
					]
				},
				{
					"name": "bottom_light3",
					"parent": "bottom_lights",
					"pivot": [2, 1, 55.96877],
					"cubes": [
						{"origin": [1.5, 0.5, 55.46877], "size": [1, 1, 1], "inflate": 0.01, "uv": [10, 36]}
					]
				},
				{
					"name": "bottom_light4",
					"parent": "bottom_lights",
					"pivot": [5, 1, 59.96877],
					"cubes": [
						{"origin": [4.5, 0.5, 59.46877], "size": [1, 1, 1], "inflate": 0.01, "uv": [10, 36]}
					]
				},
				{
					"name": "bottom_light5",
					"parent": "bottom_lights",
					"pivot": [-2, 1, 58.96877],
					"cubes": [
						{"origin": [-2.5, 0.5, 58.46877], "size": [1, 1, 1], "inflate": 0.01, "uv": [10, 36]}
					]
				},
				{
					"name": "bottom_light6",
					"parent": "bottom_lights",
					"pivot": [2, 1, 60.96877],
					"cubes": [
						{"origin": [1.5, 0.5, 60.46877], "size": [1, 1, 1], "inflate": 0.01, "uv": [10, 36]}
					]
				},
				{
					"name": "bottom_light7",
					"parent": "bottom_lights",
					"pivot": [6, 1, 64.96877],
					"cubes": [
						{"origin": [5.5, 0.5, 64.46877], "size": [1, 1, 1], "inflate": 0.01, "uv": [10, 36]}
					]
				},
				{
					"name": "bottom_light8",
					"parent": "bottom_lights",
					"pivot": [-2, 1, 63.96877],
					"cubes": [
						{"origin": [-2.5, 0.5, 63.46877], "size": [1, 1, 1], "inflate": 0.01, "uv": [10, 36]}
					]
				},
				{
					"name": "bottom_light9",
					"parent": "bottom_lights",
					"pivot": [-6, 1, 64.96877],
					"cubes": [
						{"origin": [-6.5, 0.5, 64.46877], "size": [1, 1, 1], "inflate": 0.01, "uv": [10, 36]}
					]
				},
				{
					"name": "sleep_bundle",
					"parent": "Tail9",
					"pivot": [0, 7.5, 47.5],
					"cubes": [
						{"origin": [-7.5, 0.5, 52.5], "size": [15, 15, 15], "uv": [0, 0]},
						{"origin": [-2.5, 7.5, 66.75], "size": [0, 3, 3], "pivot": [0, 9, 67.75], "rotation": [25, 0, 0], "uv": [69, 9]},
						{"origin": [2.5, 7.5, 66.75], "size": [0, 3, 3], "pivot": [0, 9, 67.75], "rotation": [25, 0, 0], "uv": [69, 9]},
						{"origin": [-2.5, 10.5, 66.75], "size": [5, 0, 3], "pivot": [0, 9, 67.75], "rotation": [25, 0, 0], "uv": [0, 10]},
						{"origin": [-2.5, 5.5, 66.75], "size": [5, 0, 3], "pivot": [0, 7, 67.75], "rotation": [-25, 0, 0], "uv": [0, 7]},
						{"origin": [-2.5, 5.5, 66.75], "size": [0, 3, 3], "pivot": [0, 7, 67.75], "rotation": [-25, 0, 0], "uv": [78, 3]},
						{"origin": [2.5, 5.5, 66.75], "size": [0, 3, 3], "pivot": [0, 7, 67.75], "rotation": [-25, 0, 0], "uv": [78, 3]}
					]
				},
				{
					"name": "neck1",
					"parent": "body",
					"pivot": [-0.225, 17.28621, 0.4153],
					"cubes": [
						{"origin": [-0.975, 18.28621, -0.5847], "size": [2, 4, 2], "uv": [66, 77]}
					]
				},
				{
					"name": "neck2",
					"parent": "neck1",
					"pivot": [0, 21.625, 0.5],
					"cubes": [
						{"origin": [-0.975, 22.28621, -0.5847], "size": [2, 4, 2], "uv": [66, 77]}
					]
				},
				{
					"name": "neck3",
					"parent": "neck2",
					"pivot": [0, 25.625, 0.5],
					"cubes": [
						{"origin": [-0.975, 26.28621, -0.5847], "size": [2, 4, 2], "uv": [66, 77]}
					]
				},
				{
					"name": "neck4",
					"parent": "neck3",
					"pivot": [0, 29.625, 0.5],
					"cubes": [
						{"origin": [-0.975, 30.28621, -0.5847], "size": [2, 4, 2], "uv": [66, 77]}
					]
				},
				{
					"name": "head_nonmoving",
					"parent": "neck4",
					"pivot": [-0.07143, 37.08744, 0.57328],
					"cubes": [
						{"origin": [-5.5, 37.25, -5], "size": [2, 1, 3], "inflate": 0.01, "uv": [0, 66]},
						{"origin": [-5.5, 39.25, -3], "size": [2, 1, 2], "inflate": 0.01, "uv": [90, 26]},
						{"origin": [3.5, 39.25, -3], "size": [2, 1, 2], "inflate": 0.01, "uv": [89, 89], "mirror": true},
						{"origin": [3.5, 37.25, -5], "size": [2, 1, 3], "inflate": 0.01, "uv": [0, 66], "mirror": true},
						{"origin": [-1, 37.25, -5.055], "size": [2, 4, 3], "uv": [45, 3]},
						{"origin": [-1.5, 36.75, -7], "size": [3, 1, 2], "uv": [33, 68]},
						{"origin": [-5.5, 34.75, -5], "size": [11, 7, 11], "uv": [33, 73]},
						{"origin": [-4.5, 40, -4], "size": [9, 3, 9], "inflate": 0.2, "uv": [77, 73]},
						{"origin": [-4.5, 34.25, -4], "size": [9, 3, 9], "uv": [80, 3]},
						{"origin": [-3.5, 33.75, -3], "size": [7, 3, 7], "uv": [86, 47]},
						{"origin": [-1.5, 36.75, -7], "size": [3, 1, 3], "inflate": -0.01, "pivot": [0, 37.75, -7], "rotation": [17.5, 0, 0], "uv": [33, 60]},
						{"origin": [-1, 35.75, -6.75], "size": [2, 1, 2], "uv": [30, 91]},
						{"origin": [-1, 36.75, -6.75], "size": [2, 1, 2], "inflate": 0.01, "uv": [86, 57]},
						{"origin": [-5.5, 39.25, -3], "size": [2, 1, 2], "inflate": 0.01, "uv": [89, 89]}
					]
				},
				{
					"name": "facedetail",
					"parent": "head_nonmoving",
					"pivot": [0, 37.375, 0.5]
				},
				{
					"name": "rightface",
					"parent": "facedetail",
					"pivot": [-2.5, 37.375, 0.5]
				},
				{
					"name": "rightfeather1",
					"parent": "rightface",
					"pivot": [-2.5, 37.375, 0.5],
					"cubes": [
						{"origin": [1.04245, 41.6, -5], "size": [6, 4, 0], "pivot": [3.54245, 45.01677, -5], "rotation": [0, 0, -75], "uv": [33, 64]}
					]
				},
				{
					"name": "rightfeather2",
					"parent": "rightface",
					"pivot": [-2.5, 37.375, 0.5],
					"cubes": [
						{"origin": [-2.5, 35.75, -5.01], "size": [15, 4, 0], "pivot": [-2.5, 39.75, -5], "rotation": [0, 0, -37.5], "uv": [89, 85]}
					]
				},
				{
					"name": "rightfeather3",
					"parent": "rightface",
					"pivot": [-2.5, 37.375, 0.5],
					"cubes": [
						{"origin": [2.05, 40.02329, -5.005], "size": [10, 4, 0], "pivot": [5.71567, 42.02329, -5], "rotation": [0, 0, -17.5], "uv": [66, 73]}
					]
				},
				{
					"name": "leftface",
					"parent": "facedetail",
					"pivot": [2.5, 37.375, 0.5]
				},
				{
					"name": "leftfeather1",
					"parent": "leftface",
					"pivot": [2.5, 37.375, 0.5],
					"cubes": [
						{"origin": [-7.04245, 41.6, -5], "size": [6, 4, 0], "pivot": [-3.54245, 45.01677, -5], "rotation": [0, 0, 75], "uv": [33, 64], "mirror": true}
					]
				},
				{
					"name": "leftfeather2",
					"parent": "leftface",
					"pivot": [2.5, 37.375, 0.5],
					"cubes": [
						{"origin": [-12.5, 35.75, -5.01], "size": [15, 4, 0], "pivot": [2.5, 39.75, -5], "rotation": [0, 0, 37.5], "uv": [89, 85], "mirror": true}
					]
				},
				{
					"name": "leftfeather3",
					"parent": "leftface",
					"pivot": [2.5, 37.375, 0.5],
					"cubes": [
						{"origin": [-12.05, 40.02329, -5.005], "size": [10, 4, 0], "pivot": [-5.71567, 42.02329, -5], "rotation": [0, 0, 17.5], "uv": [66, 73], "mirror": true}
					]
				},
				{
					"name": "Eyes",
					"parent": "head_nonmoving",
					"pivot": [-0.225, 35.28621, 0.9153],
					"cubes": [
						{"origin": [0.25, 36.25, -5.03], "size": [4, 5, 2], "uv": [0, 36]},
						{"origin": [-4.25, 36.25, -5.03], "size": [4, 5, 2], "uv": [0, 36], "mirror": true}
					]
				},
				{
					"name": "openeyes",
					"parent": "head_nonmoving",
					"pivot": [0, 38.75, -4.04],
					"cubes": [
						{"origin": [0.25, 36.75, -5.04], "size": [3, 4, 2], "uv": [0, 60]},
						{"origin": [0.5, 37.75, -5.04], "size": [2, 2, 2], "inflate": 0.01, "uv": [18, 88]},
						{"origin": [-2.5, 37.75, -5.04], "size": [2, 2, 2], "inflate": 0.01, "uv": [18, 88], "mirror": true},
						{"origin": [-3.25, 36.75, -5.04], "size": [3, 4, 2], "uv": [0, 60], "mirror": true}
					]
				},
				{
					"name": "hurteyes",
					"parent": "head_nonmoving",
					"pivot": [0.225, 38.03621, -2.0847],
					"cubes": [
						{"origin": [-2.72604, 37.79579, -4.043], "size": [1, 2, 3], "pivot": [-2.22604, 38.79579, -3.04], "rotation": [0, 0, -45], "uv": [74, 77], "mirror": true},
						{"origin": [2.07959, 37.23513, -4.04], "size": [1, 2, 1], "pivot": [2.57959, 37.73513, -3.04], "rotation": [0, 0, -45], "uv": [11, 42]},
						{"origin": [1.72604, 37.79579, -4.043], "size": [1, 2, 3], "pivot": [2.22604, 38.79579, -3.04], "rotation": [0, 0, 45], "uv": [74, 77]},
						{"origin": [-3.07959, 37.23513, -4.04], "size": [1, 2, 1], "pivot": [-2.57959, 37.73513, -3.04], "rotation": [0, 0, 45], "uv": [11, 42], "mirror": true}
					]
				},
				{
					"name": "hurteyes2",
					"parent": "head_nonmoving",
					"pivot": [-0.225, 38.03621, -2.0847],
					"cubes": [
						{"origin": [-2.72604, 37.79579, -4.043], "size": [1, 2, 3], "pivot": [-2.22604, 38.79579, -3.04], "rotation": [0, 0, -45], "uv": [74, 77], "mirror": true},
						{"origin": [2.07959, 37.23513, -4.04], "size": [1, 2, 1], "pivot": [2.57959, 37.73513, -3.04], "rotation": [0, 0, -45], "uv": [11, 42]},
						{"origin": [1.72604, 37.79579, -4.043], "size": [1, 2, 3], "pivot": [2.22604, 38.79579, -3.04], "rotation": [0, 0, 45], "uv": [74, 77]},
						{"origin": [-3.07959, 37.23513, -4.04], "size": [1, 2, 1], "pivot": [-2.57959, 37.73513, -3.04], "rotation": [0, 0, 45], "uv": [11, 42], "mirror": true}
					]
				},
				{
					"name": "sleepingeyes",
					"parent": "head_nonmoving",
					"pivot": [0, 38.23322, -3.54],
					"cubes": [
						{"origin": [1.57959, 36.23513, -4.04], "size": [1, 3, 1], "pivot": [2.57959, 37.73513, -3.04], "rotation": [0, 0, 95], "uv": [0, 0]},
						{"origin": [-2.57959, 36.23513, -4.04], "size": [1, 3, 1], "pivot": [-2.57959, 37.73513, -3.04], "rotation": [0, 0, -95], "uv": [0, 0], "mirror": true}
					]
				},
				{
					"name": "tummylight_sleeping",
					"parent": "body",
					"pivot": [0, 10.625, 0.5],
					"cubes": [
						{"origin": [-1.5, 5.25, -6.75], "size": [3, 3, 1], "inflate": 0.01, "uv": [0, 84]}
					]
				},
				{
					"name": "head",
					"parent": "body",
					"pivot": [0, 10.625, 0.5],
					"cubes": [
						{"origin": [-1, 22.625, -0.5], "size": [2, 2, 2], "uv": [108, 0]}
					]
				},
				{
					"name": "RightLeg",
					"parent": "ironbundle",
					"pivot": [-5.03093, 4.40641, 0.75],
					"cubes": [
						{"origin": [-7.09026, 1.3144, -1.75], "size": [4, 6, 5], "pivot": [-4.59026, 4.0644, 0.75], "rotation": [0, 0, 7.5], "uv": [90, 15]},
						{"origin": [-8, 2, -2.75], "size": [6, 5, 7], "pivot": [-5.25, 4.5, 0.75], "rotation": [0, 0, 15], "uv": [70, 85]}
					]
				},
				{
					"name": "RightFoot",
					"parent": "RightLeg",
					"pivot": [-5.37261, 2.94366, 1],
					"cubes": [
						{"origin": [-5, 1.27452, -9.73862], "size": [1, 0, 2], "pivot": [-5.25, 1, -8.03109], "rotation": [-47.5, 0, 0], "uv": [9, 2], "mirror": true},
						{"origin": [-6.25, 0, 0], "size": [2, 2, 2], "uv": [18, 84]},
						{"origin": [-7.25, 0, -8.25], "size": [4, 1, 2], "pivot": [-5.25, 0, -6.25], "rotation": [-30, 0, 0], "uv": [60, 44]},
						{"origin": [-7.25, 0, -2.75], "size": [4, 1, 1], "inflate": 0.001, "uv": [0, 43]},
						{"origin": [-7.25, 1.27, -10.73862], "size": [4, 0, 3], "pivot": [-5.25, 1, -8.03109], "rotation": [-47.5, 0, 0], "uv": [42, 0], "mirror": true},
						{"origin": [-6.5, 1.27452, -9.73862], "size": [1, 0, 2], "pivot": [-5.25, 1, -8.03109], "rotation": [-47.5, 0, 0], "uv": [7, 2], "mirror": true},
						{"origin": [-7.25, 0, -6.25], "size": [4, 1, 10], "uv": [0, 84]}
					]
				},
				{
					"name": "LeftLeg",
					"parent": "ironbundle",
					"pivot": [5.03093, 4.40641, 0.75],
					"cubes": [
						{"origin": [2, 2, -2.75], "size": [6, 5, 7], "pivot": [5.25, 4.5, 0.75], "rotation": [0, 0, -15], "uv": [70, 85], "mirror": true},
						{"origin": [3.09026, 1.3144, -1.75], "size": [4, 6, 5], "pivot": [4.59026, 4.0644, 0.75], "rotation": [0, 0, -7.5], "uv": [90, 15], "mirror": true}
					]
				},
				{
					"name": "LeftFoot",
					"parent": "LeftLeg",
					"pivot": [5.37261, 2.94366, 1],
					"cubes": [
						{"origin": [3.25, 0, -6.25], "size": [4, 1, 10], "uv": [0, 84], "mirror": true},
						{"origin": [3.25, 0, -2.75], "size": [4, 1, 1], "inflate": 0.001, "uv": [0, 43], "mirror": true},
						{"origin": [4.25, 0, 0], "size": [2, 2, 2], "uv": [18, 84], "mirror": true},
						{"origin": [3.25, 0, -8.25], "size": [4, 1, 2], "pivot": [5.25, 0, -6.25], "rotation": [-30, 0, 0], "uv": [60, 44], "mirror": true},
						{"origin": [3.25, 1.27, -10.73862], "size": [4, 0, 3], "pivot": [5.25, 1, -8.03109], "rotation": [-47.5, 0, 0], "uv": [42, 0]},
						{"origin": [5.5, 1.27452, -9.73862], "size": [1, 0, 2], "pivot": [5.25, 1, -8.03109], "rotation": [-47.5, 0, 0], "uv": [7, 2]},
						{"origin": [4, 1.27452, -9.73862], "size": [1, 0, 2], "pivot": [5.25, 1, -8.03109], "rotation": [-47.5, 0, 0], "uv": [9, 2]}
					]
				}
			]
		}
	]
}