{
	"format_version": "1.12.0",
	"minecraft:geometry": [
		{
			"description": {
				"identifier": "geometry.virizion",
				"texture_width": 128,
				"texture_height": 128,
				"visible_bounds_width": 5,
				"visible_bounds_height": 4.5,
				"visible_bounds_offset": [0, 1.75, 0]
			},
			"bones": [
				{
					"name": "virizion",
					"pivot": [0, 0, 0]
				},
				{
					"name": "body",
					"parent": "virizion",
					"pivot": [0, 0, 2]
				},
				{
					"name": "torso",
					"parent": "body",
					"pivot": [0.58195, 23.43652, 10.4431],
					"cubes": [
						{"origin": [-5, 20, -1], "size": [10, 9, 14], "uv": [0, 0]},
						{"origin": [6.4027, 22.96354, 10.07407], "size": [0, 9, 16], "pivot": [6.3027, 25.76354, 15.57407], "rotation": [-8.00409, 14.47751, -3.96713], "uv": [36, 33]},
						{"origin": [-6.4027, 22.96354, 10.07407], "size": [0, 9, 16], "pivot": [-6.3027, 25.76354, 15.57407], "rotation": [-8.00409, -14.47751, 3.96713], "uv": [36, 24]},
						{"origin": [6.4027, 22.96354, 10.07407], "size": [0, 9, 16], "pivot": [6.3027, 25.76354, 15.57407], "rotation": [-8.00409, 14.47751, -3.96713], "uv": [36, 24], "mirror": true},
						{"origin": [0, 27.19578, 4.56887], "size": [0, 8, 18], "pivot": [0, 30.29578, 12.56887], "rotation": [42.5, 0, 0], "uv": [0, 30]},
						{"origin": [-4.9, 29.9, 4], "size": [0, 8, 18], "pivot": [-5, 33, 18], "rotation": [35, 0, 0], "uv": [0, 22]},
						{"origin": [4.9, 29.9, 4], "size": [0, 8, 18], "pivot": [5, 33, 18], "rotation": [35, 0, 0], "uv": [0, 22], "mirror": true},
						{"origin": [-5, 20, -10], "size": [10, 9, 9], "uv": [48, 0]},
						{"origin": [-5, 27.91935, -9.13269], "size": [10, 3, 14], "pivot": [0, 32.41935, -4.63269], "rotation": [-12.5, 0, 0], "uv": [0, 23]}
					]
				},
				{
					"name": "neck",
					"parent": "torso",
					"pivot": [0, 30.68913, -7.18054],
					"cubes": [
						{"origin": [4.89254, 36, -9.1528], "size": [0, 5, 11], "pivot": [4.89254, 37.5, -2.6528], "rotation": [25, 40, 0], "uv": [22, 67]},
						{"origin": [-2, 30, -9], "size": [4, 13, 4], "uv": [16, 83]},
						{"origin": [-4.89254, 36, -9.1528], "size": [0, 5, 11], "pivot": [-4.89254, 37.5, -2.6528], "rotation": [25, -40, 0], "uv": [0, 65]}
					]
				},
				{
					"name": "head",
					"parent": "neck",
					"pivot": [0, 42.92386, -7.1651],
					"cubes": [
						{"origin": [-3.5, 41.7, -10.5], "size": [7, 6, 7], "pivot": [-0.5, 45.2, -7.5], "rotation": [-17.5, 0, 0], "uv": [68, 36]},
						{"origin": [-4, 45.45645, -11.17965], "size": [8, 5, 8], "pivot": [0, 47.75645, -7.37965], "rotation": [10, 0, 0], "uv": [0, 63]},
						{"origin": [-1.85487, 49.08671, -13.59269], "size": [17, 1, 4], "pivot": [5.57439, 49.48801, -8.40667], "rotation": [19.40227, -32.15024, -23.85765], "uv": [42, 58]},
						{"origin": [12.14513, 50.08671, -13.59269], "size": [3, 1, 4], "pivot": [5.57439, 49.48801, -8.40667], "rotation": [19.40227, -32.15024, -23.85765], "uv": [92, 0]},
						{"origin": [-2.71648, 49.06171, -8.26459], "size": [17, 1, 4], "pivot": [5.57439, 49.48801, -8.40667], "rotation": [16.33855, -1.13052, -13.5738], "uv": [0, 58]},
						{"origin": [-2.71648, 49.06171, -11.26459], "size": [11, 1, 3], "pivot": [5.57439, 49.48801, -8.40667], "rotation": [16.33855, -1.13052, -13.5738], "uv": [68, 53]},
						{"origin": [-15.14513, 50.08671, -13.59269], "size": [3, 1, 4], "pivot": [-5.57439, 49.48801, -8.40667], "rotation": [19.40227, 32.15024, 23.85765], "uv": [34, 9]},
						{"origin": [-14.28352, 49.06171, -8.26459], "size": [17, 1, 4], "pivot": [-5.57439, 49.48801, -8.40667], "rotation": [16.33855, 1.13052, 13.5738], "uv": [48, 18]},
						{"origin": [-8.28352, 49.06171, -11.26459], "size": [11, 1, 3], "pivot": [-5.57439, 49.48801, -8.40667], "rotation": [16.33855, 1.13052, 13.5738], "uv": [68, 49]},
						{"origin": [-15.14513, 49.08671, -13.59269], "size": [17, 1, 4], "pivot": [-5.57439, 49.48801, -8.40667], "rotation": [19.40227, 32.15024, 23.85765], "uv": [34, 31]},
						{"origin": [-2.5, 42.8, -15.5], "size": [5, 4, 5], "uv": [34, 0]},
						{"origin": [-3, 43.93444, -16.33481], "size": [6, 4, 7], "pivot": [-0.5, 45.93444, -13.83481], "rotation": [20, 0, 0], "uv": [72, 23]},
						{"origin": [-1, 49.7896, -17.10993], "size": [2, 1, 7], "pivot": [0, 49.34686, -10.4852], "rotation": [32.5, 0, 0], "uv": [85, 89]},
						{"origin": [-1, 48.81302, -10.75482], "size": [2, 2, 7], "pivot": [0, 49.34686, -10.4852], "rotation": [7.5, 0, 0], "uv": [89, 69]}
					]
				},
				{
					"name": "rightleg",
					"parent": "body",
					"pivot": [-3.84, 24.05449, 10.35737],
					"cubes": [
						{"origin": [-6.2, 20.6, 6.8], "size": [6, 8, 7], "pivot": [-3.7, 25.1, 10.8], "rotation": [12.5, 0, 0], "uv": [58, 63]}
					]
				},
				{
					"name": "bone",
					"parent": "rightleg",
					"pivot": [-4, 20.9172, 10.59169],
					"cubes": [
						{"origin": [-5.5, 13, 8.6], "size": [3, 10, 4], "uv": [-1, 22]}
					]
				},
				{
					"name": "bone6",
					"parent": "bone",
					"pivot": [-4, 13.6896, 10.55559],
					"cubes": [
						{"origin": [-6, 0, 9], "size": [4, 14, 4], "uv": [0, 81]},
						{"origin": [-6, 0.06126, 8.53468], "size": [4, 4, 1], "pivot": [-3.5, 2.06126, 9.03468], "rotation": [-15, 0, 0], "uv": [64, 96]},
						{"origin": [-6.5, 12.84149, 8.20544], "size": [5, 2, 5], "pivot": [-4, 13.84149, 11.05544], "rotation": [22.5, 0, 0], "uv": [89, 34]}
					]
				},
				{
					"name": "leftleg",
					"parent": "body",
					"pivot": [3.84, 24.05449, 10.35737],
					"cubes": [
						{"origin": [0.2, 20.6, 6.8], "size": [6, 8, 7], "pivot": [3.7, 25.1, 10.8], "rotation": [12.5, 0, 0], "uv": [58, 63], "mirror": true}
					]
				},
				{
					"name": "bone3",
					"parent": "leftleg",
					"pivot": [4, 20.9172, 10.59169],
					"cubes": [
						{"origin": [2.5, 13, 8.6], "size": [3, 10, 4], "uv": [-1, 22], "mirror": true}
					]
				},
				{
					"name": "bone4",
					"parent": "bone3",
					"pivot": [4, 13.6896, 10.55559],
					"cubes": [
						{"origin": [2, 0, 9], "size": [4, 14, 4], "uv": [0, 81], "mirror": true},
						{"origin": [2, 0.06126, 8.53468], "size": [4, 4, 1], "pivot": [3.5, 2.06126, 9.03468], "rotation": [-15, 0, 0], "uv": [64, 96], "mirror": true},
						{"origin": [1.5, 12.84149, 8.20544], "size": [5, 2, 5], "pivot": [4, 13.84149, 11.05544], "rotation": [22.5, 0, 0], "uv": [89, 34], "mirror": true}
					]
				},
				{
					"name": "rightarm",
					"parent": "body",
					"pivot": [-4.49312, 26.47892, -7.07026],
					"cubes": [
						{"origin": [-5.5, 13, -8.5], "size": [3, 16, 3], "uv": [84, 57]},
						{"origin": [-6.55231, 27.2, -5.50689], "size": [1, 3, 5], "pivot": [-6.05231, 25.7, -1.50689], "rotation": [20, -15, 0], "uv": [93, 52]},
						{"origin": [-6.05231, 27.2, -0.50689], "size": [0, 3, 3], "pivot": [-6.05231, 25.7, -1.50689], "rotation": [20, -15, 0], "uv": [0, 60]},
						{"origin": [-6.50269, 23.63395, -5.94209], "size": [1, 3, 6], "pivot": [-6.00269, 23.63395, -1.69209], "rotation": [12.5, -15, 0], "uv": [92, 78]},
						{"origin": [-6.00269, 23.63395, 0.05791], "size": [0, 3, 3], "pivot": [-6.00269, 23.63395, -1.69209], "rotation": [12.5, -15, 0], "uv": [38, 55]},
						{"origin": [-6.3972, 21.00717, -6.58577], "size": [1, 2, 5], "pivot": [-5.8972, 21.50717, -2.08577], "rotation": [5, -15, 0], "uv": [51, 63]},
						{"origin": [-5.8972, 21.00717, -1.58577], "size": [0, 2, 3], "pivot": [-5.8972, 21.50717, -2.08577], "rotation": [5, -15, 0], "uv": [0, 53]}
					]
				},
				{
					"name": "bone7",
					"parent": "rightarm",
					"pivot": [-4, 13.5896, -7.34441],
					"cubes": [
						{"origin": [-6.5, 12.84149, -9.79456], "size": [5, 2, 5], "pivot": [-4, 13.84149, -6.94456], "rotation": [22.5, 0, 0], "uv": [86, 7]},
						{"origin": [-6, 0, -9], "size": [4, 14, 4], "uv": [60, 78]},
						{"origin": [-6, 0.06126, -9.46532], "size": [4, 4, 1], "pivot": [-3.5, 2.06126, -8.96532], "rotation": [-15, 0, 0], "uv": [54, 96]}
					]
				},
				{
					"name": "leftarm",
					"parent": "body",
					"pivot": [4.49312, 26.47892, -7.07026],
					"cubes": [
						{"origin": [2.5, 13, -8.5], "size": [3, 16, 3], "uv": [84, 57], "mirror": true},
						{"origin": [5.55231, 27.2, -5.50689], "size": [1, 3, 5], "pivot": [6.05231, 25.7, -1.50689], "rotation": [20, 15, 0], "uv": [93, 52], "mirror": true},
						{"origin": [6.05231, 27.2, -0.50689], "size": [0, 3, 3], "pivot": [6.05231, 25.7, -1.50689], "rotation": [20, 15, 0], "uv": [0, 60], "mirror": true},
						{"origin": [5.50269, 23.63395, -5.94209], "size": [1, 3, 6], "pivot": [6.00269, 23.63395, -1.69209], "rotation": [12.5, 15, 0], "uv": [92, 78], "mirror": true},
						{"origin": [6.00269, 23.63395, 0.05791], "size": [0, 3, 3], "pivot": [6.00269, 23.63395, -1.69209], "rotation": [12.5, 15, 0], "uv": [38, 55], "mirror": true},
						{"origin": [5.3972, 21.00717, -6.58577], "size": [1, 2, 5], "pivot": [5.8972, 21.50717, -2.08577], "rotation": [5, 15, 0], "uv": [51, 63], "mirror": true},
						{"origin": [5.8972, 21.00717, -1.58577], "size": [0, 2, 3], "pivot": [5.8972, 21.50717, -2.08577], "rotation": [5, 15, 0], "uv": [0, 53], "mirror": true}
					]
				},
				{
					"name": "bone2",
					"parent": "leftarm",
					"pivot": [4, 13.5896, -7.34441],
					"cubes": [
						{"origin": [1.5, 12.84149, -9.79456], "size": [5, 2, 5], "pivot": [4, 13.84149, -6.94456], "rotation": [22.5, 0, 0], "uv": [86, 7], "mirror": true},
						{"origin": [2, 0, -9], "size": [4, 14, 4], "uv": [60, 78], "mirror": true},
						{"origin": [2, 0.06126, -9.46532], "size": [4, 4, 1], "pivot": [3.5, 2.06126, -8.96532], "rotation": [-15, 0, 0], "uv": [54, 96], "mirror": true}
					]
				}
			]
		}
	]
}