{
	"format_version": "1.12.0",
	"minecraft:geometry": [
		{
			"description": {
				"identifier": "geometry.cosmog",
				"texture_width": 128,
				"texture_height": 128,
				"visible_bounds_width": 4,
				"visible_bounds_height": 4.5,
				"visible_bounds_offset": [0, 1.75, 0]
			},
			"bones": [
				{
					"name": "cosmog",
					"pivot": [0, 0, 0]
				},
				{
					"name": "full_body",
					"parent": "cosmog",
					"pivot": [0, 25, 0]
				},
				{
					"name": "head_body",
					"parent": "full_body",
					"pivot": [0, 12, 0],
					"cubes": [
						{"origin": [-6, 22, -3], "size": [12, 9, 8], "uv": [0, 0]},
						{"origin": [-3, 30, -4], "size": [3, 2, 7], "uv": [23, 83]},
						{"origin": [-6, 25, -4], "size": [2, 4, 8], "uv": [82, 0]},
						{"origin": [4, 25, -4], "size": [2, 4, 8], "uv": [54, 80]},
						{"origin": [-6, 20, -4], "size": [3, 4, 8], "uv": [0, 80]},
						{"origin": [-1, 21, -4], "size": [2, 2, 8], "uv": [85, 87]},
						{"origin": [-5, 18, -3.5], "size": [10, 4, 2], "pivot": [0, 23, -2.5], "rotation": [10, 0, 0], "uv": [63, 0]},
						{"origin": [-5, 18, 0.5], "size": [10, 5, 2], "pivot": [0, 23, 1.5], "rotation": [-10, 0, 0], "uv": [32, 0]},
						{"origin": [-5, 31, -3.5], "size": [10, 2, 7], "uv": [0, 17]},
						{"origin": [-1, 31, -3.5], "size": [2, 6, 7], "uv": [67, 85]},
						{"origin": [-1, 17, -3.5], "size": [2, 4, 9], "uv": [77, 50]},
						{"origin": [0, 30, -5.5], "size": [0, 6, 2], "uv": [4, 0]},
						{"origin": [0, 18, -5.5], "size": [0, 5, 2], "uv": [0, 15]},
						{"origin": [0, 18, 3.5], "size": [0, 5, 2], "uv": [0, 15]},
						{"origin": [0, 30, 3.5], "size": [0, 6, 2], "uv": [0, 0]},
						{"origin": [0, 37, -2.5], "size": [0, 3, 5], "uv": [19, 24]},
						{"origin": [0, 14, -2.5], "size": [0, 3, 7], "uv": [19, 19]},
						{"origin": [5, 19, -3.5], "size": [4, 11, 7], "uv": [45, 48]},
						{"origin": [-9, 19, -3.5], "size": [4, 11, 6], "uv": [42, 66]},
						{"origin": [3, 20, -4], "size": [3, 4, 8], "uv": [78, 75]},
						{"origin": [0, 30, -4], "size": [3, 2, 7], "uv": [89, 21]}
					]
				},
				{
					"name": "eye",
					"parent": "head_body",
					"pivot": [-1, 11, 1],
					"cubes": [
						{"origin": [-3, 26, -3.1], "size": [2, 3, 0], "uv": [40, 104]}
					]
				},
				{
					"name": "eye2",
					"parent": "head_body",
					"pivot": [3, 11, 1],
					"cubes": [
						{"origin": [1, 26, -3.1], "size": [2, 3, 0], "uv": [40, 104]}
					]
				},
				{
					"name": "smile",
					"parent": "head_body",
					"pivot": [3, 8, 1],
					"cubes": [
						{"origin": [-2, 23.6, -3.1], "size": [4, 2, 0], "uv": [43, 104]}
					]
				},
				{
					"name": "wide",
					"parent": "head_body",
					"pivot": [3, 8, 1],
					"cubes": [
						{"origin": [-2, 22.9, -2.1], "size": [4, 3, 0], "uv": [57, 104]}
					]
				},
				{
					"name": "bone",
					"parent": "head_body",
					"pivot": [8, 28.5, 0.3],
					"cubes": [
						{"origin": [6, 26, -4.2], "size": [4, 5, 9], "uv": [43, 32]}
					]
				},
				{
					"name": "bone4",
					"parent": "head_body",
					"pivot": [8, 22.5, 0.3],
					"cubes": [
						{"origin": [6, 20, -4.2], "size": [4, 5, 9], "inflate": 0.1, "uv": [31, 8]}
					]
				},
				{
					"name": "bone2",
					"parent": "head_body",
					"pivot": [-8, 28.5, 0.3],
					"cubes": [
						{"origin": [-10, 26, -4.2], "size": [4, 5, 9], "uv": [26, 41]}
					]
				},
				{
					"name": "bone3",
					"parent": "head_body",
					"pivot": [-8, 22.5, 0.3],
					"cubes": [
						{"origin": [-10, 20, -4.2], "size": [4, 5, 9], "inflate": 0.1, "uv": [0, 41]}
					]
				},
				{
					"name": "bone7",
					"parent": "head_body",
					"pivot": [3.5, 32.5, -0.2],
					"cubes": [
						{"origin": [1, 31, -4.2], "size": [5, 3, 8], "uv": [60, 28]}
					]
				},
				{
					"name": "bone10",
					"parent": "head_body",
					"pivot": [-6.67559, 32.23728, 0.3],
					"cubes": [
						{"origin": [-8, 30, -3.2], "size": [4, 5, 7], "pivot": [-6, 31.5, -0.2], "rotation": [0, 0, -42.5], "uv": [79, 32]}
					]
				},
				{
					"name": "bone9",
					"parent": "head_body",
					"pivot": [6.67559, 32.23728, 0.3],
					"cubes": [
						{"origin": [4, 30, -3.2], "size": [4, 5, 7], "pivot": [6, 31.5, -0.2], "rotation": [0, 0, 42.5], "uv": [78, 63]}
					]
				},
				{
					"name": "bone8",
					"parent": "head_body",
					"pivot": [-3.5, 32.5, -0.2],
					"cubes": [
						{"origin": [-6, 31, -4.2], "size": [5, 3, 8], "uv": [59, 58]}
					]
				},
				{
					"name": "bone5",
					"parent": "head_body",
					"pivot": [3.5, 19.5, 0.8],
					"cubes": [
						{"origin": [1, 18, -3.2], "size": [5, 3, 8], "uv": [64, 6]}
					]
				},
				{
					"name": "bone6",
					"parent": "head_body",
					"pivot": [-3.5, 19.5, 0.8],
					"cubes": [
						{"origin": [-6, 18, -3.2], "size": [5, 3, 8], "uv": [61, 39]}
					]
				},
				{
					"name": "leftarm",
					"parent": "full_body",
					"pivot": [8, 34.25, 0.3],
					"rotation": [0, 0, 42.5],
					"cubes": [
						{"origin": [7, 34, -2.2], "size": [2, 7, 5], "uv": [0, 92]},
						{"origin": [5, 41, -3.2], "size": [6, 8, 7], "uv": [26, 26]}
					]
				},
				{
					"name": "bone11",
					"parent": "leftarm",
					"pivot": [8, 30.5, -0.2],
					"cubes": [
						{"origin": [6, 49, -3.2], "size": [4, 2, 7], "uv": [87, 12]}
					]
				},
				{
					"name": "bone14",
					"parent": "leftarm",
					"pivot": [6, 21.5, -1.2],
					"cubes": [
						{"origin": [4, 40, -4.2], "size": [3, 2, 9], "uv": [72, 17]},
						{"origin": [4.5, 41, -2.2], "size": [2, 3, 5], "uv": [15, 55]}
					]
				},
				{
					"name": "bone15",
					"parent": "leftarm",
					"pivot": [11, 21.5, -1.2],
					"cubes": [
						{"origin": [9, 40, -4.2], "size": [3, 2, 9], "uv": [15, 71]},
						{"origin": [10.5, 42, -2.2], "size": [1, 1, 5], "uv": [67, 50]}
					]
				},
				{
					"name": "bone12",
					"parent": "leftarm",
					"pivot": [11, 25.5, -0.2],
					"cubes": [
						{"origin": [10, 43, -4.2], "size": [3, 5, 9], "uv": [24, 57]}
					]
				},
				{
					"name": "bone13",
					"parent": "leftarm",
					"pivot": [4, 25.5, -0.2],
					"cubes": [
						{"origin": [3, 43, -4.2], "size": [3, 5, 9], "uv": [0, 55]}
					]
				},
				{
					"name": "leftarm2",
					"parent": "full_body",
					"pivot": [-8, 34.25, 0.3],
					"rotation": [0, 0, -42.5],
					"cubes": [
						{"origin": [-9, 34, -2.2], "size": [2, 7, 5], "uv": [90, 44]},
						{"origin": [-11, 41, -3.2], "size": [6, 8, 7], "uv": [0, 26]}
					]
				},
				{
					"name": "bone16",
					"parent": "leftarm2",
					"pivot": [-8, 30.5, -0.2],
					"cubes": [
						{"origin": [-10, 49, -3.2], "size": [4, 2, 7], "uv": [37, 85]}
					]
				},
				{
					"name": "bone17",
					"parent": "leftarm2",
					"pivot": [-10, 21.5, -1.2],
					"cubes": [
						{"origin": [-12, 40, -4.2], "size": [3, 2, 9], "uv": [62, 69]},
						{"origin": [-11.5, 41, -2.2], "size": [2, 3, 5], "uv": [17, 41]}
					]
				},
				{
					"name": "bone18",
					"parent": "leftarm2",
					"pivot": [-5, 21.5, -1.2],
					"cubes": [
						{"origin": [-7, 40, -4.2], "size": [3, 2, 9], "uv": [0, 69]},
						{"origin": [-5.5, 42, -2.2], "size": [1, 1, 5], "uv": [63, 17]}
					]
				},
				{
					"name": "bone19",
					"parent": "leftarm2",
					"pivot": [-5, 25.5, -0.2],
					"cubes": [
						{"origin": [-6, 43, -4.2], "size": [3, 5, 9], "uv": [48, 14]}
					]
				},
				{
					"name": "bone20",
					"parent": "leftarm2",
					"pivot": [-12, 25.5, -0.2],
					"cubes": [
						{"origin": [-13, 43, -4.2], "size": [3, 5, 9], "uv": [48, 0]}
					]
				}
			]
		}
	]
}