{
	"format_version": "1.8.0",
	"animations": {
		"animation.zapdos2.ground_idle": {
			"loop": true,
			"bones": {
				"body": {
					"position": [0, -0.1, 0]
				},
				"torso": {
					"rotation": [2.5, 0, 0],
					"position": [0, 0, 3]
				},
				"neck": {
					"rotation": [20, 0, 0]
				},
				"head": {
					"rotation": [-20, 0, 0]
				},
				"hair4": {
					"rotation": [-20, 0, 0]
				},
				"leg_right": {
					"rotation": [2.56834, 13.90237, 10.26538]
				},
				"foot_right": {
					"rotation": [0, 0, -10]
				},
				"leg_left": {
					"rotation": [1.94714, -14.21826, -7.70881]
				},
				"foot_left": {
					"rotation": [0, 0, 7.5]
				},
				"wing_open_right": {
					"scale": 0
				},
				"wing_open_right2": {
					"rotation": [2.82275, 60.05071, -2.38486],
					"position": [0, 0.75, -0.75]
				},
				"wing_open_right3": {
					"rotation": [-1.44261, 29.96852, -2.88614]
				},
				"wing_open_left": {
					"scale": 0
				},
				"hair3": {
					"rotation": [-10, 0, 0]
				},
				"hair5": {
					"rotation": [15, 0, 0]
				},
				"hair6": {
					"rotation": [15, 0, 0]
				}
			}
		},
		"animation.zapdos2.ground_walk": {
			"loop": true,
			"bones": {
				"tail_left": {
					"rotation": ["2.5+math.sin(q.anim_time*90*6-25+180)*2", "math.sin(q.anim_time*90*3-20+180)*0.75", 0]
				},
				"tail_left2": {
					"rotation": ["2.5+math.sin(q.anim_time*90*6-50+180)*3", "math.sin(q.anim_time*90*3-40+180)*1", 0]
				},
				"tail_right": {
					"rotation": ["2.5+math.sin(q.anim_time*90*6-25+180)*2", "math.sin(q.anim_time*90*3-20+180)*0.75", 0]
				},
				"tail_right2": {
					"rotation": ["2.5+math.sin(q.anim_time*90*6-50+180)*3", "math.sin(q.anim_time*90*3-40+180)*1", 0]
				},
				"hair": {
					"rotation": ["0+math.sin(q.anim_time*90*6-95+180)*3", 0, 0]
				},
				"hair_left": {
					"rotation": ["0+math.sin(q.anim_time*90*6-90+180)*4", 0, 0]
				},
				"hair_right": {
					"rotation": ["0+math.sin(q.anim_time*90*6-90+180)*4", 0, 0]
				},
				"hair_left2": {
					"rotation": ["0+math.sin(q.anim_time*90*6-85+180)*3", 0, 0]
				},
				"hair_right2": {
					"rotation": ["0+math.sin(q.anim_time*90*6-85+180)*3", 0, 0]
				},
				"wing_left2": {
					"rotation": [0, -107.5, 0],
					"position": [0, -0.01, 0]
				},
				"wing_left3": {
					"rotation": [0, -62.5, 0],
					"position": [-1, -0.01, -2]
				},
				"wing_right3": {
					"rotation": [0, 62.5, 0],
					"position": [1, -0.01, -1]
				},
				"toe_right_middle": {
					"rotation": [
						"0+math.clamp(math.sin(query.anim_time*90*3*-1-300+180)*29.5,-27,0)+math.clamp(math.sin(query.anim_time*90*3*-1-300+180)*30,-0,27.5)",
						0,
						0
					]
				},
				"toe_right_inner": {
					"rotation": [
						"-1.3208+math.clamp(math.sin(query.anim_time*90*3*-1-300+180)*29.5,-27,0)+math.clamp(math.sin(query.anim_time*90*3*-1-300+180)*30,-0,27.5)",
						-2.79056,
						4.67594
					]
				},
				"toe_right_outer": {
					"rotation": [
						"-1.3208+math.clamp(math.sin(query.anim_time*90*3*-1-300+180)*29.5,-27,0)+math.clamp(math.sin(query.anim_time*90*3*-1-300+180)*30,-0,27.5)",
						2.79056,
						-4.67594
					]
				},
				"toe_right_back": {
					"rotation": ["math.clamp(math.sin(query.anim_time*90*3*-1-300+180)*27.5,-0,25)+math.clamp(math.sin(query.anim_time*90*3*-1-300+180)*22.5,-20,0)", 0, 0]
				},
				"toe_left_middle": {
					"rotation": ["0+math.clamp(math.sin(query.anim_time*90*3*-1-300)*29.5,-27,0)+math.clamp(math.sin(query.anim_time*90*3*-1-300)*30,-0,27.5)", 0, 0]
				},
				"toe_left_inner": {
					"rotation": ["-1.5203+math.clamp(math.sin(query.anim_time*90*3*-1-300)*29.5,-27,0)+math.clamp(math.sin(query.anim_time*90*3*-1-300)*30,-0,27.5)", 7.13182, -4.77156]
				},
				"toe_left_outer": {
					"rotation": ["-1.5203+math.clamp(math.sin(query.anim_time*90*3*-1-300)*29.5,-27,0)+math.clamp(math.sin(query.anim_time*90*3*-1-300)*30,-0,27.5)", -7.13182, 4.77156]
				},
				"toe_left_back": {
					"rotation": ["0+math.clamp(math.sin(query.anim_time*90*3*-1-300)*27.5,-0,25)+math.clamp(math.sin(query.anim_time*90*3*-1-300)*22.5,-20,0)", 0, 0]
				},
				"body": {
					"position": [0, "0+math.clamp(math.sin(query.anim_time*90*6*-1-30)*1,-0,1)+math.clamp(math.sin(query.anim_time*90*6*-1-30)*1,-0.9,0)", 0]
				},
				"leg_left": {
					"rotation": ["0+math.clamp(math.sin(query.anim_time*90*3*-1-50)*17.5,-17.5,0)+math.clamp(math.sin(query.anim_time*90*3*-1-50)*22.5,-0,20)", 0, 0],
					"position": [0, "0+math.clamp(math.sin(query.anim_time*90*3*-1-60)*1,0.3,1)", "1+math.sin(q.anim_time*90*3-80)*2"]
				},
				"leg_left2": {
					"rotation": ["0+math.clamp(math.sin(query.anim_time*90*3*-1-150)*35.5,-32.5,0)+math.clamp(math.sin(query.anim_time*90*3*-1-150)*17.5,-0,15)", 0, 0]
				},
				"foot_left": {
					"rotation": ["-7.5+math.clamp(math.sin(query.anim_time*90*3*-1-175)*7.5,-7.5,0)+math.clamp(math.sin(query.anim_time*90*3*-1-175)*22.5,-0,20)", 0, 0]
				},
				"toe_inner_left": {
					"rotation": ["-1.5203+math.clamp(math.sin(query.anim_time*90*3*-1-300)*29.5,-27,0)+math.clamp(math.sin(query.anim_time*90*3*-1-300)*30,-0,27.5)", 7.13182, -4.77156]
				},
				"claw_inner_left": {
					"rotation": ["0+math.clamp(math.sin(query.anim_time*90*3*-1-330)*15,-0,12.5)", 0, 0]
				},
				"toe_outer_left": {
					"rotation": ["-1.5203+math.clamp(math.sin(query.anim_time*90*3*-1-300)*29.5,-27,0)+math.clamp(math.sin(query.anim_time*90*3*-1-300)*30,-0,27.5)", -7.13182, 4.77156]
				},
				"claw_outer_left": {
					"rotation": ["0+math.clamp(math.sin(query.anim_time*90*3*-1-330)*15,-0,12.5)", 0, 0]
				},
				"toe_middle_left": {
					"rotation": ["0+math.clamp(math.sin(query.anim_time*90*3*-1-300)*29.5,-27,0)+math.clamp(math.sin(query.anim_time*90*3*-1-300)*30,-0,27.5)", 0, 0]
				},
				"claw_middle_left": {
					"rotation": ["0+math.clamp(math.sin(query.anim_time*90*3*-1-330)*15,-0,12.5)", 0, 0]
				},
				"toe_back_left": {
					"rotation": ["0+math.clamp(math.sin(query.anim_time*90*3*-1-300)*27.5,-0,25)+math.clamp(math.sin(query.anim_time*90*3*-1-300)*22.5,-20,0)", 0, 0]
				},
				"claw_back_left": {
					"rotation": ["0+math.clamp(math.sin(query.anim_time*90*3*-1-330)*15,-12.5,0)", 0, 0]
				},
				"leg_right": {
					"rotation": [
						"0+math.clamp(math.sin(query.anim_time*90*3*-1-50+180)*17.5,-17.5,0)+math.clamp(math.sin(query.anim_time*90*3*-1-50+180)*22.5,-0,20)",
						0,
						0
					],
					"position": [0, "-1+math.clamp(math.sin(query.anim_time*90*3*-1-60+180)*1,0.3,1)", "1-math.sin(q.anim_time*90*3-80)*2"]
				},
				"leg_right2": {
					"rotation": [
						"0+math.clamp(math.sin(query.anim_time*90*3*-1-150+180)*35.5,-32.5,0)+math.clamp(math.sin(query.anim_time*90*3*-1-150+180)*17.5,-0,15)",
						0,
						0
					]
				},
				"foot_right": {
					"rotation": [
						"-7.5+math.clamp(math.sin(query.anim_time*90*3*-1-175+180)*7.5,-7.5,0)+math.clamp(math.sin(query.anim_time*90*3*-1-175+180)*22.5,-0,20)",
						0,
						0
					]
				},
				"toe_inner_right": {
					"rotation": [
						"-1.3208+math.clamp(math.sin(query.anim_time*90*3*-1-300+180)*29.5,-27,0)+math.clamp(math.sin(query.anim_time*90*3*-1-300+180)*30,-0,27.5)",
						-2.79056,
						4.67594
					]
				},
				"claw_inner_right": {
					"rotation": ["0+math.clamp(math.sin(query.anim_time*90*3*-1-330+180)*15,-0,12.5)", 0, 0]
				},
				"toe_outer_right": {
					"rotation": [
						"-1.3208+math.clamp(math.sin(query.anim_time*90*3*-1-300+180)*29.5,-27,0)+math.clamp(math.sin(query.anim_time*90*3*-1-300+180)*30,-0,27.5)",
						2.79056,
						-4.67594
					]
				},
				"claw_outer_right": {
					"rotation": ["0+math.clamp(math.sin(query.anim_time*90*3*-1-330+180)*15,-0,12.5)", 0, 0]
				},
				"toe_middle_right": {
					"rotation": [
						"0+math.clamp(math.sin(query.anim_time*90*3*-1-300+180)*29.5,-27,0)+math.clamp(math.sin(query.anim_time*90*3*-1-300+180)*30,-0,27.5)",
						0,
						0
					]
				},
				"claw_middle_right": {
					"rotation": ["0+math.clamp(math.sin(query.anim_time*90*3*-1-330+180)*15,-0,12.5)", 0, 0]
				},
				"toe_back_right": {
					"rotation": [
						"0+math.clamp(math.sin(query.anim_time*90*3*-1-300+180)*27.5,-0,25)+math.clamp(math.sin(query.anim_time*90*3*-1-300+180)*22.5,-20,0)",
						0,
						0
					]
				},
				"claw_back_right": {
					"rotation": ["0+math.clamp(math.sin(query.anim_time*90*3*-1-330+180)*15,-12.5,0)", 0, 0]
				},
				"torso": {
					"rotation": ["math.sin(q.anim_time*90*6+0+180)*2", "0+math.sin(q.anim_time*90*3-60+180)*2.5", "0+math.sin(q.anim_time*90*3+0)*2.5"]
				},
				"head": {
					"rotation": ["2.5+math.sin(q.anim_time*90*6-40)*3", 0, "math.sin(q.anim_time*90*3-50)*0.25"]
				},
				"wing_open_left": {
					"scale": 0
				},
				"wing_open_right": {
					"scale": 0
				}
			}
		},
		"animation.zapdos2.air_idle": {
			"loop": true,
			"animation_length": 1.33333,
			"bones": {
				"body": {
					"rotation": ["-10+math.sin(q.anim_time*90*3-60)*-1", 0, 0],
					"position": [0, "math.sin(q.anim_time*90*3-30)*-2", "math.sin(q.anim_time*90*3-30)*-0.5"]
				},
				"torso": {
					"rotation": ["-15+math.sin(q.anim_time*90*3-60)*-3", 0, 0]
				},
				"tail_left": {
					"rotation": [8.0352, -0.67621, 4.9829]
				},
				"tail_right": {
					"rotation": [8.27991, 1.031, -7.46967]
				},
				"tail_left2": {
					"rotation": [12.64619, -1.47498, 22.81474]
				},
				"tail_right2": {
					"rotation": [12.64619, 1.47498, -22.81474]
				},
				"neck": {
					"rotation": ["30+math.sin(q.anim_time*90*3-70)*-5", 0, 0]
				},
				"head": {
					"rotation": ["-5+math.sin(q.anim_time*90*3-70)*10", 0, 0],
					"position": [0, -1, 1]
				},
				"hair4": {
					"rotation": ["5+math.sin(q.anim_time*90*3-150)*25", 0, 0]
				},
				"leg_right": {
					"rotation": ["math.sin(q.anim_time*90*3-90)*-10", 0, 0],
					"position": [0, -3, 0]
				},
				"foot_right": {
					"rotation": ["-20+math.sin(q.anim_time*90*3-150)*5", 0, -7.5]
				},
				"leg_left": {
					"rotation": ["math.sin(q.anim_time*90*3-90)*-10", 0, 0],
					"position": [0, -3, 0]
				},
				"foot_left": {
					"rotation": ["-20+math.sin(q.anim_time*90*3-150)*5", 0, 7.5]
				},
				"wing_open_right": {
					"rotation": [-10, -5, "-5+math.sin(q.anim_time*90*3)*60"],
					"position": [0, "math.sin(q.anim_time*90*3)*-0.5", 0]
				},
				"wing_open_right2": {
					"rotation": [0.3024, -7.01899, "-7.218+math.sin(q.anim_time*90*3-70)*40"]
				},
				"wing_open_right3": {
					"rotation": [0, 0, "math.sin(q.anim_time*90*3-120)*30"]
				},
				"hair2": {
					"rotation": ["math.sin(q.anim_time*90*3-90)*1", 0, 0]
				},
				"hair3": {
					"rotation": ["math.sin(q.anim_time*90*3-90)*5+4", 0, 0]
				},
				"hair5": {
					"rotation": ["math.sin(q.anim_time*90*3-210)*20-20", 0, 0]
				},
				"hair6": {
					"rotation": ["math.sin(q.anim_time*90*3-300)*50+2.5", 0, 0]
				},
				"leg_right2": {
					"rotation": ["math.sin(q.anim_time*90*3-120)*15", 0, 0]
				},
				"toe_back_right": {
					"rotation": [-60, 0, 0]
				},
				"claw_back_right": {
					"rotation": [-23.06545, 0.03421, 1.5838]
				},
				"toe_inner_right": {
					"rotation": [37.5, 0, 0]
				},
				"claw_inner_right": {
					"rotation": [25, 0, 0]
				},
				"toe_middle_right": {
					"rotation": [35, 0, 0]
				},
				"claw_middle_right": {
					"rotation": [20, 0, 0]
				},
				"toe_outer_right": {
					"rotation": [55, 0, 0]
				},
				"claw_outer_right": {
					"rotation": [20, 0, 0]
				},
				"leg_left2": {
					"rotation": ["math.sin(q.anim_time*90*3-120)*15", 0, 0]
				},
				"toe_back_left": {
					"rotation": [-60, 0, 0]
				},
				"claw_back_left": {
					"rotation": [-23.06545, -0.03421, -1.5838]
				},
				"toe_inner_left": {
					"rotation": [37.5, 0, 0]
				},
				"claw_inner_left": {
					"rotation": [25, 0, 0]
				},
				"toe_middle_left": {
					"rotation": [35, 0, 0]
				},
				"claw_middle_left": {
					"rotation": [20, 0, 0]
				},
				"toe_outer_left": {
					"rotation": [55, 0, 0]
				},
				"claw_outer_left": {
					"rotation": [20, 0, 0]
				},
				"wing_open_right4": {
					"rotation": [0, 0, "math.sin(q.anim_time*90*3-140)*40"]
				},
				"wing_open_left": {
					"rotation": [-10, 5, "5+math.sin(q.anim_time*90*3)*-60"],
					"position": [0, "math.sin(q.anim_time*90*3)*-0.5", 0]
				},
				"wing_open_left2": {
					"rotation": [0.30239, 7.01899, "7.218+math.sin(q.anim_time*90*3-70)*-40"]
				},
				"wing_open_left3": {
					"rotation": [0, 0, "-(math.sin(q.anim_time*90*3-120)*30)"]
				},
				"wing_open_left4": {
					"rotation": [0, 0, "-(math.sin(q.anim_time*90*3-140)*40)"]
				},
				"wing_open_left_top2": {
					"rotation": {
						"0.0": [0.30106, 4.51902, "7.2048+math.sin(q.anim_time*90*3-70)*-40"],
						"0.5833": [-0.30338, 7.01873, "2.2637+math.sin(q.anim_time*90*3-70)*-40"],
						"0.75": [-0.91696, 6.96545, "-2.7735+math.sin(q.anim_time*90*3-70)*-40"]
					}
				},
				"wing_open_right_top2": {
					"rotation": [0.30031, 2.01906, "7.1917-math.sin(q.anim_time*90*3-70)*-40"]
				},
				"wing_open_right_top": {
					"rotation": [0, -2.5, 0]
				},
				"wing_closed_right": {
					"scale": 0
				},
				"wing_closed_left": {
					"scale": 0
				}
			}
		},
		"animation.zapdos2.air_fly": {
			"loop": true,
			"animation_length": 1.33333,
			"bones": {
				"torso": {
					"rotation": [-5, 0, 0]
				},
				"leg_right": {
					"position": [0, -1, -1.75]
				},
				"leg_right2": {
					"rotation": [-60, 0, 0]
				},
				"foot_right": {
					"rotation": [35, 0, 0]
				},
				"claw_back_right": {
					"rotation": [-45, 0, 0]
				},
				"toe_inner_right": {
					"rotation": [45, 0, 0]
				},
				"toe_outer_right": {
					"rotation": [45, 0, 0]
				},
				"claw_outer_right": {
					"rotation": [45, 0, 0]
				},
				"leg_left": {
					"position": [0, -1, -1.75]
				},
				"leg_left2": {
					"rotation": [-65, 0, 0]
				},
				"foot_left": {
					"rotation": [45, 0, 0]
				},
				"toe_back_left": {
					"rotation": [-60, 0, 0]
				},
				"toe_inner_left": {
					"rotation": [45, 0, 0]
				},
				"toe_outer_left": {
					"rotation": [45, 0, 0]
				},
				"body": {
					"rotation": ["12.5+math.sin(q.anim_time*90*3-60)*-1", 0, 0],
					"position": [0, "math.sin(q.anim_time*90*3-30)*-2", "math.sin(q.anim_time*90*3-30)*-0.5"]
				},
				"head": {
					"rotation": ["-20+math.sin(q.anim_time*90*3-70)*10", 0, 0],
					"position": [0, -1, -1]
				},
				"toe_back_right": {
					"rotation": [-60, 0, 0]
				},
				"claw_back_left": {
					"rotation": [-45, 0, 0]
				},
				"claw_inner_left": {
					"rotation": [45, 0, 0]
				},
				"claw_outer_left": {
					"rotation": [45, 0, 0]
				},
				"neck": {
					"rotation": [24.67834, -0.65807, 1.02292]
				},
				"hair2": {
					"rotation": [0, 0, 0]
				},
				"hair3": {
					"rotation": [30, 0, 0]
				},
				"hair4": {
					"rotation": [-7.5, 0, 0]
				},
				"hair5": {
					"rotation": [7.5, 0, 0]
				},
				"hair6": {
					"rotation": [7.5, 0, 0]
				},
				"toe_outer_right2": {
					"rotation": [60, 0, 0]
				},
				"toe_middle_right": {
					"rotation": [45, 0, 0]
				},
				"toe_middle_right2": {
					"rotation": [60, 0, 0]
				},
				"claw_middle_right": {
					"rotation": [45, 0, 0]
				},
				"toe_inner_right2": {
					"rotation": [60, 0, 0]
				},
				"toe_inner_left2": {
					"rotation": [60, 0, 0]
				},
				"toe_middle_left": {
					"rotation": [45, 0, 0]
				},
				"toe_middle_left2": {
					"rotation": [60, 0, 0]
				},
				"claw_middle_left": {
					"rotation": [45, 0, 0]
				},
				"toe_outer_left2": {
					"rotation": [60, 0, 0]
				},
				"wing_open_right": {
					"rotation": [-10, -5, "-5+math.sin(q.anim_time*90*3)*60"],
					"position": [0, "math.sin(q.anim_time*90*3)*-0.5", 0]
				},
				"wing_open_right2": {
					"rotation": [0.3024, -7.01899, "-7.218+math.sin(q.anim_time*90*3-70)*40"]
				},
				"wing_open_right_top2": {
					"rotation": [0.30239, 7.01899, "7.218-math.sin(q.anim_time*90*3-70)*-40"]
				},
				"wing_open_left": {
					"rotation": [-10, 5, "5-math.sin(q.anim_time*90*3)*60"],
					"position": [0, "math.sin(q.anim_time*90*3)*-0.5", 0]
				},
				"wing_open_left2": {
					"rotation": [0.3024, 7.019, "7.218-math.sin(q.anim_time*90*3-70)*40"]
				},
				"wing_open_left3": {
					"rotation": [0, 0, "-(math.sin(q.anim_time*90*3-120)*30)"]
				},
				"wing_open_left_top2": {
					"rotation": [0.30239, -7.019, "-7.218+math.sin(q.anim_time*90*3-70)*-40"]
				},
				"wing_open_right3": {
					"rotation": [0, 0, "math.sin(q.anim_time*90*3-120)*30"]
				},
				"wing_closed_right": {
					"scale": 0
				},
				"wing_closed_left": {
					"scale": 0
				}
			}
		},
		"animation.zapdos2.cry": {
			"animation_length": 1.08333,
			"bones": {
				"neck": {
					"rotation": {
						"0.0": {
							"post": [0, 0, 0],
							"lerp_mode": "catmullrom"
						},
						"0.2083": {
							"post": [-10, 0, 0],
							"lerp_mode": "catmullrom"
						},
						"0.5": {
							"post": [2.5, 0, 0],
							"lerp_mode": "catmullrom"
						},
						"0.625": {
							"post": [0, 0, 0],
							"lerp_mode": "catmullrom"
						},
						"0.8333": {
							"post": [0, 0, 0],
							"lerp_mode": "catmullrom"
						}
					},
					"position": {
						"0.0": {
							"post": [0, 0, 0],
							"lerp_mode": "catmullrom"
						},
						"0.8333": {
							"post": [0, 0, 0],
							"lerp_mode": "catmullrom"
						}
					}
				},
				"head": {
					"rotation": {
						"0.0": {
							"post": [0, 0, 0],
							"lerp_mode": "catmullrom"
						},
						"0.2083": {
							"post": [7.5, 0, 0],
							"lerp_mode": "catmullrom"
						},
						"0.5": {
							"post": [-2.94, 0, 0],
							"lerp_mode": "catmullrom"
						},
						"0.8333": {
							"post": [0, 0, 0],
							"lerp_mode": "catmullrom"
						}
					},
					"position": {
						"0.0": {
							"post": [0, 0, 0],
							"lerp_mode": "catmullrom"
						},
						"0.8333": {
							"post": [0, 0, 0],
							"lerp_mode": "catmullrom"
						}
					}
				},
				"jaw": {
					"rotation": {
						"0.0": {
							"post": [0, 0, 0],
							"lerp_mode": "catmullrom"
						},
						"0.2083": {
							"post": [45, 0, 0],
							"lerp_mode": "catmullrom"
						},
						"0.4167": {
							"post": [45, 0, 0],
							"lerp_mode": "catmullrom"
						},
						"0.5": {
							"post": [0, 0, 0],
							"lerp_mode": "catmullrom"
						},
						"0.5833": {
							"post": [47.5, 0, 0],
							"lerp_mode": "catmullrom"
						},
						"0.8333": {
							"post": [0, 0, 0],
							"lerp_mode": "catmullrom"
						}
					},
					"position": {
						"0.0": {
							"post": [0, 0, 0],
							"lerp_mode": "catmullrom"
						},
						"0.8333": {
							"post": [0, 0, 0],
							"lerp_mode": "catmullrom"
						}
					}
				}
			},
			"sound_effects": {
				"0.0": {
					"effect": "pokemon.pidgeot.cry"
				}
			}
		},
		"animation.zapdos2.blink": {
			"animation_length": 0.1667,
			"bones": {
				"eyelid_left": {
					"position": {
						"0.0": [0.1, 0, -0.1],
						"0.125": [0.1, 0, -0.1],
						"0.1667": [0, 0, 0]
					}
				},
				"eyelid_right": {
					"position": {
						"0.0": [-0.1, 0, -0.1],
						"0.125": [-0.1, 0, -0.1],
						"0.1667": [0, 0, 0]
					}
				}
			}
		},
		"animation.zapdos2.pose": {
			"loop": true,
			"bones": {
				"body": {
					"position": [0, -0.1, 0]
				},
				"torso": {
					"rotation": [-2.5, 0, 0]
				},
				"tail_left": {
					"rotation": [0, -5, 0]
				},
				"tail_right": {
					"rotation": [0, 5, 0]
				},
				"tail_left2": {
					"rotation": [-2.34484, -17.48462, 0.75259]
				},
				"tail_right2": {
					"rotation": [-2.35248, 14.98672, -0.64986]
				},
				"neck": {
					"rotation": [30.02824, -9.90705, -2.84919]
				},
				"head": {
					"rotation": [-10.21794, -4.66522, 0.19098]
				},
				"hair2": {
					"rotation": [4.95392, -1.08089, 4.88206]
				},
				"hair3": {
					"rotation": [-0.45572, -1.76309, -5.67259]
				},
				"hair4": {
					"rotation": [21.11224, -12.53839, -40.85809],
					"position": [1, -2, 0]
				},
				"hair5": {
					"rotation": [-31.36964, 0.5665, -22.29949],
					"position": [0, 0, 0]
				},
				"hair6": {
					"rotation": [-26.93488, 2.86313, 9.82648],
					"position": [0, -0.75, 0]
				},
				"pupil_left": {
					"position": [0.25, -0.25, 0]
				},
				"pupil_right": {
					"position": [0.25, -0.25, 0]
				},
				"leg_right": {
					"rotation": [2.56834, 13.90237, 10.26538]
				},
				"foot_right": {
					"rotation": [0, 0, -10]
				},
				"leg_left": {
					"rotation": [1.94714, -14.21826, -7.70881]
				},
				"foot_left": {
					"rotation": [0, 0, 7.5]
				},
				"wing_open_right": {
					"rotation": [-25.57342, -1.43504, -15.40247]
				},
				"wing_open_right2": {
					"rotation": [3.09472, -22.29711, -8.11003],
					"position": [1.5, 0, 0]
				},
				"wing_open_right3": {
					"rotation": [0, 10, 0]
				},
				"wing_open_right4": {
					"rotation": [0, 0, -10]
				},
				"wing_open_left": {
					"scale": 0
				},
				"wing_open_right_top2": {
					"rotation": [0, -15, 0]
				}
			}
		},
		"animation.zapdos2.render": {
			"loop": true,
			"animation_length": 4.16667,
			"bones": {
				"body": {
					"rotation": [-42.5, 0, 0],
					"position": [0, 11, 0]
				},
				"torso": {
					"rotation": [-2.50954, -4.99523, 0.21865]
				},
				"wing_open_right": {
					"rotation": [-18.95891, -15.0949, 31.1894],
					"position": [3.5, -2, 0]
				},
				"wing_open_right2": {
					"rotation": [6.32526, -10.80355, 6.90129],
					"position": [4, -1, 0]
				},
				"wing_open_right3": {
					"rotation": [-2.59943, 9.5349, 1.3316],
					"position": [1, 0, 0]
				},
				"wing_open_right4": {
					"rotation": [0, 15, 0]
				},
				"wing_open_left": {
					"rotation": [-18.95891, 15.09492, -31.18939],
					"position": [-3.5, -1, 0]
				},
				"wing_open_left2": {
					"rotation": [3.28396, 12.06754, -22.15279],
					"position": [-2, -1, 0]
				},
				"wing_open_left3": {
					"rotation": [-2.59943, -9.53488, -1.33157],
					"position": [-1, 0, 0]
				},
				"wing_open_left4": {
					"rotation": [0, -15, 0]
				},
				"tail_left2": {
					"rotation": [0, 15, 0]
				},
				"tail_right2": {
					"rotation": [0, -12.5, 0]
				},
				"neck": {
					"rotation": [49.8924, 3.82821, -3.21873],
					"position": [0, -1, 0]
				},
				"head": {
					"rotation": {
						"0.0": [10.03742, 4.92385, 0.87038],
						"4.1667": [0.02105, -0.0641, 0.5407]
					},
					"position": {
						"0.0": [0, -1, -1],
						"4.1667": [0, 0, 0]
					}
				},
				"hair3": {
					"rotation": [9.27698, 7.95531, -15.83156]
				},
				"hair4": {
					"rotation": [25.96295, 15.58394, -8.88636]
				},
				"hair5": {
					"rotation": [34.29013, -1.41595, -7.66007]
				},
				"hair6": {
					"rotation": [27.86082, -8.86042, -4.65468]
				},
				"jaw": {
					"rotation": [65, 0, 0]
				},
				"leg_right": {
					"rotation": [-30.17583, -1.61888, 12.39638]
				},
				"leg_right2": {
					"rotation": [-27.24682, 17.04679, -14.9092]
				},
				"foot_right": {
					"rotation": [18.85088, 8.57499, -3.70573]
				},
				"toe_back_right": {
					"rotation": [-42.5, 0, 0]
				},
				"claw_back_right": {
					"rotation": [-47.5, 0, 0]
				},
				"toe_inner_right": {
					"rotation": [35, -15, 0]
				},
				"claw_inner_right": {
					"rotation": [22.5, 0, 0]
				},
				"toe_middle_right": {
					"rotation": [15, 0, 0]
				},
				"claw_middle_right": {
					"rotation": [30, 0, 0]
				},
				"toe_outer_right": {
					"rotation": [30.39441, 10.95195, 6.6922]
				},
				"claw_outer_right": {
					"rotation": [57.5, 0, 0]
				},
				"leg_left": {
					"rotation": [20, 0, -17.5]
				},
				"leg_left2": {
					"rotation": [-21.54514, 9.06524, 12.0012]
				},
				"foot_left": {
					"rotation": [-7.41193, -14.98539, -0.66963]
				},
				"toe_back_left": {
					"rotation": [-35, 0, 0]
				},
				"claw_back_left": {
					"rotation": [-35, 0, 0]
				},
				"toe_inner_left": {
					"rotation": [42.5, 22.5, 0]
				},
				"claw_inner_left": {
					"rotation": [33.88502, -0.71144, 1.94739]
				},
				"toe_middle_left": {
					"rotation": [32.5, 0, 0]
				},
				"claw_middle_left": {
					"rotation": [22.5, 0, 0]
				},
				"toe_outer_left": {
					"rotation": [27.5, -20, 0]
				},
				"claw_outer_left": {
					"rotation": [47.5, 0, 0]
				},
				"zapdos": {
					"position": [0, 7, 0]
				},
				"wing_open_left_top": {
					"rotation": [0, 0, -7.5],
					"position": [-2, 0, 0]
				},
				"wing_open_left_top2": {
					"rotation": [0, 7.5, -20],
					"position": [-1, 0, 0]
				},
				"wing_open_right_top2": {
					"rotation": [0, -5, 15],
					"position": [1, 0, 0]
				}
			}
		}
	}
}