{
	"format_version": "1.12.0",
	"minecraft:geometry": [
		{
			"description": {
				"identifier": "geometry.indeedee_male",
				"texture_width": 128,
				"texture_height": 128,
				"visible_bounds_width": 3,
				"visible_bounds_height": 3.5,
				"visible_bounds_offset": [0, 1.25, 0]
			},
			"bones": [
				{
					"name": "indeedee_male",
					"pivot": [0, 0, 0]
				},
				{
					"name": "body",
					"parent": "indeedee_male",
					"pivot": [0, 19, 0]
				},
				{
					"name": "leg_left",
					"parent": "body",
					"pivot": [2.25, 6, -0.5],
					"cubes": [
						{"origin": [0.25, 3.5, -2.25], "size": [4, 3, 4], "uv": [16, 56]}
					]
				},
				{
					"name": "knee_left",
					"parent": "leg_left",
					"pivot": [2, 3.5, -1.5],
					"cubes": [
						{"origin": [0.5, 2, -1.5], "size": [3, 2, 3], "uv": [0, 62]}
					]
				},
				{
					"name": "foot_left",
					"parent": "knee_left",
					"pivot": [-0.5, 2, 1.5],
					"cubes": [
						{"origin": [0.5, 0, -2.5], "size": [3, 2, 4], "inflate": 0.01, "uv": [56, 53]}
					]
				},
				{
					"name": "leg_right",
					"parent": "body",
					"pivot": [-2.25, 6, -0.5],
					"cubes": [
						{"origin": [-4.25, 3.5, -2.25], "size": [4, 3, 4], "uv": [16, 56], "mirror": true}
					]
				},
				{
					"name": "knee_right",
					"parent": "leg_right",
					"pivot": [-2, 3.5, -1.5],
					"cubes": [
						{"origin": [-3.5, 2, -1.5], "size": [3, 2, 3], "uv": [0, 62], "mirror": true}
					]
				},
				{
					"name": "foot_right",
					"parent": "knee_right",
					"pivot": [0.5, 2, 1.5],
					"cubes": [
						{"origin": [-3.5, 0, -2.5], "size": [3, 2, 4], "inflate": 0.01, "uv": [56, 53], "mirror": true}
					]
				},
				{
					"name": "hips",
					"parent": "body",
					"pivot": [0, 6.04179, -0.265],
					"cubes": [
						{"origin": [-6, 8, -5.75], "size": [12, 4, 11], "uv": [0, 15]},
						{"origin": [-6.5, 12, -6.25], "size": [13, 3, 12], "uv": [0, 0]},
						{"origin": [-4.5, 13.75, -4], "size": [9, 3, 8], "uv": [72, 0]},
						{"origin": [-5, 6, -4.75], "size": [10, 2, 9], "uv": [35, 15]}
					]
				},
				{
					"name": "tail",
					"parent": "hips",
					"pivot": [0, 14, 5],
					"rotation": [-37.5, 0, 0],
					"cubes": [
						{"origin": [-1, 13.53349, 3.99904], "size": [2, 3, 2], "uv": [22, 73]}
					]
				},
				{
					"name": "tail2",
					"parent": "tail",
					"pivot": [0, 16.03349, 3.99904],
					"rotation": [-10, 0, 0],
					"cubes": [
						{"origin": [-1.5, 16.03349, 3.49904], "size": [3, 3, 3], "uv": [52, 70]}
					]
				},
				{
					"name": "tail3",
					"parent": "tail2",
					"pivot": [-0.5, 16.53349, 6.49904],
					"rotation": [22.5, 0, 0],
					"cubes": [
						{"origin": [-1, 16.53349, 6.49904], "size": [2, 2, 2], "inflate": 0.01, "uv": [47, 69]}
					]
				},
				{
					"name": "torso",
					"parent": "hips",
					"pivot": [0, 16.81507, 0.08271],
					"cubes": [
						{"origin": [-3.5, 16.25, -3], "size": [7, 3, 6], "uv": [38, 39]}
					]
				},
				{
					"name": "chest",
					"parent": "torso",
					"pivot": [0, 19.25794, -1.4634],
					"cubes": [
						{"origin": [-2.5, 19, -2], "size": [5, 3, 4], "uv": [26, 48]},
						{"origin": [-3.5, 21.5, -3], "size": [7, 2, 6], "uv": [0, 47]}
					]
				},
				{
					"name": "head",
					"parent": "chest",
					"pivot": [0, 24.0572, -0.1125],
					"cubes": [
						{"origin": [-5, 23, -4.5], "size": [10, 8, 9], "uv": [0, 30]},
						{"origin": [-4, 31, -3.5], "size": [8, 2, 7], "uv": [29, 30]},
						{"origin": [-3.45406, 33.33883, -4.52], "size": [1, 1, 0], "pivot": [-13, 25.5, -4.51], "rotation": [0, 0, 45], "uv": [34, 33]},
						{"origin": [-0.5, 25.54289, -4.51], "size": [1, 1, 0], "uv": [34, 30]},
						{"origin": [-1.5, 25.7, -4.52], "size": [1, 1, 0], "pivot": [-1, 26.2, -4.51], "rotation": [0, 0, 45], "uv": [0, 32]},
						{"origin": [-2, 25.2, -4.53], "size": [1, 2, 0], "uv": [9, 5]},
						{"origin": [-3.55306, 25.13655, -4.54], "size": [2, 2, 0], "pivot": [-2.37195, 27.12071, -4.545], "rotation": [0, 0, 2.5], "uv": [38, 6]},
						{"origin": [-3.55306, 26.88655, -4.57], "size": [2, 1, 0], "pivot": [-2.37195, 27.12071, -4.545], "rotation": [0, 0, 2.5], "uv": [29, 36]},
						{"origin": [1.55306, 26.88655, -4.57], "size": [2, 1, 0], "pivot": [2.37195, 27.12071, -4.545], "rotation": [0, 0, -2.5], "uv": [35, 23]},
						{"origin": [1.55306, 25.13655, -4.54], "size": [2, 2, 0], "pivot": [2.37195, 27.12071, -5.545], "rotation": [0, 0, -2.5], "uv": [5, 30]},
						{"origin": [0.5, 25.7, -4.52], "size": [1, 1, 0], "pivot": [1, 26.2, -4.51], "rotation": [0, 0, -45], "uv": [9, 2]},
						{"origin": [1, 25.2, -4.53], "size": [1, 2, 0], "uv": [0, 0]},
						{"origin": [-4.65, 27.75, -4.52], "size": [2, 1, 0], "pivot": [-3.15, 27.75, -4.51], "rotation": [0, 0, 22.5], "uv": [4, 25]},
						{"origin": [-4.4, 27.25, -4.51], "size": [2, 1, 0], "pivot": [-3.15, 28, -4.51], "rotation": [0, 0, -7.5], "uv": [0, 25]},
						{"origin": [2.4, 27.25, -4.51], "size": [2, 1, 0], "pivot": [3.15, 28, -4.51], "rotation": [0, 0, 7.5], "uv": [0, 25], "mirror": true},
						{"origin": [2.65, 27.75, -4.52], "size": [2, 1, 0], "pivot": [3.15, 27.75, -4.51], "rotation": [0, 0, -22.5], "uv": [4, 25], "mirror": true},
						{"origin": [5, 26.5, -1.5], "size": [3, 2, 3], "uv": [0, 5]},
						{"origin": [4.5, 28, -2], "size": [4, 5, 4], "pivot": [6.5, 29, 0], "rotation": [0, 0, -12.5], "uv": [52, 26]},
						{"origin": [4.75, 32.5, -1.5], "size": [4, 2, 3], "pivot": [6.5, 29, 0], "rotation": [0, 0, -22.5], "uv": [58, 36]},
						{"origin": [4, 32.5, 0], "size": [5, 6, 0], "pivot": [6.5, 29, 0], "rotation": [0, 0, -22.5], "uv": [0, 67]},
						{"origin": [-9, 32.5, 0], "size": [5, 6, 0], "pivot": [-6.5, 29, 0], "rotation": [0, 0, 22.5], "uv": [0, 15]},
						{"origin": [-8.75, 32.5, -1.5], "size": [4, 2, 3], "pivot": [-6.5, 29, 0], "rotation": [0, 0, 22.5], "uv": [50, 10]},
						{"origin": [-8, 26.5, -1.5], "size": [3, 2, 3], "uv": [0, 0]},
						{"origin": [-8.5, 28, -2], "size": [4, 5, 4], "pivot": [-6.5, 29, 0], "rotation": [0, 0, 12.5], "uv": [44, 48]},
						{"origin": [-1.5, 28, -4.5], "size": [3, 1, 0], "inflate": 0.01, "uv": [0, 22], "mirror": true},
						{"origin": [-3.45406, 32.83883, -4.53], "size": [1, 1, 0], "pivot": [-13, 25, -4.51], "rotation": [0, 0, 45], "uv": [8, 25]}
					]
				},
				{
					"name": "pupil_right",
					"parent": "head",
					"pivot": [-2.37195, 27.12071, -4.545],
					"cubes": [
						{"origin": [-3.05306, 25.48655, -4.55], "size": [1, 2, 0], "pivot": [-2.37195, 27.12071, -4.545], "rotation": [0, 0, 2.5], "uv": [9, 0]}
					]
				},
				{
					"name": "mouth_open",
					"parent": "head",
					"pivot": [0, 24.79289, -4.44],
					"cubes": [
						{"origin": [-0.5, 23.54289, -4.45], "size": [1, 1, 0], "uv": [15, 65]},
						{"origin": [-1, 23.54289, -4.44], "size": [2, 1, 0], "uv": [0, 38]},
						{"origin": [-0.5, 24.04289, -4.46], "size": [1, 1, 0], "uv": [0, 30]}
					]
				},
				{
					"name": "pupil_left",
					"parent": "head",
					"pivot": [2.37195, 27.12071, -4.545],
					"cubes": [
						{"origin": [2.05306, 25.48655, -4.55], "size": [1, 2, 0], "pivot": [2.37195, 27.12071, -4.545], "rotation": [0, 0, -2.5], "uv": [0, 5]}
					]
				},
				{
					"name": "eyelid_left",
					"parent": "head",
					"pivot": [2.37195, 28.12071, -5.445],
					"cubes": [
						{"origin": [1.55306, 25.13655, -4.48], "size": [2, 3, 0], "inflate": 0.01, "pivot": [2.37195, 27.12071, -5.445], "rotation": [0, 0, -2.5], "uv": [12, 55]}
					]
				},
				{
					"name": "eyelid_right",
					"parent": "head",
					"pivot": [-2.37195, 28.12071, -5.445],
					"cubes": [
						{"origin": [-3.55306, 25.13655, -4.48], "size": [2, 3, 0], "inflate": 0.01, "pivot": [-2.37195, 27.12071, -5.445], "rotation": [0, 0, 2.5], "uv": [12, 55], "mirror": true}
					]
				},
				{
					"name": "arm_left",
					"parent": "chest",
					"pivot": [2.5, 21.5, 0],
					"cubes": [
						{"origin": [2.5, 21, -0.5], "size": [5, 1, 1], "uv": [38, 10]}
					]
				},
				{
					"name": "elbow_left",
					"parent": "arm_left",
					"pivot": [6.9, 21.5, 0.5],
					"cubes": [
						{"origin": [7, 20.5, -1.5], "size": [4, 2, 3], "inflate": 0.02, "uv": [57, 59]}
					]
				},
				{
					"name": "wrist_left",
					"parent": "elbow_left",
					"pivot": [11.025, 22.5, 0],
					"cubes": [
						{"origin": [11, 20.5, -1.5], "size": [1, 2, 3], "inflate": 0.01, "uv": [35, 15]}
					]
				},
				{
					"name": "pointer_left",
					"parent": "wrist_left",
					"pivot": [12, 22.5, -0.5],
					"cubes": [
						{"origin": [12, 20.5, -1.5], "size": [2, 2, 1], "uv": [38, 3]}
					]
				},
				{
					"name": "middle_left",
					"parent": "wrist_left",
					"pivot": [12, 22.5, 0],
					"cubes": [
						{"origin": [12, 20.5, -0.5], "size": [2, 2, 1], "uv": [38, 0]}
					]
				},
				{
					"name": "ring_left",
					"parent": "wrist_left",
					"pivot": [12, 22.5, 0.5],
					"cubes": [
						{"origin": [12, 20.5, 0.5], "size": [2, 2, 1], "uv": [35, 20]}
					]
				},
				{
					"name": "arm_right",
					"parent": "chest",
					"pivot": [-2.5, 21.5, 0],
					"cubes": [
						{"origin": [-7.5, 21, -0.5], "size": [5, 1, 1], "uv": [38, 10], "mirror": true}
					]
				},
				{
					"name": "elbow_right",
					"parent": "arm_right",
					"pivot": [-6.9, 21.5, 0.5],
					"cubes": [
						{"origin": [-11, 20.5, -1.5], "size": [4, 2, 3], "inflate": 0.02, "uv": [57, 59], "mirror": true}
					]
				},
				{
					"name": "wrist_right",
					"parent": "elbow_right",
					"pivot": [-11.025, 22.5, 0],
					"cubes": [
						{"origin": [-12, 20.5, -1.5], "size": [1, 2, 3], "inflate": 0.01, "uv": [35, 15], "mirror": true}
					]
				},
				{
					"name": "pointer_right",
					"parent": "wrist_right",
					"pivot": [-12, 22.5, -0.5],
					"cubes": [
						{"origin": [-14, 20.5, -1.5], "size": [2, 2, 1], "uv": [38, 3], "mirror": true}
					]
				},
				{
					"name": "middle_right",
					"parent": "wrist_right",
					"pivot": [-12, 22.5, 0],
					"cubes": [
						{"origin": [-14, 20.5, -0.5], "size": [2, 2, 1], "uv": [38, 0], "mirror": true}
					]
				},
				{
					"name": "ring_right",
					"parent": "wrist_right",
					"pivot": [-12, 22.5, 0.5],
					"cubes": [
						{"origin": [-14, 20.5, 0.5], "size": [2, 2, 1], "uv": [35, 20], "mirror": true}
					]
				}
			]
		}
	]
}