{
	"format_version": "1.12.0",
	"minecraft:geometry": [
		{
			"description": {
				"identifier": "geometry.mysticarafallen",
				"texture_width": 256,
				"texture_height": 304,
				"visible_bounds_width": 10,
				"visible_bounds_height": 9.5,
				"visible_bounds_offset": [0, 4.25, 0]
			},
			"bones": [
				{
					"name": "root",
					"pivot": [0, 0, 0]
				},
				{
					"name": "mysticarafallen",
					"parent": "root",
					"pivot": [0, 0, 0]
				},
				{
					"name": "body",
					"parent": "mysticarafallen",
					"pivot": [0, 0, 0]
				},
				{
					"name": "torso",
					"parent": "body",
					"pivot": [0, 37, 0],
					"cubes": [
						{"origin": [6.5, 44.5, 5.5], "size": [-13, -17, -10], "uv": [239, 125]},
						{"origin": [8.5, 53.5, 6.5], "size": [-17, -10, -12], "uv": [239, 125]},
						{"origin": [-8, 44, -5], "size": [16, 9, 11], "uv": [46, 191]},
						{"origin": [-6, 28, -4], "size": [12, 16, 9], "uv": [129, 225]},
						{"origin": [-12, 41.5, -11.5], "size": [24, 0, 24], "pivot": [0, 40.5, 0.5], "rotation": [0, 45, 0], "uv": [-24, 18]}
					]
				},
				{
					"name": "wings",
					"parent": "torso",
					"pivot": [0, 53, 24]
				},
				{
					"name": "right_wing",
					"parent": "wings",
					"pivot": [-8, 58, 20],
					"rotation": [25, -70, 0],
					"cubes": [
						{"origin": [-8, 31, 20], "size": [0, 47, 28], "uv": [120, -28]}
					]
				},
				{
					"name": "right_wing2",
					"parent": "right_wing",
					"pivot": [-8, 54.5, 48],
					"cubes": [
						{"origin": [-8, 43, 48], "size": [0, 34, 28], "uv": [120, 19]}
					]
				},
				{
					"name": "right_wing3",
					"parent": "wings",
					"pivot": [-8, 58, 23],
					"rotation": [-10, -70, 0],
					"cubes": [
						{"origin": [-8, 31, 23], "size": [0, 47, 28], "inflate": -0.01, "uv": [120, -28]}
					]
				},
				{
					"name": "right_wing4",
					"parent": "right_wing3",
					"pivot": [-8, 54.5, 51],
					"cubes": [
						{"origin": [-8, 43, 51], "size": [0, 34, 28], "inflate": -0.01, "uv": [120, 19]}
					]
				},
				{
					"name": "left_wing",
					"parent": "wings",
					"pivot": [8, 58, 20],
					"rotation": [25, 70, 0],
					"cubes": [
						{"origin": [8, 32, 20], "size": [0, 47, 28], "uv": [176, -28], "mirror": true}
					]
				},
				{
					"name": "left_wing2",
					"parent": "left_wing",
					"pivot": [8, 55.5, 48],
					"cubes": [
						{"origin": [8, 44, 48], "size": [0, 34, 28], "uv": [176, 19], "mirror": true}
					]
				},
				{
					"name": "left_wing3",
					"parent": "wings",
					"pivot": [8, 58, 23],
					"rotation": [-10, 70, 0],
					"cubes": [
						{"origin": [8, 32, 23], "size": [0, 47, 28], "uv": [176, -28], "mirror": true}
					]
				},
				{
					"name": "left_wing4",
					"parent": "left_wing3",
					"pivot": [8, 55.5, 51],
					"cubes": [
						{"origin": [8, 44, 51], "size": [0, 34, 28], "uv": [176, 19], "mirror": true}
					]
				},
				{
					"name": "hands",
					"parent": "torso",
					"pivot": [0, 26, 0]
				},
				{
					"name": "right_hand",
					"parent": "hands",
					"pivot": [-32.5, 57, 0],
					"cubes": [
						{"origin": [-27.5, 57.5, 5.25], "size": [-10, -6, -10], "uv": [239, 125]},
						{"origin": [-37, 52, -4.25], "size": [9, 5, 9], "uv": [153, 202]}
					]
				},
				{
					"name": "thumb",
					"parent": "right_hand",
					"pivot": [-30, 55, -4],
					"rotation": [11.23272, -36.01651, -18.66201],
					"cubes": [
						{"origin": [-29.5, 57.5, -0.5], "size": [-6, -5, -4], "uv": [239, 125]},
						{"origin": [-35, 53, -4], "size": [5, 4, 3], "uv": [186, 242]}
					]
				},
				{
					"name": "thumb2",
					"parent": "thumb",
					"pivot": [-35, 55, -4],
					"rotation": [0, 20, 0],
					"cubes": [
						{"origin": [-34.5, 57.5, -0.5], "size": [-6, -5, -4], "uv": [239, 125]},
						{"origin": [-40, 53, -4], "size": [5, 4, 3], "uv": [186, 220]}
					]
				},
				{
					"name": "middle_finger",
					"parent": "right_hand",
					"pivot": [-37, 57, 2.75],
					"rotation": [0, 0, -10],
					"cubes": [
						{"origin": [-36.5, 57.5, 4.75], "size": [-8, -5, -4], "uv": [239, 125]},
						{"origin": [-44, 53, 1.25], "size": [7, 4, 3], "uv": [20, 274]}
					]
				},
				{
					"name": "middle_finger2",
					"parent": "middle_finger",
					"pivot": [-44, 57, 2.75],
					"rotation": [0, 0, -17.5],
					"cubes": [
						{"origin": [-43.5, 57.5, 4.75], "size": [-6, -5, -4], "uv": [239, 125]},
						{"origin": [-49, 53, 1.25], "size": [5, 4, 3], "uv": [186, 282]}
					]
				},
				{
					"name": "index_finger",
					"parent": "right_hand",
					"pivot": [-37, 57, -2],
					"rotation": [0, 0, -10],
					"cubes": [
						{"origin": [-36.5, 57.5, 0], "size": [-8, -5, -4], "uv": [239, 125]},
						{"origin": [-44, 53, -3.5], "size": [7, 4, 3], "uv": [0, 274]}
					]
				},
				{
					"name": "index_finger2",
					"parent": "index_finger",
					"pivot": [-44, 57, -2],
					"rotation": [0, 0, -17.5],
					"cubes": [
						{"origin": [-43.5, 57.5, 0], "size": [-6, -5, -4], "uv": [239, 125]},
						{"origin": [-49, 53, -3.5], "size": [5, 4, 3], "uv": [170, 282]}
					]
				},
				{
					"name": "left_hand",
					"parent": "hands",
					"pivot": [32.5, 57, 0],
					"cubes": [
						{"origin": [37.5, 57.5, 5.25], "size": [-10, -6, -10], "uv": [239, 125], "mirror": true},
						{"origin": [28, 52, -4.25], "size": [9, 5, 9], "uv": [147, 143]}
					]
				},
				{
					"name": "thumb3",
					"parent": "left_hand",
					"pivot": [30, 55, -4],
					"rotation": [11.23272, 36.01651, 18.66201],
					"cubes": [
						{"origin": [35.5, 57.5, -0.5], "size": [-6, -5, -4], "uv": [239, 125], "mirror": true},
						{"origin": [30, 53, -4], "size": [5, 4, 3], "uv": [172, 120]}
					]
				},
				{
					"name": "thumb4",
					"parent": "thumb3",
					"pivot": [35, 55, -4],
					"rotation": [0, -20, 0],
					"cubes": [
						{"origin": [40.5, 57.5, -0.5], "size": [-6, -5, -4], "uv": [239, 125], "mirror": true},
						{"origin": [35, 53, -4], "size": [5, 4, 3], "uv": [182, 263]}
					]
				},
				{
					"name": "middle_finger3",
					"parent": "left_hand",
					"pivot": [37, 57, 2.75],
					"rotation": [0, 0, 10],
					"cubes": [
						{"origin": [44.5, 57.5, 4.75], "size": [-8, -5, -4], "uv": [239, 125], "mirror": true},
						{"origin": [37, 53, 1.25], "size": [7, 4, 3], "uv": [152, 120]}
					]
				},
				{
					"name": "middle_finger4",
					"parent": "middle_finger3",
					"pivot": [44, 57, 2.75],
					"rotation": [0, 0, 17.5],
					"cubes": [
						{"origin": [49.5, 57.5, 4.75], "size": [-6, -5, -4], "uv": [239, 125], "mirror": true},
						{"origin": [44, 53, 1.25], "size": [5, 4, 3], "uv": [157, 278]}
					]
				},
				{
					"name": "index_finger3",
					"parent": "left_hand",
					"pivot": [37, 57, -2],
					"rotation": [0, 0, 10],
					"cubes": [
						{"origin": [44.5, 57.5, 0], "size": [-8, -5, -4], "uv": [239, 125], "mirror": true},
						{"origin": [37, 53, -3.5], "size": [7, 4, 3], "uv": [152, 113]}
					]
				},
				{
					"name": "index_finger4",
					"parent": "index_finger3",
					"pivot": [44, 57, -2],
					"rotation": [0, 0, 17.5],
					"cubes": [
						{"origin": [49.5, 57.5, 0], "size": [-6, -5, -4], "uv": [239, 125], "mirror": true},
						{"origin": [44, 53, -3.5], "size": [5, 4, 3], "uv": [72, 277]}
					]
				},
				{
					"name": "collar",
					"parent": "torso",
					"pivot": [0, 56.25, 0]
				},
				{
					"name": "front",
					"parent": "collar",
					"pivot": [0, 25.25, 0]
				},
				{
					"name": "right_collar",
					"parent": "front",
					"pivot": [0, 56.25, 0],
					"rotation": [10.27206, -33.64409, -18.11321],
					"cubes": [
						{"origin": [-21, 56.25, -10], "size": [21, 0, 20], "uv": [22, 62]}
					]
				},
				{
					"name": "right_collar2",
					"parent": "right_collar",
					"pivot": [-21, 56.25, 0],
					"rotation": [0, 0, -42.5],
					"cubes": [
						{"origin": [-39, 56.25, -10], "size": [18, 0, 20], "uv": [52, 82]}
					]
				},
				{
					"name": "right_collar3",
					"parent": "right_collar2",
					"pivot": [-39, 56.25, 0],
					"rotation": [0, 0, -17.5],
					"cubes": [
						{"origin": [-57, 56.25, -9], "size": [18, 0, 18], "uv": [66, 64]}
					]
				},
				{
					"name": "left_collar",
					"parent": "front",
					"pivot": [0, 56.25, 0],
					"rotation": [10.27206, 33.64409, 18.11321],
					"cubes": [
						{"origin": [0, 56.25, -10], "size": [21, 0, 20], "uv": [-20, 62]}
					]
				},
				{
					"name": "left_collar2",
					"parent": "left_collar",
					"pivot": [21, 56.25, 0],
					"rotation": [0, 0, 42.5],
					"cubes": [
						{"origin": [21, 56.25, -10], "size": [18, 0, 20], "uv": [16, 82]}
					]
				},
				{
					"name": "left_collar3",
					"parent": "left_collar2",
					"pivot": [39, 56.25, 0],
					"rotation": [0, 0, 17.5],
					"cubes": [
						{"origin": [39, 56.25, -9], "size": [18, 0, 18], "uv": [54, 102]}
					]
				},
				{
					"name": "back",
					"parent": "collar",
					"pivot": [0, 25.25, 0]
				},
				{
					"name": "right_collar4",
					"parent": "back",
					"pivot": [0, 56.25, 0],
					"rotation": [-10.27206, 33.64409, -18.11321],
					"cubes": [
						{"origin": [-21, 56.25, -10], "size": [21, 0, 20], "uv": [22, 42]}
					]
				},
				{
					"name": "right_collar5",
					"parent": "right_collar4",
					"pivot": [-21, 56.25, 0],
					"rotation": [0, 0, -42.5],
					"cubes": [
						{"origin": [-39, 56.25, -10], "size": [18, 0, 20], "uv": [-20, 82]}
					]
				},
				{
					"name": "right_collar6",
					"parent": "right_collar5",
					"pivot": [-39, 56.25, 0],
					"rotation": [0, 0, -17.5],
					"cubes": [
						{"origin": [-57, 56.25, -9], "size": [18, 0, 18], "uv": [18, 102]}
					]
				},
				{
					"name": "left_collar4",
					"parent": "back",
					"pivot": [0, 56.25, 0],
					"rotation": [-10.27206, -33.64409, 18.11321],
					"cubes": [
						{"origin": [0, 56.25, -10], "size": [21, 0, 20], "uv": [-20, 42]}
					]
				},
				{
					"name": "left_collar5",
					"parent": "left_collar4",
					"pivot": [21, 56.25, 0],
					"rotation": [0, 0, 42.5],
					"cubes": [
						{"origin": [21, 56.25, -10], "size": [18, 0, 20], "uv": [28, 18]}
					]
				},
				{
					"name": "left_collar6",
					"parent": "left_collar5",
					"pivot": [39, 56.25, 0],
					"rotation": [0, 0, 17.5],
					"cubes": [
						{"origin": [39, 56.25, -9], "size": [18, 0, 18], "uv": [-18, 102]}
					]
				},
				{
					"name": "head",
					"parent": "torso",
					"pivot": [0, 64, 0],
					"cubes": [
						{"origin": [6.5, 71.5, 7.5], "size": [-13, -15, -12], "uv": [239, 125]},
						{"origin": [-6, 57, -4], "size": [12, 14, 11], "uv": [0, 212]}
					]
				},
				{
					"name": "horns",
					"parent": "head",
					"pivot": [0.07661, 68.375, 4]
				},
				{
					"name": "right_horn",
					"parent": "horns",
					"pivot": [-6.95161, 68.125, 2.35],
					"rotation": [-5.05231, -0.42589, 50.08997],
					"cubes": [
						{"origin": [-0.44721, 68.62331, 2.85672], "size": [-7, -11, -6], "uv": [239, 125]},
						{"origin": [-6.94721, 58.12331, -2.64328], "size": [6, 10, 5], "uv": [160, 263]}
					]
				},
				{
					"name": "right_horn2",
					"parent": "right_horn",
					"pivot": [-0.94883, 58.12484, 2.35644],
					"rotation": [-38.46094, 0, 0],
					"cubes": [
						{"origin": [-0.44721, 58.62331, 2.85672], "size": [-6, -10, -5], "uv": [239, 125]},
						{"origin": [-5.94721, 49.12331, -1.64328], "size": [5, 9, 4], "uv": [152, 100]}
					]
				},
				{
					"name": "right_horn3",
					"parent": "right_horn2",
					"pivot": [-0.94883, 49.12484, 2.35644],
					"rotation": [-45.08957, 0, 0],
					"cubes": [
						{"origin": [-0.44721, 49.62331, 2.85672], "size": [-5, -8, -4], "uv": [239, 125]},
						{"origin": [-4.94721, 42.12331, -0.64328], "size": [4, 7, 3], "uv": [112, 232]}
					]
				},
				{
					"name": "left_horn",
					"parent": "horns",
					"pivot": [6.95161, 68.125, 2.35],
					"rotation": [-5.05231, 0.42589, -50.08997],
					"cubes": [
						{"origin": [7.44721, 68.62331, 2.85672], "size": [-7, -11, -6], "uv": [239, 125], "mirror": true},
						{"origin": [0.94721, 58.12331, -2.64328], "size": [6, 10, 5], "uv": [104, 259]}
					]
				},
				{
					"name": "left_horn2",
					"parent": "left_horn",
					"pivot": [0.94883, 58.12484, 2.35644],
					"rotation": [-38.46094, 0, 0],
					"cubes": [
						{"origin": [6.44721, 58.62331, 2.85672], "size": [-6, -10, -5], "uv": [239, 125], "mirror": true},
						{"origin": [0.94721, 49.12331, -1.64328], "size": [5, 9, 4], "uv": [79, 212]}
					]
				},
				{
					"name": "left_horn3",
					"parent": "left_horn2",
					"pivot": [0.94883, 49.12484, 2.35644],
					"rotation": [-45.08957, 0, 0],
					"cubes": [
						{"origin": [5.44721, 49.62331, 2.85672], "size": [-5, -8, -4], "uv": [239, 125], "mirror": true},
						{"origin": [0.94721, 42.12331, -0.64328], "size": [4, 7, 3], "uv": [97, 191]}
					]
				},
				{
					"name": "hat",
					"parent": "head",
					"pivot": [0, 26, 0],
					"cubes": [
						{"origin": [-7, 59, -5], "size": [14, 13, 13], "uv": [99, 199]}
					]
				},
				{
					"name": "hat_tails",
					"parent": "hat",
					"pivot": [0, 0, -1]
				},
				{
					"name": "left_hat_tails",
					"parent": "hat_tails",
					"pivot": [7, 59, 2],
					"rotation": [10.25103, -14.26008, -36.28567],
					"cubes": [
						{"origin": [7, 59, 2], "size": [14, 13, 0], "uv": [160, 250]}
					]
				},
				{
					"name": "left_hat_tails2",
					"parent": "left_hat_tails",
					"pivot": [21, 72, 2],
					"rotation": [0, -15, 0],
					"cubes": [
						{"origin": [21, 61, 2], "size": [14, 11, 0], "uv": [76, 259]}
					]
				},
				{
					"name": "right_hat_tails",
					"parent": "hat_tails",
					"pivot": [-7, 59, 2],
					"rotation": [10.25103, 14.26008, 36.28567],
					"cubes": [
						{"origin": [-21, 59, 2], "size": [14, 13, 0], "uv": [156, 128]}
					]
				},
				{
					"name": "right_hat_tails2",
					"parent": "right_hat_tails",
					"pivot": [-21, 72, 2],
					"rotation": [0, 15, 0],
					"cubes": [
						{"origin": [-35, 61, 2], "size": [14, 11, 0], "uv": [48, 259]}
					]
				},
				{
					"name": "front_hat_tails",
					"parent": "hat_tails",
					"pivot": [0, 72.16121, -1],
					"rotation": [-17.5, 0, 0],
					"cubes": [
						{"origin": [-7, 71.16121, -1], "size": [14, 15, 0], "uv": [112, 181]}
					]
				},
				{
					"name": "front_hat_tails2",
					"parent": "front_hat_tails",
					"pivot": [0, 86.16121, -1],
					"rotation": [-15, 0, 0],
					"cubes": [
						{"origin": [-6, 86.16121, -1], "size": [12, 16, 0], "uv": [162, 216]}
					]
				},
				{
					"name": "halo",
					"parent": "hat",
					"pivot": [0, 93.5, 16],
					"cubes": [
						{"origin": [-16, 77.5, 16], "size": [32, 32, 0], "uv": [88, 120]},
						{"origin": [-22, 71.5, 16], "size": [44, 44, 0], "uv": [0, 130]}
					]
				},
				{
					"name": "hat_ears",
					"parent": "hat",
					"pivot": [0.07661, 70.625, -7]
				},
				{
					"name": "right",
					"parent": "hat_ears",
					"pivot": [-3.00161, 66.55, -6.65],
					"rotation": [-12.45392, 1.08089, -42.61794],
					"cubes": [
						{"origin": [3.5, 83.05153, -1.15028], "size": [-7, -17, -6], "uv": [239, 125]},
						{"origin": [-3, 66.55153, -6.65028], "size": [6, 16, 5], "uv": [158, 157]}
					]
				},
				{
					"name": "right2",
					"parent": "right",
					"pivot": [2.49839, 82.55, -6.65],
					"rotation": [-11.5, 0, -37.5],
					"cubes": [
						{"origin": [3, 92.05153, -2.15028], "size": [-6, -10, -5], "uv": [239, 125]},
						{"origin": [-2.5, 82.55153, -6.65028], "size": [5, 9, 4], "uv": [171, 232]}
					]
				},
				{
					"name": "right3",
					"parent": "right2",
					"pivot": [1.99839, 91.55, -6.15],
					"rotation": [-12.5, 0, -45],
					"cubes": [
						{"origin": [2.5, 101.05153, -2.65028], "size": [-5, -10, -4], "uv": [239, 125]},
						{"origin": [-2, 91.55153, -6.15028], "size": [4, 9, 3], "uv": [143, 273]}
					]
				},
				{
					"name": "left",
					"parent": "hat_ears",
					"pivot": [3.00161, 66.55, -6.65],
					"rotation": [-12.45392, -1.08089, 42.61794],
					"cubes": [
						{"origin": [3.5, 83.05153, -1.15028], "size": [-7, -17, -6], "uv": [239, 125], "mirror": true},
						{"origin": [-3, 66.55153, -6.65028], "size": [6, 16, 5], "uv": [26, 253]}
					]
				},
				{
					"name": "left2",
					"parent": "left",
					"pivot": [-2.49839, 82.55, -6.65],
					"rotation": [-11.5, 0, 37.5],
					"cubes": [
						{"origin": [3, 92.05153, -2.15028], "size": [-6, -10, -5], "uv": [239, 125], "mirror": true},
						{"origin": [-2.5, 82.55153, -6.65028], "size": [5, 9, 4], "uv": [170, 178]}
					]
				},
				{
					"name": "left3",
					"parent": "left2",
					"pivot": [-1.99839, 91.55, -6.15],
					"rotation": [-12.5, 0, 45],
					"cubes": [
						{"origin": [2.5, 101.05153, -2.65028], "size": [-5, -10, -4], "uv": [239, 125], "mirror": true},
						{"origin": [-2, 91.55153, -6.15028], "size": [4, 9, 3], "uv": [88, 270]}
					]
				},
				{
					"name": "mask",
					"parent": "head",
					"pivot": [0, 64, -9],
					"cubes": [
						{"origin": [0, 56, -9], "size": [10, 16, 5], "pivot": [0, 64, -9], "rotation": [7.85952, -17.34551, -2.35666], "uv": [41, 232]},
						{"origin": [0.86326, 65.14535, -8.03315], "size": [8, 5, 0], "pivot": [4.36326, 67.14535, -8.03315], "rotation": [10.79642, -15.72011, -12.65077], "uv": [147, 157]},
						{"origin": [-8.86326, 65.14535, -8.03315], "size": [8, 5, 0], "pivot": [-4.36326, 67.14535, -8.03315], "rotation": [10.79642, 15.72011, 12.65077], "uv": [43, 253]},
						{"origin": [-10, 56, -9], "size": [10, 16, 5], "pivot": [0, 64, -9], "rotation": [7.85952, 17.34551, 2.35666], "uv": [140, 181]}
					]
				},
				{
					"name": "mouth",
					"parent": "head",
					"pivot": [0, 64, -9],
					"cubes": [
						{"origin": [-9.0292, 57.04715, -8.14096], "size": [9, 6, 0], "pivot": [0, 57.05462, -8.18357], "rotation": [7.85952, 17.34551, 2.35666], "uv": [102, 274]},
						{"origin": [0.0292, 57.04715, -8.14096], "size": [9, 6, 0], "pivot": [0, 57.05462, -8.18357], "rotation": [7.85952, -17.34551, -2.35666], "uv": [89, 245]}
					]
				},
				{
					"name": "legs",
					"parent": "body",
					"pivot": [0, 26, 0]
				},
				{
					"name": "right_leg",
					"parent": "legs",
					"pivot": [-5.75, 37.25, 0],
					"cubes": [
						{"origin": [1.5, 37.5, 6.5], "size": [-13, -19, -12], "uv": [239, 125]},
						{"origin": [-11, 19, -5], "size": [12, 18, 11], "uv": [112, 152]}
					]
				},
				{
					"name": "right_leg2",
					"parent": "right_leg",
					"pivot": [-5, 19, -3],
					"cubes": [
						{"origin": [-1.75, 19.5, 4.5], "size": [-7, -17, -8], "uv": [239, 125]},
						{"origin": [-8.25, 3, -3], "size": [6, 16, 7], "uv": [0, 251]}
					]
				},
				{
					"name": "right_foot",
					"parent": "right_leg2",
					"pivot": [-5, 3, 0],
					"cubes": [
						{"origin": [-0.75, 3.5, 5.5], "size": [-9, -4, -18], "uv": [239, 125]},
						{"origin": [-9.25, 0, -12], "size": [8, 3, 17], "uv": [79, 225]}
					]
				},
				{
					"name": "left_leg",
					"parent": "legs",
					"pivot": [5.75, 37.25, 0],
					"cubes": [
						{"origin": [11.5, 37.5, 6.5], "size": [-13, -19, -12], "uv": [239, 125], "mirror": true},
						{"origin": [-1, 19, -5], "size": [12, 18, 11], "uv": [0, 182]}
					]
				},
				{
					"name": "left_leg2",
					"parent": "left_leg",
					"pivot": [5, 19, -3],
					"cubes": [
						{"origin": [8.75, 19.5, 4.5], "size": [-7, -17, -8], "uv": [239, 125], "mirror": true},
						{"origin": [2.25, 3, -3], "size": [6, 16, 7], "uv": [134, 250]}
					]
				},
				{
					"name": "left_foot",
					"parent": "left_leg2",
					"pivot": [5, 3, 0.5],
					"cubes": [
						{"origin": [9.75, 3.5, 5.5], "size": [-9, -4, -18], "uv": [239, 125], "mirror": true},
						{"origin": [1.25, 0, -12], "size": [8, 3, 17], "uv": [46, 212]}
					]
				}
			]
		}
	]
}