{
	"format_version": "1.8.0",
	"animations": {
		"animation.gengarx.ground_idle": {
			"loop": true,
			"bones": {
				"gengarx": {
					"rotation": ["Math.sin(query.anim_time * 90) * 1", "Math.sin(query.anim_time * 90) * 3", 0],
					"position": [0, "10+Math.sin(query.anim_time * 90) * 1", 0]
				},
				"right_hair": {
					"rotation": [0, "Math.sin(query.anim_time * -90) * 1", "Math.sin(query.anim_time * -90) * 3"]
				},
				"right_hair2": {
					"rotation": [6.93255, 34.39275, 12.14787]
				},
				"right_hair3": {
					"rotation": [25.70091, "31.7719+Math.sin(query.anim_time * 90) * 10", 42.42904]
				},
				"right_hair4": {
					"rotation": [0.00001, "-45+Math.sin(query.anim_time * -90) * 20", -0.00001]
				},
				"arm_right": {
					"rotation": [0, 0, -30]
				},
				"arm_left": {
					"rotation": [0, 0, 30]
				},
				"tail2": {
					"rotation": ["15+Math.sin(query.anim_time * 90) * 5", 0, 0]
				},
				"tail3": {
					"rotation": ["30+Math.sin(query.anim_time * 90) * 10", 0, 0]
				},
				"tail4": {
					"rotation": ["42.5+Math.sin(query.anim_time * 90) * 5", 0, 0]
				},
				"left_hair": {
					"rotation": [0, "Math.sin(query.anim_time * 90) * 1", "Math.sin(query.anim_time * 90) * 3"]
				},
				"left_hair2": {
					"rotation": [6.9326, -34.3927, -12.1479]
				},
				"left_hair3": {
					"rotation": [25.7009, "-31.7719+Math.sin(query.anim_time * -90) * 10", -42.429]
				},
				"left_hair4": {
					"rotation": [0.00001, "45+Math.sin(query.anim_time * 90) * 20", -0.00001]
				},
				"tail": {
					"rotation": [-70, 0, 0],
					"position": [0, -2, -1]
				}
			}
		},
		"animation.gengarx.ground_walk": {
			"loop": true,
			"bones": {
				"gengarx": {
					"rotation": ["5+Math.sin(query.anim_time * 90) * 3", 0, 0],
					"position": ["Math.sin(query.anim_time * 90 - 90) ", "10+Math.sin(query.anim_time * 90) * 1", 0]
				},
				"right_hair": {
					"rotation": [0, "Math.sin(query.anim_time * -90) * 1", "Math.sin(query.anim_time * -90) * 3"]
				},
				"right_hair2": {
					"rotation": [6.93255, 34.39275, 12.14787]
				},
				"right_hair3": {
					"rotation": [25.70091, "31.7719+Math.sin(query.anim_time * 90) * 10", 42.42904]
				},
				"right_hair4": {
					"rotation": [0.00001, "-45+Math.sin(query.anim_time * -90) * 20", -0.00001]
				},
				"arm_right": {
					"rotation": [0, 0, -30]
				},
				"arm_left": {
					"rotation": [0, 0, 30]
				},
				"tail2": {
					"rotation": ["15+Math.sin(query.anim_time * 90) * 5", 0, 0]
				},
				"tail3": {
					"rotation": ["30+Math.sin(query.anim_time * 90) * 10", 0, 0]
				},
				"tail4": {
					"rotation": ["42.5+Math.sin(query.anim_time * 90) * 5", 0, 0]
				},
				"left_hair": {
					"rotation": [0, "Math.sin(query.anim_time * 90) * 1", "Math.sin(query.anim_time * 90) * 3"]
				},
				"left_hair2": {
					"rotation": [6.9326, -34.3927, -12.1479]
				},
				"left_hair3": {
					"rotation": [25.7009, "-31.7719+Math.sin(query.anim_time * -90) * 10", -42.429]
				},
				"left_hair4": {
					"rotation": [0.00001, "45+Math.sin(query.anim_time * 90) * 20", -0.00001]
				},
				"tail": {
					"rotation": [-70, 0, 0],
					"position": [0, -2, -1]
				}
			}
		},
		"animation.gengarx.faint": {
			"loop": true,
			"bones": {
				"gengarx": {
					"rotation": ["Math.sin(query.anim_time * 90) * 1", "Math.sin(query.anim_time * 90) * 3", 0],
					"position": [0, "10+Math.sin(query.anim_time * 90) * 1", 0]
				},
				"right_hair": {
					"rotation": [0, "Math.sin(query.anim_time * -90) * 1", "Math.sin(query.anim_time * -90) * 3"]
				},
				"right_hair2": {
					"rotation": [6.93255, 34.39275, 12.14787]
				},
				"right_hair3": {
					"rotation": [25.70091, "31.7719+Math.sin(query.anim_time * 90) * 10", 42.42904]
				},
				"right_hair4": {
					"rotation": [0.00001, "-45+Math.sin(query.anim_time * -90) * 20", -0.00001]
				},
				"arm_right": {
					"rotation": [0, 0, -30]
				},
				"arm_left": {
					"rotation": [0, 0, 30]
				},
				"tail2": {
					"rotation": ["15+Math.sin(query.anim_time * 90) * 5", 0, 0]
				},
				"tail3": {
					"rotation": ["30+Math.sin(query.anim_time * 90) * 10", 0, 0]
				},
				"tail4": {
					"rotation": ["42.5+Math.sin(query.anim_time * 90) * 5", 0, 0]
				},
				"left_hair": {
					"rotation": [0, "Math.sin(query.anim_time * 90) * 1", "Math.sin(query.anim_time * 90) * 3"]
				},
				"left_hair2": {
					"rotation": [6.9326, -34.3927, -12.1479]
				},
				"left_hair3": {
					"rotation": [25.7009, "-31.7719+Math.sin(query.anim_time * -90) * 10", -42.429]
				},
				"left_hair4": {
					"rotation": [0.00001, "45+Math.sin(query.anim_time * 90) * 20", -0.00001]
				},
				"tail": {
					"rotation": [-70, 0, 0],
					"position": [0, -2, -1]
				}
			}
		}
	}
}