{
	"format_version": "1.12.0",
	"minecraft:geometry": [
		{
			"description": {
				"identifier": "geometry.heatran",
				"texture_width": 96,
				"texture_height": 96,
				"visible_bounds_width": 3,
				"visible_bounds_height": 2.5,
				"visible_bounds_offset": [0, 0.75, 0]
			},
			"bones": [
				{
					"name": "root",
					"pivot": [0, 0, 0]
				},
				{
					"name": "heatran",
					"parent": "root",
					"pivot": [0, 0, 0]
				},
				{
					"name": "body",
					"parent": "heatran",
					"pivot": [0, 0, 0],
					"cubes": [
						{"origin": [-6, 4, -12], "size": [12, 9, 16], "uv": [0, 0]},
						{"origin": [-5, 3, -10], "size": [10, 1, 14], "uv": [0, 25]},
						{"origin": [-6, 13, -12], "size": [12, 1, 11], "uv": [34, 25]},
						{"origin": [-5, 13, -1], "size": [10, 1, 5], "uv": [40, 10]}
					]
				},
				{
					"name": "face",
					"parent": "body",
					"pivot": [1.75, 5, 0],
					"cubes": [
						{"origin": [-5.5, 4.5, -14], "size": [11, 8, 2], "uv": [40, 0]}
					]
				},
				{
					"name": "eyes",
					"parent": "face",
					"pivot": [1.75, 4.75, 0],
					"cubes": [
						{"origin": [0.75, 8.5, -14.05], "size": [4, 2, 1], "pivot": [2.75, 10, -13.55], "rotation": [0, 0, -10], "uv": [71, 43]},
						{"origin": [-4.75, 8.5, -14.05], "size": [4, 2, 1], "pivot": [-2.75, 10, -13.55], "rotation": [0, 0, 10], "uv": [70, 13]}
					]
				},
				{
					"name": "headpiece",
					"parent": "face",
					"pivot": [0, 13.5, -13],
					"rotation": [-22.5, 0, 0],
					"cubes": [
						{"origin": [-3.5, 10, -14], "size": [7, 5, 2], "uv": [59, 57]},
						{"origin": [-1, 12.25, -14.08], "size": [2, 2, 2], "uv": [36, 52]},
						{"origin": [3.25, 11.75, -13.75], "size": [4, 3, 2], "inflate": -0.01, "uv": [71, 64]},
						{"origin": [-7.25, 11.75, -13.75], "size": [4, 3, 2], "inflate": -0.01, "pivot": [-5.25, 13.25, -13], "rotation": [0, 0, -180], "uv": [34, 31]},
						{"origin": [-2.5, 12.75, -13.25], "size": [5, 2, 2], "uv": [0, 25]}
					]
				},
				{
					"name": "teeth",
					"parent": "face",
					"pivot": [0.10833, 6.28333, -13.45],
					"rotation": [-8, 0, 0],
					"cubes": [
						{"origin": [-5.25, 5.45, -14.45], "size": [1, 2, 2], "inflate": 0.01, "uv": [24, 76]},
						{"origin": [-3.4, 5.2, -14.45], "size": [1, 2, 2], "inflate": 0.01, "uv": [76, 18]},
						{"origin": [-1.5, 5.2, -14.45], "size": [1, 2, 2], "inflate": 0.01, "uv": [18, 76]},
						{"origin": [0.65, 5.2, -14.45], "size": [1, 2, 2], "inflate": 0.01, "uv": [12, 76]},
						{"origin": [2.65, 5.2, -14.45], "size": [1, 2, 2], "inflate": 0.01, "uv": [72, 75]},
						{"origin": [4.4, 5.45, -14.45], "size": [1, 2, 2], "inflate": 0.01, "uv": [66, 75]}
					]
				},
				{
					"name": "back",
					"parent": "body",
					"pivot": [0, 5.4, 4.6],
					"rotation": [7.5, 0, 0],
					"cubes": [
						{"origin": [-5, 4.03053, 3.60856], "size": [10, 9, 4], "inflate": -0.01, "uv": [0, 40]},
						{"origin": [-4, 5.03053, 7.60856], "size": [8, 9, 3], "inflate": -0.01, "uv": [28, 40]},
						{"origin": [-4, 13.03053, 4.60856], "size": [8, 1, 3], "inflate": -0.01, "uv": [56, 16]},
						{"origin": [-4, 3.03053, 3.60856], "size": [8, 1, 4], "inflate": -0.01, "uv": [47, 37]}
					]
				},
				{
					"name": "back2",
					"parent": "back",
					"pivot": [1.75, 4.9, -3.4],
					"cubes": [
						{"origin": [-3, 7.11644, 10.6237], "size": [6, 7, 3], "inflate": -0.01, "pivot": [0, 7.65, 11.6], "rotation": [5, 0, 0], "uv": [41, 57]},
						{"origin": [-3, 11.11644, 13.6237], "size": [6, 3, 2], "inflate": -0.01, "pivot": [0, 7.65, 11.6], "rotation": [5, 0, 0], "uv": [56, 20]}
					]
				},
				{
					"name": "legs",
					"parent": "heatran",
					"pivot": [0, 0, 0]
				},
				{
					"name": "right",
					"parent": "legs",
					"pivot": [0, 0, 0]
				},
				{
					"name": "back_right_leg",
					"parent": "right",
					"pivot": [-5.75, 10.5, 2],
					"rotation": [0, 0, -27.5],
					"cubes": [
						{"origin": [-9, 9, 1], "size": [4, 2, 2], "uv": [50, 42]}
					]
				},
				{
					"name": "pivot7",
					"parent": "back_right_leg",
					"pivot": [-8.75, 10, 2],
					"rotation": [0, 0, -32.5],
					"cubes": [
						{"origin": [-11.73135, 8.4217, 0.5], "size": [3, 3, 3], "uv": [0, 63]}
					]
				},
				{
					"name": "pivot8",
					"parent": "pivot7",
					"pivot": [-10.48135, 9.8217, 2],
					"rotation": [0, 0, -22.5],
					"cubes": [
						{"origin": [-14.59867, 7.99558, 0], "size": [4, 4, 4], "uv": [0, 8]}
					]
				},
				{
					"name": "pivot9",
					"parent": "pivot8",
					"pivot": [-13.99535, 9.85354, 2.18333],
					"cubes": [
						{"origin": [-17.72356, 7.20441, -0.5], "size": [4, 5, 5], "pivot": [-15.72356, 9.70441, 2], "rotation": [0, 0, -7.5], "uv": [23, 52]},
						{"origin": [-17.88672, 8.19372, -2], "size": [2, 3, 3], "inflate": -0.01, "pivot": [-15.88672, 10.94372, 2], "rotation": [0, 0, -7.5], "uv": [10, 70]},
						{"origin": [-13.88672, 9.79372, 2.1], "size": [1, 2, 2], "pivot": [-15.88672, 10.94372, -9], "rotation": [0, 0, -7.5], "uv": [6, 75]},
						{"origin": [-17.88672, 8.19372, 3], "size": [2, 3, 3], "inflate": -0.01, "pivot": [-15.88672, 10.94372, 2], "rotation": [0, 0, -7.5], "uv": [68, 69]},
						{"origin": [-17.88672, 10.69372, 0.5], "size": [2, 3, 3], "inflate": -0.01, "pivot": [-15.88672, 10.94372, 2], "rotation": [0, 0, -7.5], "uv": [69, 28]},
						{"origin": [-17.88672, 5.69372, 0.5], "size": [2, 3, 3], "inflate": -0.01, "pivot": [-15.88672, 10.94372, 2], "rotation": [0, 0, -7.5], "uv": [69, 22]}
					]
				},
				{
					"name": "front_right_leg",
					"parent": "right",
					"pivot": [-5.75, 10.5, -9],
					"rotation": [0, 0, -27.5],
					"cubes": [
						{"origin": [-9, 9, -10], "size": [4, 2, 2], "uv": [13, 53]}
					]
				},
				{
					"name": "pivot4",
					"parent": "front_right_leg",
					"pivot": [-8.75, 10, -9],
					"rotation": [0, 0, -32.5],
					"cubes": [
						{"origin": [-11.73135, 8.4217, -10.5], "size": [3, 3, 3], "uv": [30, 64]}
					]
				},
				{
					"name": "pivot5",
					"parent": "pivot4",
					"pivot": [-10.48135, 9.8217, -9],
					"rotation": [0, 0, -22.5],
					"cubes": [
						{"origin": [-14.59867, 7.99558, -11], "size": [4, 4, 4], "uv": [14, 62]}
					]
				},
				{
					"name": "pivot6",
					"parent": "pivot5",
					"pivot": [-13.94532, 9.47349, -9.18333],
					"cubes": [
						{"origin": [-17.88672, 7.19372, -11.5], "size": [4, 5, 5], "pivot": [-15.88672, 10.94372, -9], "rotation": [0, 0, -7.5], "uv": [0, 53]},
						{"origin": [-13.88672, 7.49372, -11.1], "size": [1, 2, 2], "pivot": [-15.88672, 10.94372, -9], "rotation": [0, 0, -7.5], "uv": [75, 55]},
						{"origin": [-17.88672, 8.19372, -13], "size": [2, 3, 3], "inflate": -0.01, "pivot": [-15.88672, 10.94372, -9], "rotation": [0, 0, -7.5], "uv": [71, 37]},
						{"origin": [-17.88672, 8.19372, -8], "size": [2, 3, 3], "inflate": -0.01, "pivot": [-15.88672, 10.94372, -9], "rotation": [0, 0, -7.5], "uv": [46, 70]},
						{"origin": [-17.88672, 10.69372, -10.5], "size": [2, 3, 3], "inflate": -0.01, "pivot": [-15.88672, 10.94372, -9], "rotation": [0, 0, -7.5], "uv": [30, 70]},
						{"origin": [-17.88672, 5.69372, -10.5], "size": [2, 3, 3], "inflate": -0.01, "pivot": [-15.88672, 10.94372, -9], "rotation": [0, 0, -7.5], "uv": [20, 70]}
					]
				},
				{
					"name": "left",
					"parent": "legs",
					"pivot": [0, 0, 0]
				},
				{
					"name": "front_left_leg",
					"parent": "left",
					"pivot": [5.75, 10.5, -9],
					"rotation": [0, 0, 27.5],
					"cubes": [
						{"origin": [5, 9, -10], "size": [4, 2, 2], "uv": [63, 53]}
					]
				},
				{
					"name": "pivot",
					"parent": "front_left_leg",
					"pivot": [8.75, 10, -9],
					"rotation": [0, 0, 32.5],
					"cubes": [
						{"origin": [8.73135, 8.4217, -10.5], "size": [3, 3, 3], "uv": [65, 7]}
					]
				},
				{
					"name": "pivot2",
					"parent": "pivot",
					"pivot": [10.48135, 9.8217, -9],
					"rotation": [0, 0, 22.5],
					"cubes": [
						{"origin": [10.59867, 7.99558, -11], "size": [4, 4, 4], "uv": [55, 64]}
					]
				},
				{
					"name": "pivot3",
					"parent": "pivot2",
					"pivot": [13.99873, 9.85671, -9.19167],
					"cubes": [
						{"origin": [13.88672, 7.19372, -11.5], "size": [4, 5, 5], "pivot": [15.88672, 10.94372, -9], "rotation": [0, 0, 7.5], "uv": [58, 42]},
						{"origin": [15.88672, 8.19372, -13], "size": [2, 3, 3], "inflate": -0.01, "pivot": [15.88672, 10.94372, -9], "rotation": [0, 0, 7.5], "uv": [74, 3]},
						{"origin": [12.85442, 10.11112, -11.15], "size": [1, 2, 2], "pivot": [13.60442, 10.71112, 3.1], "rotation": [0, 0, 7.5], "uv": [26, 62]},
						{"origin": [15.88672, 8.19372, -8], "size": [2, 3, 3], "inflate": -0.01, "pivot": [15.88672, 10.94372, -9], "rotation": [0, 0, 7.5], "uv": [73, 49]},
						{"origin": [15.88672, 10.69372, -10.5], "size": [2, 3, 3], "inflate": -0.01, "pivot": [15.88672, 10.94372, -9], "rotation": [0, 0, 7.5], "uv": [37, 73]},
						{"origin": [15.88672, 5.69372, -10.5], "size": [2, 3, 3], "inflate": -0.01, "pivot": [15.88672, 10.94372, -9], "rotation": [0, 0, 7.5], "uv": [56, 72]}
					]
				},
				{
					"name": "back_left_leg",
					"parent": "left",
					"pivot": [5.75, 10.5, 2],
					"rotation": [0, 0, 27.5],
					"cubes": [
						{"origin": [5, 9, 1], "size": [4, 2, 2], "uv": [0, 35]}
					]
				},
				{
					"name": "pivot10",
					"parent": "back_left_leg",
					"pivot": [8.75, 10, 2],
					"rotation": [0, 0, 32.5],
					"cubes": [
						{"origin": [8.73135, 8.4217, 0.5], "size": [3, 3, 3], "uv": [0, 29]}
					]
				},
				{
					"name": "pivot11",
					"parent": "pivot10",
					"pivot": [10.48135, 9.8217, 2],
					"rotation": [0, 0, 22.5],
					"cubes": [
						{"origin": [10.59867, 7.99558, 0], "size": [4, 4, 4], "uv": [0, 0]}
					]
				},
				{
					"name": "pivot12",
					"parent": "pivot11",
					"pivot": [13.99873, 9.85671, 2.18333],
					"cubes": [
						{"origin": [13.88672, 7.19372, -0.5], "size": [4, 5, 5], "pivot": [15.88672, 10.94372, 2], "rotation": [0, 0, 7.5], "uv": [45, 47]},
						{"origin": [12.85442, 10.11112, 2.1], "size": [1, 2, 2], "pivot": [13.60442, 10.71112, 3.1], "rotation": [0, 0, 7.5], "uv": [0, 75]},
						{"origin": [15.88672, 8.19372, -2], "size": [2, 3, 3], "inflate": -0.01, "pivot": [15.88672, 10.94372, 2], "rotation": [0, 0, 7.5], "uv": [0, 69]},
						{"origin": [15.88672, 8.19372, 3], "size": [2, 3, 3], "inflate": -0.01, "pivot": [15.88672, 10.94372, 2], "rotation": [0, 0, 7.5], "uv": [39, 67]},
						{"origin": [15.88672, 10.69372, 0.5], "size": [2, 3, 3], "inflate": -0.01, "pivot": [15.88672, 10.94372, 2], "rotation": [0, 0, 7.5], "uv": [66, 0]},
						{"origin": [15.88672, 5.69372, 0.5], "size": [2, 3, 3], "inflate": -0.01, "pivot": [15.88672, 10.94372, 2], "rotation": [0, 0, 7.5], "uv": [34, 25]}
					]
				}
			]
		}
	]
}