{
	"format_version": "1.12.0",
	"minecraft:geometry": [
		{
			"description": {
				"identifier": "geometry.tapubulu",
				"texture_width": 128,
				"texture_height": 128,
				"visible_bounds_width": 5,
				"visible_bounds_height": 5.5,
				"visible_bounds_offset": [0, 2.25, 0]
			},
			"bones": [
				{
					"name": "tapubulu",
					"pivot": [0, 0, 0]
				},
				{
					"name": "full_body",
					"parent": "tapubulu",
					"pivot": [-1, 24, 0]
				},
				{
					"name": "body",
					"parent": "full_body",
					"pivot": [1, 24, 0],
					"cubes": [
						{"origin": [-7, 35, -5], "size": [14, 9, 11], "uv": [0, 0]},
						{"origin": [7, 36, -3], "size": [2, 7, 7], "uv": [18, 69]},
						{"origin": [-9, 36, -3], "size": [2, 7, 7], "uv": [0, 64]},
						{"origin": [-6, 43, -4], "size": [12, 8, 9], "uv": [0, 20]},
						{"origin": [-4, 49, -3], "size": [8, 4, 6], "uv": [56, 26]},
						{"origin": [-1.5, 46, -5], "size": [3, 4, 1], "uv": [0, 0]}
					]
				},
				{
					"name": "leftarm",
					"parent": "body",
					"pivot": [9, 39.5, 0.5],
					"cubes": [
						{"origin": [7, 37, -2], "size": [8, 5, 5], "uv": [51, 59]}
					]
				},
				{
					"name": "bone",
					"parent": "leftarm",
					"pivot": [15.69158, 39.5, 0.5],
					"cubes": [
						{"origin": [15, 37, -2], "size": [10, 5, 5], "uv": [0, 54]},
						{"origin": [24, 37, -1.5], "size": [4, 5, 2], "inflate": 0.1, "pivot": [24, 39.5, 0.5], "rotation": [0, 20, 0], "uv": [78, 23]},
						{"origin": [24, 37, 0.5], "size": [4, 5, 2], "inflate": 0.1, "pivot": [24, 39.5, 0.5], "rotation": [0, -20, 0], "uv": [0, 78]}
					]
				},
				{
					"name": "leftarm2",
					"parent": "body",
					"pivot": [-9, 39.5, 0.5],
					"rotation": [0, 180, 0],
					"cubes": [
						{"origin": [-11, 37, -2], "size": [8, 5, 5], "uv": [25, 59]}
					]
				},
				{
					"name": "bone2",
					"parent": "leftarm2",
					"pivot": [-2.30842, 39.5, 0.5],
					"cubes": [
						{"origin": [-3, 37, -2], "size": [10, 5, 5], "uv": [50, 6]},
						{"origin": [6, 37, -1.5], "size": [4, 5, 2], "inflate": 0.1, "pivot": [6, 39.5, 0.5], "rotation": [0, 20, 0], "uv": [77, 64]},
						{"origin": [6, 37, 0.5], "size": [4, 5, 2], "inflate": 0.1, "pivot": [6, 39.5, 0.5], "rotation": [0, -20, 0], "uv": [72, 57]}
					]
				},
				{
					"name": "hat",
					"parent": "body",
					"pivot": [0.66615, 53.32766, 0.5],
					"rotation": [0, 0, -10],
					"cubes": [
						{"origin": [0, 50, -5], "size": [7, 6, 11], "uv": [0, 37]},
						{"origin": [6, 50, -3], "size": [11, 6, 1], "pivot": [7, 53, -2.5], "rotation": [-16.24074, 6.60796, 21.55613], "uv": [53, 69]},
						{"origin": [5, 55, -2], "size": [12, 1, 5], "pivot": [7, 53, -2.5], "rotation": [0, 0, 22.5], "uv": [39, 0]},
						{"origin": [6, 50, 3], "size": [11, 6, 1], "pivot": [7, 53, 3.5], "rotation": [16.24074, -6.60796, 21.55613], "uv": [29, 69]}
					]
				},
				{
					"name": "horn",
					"parent": "hat",
					"pivot": [3.5, 54.5, 0.5],
					"rotation": [0, 0, 27.5],
					"cubes": [
						{"origin": [2, 55, -1], "size": [3, 5, 3], "uv": [60, 76]}
					]
				},
				{
					"name": "bone4",
					"parent": "horn",
					"pivot": [3.5, 59.5, 0.5],
					"rotation": [0, 0, -32.5],
					"cubes": [
						{"origin": [2, 59, -1], "size": [3, 5, 3], "inflate": -0.5, "uv": [48, 76]}
					]
				},
				{
					"name": "hat2",
					"parent": "body",
					"pivot": [-0.33385, 53.32766, 0.5],
					"rotation": [-180, 0, -170],
					"cubes": [
						{"origin": [-1, 50, -5], "size": [7, 6, 11], "uv": [31, 26]},
						{"origin": [5, 50, -3], "size": [11, 6, 1], "pivot": [6, 53, -2.5], "rotation": [-16.24074, 6.60796, 21.55613], "uv": [66, 50]},
						{"origin": [4, 55, -2], "size": [12, 1, 5], "pivot": [6, 53, -2.5], "rotation": [0, 0, 22.5], "uv": [33, 20]},
						{"origin": [5, 50, 3], "size": [11, 6, 1], "pivot": [6, 53, 3.5], "rotation": [16.24074, -6.60796, 21.55613], "uv": [62, 16]}
					]
				},
				{
					"name": "horn2",
					"parent": "hat2",
					"pivot": [2.5, 54.5, 0.5],
					"rotation": [0, 0, 27.5],
					"cubes": [
						{"origin": [1, 55, -1], "size": [3, 5, 3], "uv": [36, 76]}
					]
				},
				{
					"name": "bone3",
					"parent": "horn2",
					"pivot": [2.5, 59.5, 0.5],
					"rotation": [0, 0, -32.5],
					"cubes": [
						{"origin": [1, 59, -1], "size": [3, 5, 3], "inflate": -0.5, "uv": [75, 0]}
					]
				},
				{
					"name": "righteye",
					"parent": "body",
					"pivot": [3.73815, 47.85822, -4.15],
					"rotation": [0, 0, -27.5],
					"cubes": [
						{"origin": [2, 46, -4.1], "size": [3, 2, 0], "uv": [0, 22]},
						{"origin": [2.3, 48, -4.2], "size": [4, 1, 0], "uv": [0, 6]}
					]
				},
				{
					"name": "lefteye",
					"parent": "body",
					"pivot": [-3.26185, 47.85822, -4.15],
					"rotation": [0, 0, 27.5],
					"cubes": [
						{"origin": [-5, 46, -4.1], "size": [3, 2, 0], "uv": [0, 20]},
						{"origin": [-6.3, 48, -4.2], "size": [4, 1, 0], "uv": [0, 5]}
					]
				},
				{
					"name": "nosering",
					"parent": "body",
					"pivot": [0, 46, -5],
					"cubes": [
						{"origin": [-2.5, 43, -5], "size": [5, 4, 0], "pivot": [0.5, 46.5, -5], "rotation": [-10, 0, 0], "uv": [106, 13]}
					]
				},
				{
					"name": "tail",
					"parent": "body",
					"pivot": [0.5, 35.5, 0.5],
					"cubes": [
						{"origin": [-3, 28, -2], "size": [6, 7, 5], "uv": [62, 38]}
					]
				},
				{
					"name": "tail2",
					"parent": "tail",
					"pivot": [0.5, 28, 0.5],
					"cubes": [
						{"origin": [-2, 23, -1], "size": [4, 6, 3], "uv": [74, 73]}
					]
				},
				{
					"name": "bell",
					"parent": "tail2",
					"pivot": [0.5, 23, 0.5],
					"cubes": [
						{"origin": [-4, 14, -3], "size": [8, 9, 7], "uv": [36, 43]},
						{"origin": [-2, 12, -1], "size": [4, 3, 3], "uv": [11, 64]}
					]
				}
			]
		}
	]
}