{
	"format_version": "1.12.0",
	"minecraft:geometry": [
		{
			"description": {
				"identifier": "geometry.unknown",
				"texture_width": 128,
				"texture_height": 128,
				"visible_bounds_width": 4,
				"visible_bounds_height": 4.5,
				"visible_bounds_offset": [0, 1.75, 0]
			},
			"bones": [
				{
					"name": "bone9",
					"pivot": [0, 0, 0]
				},
				{
					"name": "bone2",
					"parent": "bone9",
					"pivot": [0, 31.475, -3.075]
				},
				{
					"name": "body",
					"parent": "bone2",
					"pivot": [0, 19, 0]
				},
				{
					"name": "torso",
					"parent": "body",
					"pivot": [0, 19, 0]
				},
				{
					"name": "bottorso",
					"parent": "torso",
					"pivot": [0, 17.1375, 0.99252],
					"rotation": [5, 0, 0],
					"cubes": [
						{"origin": [-4, 16.625, -2.25748], "size": [8, 7, 10], "pivot": [0, 20.1375, 0.99252], "rotation": [-82.5, 0, 0], "uv": [0, 18]}
					]
				},
				{
					"name": "tail_1",
					"parent": "bottorso",
					"pivot": [0, 16.57914, 5.50735],
					"cubes": [
						{"origin": [-2, 23.125, 3.69252], "size": [4, 5, 4], "pivot": [0, 20.6375, 0.94252], "rotation": [-82.5, 0, 0], "uv": [52, 82]}
					]
				},
				{
					"name": "tail_2",
					"parent": "tail_1",
					"pivot": [0.5, 16.42732, 5.73859],
					"cubes": [
						{"origin": [-2.5, 25.125, 2.69252], "size": [6, 6, 6], "pivot": [1.5, 20.6375, 0.94252], "rotation": [-82.5, 0, 0], "uv": [50, 18]},
						{"origin": [0.5, 15.54953, 11.81266], "size": [0, 6, 4], "pivot": [0.5, 18.54953, 13.81266], "rotation": [-97.5, 0, -180], "uv": [0, 48]},
						{"origin": [0.5, 29.125, 7.69252], "size": [0, 4, 3], "pivot": [1.5, 20.6375, 0.94252], "rotation": [-82.5, 0, 0], "uv": [19, 32]}
					]
				},
				{
					"name": "mid_torso",
					"parent": "bottorso",
					"pivot": [0, 20.1375, 0.99252],
					"rotation": [10.25, 0, 0],
					"cubes": [
						{"origin": [0, 10.65, -9.25748], "size": [0, 5, 6], "pivot": [-4.5, 20.1375, 0.99252], "rotation": [-72.5, 0, 0], "uv": [3, 66]},
						{"origin": [-4.5, 15.65, -9.25748], "size": [9, 9, 9], "pivot": [0, 20.1375, 0.99252], "rotation": [-72.5, 0, 0], "uv": [0, 0]}
					]
				},
				{
					"name": "claw_right2",
					"parent": "mid_torso",
					"pivot": [0, 20.1375, 0.99252],
					"cubes": [
						{"origin": [0, 23.30283, 4.54045], "size": [0, 10, 5], "pivot": [0, 29.30283, 6.09045], "rotation": [-52.5, 0, 0], "uv": [0, 13]},
						{"origin": [-6.5, 20.65, -5.25748], "size": [2, 4, 4], "pivot": [0, 20.1375, 0.99252], "rotation": [-72.5, 0, 0], "uv": [41, 91]},
						{"origin": [-5.33733, 24.92402, 3.18128], "size": [6, 3, 5], "pivot": [-3.83733, 26.92402, 5.68128], "rotation": [-75.51826, 9.93191, -33.73499], "uv": [69, 25]},
						{"origin": [-0.66267, 24.92402, 3.18128], "size": [6, 3, 5], "inflate": 0.001, "pivot": [3.83733, 26.92402, 5.68128], "rotation": [-75.51826, -9.93191, 33.73499], "uv": [68, 16]},
						{"origin": [-6.5, 16.65, -4.25748], "size": [2, 4, 0], "pivot": [0, 20.1375, 0.99252], "rotation": [-72.5, 0, 0], "uv": [22, 62]},
						{"origin": [-6.5, 16.65, -2.25748], "size": [2, 4, 0], "pivot": [0, 20.1375, 0.99252], "rotation": [-72.5, 0, 0], "uv": [26, 55]}
					]
				},
				{
					"name": "claw_left2",
					"parent": "claw_right2",
					"pivot": [0, 20.1375, 0.99252],
					"cubes": [
						{"origin": [4.5, 20.65, -5.25748], "size": [2, 4, 4], "pivot": [0, 20.1375, 0.99252], "rotation": [-72.5, 0, 0], "uv": [53, 91]},
						{"origin": [4.5, 16.65, -4.25748], "size": [2, 4, 0], "pivot": [0, 20.1375, 0.99252], "rotation": [-72.5, 0, 0], "uv": [66, 43]},
						{"origin": [4.5, 16.65, -2.25748], "size": [2, 4, 0], "pivot": [0, 20.1375, 0.99252], "rotation": [-72.5, 0, 0], "uv": [62, 49]}
					]
				},
				{
					"name": "arm_right",
					"parent": "mid_torso",
					"pivot": [-4.1, 26.65, -4.25748],
					"cubes": [
						{"origin": [-14.1, 25.65, -5.25748], "size": [10, 2, 2], "uv": [72, 33], "mirror": true}
					]
				},
				{
					"name": "bone7",
					"parent": "arm_right",
					"pivot": [-13.61, 26.64, -4.24748],
					"cubes": [
						{"origin": [-23.11, 25.64, -5.24748], "size": [9, 2, 2], "inflate": 0.01, "uv": [72, 37], "mirror": true}
					]
				},
				{
					"name": "palm2",
					"parent": "bone7",
					"pivot": [-21.57101, 26.80663, -5.77904],
					"cubes": [
						{"origin": [-26.49301, 23.63894, -5.58754], "size": [5, 6, 3], "inflate": 0.135, "uv": [84, 41], "mirror": true},
						{"origin": [-31.36801, 28.86253, -5.19497], "size": [6, 0, 3], "pivot": [-25.64301, 28.86253, -4.21997], "rotation": [180, -39, 0], "uv": [15, 52], "mirror": true},
						{"origin": [-31.36801, 30.86253, -5.19497], "size": [6, 0, 3], "pivot": [-25.64301, 28.86253, -4.21997], "rotation": [180, -39, 0], "uv": [15, 52], "mirror": true},
						{"origin": [-31.36801, 32.86253, -5.19497], "size": [6, 0, 3], "pivot": [-25.64301, 28.86253, -4.21997], "rotation": [180, -39, 0], "uv": [15, 52], "mirror": true}
					]
				},
				{
					"name": "arm_left",
					"parent": "mid_torso",
					"pivot": [4.1, 26.65, -4.25748],
					"cubes": [
						{"origin": [4.1, 25.65, -5.25748], "size": [10, 2, 2], "uv": [72, 33]}
					]
				},
				{
					"name": "bone8",
					"parent": "arm_left",
					"pivot": [14.61, 26.64, -4.24748],
					"cubes": [
						{"origin": [14.11, 25.64, -5.24748], "size": [9, 2, 2], "inflate": 0.01, "uv": [72, 37]}
					]
				},
				{
					"name": "palm",
					"parent": "bone8",
					"pivot": [21.32101, 26.63788, -5.77904],
					"cubes": [
						{"origin": [21.24301, 23.63894, -5.58754], "size": [5, 6, 3], "inflate": 0.135, "uv": [84, 41]},
						{"origin": [25.11801, 28.98753, -5.19497], "size": [6, 0, 3], "pivot": [25.39301, 28.86253, -4.21997], "rotation": [180, 39, 0], "uv": [15, 52]},
						{"origin": [25.11801, 31.08753, -5.19497], "size": [6, 0, 3], "pivot": [25.39301, 28.86253, -4.21997], "rotation": [180, 39, 0], "uv": [15, 52]},
						{"origin": [25.11801, 33.18753, -5.19497], "size": [6, 0, 3], "pivot": [25.39301, 28.86253, -4.21997], "rotation": [180, 39, 0], "uv": [15, 52]}
					]
				},
				{
					"name": "head",
					"parent": "mid_torso",
					"pivot": [0, 31.475, -3.075],
					"cubes": [
						{"origin": [-4, 31.475, -7.075], "size": [8, 7, 8], "uv": [30, 41]},
						{"origin": [-0.5, 32.675, -12.075], "size": [1, 1, 1], "inflate": 0.01, "uv": [19, 44]}
					]
				},
				{
					"name": "eye_left2",
					"parent": "head",
					"pivot": [0, 20.475, 1.925],
					"cubes": [
						{"origin": [-4, 34.55, -7.575], "size": [2, 2, 1], "inflate": -0.45, "uv": [101, 0], "mirror": true},
						{"origin": [-4, 34.55, -7.3], "size": [2, 2, 1], "inflate": -0.2, "uv": [39, 4], "mirror": true}
					]
				},
				{
					"name": "eye_right2",
					"parent": "head",
					"pivot": [0, 20.475, 1.925],
					"cubes": [
						{"origin": [0.975, 35.925, -7.15], "size": [3, 1, 0], "pivot": [3, 36.5, -7.075], "rotation": [0, 0, -25], "uv": [19, 39]},
						{"origin": [-3.975, 35.925, -7.15], "size": [3, 1, 0], "pivot": [-3, 36.5, -7.075], "rotation": [0, 0, 25], "uv": [0, 8]},
						{"origin": [2, 34.55, -7.575], "size": [2, 2, 1], "inflate": -0.45, "uv": [101, 0]},
						{"origin": [2, 34.55, -7.3], "size": [2, 2, 1], "inflate": -0.2, "uv": [39, 4]}
					]
				},
				{
					"name": "mouth",
					"parent": "head",
					"pivot": [-2, 31.775, -7.675]
				},
				{
					"name": "mouth_top",
					"parent": "mouth",
					"pivot": [-2, 31.775, -7.675],
					"cubes": [
						{"origin": [-2, 31.675, -12.075], "size": [4, 3, 6], "uv": [56, 73]},
						{"origin": [1.4, 30.625, -8.675], "size": [0, 1, 1], "pivot": [2, 31.775, -7.675], "rotation": [-45, 0, 0], "uv": [27, 0]},
						{"origin": [-1.4, 30.625, -8.675], "size": [0, 1, 1], "pivot": [-2, 31.775, -7.675], "rotation": [-45, 0, 0], "uv": [6, 7]}
					]
				},
				{
					"name": "jaw",
					"parent": "mouth",
					"pivot": [0, 31.175, -5.075],
					"cubes": [
						{"origin": [-1.5, 30.675, -10.375], "size": [3, 1, 7], "uv": [0, 78]}
					]
				},
				{
					"name": "mask_right2",
					"parent": "head",
					"pivot": [2, 32.475, -5.075],
					"rotation": [-11.18109, -28.03749, 28.07796],
					"cubes": [
						{"origin": [0.81281, 31.0822, -4.83698], "size": [7, 3, 0], "pivot": [4.58781, 32.5072, -4.83698], "rotation": [7.36822, 19.18167, 12.16617], "uv": [89, 85], "mirror": true},
						{"origin": [0.81457, 33.94113, -4.03832], "size": [7, 5, 0], "pivot": [1.5, 36.975, -5.075], "rotation": [-0.09853, 20.4981, -9.59834], "uv": [92, 63], "mirror": true}
					]
				},
				{
					"name": "mask_left2",
					"parent": "head",
					"pivot": [-2, 32.475, -5.075],
					"rotation": [-11.18109, 28.03749, -28.07796],
					"cubes": [
						{"origin": [-7.81281, 31.0822, -4.83698], "size": [7, 3, 0], "pivot": [-4.58781, 32.5072, -4.83698], "rotation": [7.36822, -19.18167, -12.16617], "uv": [89, 85]},
						{"origin": [-7.81457, 33.94113, -4.03832], "size": [7, 5, 0], "pivot": [-1.5, 36.975, -5.075], "rotation": [-0.09853, -20.4981, 9.59834], "uv": [92, 63]}
					]
				},
				{
					"name": "eyes",
					"parent": "head",
					"pivot": [-1.5, 33.475, -4.325]
				},
				{
					"name": "eye_right",
					"parent": "eyes",
					"pivot": [2.5, 34.875, -7.085]
				},
				{
					"name": "eyelid_right",
					"parent": "eye_right",
					"pivot": [-2.5, 34.475, -6.575]
				},
				{
					"name": "eye_left",
					"parent": "eyes",
					"pivot": [-2.5, 34.875, -7.085]
				},
				{
					"name": "eyelid_left",
					"parent": "eye_left",
					"pivot": [2.4, 34.475, -6.475]
				},
				{
					"name": "ear_right",
					"parent": "head",
					"pivot": [-2.1052, 37.41331, -3.325],
					"rotation": [0, 0, -20.25],
					"cubes": [
						{"origin": [-3.92965, 37.7705, -4.575], "size": [3, 3, 1], "uv": [0, 0]},
						{"origin": [-3.91965, 40.14005, -6.32461], "size": [3, 2, 1], "inflate": 0.01, "pivot": [-2.41965, 42.84005, -5.32461], "rotation": [40, 0, 0], "uv": [46, 56]},
						{"origin": [-3.91965, 42.90706, -7.069], "size": [3, 4, 0], "pivot": [-2.41965, 42.60706, -6.069], "rotation": [130, 0, 0], "uv": [62, 0]}
					]
				},
				{
					"name": "ear_left",
					"parent": "head",
					"pivot": [2.1052, 37.41331, -3.325],
					"rotation": [0, 0, 20.25],
					"cubes": [
						{"origin": [0.92965, 37.7705, -4.575], "size": [3, 3, 1], "uv": [18, 55]},
						{"origin": [0.91965, 40.14005, -6.32461], "size": [3, 2, 1], "inflate": 0.01, "pivot": [2.41965, 42.84005, -5.32461], "rotation": [40, 0, 0], "uv": [60, 30]},
						{"origin": [0.91965, 42.90706, -7.069], "size": [3, 4, 0], "pivot": [2.41965, 42.60706, -6.069], "rotation": [130, 0, 0], "uv": [70, 73]}
					]
				},
				{
					"name": "fur",
					"parent": "head",
					"pivot": [1.24069, 20.1375, 3.99252]
				},
				{
					"name": "spike17",
					"parent": "fur",
					"pivot": [-2.11667, 27.13381, 3.95368],
					"rotation": [-14.30117, -6.58945, -32.9199],
					"cubes": [
						{"origin": [-4.625, 22.71315, -4.78747], "size": [5, 11, 4], "pivot": [-2.125, 33.94984, -4.91459], "rotation": [41.25, 0, 0], "uv": [38, 71]},
						{"origin": [-3.625, 30.71315, -4.66247], "size": [3, 7, 3], "pivot": [-3.125, 33.94984, -4.91459], "rotation": [55.5, 0, 0], "uv": [0, 86]},
						{"origin": [-2.15, 33.78815, -4.66247], "size": [0, 8, 3], "pivot": [-3.125, 33.94984, -4.91459], "rotation": [55.5, 0, 0], "uv": [86, 92]}
					]
				},
				{
					"name": "spike16",
					"parent": "fur",
					"pivot": [2.11667, 27.13381, 3.95368],
					"rotation": [-14.30117, 6.58945, 32.9199],
					"cubes": [
						{"origin": [-0.375, 22.71315, -4.78747], "size": [5, 11, 4], "pivot": [2.125, 33.94984, -4.91459], "rotation": [41.25, 0, 0], "uv": [20, 68]},
						{"origin": [0.625, 30.71315, -4.66247], "size": [3, 7, 3], "pivot": [3.125, 33.94984, -4.91459], "rotation": [55.5, 0, 0], "uv": [80, 85]},
						{"origin": [2.175, 33.78815, -4.66247], "size": [0, 8, 3], "pivot": [1.2, 33.94984, -4.91459], "rotation": [55.5, 0, 0], "uv": [86, 92]}
					]
				},
				{
					"name": "spike2",
					"parent": "fur",
					"pivot": [2.49167, 34.33381, 2.52868],
					"rotation": [-10.67721, 5.50905, 26.9848],
					"cubes": [
						{"origin": [0, 28.91315, -6.21247], "size": [5, 12, 4], "pivot": [2.5, 41.14984, -6.33959], "rotation": [41.25, 0, 0], "uv": [66, 43], "mirror": true},
						{"origin": [1, 37.91315, -6.31247], "size": [3, 7, 3], "pivot": [3.5, 41.14984, -6.56459], "rotation": [55.5, 0, 0], "uv": [85, 10], "mirror": true},
						{"origin": [2.475, 43.02978, -9.69696], "size": [0, 8, 3], "pivot": [2.475, 44.42459, -8.146], "rotation": [76.25, 0, 0], "uv": [86, 100], "mirror": true}
					]
				},
				{
					"name": "spike14",
					"parent": "fur",
					"pivot": [-2.49167, 34.33381, 2.52868],
					"rotation": [-10.67721, -5.50905, -26.9848],
					"cubes": [
						{"origin": [-5, 28.91315, -6.21247], "size": [5, 12, 4], "pivot": [-2.5, 41.14984, -6.33959], "rotation": [41.25, 0, 0], "uv": [66, 43]},
						{"origin": [-4, 37.91315, -6.31247], "size": [3, 7, 3], "pivot": [-3.5, 41.14984, -6.56459], "rotation": [55.5, 0, 0], "uv": [85, 10]},
						{"origin": [-2.475, 43.02978, -9.69696], "size": [0, 8, 3], "pivot": [-2.475, 44.42459, -8.146], "rotation": [76.25, 0, 0], "uv": [86, 100]}
					]
				},
				{
					"name": "spike18",
					"parent": "fur",
					"pivot": [0.5, 42.21619, 2.467],
					"rotation": [-48.25, 0, 0],
					"cubes": [
						{"origin": [-3, 29.25283, 2.54045], "size": [6, 12, 5], "inflate": 0.01, "pivot": [0.5, 42.48952, 2.41334], "rotation": [41.25, 0, 0], "uv": [45, 0]},
						{"origin": [-2, 40.25283, 3.34045], "size": [4, 6, 3], "pivot": [-0.5, 42.48952, 3.16334], "rotation": [55.5, 0, 0], "uv": [84, 50]},
						{"origin": [0, 43.37539, 3.92108], "size": [0, 7, 3], "pivot": [-1, 42.48952, 3.16334], "rotation": [68.25, 0, 0], "uv": [13, 75]}
					]
				},
				{
					"name": "spike5",
					"parent": "fur",
					"pivot": [0.5, 44.56619, -4.733],
					"rotation": [-12, 0, 0],
					"cubes": [
						{"origin": [-3, 33.60283, -4.65955], "size": [6, 11, 4], "pivot": [0.5, 44.83952, -4.78666], "rotation": [41.25, 0, 0], "uv": [50, 56]},
						{"origin": [-2, 41.40283, -4.53455], "size": [4, 7, 3], "pivot": [-0.5, 44.63952, -4.78666], "rotation": [55.5, 0, 0], "uv": [85, 0]},
						{"origin": [0, 44.52539, -4.02892], "size": [0, 8, 3], "pivot": [-1, 44.63952, -4.78666], "rotation": [68.25, 0, 0], "uv": [31, 38]}
					]
				},
				{
					"name": "spike12",
					"parent": "fur",
					"pivot": [0, 37.7904, -32.31827],
					"rotation": [33.5, 0, 0],
					"cubes": [
						{"origin": [-4, 17.87576, -8.49577], "size": [8, 8, 4], "inflate": 0.025, "uv": [26, 56]},
						{"origin": [-2, 24.06413, -10.55153], "size": [4, 5, 3], "pivot": [-0.5, 29.30082, -9.52865], "rotation": [43.75, 0, 0], "uv": [78, 63]},
						{"origin": [0, 28.18669, -10.7959], "size": [0, 7, 3], "pivot": [-1, 29.30082, -9.52865], "rotation": [68.25, 0, 0], "uv": [0, 75]}
					]
				},
				{
					"name": "spike13",
					"parent": "fur",
					"pivot": [0.04694, 39.25394, -7.95654],
					"rotation": [109, 0, 0],
					"cubes": [
						{"origin": [-1.95306, 35.25394, -9.95654], "size": [4, 8, 4], "inflate": 0.025, "uv": [76, 73]}
					]
				},
				{
					"name": "bone4",
					"parent": "spike13",
					"pivot": [-0.03431, 45.01125, -9.6596],
					"rotation": [11.72501, -0.49109, -0.54027],
					"cubes": [
						{"origin": [-1.52806, 40.08362, -19.99745], "size": [3, 5, 3], "pivot": [0.04694, 68.9401, -16.82955], "rotation": [20.25, 0, 0], "uv": [89, 68]},
						{"origin": [-0.04056, 40.08362, -20.02245], "size": [0, 9, 4], "pivot": [0.08444, 68.9401, -16.82955], "rotation": [20.25, 0, 0], "uv": [0, 31]}
					]
				},
				{
					"name": "claw_left",
					"parent": "fur",
					"pivot": [1.21569, 21.1375, 3.99252]
				},
				{
					"name": "neck",
					"parent": "mid_torso",
					"pivot": [-1.5, 20.1375, 0.99252],
					"cubes": [
						{"origin": [-3, 16.65, -12.25748], "size": [6, 6, 4], "pivot": [-1.5, 20.1375, 0.99252], "rotation": [-72.5, 0, 0], "uv": [32, 31]}
					]
				},
				{
					"name": "leg_left",
					"parent": "body",
					"pivot": [-5.89237, 15.51452, 0.1697],
					"rotation": [0, 0, 0],
					"cubes": [
						{"origin": [-7.59237, 10.51452, -6.3303], "size": [4, 6, 11], "pivot": [-5.89237, 13.51452, -0.8303], "rotation": [52.73749, 4.55749, 5.96275], "uv": [0, 35], "mirror": true}
					]
				},
				{
					"name": "bone5",
					"parent": "leg_left",
					"pivot": [-5.81829, 9.55512, -1.74878],
					"cubes": [
						{"origin": [-7.31829, 4.55512, -0.24878], "size": [3, 6, 3], "pivot": [-5.81829, 7.55512, 1.25122], "rotation": [52.5, 0, 0], "uv": [87, 21], "mirror": true}
					]
				},
				{
					"name": "bone6",
					"parent": "bone5",
					"pivot": [-5.47923, 1.24576, -5.59156],
					"cubes": [
						{"origin": [-7.71737, -2.4193, -1.21195], "size": [4, 2, 8], "pivot": [-5.21737, 0.5807, -3.38695], "rotation": [52.5, 0, 0], "uv": [62, 63], "mirror": true}
					]
				},
				{
					"name": "feet_right",
					"parent": "bone6",
					"pivot": [-5.61154, 0.97938, 0.64021],
					"cubes": [
						{"origin": [-8.11154, -0.02062, -6.35979], "size": [5, 2, 8], "uv": [54, 33], "mirror": true}
					]
				},
				{
					"name": "bone13",
					"parent": "feet_right",
					"pivot": [-5.61154, 0.97938, -5.35979],
					"cubes": [
						{"origin": [-4.08654, -0.02062, -9.35979], "size": [0, 2, 4], "uv": [0, 40], "mirror": true},
						{"origin": [-7.11154, -0.02062, -9.35979], "size": [0, 2, 4], "uv": [0, 40], "mirror": true},
						{"origin": [-5.63654, -0.02062, -9.35979], "size": [0, 2, 4], "uv": [0, 40], "mirror": true}
					]
				},
				{
					"name": "leg_right",
					"parent": "body",
					"pivot": [5.89237, 15.51452, 0.1697],
					"rotation": [0, 0, 0],
					"cubes": [
						{"origin": [3.59237, 10.51452, -6.3303], "size": [4, 6, 11], "pivot": [5.89237, 13.51452, -0.8303], "rotation": [52.73749, -4.55749, -5.96275], "uv": [0, 35]}
					]
				},
				{
					"name": "bone",
					"parent": "leg_right",
					"pivot": [5.81829, 9.55512, -1.74878],
					"cubes": [
						{"origin": [4.31829, 4.55512, -0.24878], "size": [3, 6, 3], "pivot": [5.81829, 7.55512, 1.25122], "rotation": [52.5, 0, 0], "uv": [87, 21]}
					]
				},
				{
					"name": "bone3",
					"parent": "bone",
					"pivot": [5.47923, 1.24576, -5.59156],
					"cubes": [
						{"origin": [3.71737, -2.4193, -1.21195], "size": [4, 2, 8], "pivot": [5.21737, 0.5807, -3.38695], "rotation": [52.5, 0, 0], "uv": [62, 63]}
					]
				},
				{
					"name": "feet_left",
					"parent": "bone3",
					"pivot": [5.61154, 0.97938, 0.64021],
					"cubes": [
						{"origin": [3.11154, -0.02062, -6.35979], "size": [5, 2, 8], "uv": [54, 33]}
					]
				},
				{
					"name": "bone12",
					"parent": "feet_left",
					"pivot": [5.61154, 0.97938, -5.35979],
					"cubes": [
						{"origin": [4.08654, -0.02062, -9.35979], "size": [0, 2, 4], "uv": [0, 40]},
						{"origin": [7.11154, -0.02062, -9.35979], "size": [0, 2, 4], "uv": [0, 40]},
						{"origin": [5.63654, -0.02062, -9.35979], "size": [0, 2, 4], "uv": [0, 40]}
					]
				}
			]
		}
	]
}