{
	"format_version": "1.12.0",
	"minecraft:geometry": [
		{
			"description": {
				"identifier": "geometry.arceus",
				"texture_width": 450,
				"texture_height": 200,
				"visible_bounds_width": 8,
				"visible_bounds_height": 7.5,
				"visible_bounds_offset": [0, 3.25, 0]
			},
			"bones": [
				{
					"name": "root",
					"pivot": [0, 0, 0]
				},
				{
					"name": "body",
					"parent": "root",
					"pivot": [0, 53, 0]
				},
				{
					"name": "torso",
					"parent": "body",
					"pivot": [0, 53.90612, -0.1847],
					"cubes": [
						{"origin": [-9, 41, -12], "size": [18, 23, 24], "uv": [235, 129]},
						{"origin": [-9, 41, -24], "size": [18, 21, 12], "uv": [319, 143]},
						{"origin": [-9, 41, 12], "size": [18, 21, 15], "uv": [169, 140]},
						{"origin": [7, 56, -25], "size": [10, 8, 0], "uv": [215, 81]},
						{"origin": [-17, 56, -25], "size": [10, 8, 0], "uv": [195, 81]},
						{"origin": [-7, 43, -27], "size": [14, 19, 17], "pivot": [-1, 41, -27], "rotation": [25, 0, 0], "uv": [89, 43]},
						{"origin": [-12, 38, 2], "size": [24, 29, 5], "inflate": 0.01, "uv": [295, 44]},
						{"origin": [-8.85, 50, -1.95], "size": [3, 5, 7], "pivot": [-8.85, 52.5, 5.5], "rotation": [0, 20, 0], "uv": [226, 56]},
						{"origin": [-8.85, 50, -8.075], "size": [3, 5, 7], "pivot": [-8.85, 52.5, -8.5], "rotation": [0, -20, 0], "uv": [206, 56]},
						{"origin": [5.85, 50, -1.95], "size": [3, 5, 7], "pivot": [8.85, 52.5, 5.5], "rotation": [0, -20, 0], "uv": [401, 55]},
						{"origin": [5.85, 50, -8.075], "size": [3, 5, 7], "pivot": [8.85, 52.5, -8.5], "rotation": [0, 20, 0], "uv": [421, 55]},
						{"origin": [-12, 63.25, 2], "size": [6, 18, 5], "pivot": [-9, 64, 4.5], "rotation": [0, 0, -52.5], "uv": [278, 27]},
						{"origin": [-32.11932, 66.81721, 2], "size": [8, 5, 5], "pivot": [-24.11662, 71.82138, 4.5], "rotation": [0, 0, -52.5], "uv": [253, 32]},
						{"origin": [-20.45973, 71.57133, 2], "size": [8, 5, 5], "inflate": -0.01, "pivot": [-20.46662, 76.57138, 4.5], "rotation": [0, 0, -22.5], "uv": [283, 17]},
						{"origin": [12.45973, 71.57133, 2], "size": [8, 5, 5], "inflate": -0.01, "pivot": [20.46662, 76.57138, 4.5], "rotation": [0, 0, 22.5], "uv": [339, 16]},
						{"origin": [12.45973, 28.42867, 2], "size": [8, 5, 5], "inflate": -0.01, "pivot": [20.46662, 28.42862, 4.5], "rotation": [0, 0, -22.5], "uv": [341, 96]},
						{"origin": [-20.45973, 28.42867, 2], "size": [8, 5, 5], "inflate": -0.01, "pivot": [-20.46662, 28.42862, 4.5], "rotation": [0, 0, 22.5], "uv": [281, 96]},
						{"origin": [-40.98881, 60.46524, 2], "size": [12, 5, 5], "pivot": [-28.99162, 65.47138, 4.5], "rotation": [0, 0, -67.5], "uv": [245, 42]},
						{"origin": [28.98881, 60.46524, 2], "size": [12, 5, 5], "pivot": [28.99162, 65.47138, 4.5], "rotation": [0, 0, 67.5], "uv": [370, 41]},
						{"origin": [24.11932, 66.81721, 2], "size": [8, 5, 5], "pivot": [24.11662, 71.82138, 4.5], "rotation": [0, 0, 52.5], "uv": [370, 31]},
						{"origin": [28.98881, 39.53476, 2], "size": [12, 5, 5], "pivot": [28.99162, 39.52862, 4.5], "rotation": [0, 0, -67.5], "uv": [370, 73]},
						{"origin": [28.63372, 48.38358, 2], "size": [5, 5, 5], "inflate": -0.01, "pivot": [31.45872, 52.03358, 4.5], "rotation": [0, 0, -137.5], "uv": [379, 57]},
						{"origin": [-33.63372, 48.38358, 2], "size": [5, 5, 5], "inflate": -0.01, "pivot": [-31.45872, 52.03358, 4.5], "rotation": [0, 0, 137.5], "uv": [248, 58]},
						{"origin": [24.11932, 33.18279, 2], "size": [8, 5, 5], "pivot": [24.11662, 33.17862, 4.5], "rotation": [0, 0, -52.5], "uv": [370, 83]},
						{"origin": [-32.11932, 33.18279, 2], "size": [8, 5, 5], "pivot": [-24.11662, 33.17862, 4.5], "rotation": [0, 0, 52.5], "uv": [252, 83]},
						{"origin": [-40.98881, 39.53476, 2], "size": [12, 5, 5], "pivot": [-28.99162, 39.52862, 4.5], "rotation": [0, 0, 67.5], "uv": [244, 73]},
						{"origin": [-10.5, 76.25, 1], "size": [3, 4, 7], "inflate": -0.01, "pivot": [-9, 64, 4.5], "rotation": [0, 0, -52.5], "uv": [275, 50]},
						{"origin": [-11, 81.25, 3], "size": [4, 6, 3], "pivot": [-9, 64, 4.5], "rotation": [0, 0, -52.5], "uv": [269, 23]},
						{"origin": [6, 63.25, 2], "size": [6, 18, 5], "pivot": [9, 64, 4.5], "rotation": [0, 0, 52.5], "uv": [348, 26]},
						{"origin": [7.5, 76.25, 1], "size": [3, 4, 7], "inflate": -0.01, "pivot": [9, 64, 4.5], "rotation": [0, 0, 52.5], "uv": [353, 49]},
						{"origin": [7, 81.25, 3], "size": [4, 6, 3], "pivot": [9, 64, 4.5], "rotation": [0, 0, 52.5], "uv": [365, 22]},
						{"origin": [6, 23.75, 2], "size": [6, 18, 5], "pivot": [9, 41, 4.5], "rotation": [0, 0, -52.5], "uv": [348, 73]},
						{"origin": [7.5, 24.75, 1], "size": [3, 4, 7], "inflate": -0.01, "pivot": [9, 41, 4.5], "rotation": [0, 0, -52.5], "uv": [353, 62]},
						{"origin": [7, 17.75, 3], "size": [4, 6, 3], "pivot": [9, 41, 4.5], "rotation": [0, 0, -52.5], "uv": [367, 93]},
						{"origin": [-12, 23.75, 2], "size": [6, 18, 5], "pivot": [-9, 41, 4.5], "rotation": [0, 0, 52.5], "uv": [278, 73]},
						{"origin": [-10.5, 24.75, 1], "size": [3, 4, 7], "inflate": -0.01, "pivot": [-9, 41, 4.5], "rotation": [0, 0, 52.5], "uv": [275, 62]},
						{"origin": [-11, 17.75, 3], "size": [4, 6, 3], "pivot": [-9, 41, 4.5], "rotation": [0, 0, 52.5], "uv": [267, 93]}
					]
				},
				{
					"name": "neck",
					"parent": "torso",
					"pivot": [0, 61.5, -29],
					"rotation": [-7.5, 0, 0],
					"cubes": [
						{"origin": [-3, 61, -28.75], "size": [6, 9, 3], "pivot": [0, 70, -28.75], "rotation": [-20, 0, 0], "uv": [169, 84]},
						{"origin": [-14, 68, -25], "size": [10, 8, 0], "uv": [195, 71]},
						{"origin": [4, 68, -25], "size": [10, 8, 0], "uv": [215, 71]},
						{"origin": [-4, 61, -29], "size": [8, 18, 8], "uv": [186, 90]}
					]
				},
				{
					"name": "head",
					"parent": "neck",
					"pivot": [0, 77.06884, -20.8595],
					"rotation": [15, 0, 0],
					"cubes": [
						{"origin": [-3, 81.975, -37.75], "size": [6, 6, 7], "inflate": -0.01, "pivot": [0, 88.975, -30.75], "rotation": [22.5, 0, 0], "uv": [165, 50]},
						{"origin": [-4, 79.975, -38.75], "size": [8, 2, 8], "inflate": -0.01, "pivot": [0, 88.975, -30.75], "rotation": [15, 0, 0], "uv": [162, 63]},
						{"origin": [-3, 77.475, -36.75], "size": [6, 3, 7], "pivot": [0, 79.225, -30.75], "rotation": [3.25, 0, 0], "uv": [165, 73]},
						{"origin": [-4, 85.975, -38.75], "size": [8, 2, 8], "pivot": [0, 88.975, -30.75], "rotation": [22.5, 0, 0], "uv": [162, 37]},
						{"origin": [-1, 85.0473, -39.71897], "size": [2, 2, 3], "pivot": [0, 87.80816, -36.2085], "rotation": [42.5, 0, 0], "uv": [173, 31]},
						{"origin": [-3, 83.18099, -38.03313], "size": [6, 2, 1], "pivot": [0, 83.26235, -36.91477], "rotation": [10, 0, 0], "uv": [171, 47]},
						{"origin": [-6.75, 79.725, -29.75], "size": [2, 7, 5], "pivot": [-6.75, 86.725, -27.25], "rotation": [0, 0, -15], "uv": [152, 58]},
						{"origin": [-5.75, 86.725, -29.75], "size": [0, 13, 5], "pivot": [-6.75, 86.725, -27.25], "rotation": [0, 0, -15], "uv": [159, 26]},
						{"origin": [5.75, 86.725, -29.75], "size": [0, 13, 5], "pivot": [6.75, 86.725, -27.25], "rotation": [0, 0, 15], "uv": [187, 26]},
						{"origin": [4.75, 79.725, -29.75], "size": [2, 7, 5], "pivot": [6.75, 86.725, -27.25], "rotation": [0, 0, 15], "uv": [190, 58]},
						{"origin": [-5, 76.975, -30.75], "size": [10, 12, 10], "uv": [182, 117]},
						{"origin": [-3.5, 80.975, -20.75], "size": [7, 8, 8], "pivot": [0, 88.975, -20.75], "rotation": [-12.5, 0, 0], "uv": [57, 37]},
						{"origin": [-2.5, 82.975, -12.75], "size": [5, 6, 8], "pivot": [0, 88.975, -20.75], "rotation": [-12.5, 0, 0], "uv": [59, 54]},
						{"origin": [-1.5, 84.975, -4.75], "size": [3, 4, 6], "pivot": [0, 88.975, -20.75], "rotation": [-12.5, 0, 0], "uv": [63, 69]}
					]
				},
				{
					"name": "eyes",
					"parent": "head",
					"pivot": [0, 88.975, -30.75]
				},
				{
					"name": "right_eye",
					"parent": "eyes",
					"pivot": [0, 88.975, -30.75],
					"cubes": [
						{"origin": [-3.025, 83.08569, -35.23181], "size": [0, 2, 3], "pivot": [-3.025, 83.88569, -33.10681], "rotation": [15.25, 0, 0], "uv": [224, 148]},
						{"origin": [-3.05, 84.01585, -34.09906], "size": [0, 1, 1], "pivot": [-3.025, 83.88569, -33.10681], "rotation": [15.25, 0, 0], "uv": [230, 146]},
						{"origin": [-3, 82.18569, -35.98181], "size": [0, 3, 5], "pivot": [-3.025, 83.88569, -33.10681], "rotation": [15.25, 0, 0], "uv": [223, 143]}
					]
				},
				{
					"name": "left_eye",
					"parent": "eyes",
					"pivot": [0, 88.975, -30.75],
					"cubes": [
						{"origin": [3, 82.18569, -35.98181], "size": [0, 3, 5], "pivot": [3.025, 83.88569, -33.10681], "rotation": [15.25, 0, 0], "uv": [223, 143], "mirror": true},
						{"origin": [3.05, 84.01585, -34.09906], "size": [0, 1, 1], "pivot": [3.025, 83.88569, -33.10681], "rotation": [15.25, 0, 0], "uv": [230, 146], "mirror": true},
						{"origin": [3.025, 83.08569, -35.23181], "size": [0, 2, 3], "pivot": [3.025, 83.88569, -33.10681], "rotation": [15.25, 0, 0], "uv": [224, 148], "mirror": true}
					]
				},
				{
					"name": "arms",
					"parent": "torso",
					"pivot": [-1, 39, 0]
				},
				{
					"name": "tail",
					"parent": "torso",
					"pivot": [0, 61.25, 26.5],
					"cubes": [
						{"origin": [-6, 49.25, 26.5], "size": [12, 12, 9], "uv": [14, 30]}
					]
				},
				{
					"name": "tail2",
					"parent": "tail",
					"pivot": [0, 60.25, 35.5],
					"cubes": [
						{"origin": [-4, 52.25, 35.5], "size": [8, 8, 7], "uv": [20, 52]}
					]
				},
				{
					"name": "tail3",
					"parent": "tail2",
					"pivot": [0, 58.25, 42.5],
					"cubes": [
						{"origin": [-3, 53.25, 42.5], "size": [6, 5, 6], "uv": [23, 68]}
					]
				},
				{
					"name": "legs",
					"parent": "root",
					"pivot": [0, 53, 0]
				},
				{
					"name": "right",
					"parent": "legs",
					"pivot": [-7, 55.12278, -22.00176]
				},
				{
					"name": "right_front_leg",
					"parent": "right",
					"pivot": [-7, 55.12278, -22.00176],
					"cubes": [
						{"origin": [-16, 30, -27], "size": [9, 25, 10], "uv": [91, 80]},
						{"origin": [-13.5, 26, -21.5], "size": [4, 12, 4], "pivot": [-11.5, 26, -17.5], "rotation": [-27.5, 0, 0], "uv": [102, 115]}
					]
				},
				{
					"name": "right_front_leg2",
					"parent": "right_front_leg",
					"pivot": [-11.5, 30, -26.5],
					"cubes": [
						{"origin": [-15, 14, -26.5], "size": [7, 16, 9], "uv": [94, 131]}
					]
				},
				{
					"name": "right_front_foot",
					"parent": "right_front_leg2",
					"pivot": [-11.5, 14, -25.25],
					"cubes": [
						{"origin": [-14.5, 0, -25.25], "size": [6, 14, 6], "uv": [98, 156]}
					]
				},
				{
					"name": "right_back_leg",
					"parent": "right",
					"pivot": [-7, 55.12278, 16.99824],
					"cubes": [
						{"origin": [-16, 30, 12], "size": [9, 25, 10], "uv": [14, 80]},
						{"origin": [-13.5, 26, 17.5], "size": [4, 12, 4], "pivot": [-11.5, 26, 21.5], "rotation": [-27.5, 0, 0], "uv": [63, 115]}
					]
				},
				{
					"name": "right_back_leg2",
					"parent": "right_back_leg",
					"pivot": [-11.5, 30, 12.5],
					"cubes": [
						{"origin": [-15, 14, 12.5], "size": [7, 16, 9], "uv": [17, 131]}
					]
				},
				{
					"name": "right_back_foot",
					"parent": "right_back_leg2",
					"pivot": [-11.5, 14, 13.75],
					"cubes": [
						{"origin": [-14.5, 0, 13.75], "size": [6, 14, 6], "uv": [21, 156]}
					]
				},
				{
					"name": "left",
					"parent": "legs",
					"pivot": [-1, 39, 0]
				},
				{
					"name": "left_front_leg",
					"parent": "left",
					"pivot": [7, 55.12278, -22.00176],
					"cubes": [
						{"origin": [7, 30, -27], "size": [9, 25, 10], "uv": [129, 80]},
						{"origin": [9.5, 26, -21.5], "size": [4, 12, 4], "pivot": [11.5, 26, -17.5], "rotation": [-27.5, 0, 0], "uv": [140, 115]}
					]
				},
				{
					"name": "left_front_leg2",
					"parent": "left_front_leg",
					"pivot": [11.5, 30, -26.5],
					"cubes": [
						{"origin": [8, 14, -26.5], "size": [7, 16, 9], "uv": [132, 131]}
					]
				},
				{
					"name": "left_front_foot",
					"parent": "left_front_leg2",
					"pivot": [11.5, 14, -25.25],
					"cubes": [
						{"origin": [8.5, 0, -25.25], "size": [6, 14, 6], "uv": [136, 156]}
					]
				},
				{
					"name": "left_back_leg",
					"parent": "left",
					"pivot": [7, 55.12278, 16.99824],
					"cubes": [
						{"origin": [7, 30, 12], "size": [9, 25, 10], "uv": [52, 80]},
						{"origin": [9.5, 26, 17.5], "size": [4, 12, 4], "pivot": [11.5, 26, 21.5], "rotation": [-27.5, 0, 0], "uv": [25, 115]}
					]
				},
				{
					"name": "left_back_leg2",
					"parent": "left_back_leg",
					"pivot": [11.5, 30, 12.5],
					"cubes": [
						{"origin": [8, 14, 12.5], "size": [7, 16, 9], "uv": [55, 131]}
					]
				},
				{
					"name": "left_back_foot",
					"parent": "left_back_leg2",
					"pivot": [11.5, 14, 13.75],
					"cubes": [
						{"origin": [8.5, 0, 13.75], "size": [6, 14, 6], "uv": [59, 156]}
					]
				}
			]
		}
	]
}