{
	"format_version": "1.12.0",
	"minecraft:geometry": [
		{
			"description": {
				"identifier": "geometry.latias",
				"texture_width": 135,
				"texture_height": 243,
				"visible_bounds_width": 7,
				"visible_bounds_height": 4.5,
				"visible_bounds_offset": [0, 1.75, 0]
			},
			"bones": [
				{
					"name": "latias",
					"pivot": [0, 0, 0]
				},
				{
					"name": "body",
					"parent": "latias",
					"pivot": [0, 0, 0]
				},
				{
					"name": "torso",
					"parent": "body",
					"pivot": [0, 0, 0],
					"cubes": [
						{"origin": [-11, 0, -0.80765], "size": [22, 22, 35], "uv": [0, 85]},
						{"origin": [-6, 5, 34.19235], "size": [12, 12, 6], "uv": [81, 90]},
						{"origin": [-17.75, 5, 38.19235], "size": [12, 0, 2], "pivot": [-6, 5, 39.19235], "rotation": [0, 5, -7.5], "uv": [79, 85]},
						{"origin": [-17.75, 5, 34.19235], "size": [12, 0, 2], "pivot": [-6, 5, 35.19235], "rotation": [0, -7.5, -7.5], "uv": [79, 83]},
						{"origin": [-15, 5, 36.19235], "size": [9, 0, 1], "pivot": [-6, 5, 37.19235], "rotation": [0, -7.5, -7.5], "uv": [80, 87]},
						{"origin": [-14.75, 5, 37.19235], "size": [9, 0, 1], "pivot": [-6, 5, 38.19235], "rotation": [0, 5, -7.5], "uv": [80, 88]},
						{"origin": [5.75, 5, 38.19235], "size": [12, 0, 2], "pivot": [6, 5, 39.19235], "rotation": [0, -5, 7.5], "uv": [103, 83]},
						{"origin": [5.75, 5, 37.19235], "size": [9, 0, 1], "pivot": [6, 5, 38.19235], "rotation": [0, -5, 7.5], "uv": [104, 87]},
						{"origin": [6, 5, 36.19235], "size": [9, 0, 1], "pivot": [6, 5, 37.19235], "rotation": [0, 7.5, 7.5], "uv": [104, 88]},
						{"origin": [5.75, 5, 34.19235], "size": [12, 0, 2], "pivot": [6, 5, 35.19235], "rotation": [0, 7.5, 7.5], "uv": [103, 85]},
						{"origin": [-3, 8, 40.19235], "size": [6, 6, 3], "uv": [81, 109]}
					]
				},
				{
					"name": "torso2",
					"parent": "torso",
					"pivot": [0, 2, -0.80765],
					"cubes": [
						{"origin": [-9, 2, -11.80765], "size": [18, 18, 11], "uv": [62, 145]}
					]
				},
				{
					"name": "neck",
					"parent": "torso2",
					"pivot": [0, 7, -11.80765],
					"cubes": [
						{"origin": [-4, 7, -34.80765], "size": [8, 8, 23], "uv": [70, 51]}
					]
				},
				{
					"name": "head",
					"parent": "neck",
					"pivot": [-0.11856, 15.11765, -31.08935],
					"cubes": [
						{"origin": [-8.87132, 7.17157, -41.50739], "size": [10, 10, 10], "pivot": [-0.17157, 15.07157, -32.80765], "rotation": [14.89503, -44.29713, -10.49429], "uv": [61, 204]},
						{"origin": [-8.89632, 11.17157, -38.53239], "size": [0, 4, 6], "pivot": [-0.17157, 15.07157, -32.80765], "rotation": [14.89503, -44.29713, -10.49429], "uv": [16, 147]},
						{"origin": [-8.92132, 12.42157, -37.78239], "size": [0, 2, 2], "pivot": [-0.17157, 15.07157, -32.80765], "rotation": [14.89503, -44.29713, -10.49429], "uv": [14, 148]},
						{"origin": [8.74632, 11.17157, -38.68239], "size": [0, 4, 6], "pivot": [0.17157, 15.07157, -32.80765], "rotation": [14.89503, 44.29713, 10.49429], "uv": [3, 147]},
						{"origin": [8.77132, 12.19657, -37.70739], "size": [0, 2, 2], "pivot": [0.17157, 15.07157, -32.80765], "rotation": [14.89503, 44.29713, 10.49429], "uv": [14, 146]},
						{"origin": [-6.36546, 12.88556, -40.86066], "size": [0, 9, 6], "pivot": [-5.86546, 16.38556, -37.86066], "rotation": [-18.66539, -30.41969, -15.8508], "uv": [63, 187]},
						{"origin": [6.11546, 12.88556, -40.86066], "size": [0, 9, 6], "pivot": [5.86546, 16.38556, -37.86066], "rotation": [-18.66539, 30.41969, 15.8508], "uv": [87, 187]}
					]
				},
				{
					"name": "arms",
					"parent": "torso2",
					"pivot": [0, 7, 0]
				},
				{
					"name": "right_arm",
					"parent": "arms",
					"pivot": [-13, 7, 1.19235],
					"cubes": [
						{"origin": [-13, 4, -9.80765], "size": [4, 6, 11], "pivot": [-13, 7, 1.19235], "rotation": [0, -10, 0], "uv": [70, 28]}
					]
				},
				{
					"name": "right_arm2",
					"parent": "right_arm",
					"pivot": [-11, 8, -3.80765],
					"cubes": [
						{"origin": [-20, 6, -4.80765], "size": [9, 2, 2], "uv": [5, 158]}
					]
				},
				{
					"name": "right_hand",
					"parent": "right_arm2",
					"pivot": [-19.98125, 7, -2.80765],
					"cubes": [
						{"origin": [-23, 3, -12.80765], "size": [3, 8, 12], "uv": [102, 186]},
						{"origin": [-19.975, 9, -13.30765], "size": [0, 2, 2], "uv": [16, 170]},
						{"origin": [-19.975, 3, -13.30765], "size": [0, 2, 2], "uv": [16, 168]},
						{"origin": [-19.975, 6, -13.30765], "size": [0, 2, 2], "uv": [16, 166]}
					]
				},
				{
					"name": "left_arm",
					"parent": "arms",
					"pivot": [13, 7, 1.19235],
					"cubes": [
						{"origin": [9, 4, -9.80765], "size": [4, 6, 11], "pivot": [13, 7, 1.19235], "rotation": [0, 10, 0], "uv": [70, 9]}
					]
				},
				{
					"name": "left_arm2",
					"parent": "left_arm",
					"pivot": [11, 8, -3.80765],
					"cubes": [
						{"origin": [11, 6, -4.80765], "size": [9, 2, 2], "uv": [5, 163]}
					]
				},
				{
					"name": "left_hand",
					"parent": "left_arm2",
					"pivot": [19.98125, 7, -2.80765],
					"cubes": [
						{"origin": [20, 3, -12.80765], "size": [3, 8, 12], "uv": [102, 207]},
						{"origin": [19.975, 9, -13.30765], "size": [0, 2, 2], "uv": [12, 170]},
						{"origin": [19.975, 3, -13.30765], "size": [0, 2, 2], "uv": [12, 168]},
						{"origin": [19.975, 6, -13.30765], "size": [0, 2, 2], "uv": [12, 166]}
					]
				},
				{
					"name": "wings",
					"parent": "body",
					"pivot": [0, 22, 16]
				},
				{
					"name": "right_wing",
					"parent": "wings",
					"pivot": [-9.94639, 24.75714, 12.19235],
					"cubes": [
						{"origin": [-12, 12, 0.19235], "size": [13, 15, 33], "pivot": [-0.75, 11.5, 12.19235], "rotation": [0, 0, -17.5], "uv": [0, 193]}
					]
				},
				{
					"name": "bone",
					"parent": "right_wing",
					"pivot": [-9.94639, 24.75714, 12.19235],
					"cubes": [
						{"origin": [-9.91213, 24.84817, 0.19235], "size": [0, 41, 35], "pivot": [-9.94639, 24.75714, 12.19235], "rotation": [0, 0, -62.5], "uv": [0, 6]}
					]
				},
				{
					"name": "left_wing",
					"parent": "wings",
					"pivot": [9.94639, 24.75714, 12.19235],
					"cubes": [
						{"origin": [-1, 12, 0.19235], "size": [13, 15, 33], "pivot": [0.75, 11.5, 12.19235], "rotation": [0, 0, 17.5], "uv": [0, 144]}
					]
				},
				{
					"name": "bone2",
					"parent": "left_wing",
					"pivot": [9.94639, 24.75714, 12.19235],
					"cubes": [
						{"origin": [9.91213, 24.84817, 0.19235], "size": [0, 41, 35], "pivot": [9.94639, 24.75714, 12.19235], "rotation": [0, 0, 62.5], "uv": [0, -35]}
					]
				}
			]
		}
	]
}