{
	"format_version": "1.12.0",
	"minecraft:geometry": [
		{
			"description": {
				"identifier": "geometry.unknown",
				"texture_width": 256,
				"texture_height": 256,
				"visible_bounds_width": 10,
				"visible_bounds_height": 8,
				"visible_bounds_offset": [0, 2, 0]
			},
			"bones": [
				{
					"name": "ultranecrozma",
					"pivot": [0, 19, 0]
				},
				{
					"name": "main",
					"parent": "ultranecrozma",
					"pivot": [0, 19, 0]
				},
				{
					"name": "body",
					"parent": "main",
					"pivot": [0, 19, 0],
					"cubes": [
						{"origin": [-7, 19, -8], "size": [14, 21, 14], "pivot": [0, 29.5, 0.5], "rotation": [22.5, 0, 0], "uv": [0, 0]},
						{"origin": [-6, 36.36026, -10.48429], "size": [12, 18, 12], "pivot": [0, 37.93849, -2.85024], "rotation": [10, 0, 0], "uv": [42, 35]},
						{"origin": [6, 45.36026, -7.48429], "size": [3, 5, 6], "pivot": [0, 37.93849, -2.85024], "rotation": [10, 0, 0], "uv": [130, 40]},
						{"origin": [-9, 45.36026, -7.48429], "size": [3, 5, 6], "pivot": [0, 37.93849, -2.85024], "rotation": [10, 0, 0], "uv": [130, 16]},
						{"origin": [-12, 45.36026, -4.48429], "size": [3, 5, 0], "pivot": [0, 37.93849, -2.85024], "rotation": [10, 0, 0], "uv": [34, 90]},
						{"origin": [-2, 45.75908, -13.51774], "size": [4, 6, 3], "pivot": [0, 48.75908, -13.01774], "rotation": [-5, 0, 0], "uv": [0, 0]}
					]
				},
				{
					"name": "tail",
					"parent": "body",
					"pivot": [0, 21.7, -0.5],
					"rotation": [67.5, 0, 0],
					"cubes": [
						{"origin": [-5, -12.3, -6], "size": [10, 35, 11], "uv": [0, 35]},
						{"origin": [0, -8.3, 5], "size": [0, 10, 10], "uv": [31, 25]}
					]
				},
				{
					"name": "bone21",
					"parent": "tail",
					"pivot": [0, -13.3, -0.5],
					"rotation": [-15, 0, 0],
					"cubes": [
						{"origin": [0, -22.3, 4], "size": [0, 10, 9], "uv": [56, 15]},
						{"origin": [0, -36.3, 4], "size": [0, 9, 8], "uv": [25, 73]},
						{"origin": [-4, -38.3, -4], "size": [8, 27, 8], "uv": [42, 65]}
					]
				},
				{
					"name": "bone22",
					"parent": "bone21",
					"pivot": [0, -37.3, -0.5],
					"rotation": [-15, 0, 0],
					"cubes": [
						{"origin": [-2, -61.3, -2], "size": [4, 26, 4], "uv": [56, 100]}
					]
				},
				{
					"name": "left_arm",
					"parent": "body",
					"pivot": [0, 29.5, 0.5],
					"cubes": [
						{"origin": [9, 45.36026, -4.48429], "size": [3, 5, 0], "pivot": [0, 37.93849, -2.85024], "rotation": [10, 0, 0], "uv": [90, 52]}
					]
				},
				{
					"name": "top_left_wing2",
					"parent": "left_arm",
					"pivot": [12.00536, 46.68029, -6.4186],
					"rotation": [0, 0, -15],
					"cubes": [
						{"origin": [12, 48, -7], "size": [10, 2, 1], "pivot": [12, 49.5, -6.5], "rotation": [0.41224, -1.25137, -9.8279], "uv": [0, 108]},
						{"origin": [12, 37, -6.45], "size": [10, 13, 0], "uv": [127, 66]}
					]
				},
				{
					"name": "bone16",
					"parent": "top_left_wing2",
					"pivot": [23, 48.5, -6.5],
					"cubes": [
						{"origin": [21.90229, 50.01997, -6.78153], "size": [9, 2, 1], "pivot": [21.80619, 50.8873, -6.17116], "rotation": [0.6233, -1.16077, -19.82971], "uv": [135, 90]},
						{"origin": [30.41992, 53.03778, -6.60029], "size": [5, 2, 1], "inflate": 0.1, "pivot": [30.19974, 53.77505, -6.05816], "rotation": [1.31386, -0.09807, -77.32452], "uv": [147, 64]},
						{"origin": [30.41992, 53.03778, -6.60029], "size": [5, 2, 1], "pivot": [30.19974, 53.77505, -6.05816], "rotation": [0.99846, 0.85964, -122.31591], "uv": [28, 147]},
						{"origin": [30.41992, 53.03778, -6.60029], "size": [5, 2, 1], "pivot": [30.19974, 53.77505, -6.05816], "rotation": [0.76949, -1.06948, -27.33058], "uv": [74, 130]},
						{"origin": [22, 40, -6.5], "size": [10, 14, 0], "uv": [72, 116]}
					]
				},
				{
					"name": "bone18",
					"parent": "bone16",
					"pivot": [31.5, 50, -6.575],
					"rotation": [0, 0, 15],
					"cubes": [
						{"origin": [31, 44, -6.575], "size": [28, 12, 0], "uv": [56, 12]}
					]
				},
				{
					"name": "right_arm",
					"parent": "body",
					"pivot": [0, 29.5, 0.5],
					"cubes": [
						{"origin": [-12, 45.36026, -4.48429], "size": [3, 5, 0], "pivot": [0, 37.93849, -2.85024], "rotation": [10, 0, 0], "uv": [90, 52], "mirror": true}
					]
				},
				{
					"name": "top_right_wing2",
					"parent": "right_arm",
					"pivot": [-12.00536, 46.68029, -6.4186],
					"rotation": [0, 0, 15],
					"cubes": [
						{"origin": [-22, 48, -7], "size": [10, 2, 1], "pivot": [-12, 49.5, -6.5], "rotation": [0.41224, 1.25137, 9.8279], "uv": [0, 108], "mirror": true},
						{"origin": [-22, 37, -6.45], "size": [10, 13, 0], "uv": [127, 66], "mirror": true}
					]
				},
				{
					"name": "bone19",
					"parent": "top_right_wing2",
					"pivot": [-22, 46.5, -6.5],
					"cubes": [
						{"origin": [-30.90229, 50.01997, -6.78153], "size": [9, 2, 1], "pivot": [-21.80619, 50.8873, -6.17116], "rotation": [0.6233, 1.16077, 19.82971], "uv": [135, 90], "mirror": true},
						{"origin": [-35.41992, 53.03778, -6.60029], "size": [5, 2, 1], "inflate": 0.1, "pivot": [-30.19974, 53.77505, -6.05816], "rotation": [1.31386, 0.09807, 77.32452], "uv": [147, 64], "mirror": true},
						{"origin": [-35.41992, 53.03778, -6.60029], "size": [5, 2, 1], "pivot": [-30.19974, 53.77505, -6.05816], "rotation": [0.99846, -0.85964, 122.31591], "uv": [28, 147], "mirror": true},
						{"origin": [-35.41992, 53.03778, -6.60029], "size": [5, 2, 1], "pivot": [-30.19974, 53.77505, -6.05816], "rotation": [0.76949, 1.06948, 27.33058], "uv": [74, 130], "mirror": true},
						{"origin": [-32, 40, -6.5], "size": [10, 14, 0], "uv": [72, 116], "mirror": true}
					]
				},
				{
					"name": "bone20",
					"parent": "bone19",
					"pivot": [-31.5, 50, -6.575],
					"rotation": [0, 0, -15],
					"cubes": [
						{"origin": [-59, 44, -6.575], "size": [28, 12, 0], "uv": [56, 12], "mirror": true}
					]
				},
				{
					"name": "chest",
					"parent": "body",
					"pivot": [0, 42.54082, 5.08097],
					"rotation": [45, 0, 0],
					"cubes": [
						{"origin": [-0.56219, 54.07122, -6.14925], "size": [8, 8, 6], "pivot": [0, 61.50903, -11.38287], "rotation": [8.90928, -8.80348, 44.31282], "uv": [72, 101]},
						{"origin": [-6.23577, 63.77083, -6.72431], "size": [8, 0, 3], "pivot": [0, 63.77083, -5.26079], "rotation": [0, -47.5, 90], "uv": [96, 80]},
						{"origin": [-6.23577, 63.77083, -6.72431], "size": [8, 0, 3], "pivot": [0, 63.77083, -5.26079], "rotation": [-90, -47.5, 90], "uv": [96, 77]},
						{"origin": [-2.23426, 61.50903, -16.48785], "size": [6, 0, 4], "pivot": [0, 61.50903, -11.38287], "rotation": [0, -62.5, 90], "uv": [42, 100]},
						{"origin": [-2.23426, 61.43403, -21.48785], "size": [6, 0, 4], "pivot": [0, 61.50903, -11.38287], "rotation": [0, -62.5, 90], "uv": [42, 100]},
						{"origin": [-3, 58.4013, -14.13737], "size": [6, 0, 4], "pivot": [0, 58.4013, -12.13737], "rotation": [-90, -62.5, 90], "uv": [74, 43]},
						{"origin": [1.43781, 52.07122, -12.14925], "size": [8, 8, 8], "pivot": [0, 61.50903, -11.38287], "rotation": [8.90928, -8.80348, 44.31282], "uv": [90, 36]},
						{"origin": [-3.70711, 47.27527, -12.68954], "size": [7, 7, 5], "pivot": [-0.70711, 50.27527, -10.18954], "rotation": [22.0145, -15.77286, 41.47495], "uv": [98, 0]}
					]
				},
				{
					"name": "bone17",
					"parent": "chest",
					"pivot": [0, 48.04082, -4.91903],
					"rotation": [7.5, 0, 0]
				},
				{
					"name": "neck",
					"parent": "body",
					"pivot": [0, 37.93849, -2.85024],
					"cubes": [
						{"origin": [-4, 54.36026, -8.48429], "size": [8, 4, 8], "pivot": [0, 37.93849, -2.85024], "rotation": [10, 0, 0], "uv": [90, 52]},
						{"origin": [-2.7, 58.36026, -6.48429], "size": [5, 4, 5], "pivot": [0, 37.93849, -2.85024], "rotation": [10, 0, 0], "uv": [59, 130]}
					]
				},
				{
					"name": "head",
					"parent": "neck",
					"pivot": [0, 38.31349, 0.14976],
					"cubes": [
						{"origin": [-4, 61.73526, -5.48429], "size": [8, 4, 5], "pivot": [0, 38.31349, 0.14976], "rotation": [10, 0, 0], "uv": [0, 111]},
						{"origin": [4, 62, -3.48429], "size": [2, 3, 2], "pivot": [0, 38.31349, 0.14976], "rotation": [10, 0, 0], "uv": [0, 81]},
						{"origin": [-6, 62, -3.48429], "size": [2, 3, 2], "pivot": [0, 38.31349, 0.14976], "rotation": [10, 0, 0], "uv": [74, 77]},
						{"origin": [6, 61.15996, -6.81787], "size": [5, 3, 0], "pivot": [6.5, 62.65996, -6.81787], "rotation": [10.62758, -19.6835, -3.61644], "uv": [68, 101]},
						{"origin": [-11, 61.15996, -6.81787], "size": [5, 3, 0], "pivot": [-6.5, 62.65996, -6.81787], "rotation": [10.62758, 19.6835, 3.61644], "uv": [68, 101], "mirror": true},
						{"origin": [-13.425, 56.125, -3.48429], "size": [5, 1, 0], "pivot": [0, 38.31349, 0.14976], "rotation": [6.79333, -7.35559, 47.06283], "uv": [0, 44]},
						{"origin": [8.425, 56.125, -3.48429], "size": [5, 1, 0], "pivot": [0, 38.31349, 0.14976], "rotation": [6.79333, 7.35559, -47.06283], "uv": [0, 13]},
						{"origin": [-3, 65.73526, -3.48429], "size": [6, 2, 2], "pivot": [0, 38.31349, 0.14976], "rotation": [10, 0, 0], "uv": [140, 128]},
						{"origin": [-3, 66.73973, -7.55331], "size": [6, 6, 0], "pivot": [0, 66.7853, -8.07426], "rotation": [-7.5, 0, 0], "uv": [114, 54]},
						{"origin": [-0.98921, 60.9707, -13.57368], "size": [1, 1, 1], "pivot": [-1.41421, 60.4707, -13.34868], "rotation": [34.04258, 31.42176, 52.34365], "uv": [46, 71]},
						{"origin": [-0.01079, 60.9707, -13.57368], "size": [1, 1, 1], "pivot": [1.41421, 60.4707, -13.34868], "rotation": [34.04258, -31.42176, -52.34365], "uv": [50, 44]},
						{"origin": [-1.96421, 60.2957, -13.59868], "size": [1, 1, 1], "pivot": [-1.41421, 60.4707, -13.34868], "rotation": [44.04258, 31.42176, 52.34365], "uv": [66, 71]},
						{"origin": [0.96421, 60.2957, -13.59868], "size": [1, 1, 1], "pivot": [1.41421, 60.4707, -13.34868], "rotation": [44.04258, -31.42176, -52.34365], "uv": [46, 45]},
						{"origin": [-2.93921, 59.5457, -13.52368], "size": [1, 1, 1], "pivot": [-1.41421, 60.4707, -13.34868], "rotation": [44.04258, 31.42176, 52.34365], "uv": [42, 71]},
						{"origin": [1.93921, 59.5457, -13.52368], "size": [1, 1, 1], "pivot": [1.41421, 60.4707, -13.34868], "rotation": [44.04258, -31.42176, -52.34365], "uv": [42, 45]}
					]
				},
				{
					"name": "left_eye",
					"parent": "head",
					"pivot": [1.35883, 63.37075, -14.5315],
					"rotation": [-13.75189, -4.70647, 18.95734],
					"cubes": [
						{"origin": [1.75512, 62.98526, -14.01477], "size": [0, 3, 2], "pivot": [0.72382, 63.84193, -13.67491], "rotation": [-54.74911, 53.0136, -6.57519], "uv": [74, 22]},
						{"origin": [1.75512, 61.98526, -13.01477], "size": [0, 1, 1], "pivot": [0.72382, 63.84193, -13.67491], "rotation": [-54.74911, 53.0136, -6.57519], "uv": [0, 1]},
						{"origin": [2.98367, 61.60119, -13.45755], "size": [10, 4, 0], "pivot": [2.57734, 64.28208, -13.37984], "rotation": [14.23145, -12.04813, -60.6268], "uv": [132, 124]}
					]
				},
				{
					"name": "right_eye",
					"parent": "head",
					"pivot": [-1.35883, 63.37075, -14.5315],
					"rotation": [-13.75189, 4.70647, -18.95734],
					"cubes": [
						{"origin": [-1.75512, 62.98526, -14.01477], "size": [0, 3, 2], "pivot": [-0.72382, 63.84193, -13.67491], "rotation": [-54.74911, -53.0136, 6.57519], "uv": [0, 7]},
						{"origin": [-1.75512, 61.98526, -13.01477], "size": [0, 1, 1], "pivot": [-0.72382, 63.84193, -13.67491], "rotation": [-54.74911, -53.0136, 6.57519], "uv": [0, 0]},
						{"origin": [-12.98367, 61.60119, -13.45755], "size": [10, 4, 0], "pivot": [-2.57734, 64.28208, -13.37984], "rotation": [14.23145, 12.04813, 60.6268], "uv": [132, 120]}
					]
				},
				{
					"name": "jaw",
					"parent": "head",
					"pivot": [0, 62, -11],
					"rotation": [5, 0, 0]
				},
				{
					"name": "bone15",
					"parent": "jaw",
					"pivot": [0, 60.6707, -11.64157],
					"rotation": [27.5, 0, 0],
					"cubes": [
						{"origin": [0, 58.9707, -12.81314], "size": [4, 3.4, 4], "pivot": [0, 61.3707, -8.81314], "rotation": [0, 45, 0], "uv": [47, 139]}
					]
				},
				{
					"name": "bone14",
					"parent": "head",
					"pivot": [0, 61.6707, -12.64157],
					"rotation": [10, 0, 0],
					"cubes": [
						{"origin": [0, 60.9707, -13.81314], "size": [4, 2.4, 4], "pivot": [0, 62.3707, -9.81314], "rotation": [0, 45, 0], "uv": [141, 138]},
						{"origin": [-2, 60.9707, -12.81314], "size": [5, 2.4, 5], "pivot": [0, 62.3707, -9.81314], "rotation": [0, 45, 0], "uv": [78, 36]}
					]
				},
				{
					"name": "bone13",
					"parent": "head",
					"pivot": [0, 63.2457, -11.22736],
					"rotation": [-30, 0, 0],
					"cubes": [
						{"origin": [-1, 61.7457, -12.81314], "size": [4, 4, 4], "pivot": [0, 60.7457, -9.81314], "rotation": [0, 45, 0], "uv": [31, 139]},
						{"origin": [1.83012, 64.81026, -13.33977], "size": [0, 6, 3], "pivot": [1.52382, 64.66693, -11.99991], "rotation": [-14.82652, 60.68694, 5.23736], "uv": [66, 62]},
						{"origin": [-1.83012, 64.81026, -13.33977], "size": [0, 6, 3], "pivot": [-1.52382, 64.66693, -11.99991], "rotation": [-14.82652, -60.68694, -5.23736], "uv": [42, 62]}
					]
				},
				{
					"name": "left_leg",
					"parent": "body",
					"pivot": [9, 22.5, 0.5],
					"rotation": [4.98107, -0.43523, 4.98107],
					"cubes": [
						{"origin": [5, 13, -4], "size": [8, 15, 9], "uv": [0, 81]},
						{"origin": [13, 18, 0.5], "size": [7, 2, 0], "uv": [112, 22]},
						{"origin": [13, 17, -1], "size": [3, 4, 3], "uv": [146, 76]}
					]
				},
				{
					"name": "bottom_left_wing",
					"parent": "left_leg",
					"pivot": [20.00536, 17.68029, 0.5814],
					"rotation": [0, 0, -15],
					"cubes": [
						{"origin": [20, 19, 0], "size": [10, 2, 1], "pivot": [20, 20.5, 0.5], "rotation": [0.41224, -1.25137, -9.8279], "uv": [130, 13]},
						{"origin": [20, 8, 0.55], "size": [10, 13, 0], "uv": [130, 0]}
					]
				},
				{
					"name": "bone2",
					"parent": "bottom_left_wing",
					"pivot": [31, 18.5, 0.5],
					"cubes": [
						{"origin": [29.90229, 21.01997, 0.21847], "size": [9, 2, 1], "pivot": [29.80619, 21.8873, 0.82884], "rotation": [0.6233, -1.16077, -19.82971], "uv": [140, 93]},
						{"origin": [38.41992, 24.03778, 0.39971], "size": [4, 2, 1], "inflate": 0.1, "pivot": [38.19974, 24.77505, 0.94184], "rotation": [1.31386, -0.09807, -77.32452], "uv": [46, 122]},
						{"origin": [30, 11, 0.5], "size": [10, 14, 0], "uv": [92, 120]}
					]
				},
				{
					"name": "bone3",
					"parent": "bone2",
					"pivot": [39.5, 21, 0.425],
					"rotation": [0, 0, 15],
					"cubes": [
						{"origin": [39, 15, 0.425], "size": [23, 12, 0], "uv": [78, 24]}
					]
				},
				{
					"name": "bone",
					"parent": "left_leg",
					"pivot": [9.5, 13.5, -1.5],
					"rotation": [16.36392, 5.86644, -19.05953],
					"cubes": [
						{"origin": [7, 5, -4], "size": [4, 9, 5], "uv": [127, 128]}
					]
				},
				{
					"name": "left_foot",
					"parent": "bone",
					"pivot": [9.01971, 6.35029, -0.18142],
					"rotation": [-98.83869, 48.00267, -88.44379],
					"cubes": [
						{"origin": [7.30255, 3.55029, -3.26642], "size": [4, 3.4, 6], "uv": [106, 133]},
						{"origin": [6.30255, -2.44971, -3.79142], "size": [6, 6.4, 7], "uv": [108, 77]},
						{"origin": [6.30255, -8.44971, -5.11642], "size": [6, 6.4, 10], "uv": [24, 100]},
						{"origin": [7.30255, -10.44971, -4.11642], "size": [4, 2.4, 8], "uv": [120, 56]},
						{"origin": [5.30255, -6.89971, -2.11642], "size": [6, 4.3, 6], "pivot": [9.30255, -7.24971, -0.11642], "rotation": [0, -45, 0], "uv": [118, 30]}
					]
				},
				{
					"name": "finger",
					"parent": "left_foot",
					"pivot": [7.91499, -7.75923, -2.61642],
					"rotation": [-26.06663, 9.08661, 17.89244],
					"cubes": [
						{"origin": [7.30255, -13.44971, -4.11642], "size": [3, 5.4, 3], "pivot": [8.80255, -11.74971, -2.61642], "rotation": [0, 45, 0], "uv": [141, 144]},
						{"origin": [6.42755, -18.44971, -2.61642], "size": [5, 6.4, 0], "pivot": [8.80255, -11.74971, -2.61642], "rotation": [0, 0, 32.5], "uv": [0, 147]}
					]
				},
				{
					"name": "finger2",
					"parent": "left_foot",
					"pivot": [7.91499, -7.75923, 2.38358],
					"rotation": [26.06663, -9.08661, 17.89244],
					"cubes": [
						{"origin": [7.30255, -13.44971, 0.88358], "size": [3, 5.4, 3], "pivot": [8.80255, -11.74971, 2.38358], "rotation": [0, 45, 0], "uv": [129, 142]},
						{"origin": [6.42755, -18.44971, 2.38358], "size": [5, 6.4, 0], "pivot": [8.80255, -11.74971, 2.38358], "rotation": [0, 0, 32.5], "uv": [145, 132]}
					]
				},
				{
					"name": "finger3",
					"parent": "left_foot",
					"pivot": [8.91499, -7.75923, -0.09142],
					"rotation": [0, 0, 20],
					"cubes": [
						{"origin": [8.30255, -13.44971, -1.59142], "size": [3, 5.4, 3], "pivot": [9.80255, -11.74971, -0.09142], "rotation": [0, 45, 0], "uv": [117, 142]},
						{"origin": [7.42755, -18.44971, -0.09142], "size": [5, 6.4, 0], "pivot": [9.80255, -11.74971, -0.09142], "rotation": [0, 0, 32.5], "uv": [142, 16]}
					]
				},
				{
					"name": "bone11",
					"parent": "left_foot",
					"pivot": [6.88834, -3.24971, -0.11642],
					"rotation": [0, 0, 15],
					"cubes": [
						{"origin": [5.30255, -3.89971, -1.11642], "size": [4, 6.3, 4], "pivot": [8.30255, -8.24971, -0.11642], "rotation": [0, -45, 0], "uv": [136, 96]}
					]
				},
				{
					"name": "crystal",
					"parent": "left_foot",
					"pivot": [14.42387, -5.24971, -0.11642],
					"rotation": [0, 0, 90],
					"cubes": [
						{"origin": [11.92387, -7.89971, -2.61642], "size": [5, 5.3, 5], "pivot": [14.42387, -5.24971, -0.11642], "rotation": [0, -45, 0], "uv": [15, 130]},
						{"origin": [12.92387, -2.89971, -1.61642], "size": [3, 7.3, 3], "inflate": 0.25, "pivot": [14.42387, -5.24971, -0.11642], "rotation": [0, -45, 0], "uv": [16, 140]}
					]
				},
				{
					"name": "bone10",
					"parent": "left_foot",
					"pivot": [10.42387, -5.24971, -0.11642],
					"rotation": [0, 0, 15],
					"cubes": [
						{"origin": [8.92387, -6.89971, -2.61642], "size": [4, 5.3, 4], "pivot": [10.42387, -5.24971, -0.11642], "rotation": [0, -45, 0], "uv": [89, 138]}
					]
				},
				{
					"name": "bone9",
					"parent": "left_foot",
					"pivot": [10.71677, -1.24971, -0.31642],
					"rotation": [0, 0, -12.5],
					"cubes": [
						{"origin": [8.30255, -4.89971, -3.2], "size": [4, 7.3, 4], "pivot": [9.30255, -8.24971, -0.31642], "rotation": [0, -45, 0], "uv": [0, 136]}
					]
				},
				{
					"name": "right_leg",
					"parent": "body",
					"pivot": [-9, 22.5, 0.5],
					"rotation": [4.98107, 0.43523, -4.98107],
					"cubes": [
						{"origin": [-13, 13, -4], "size": [8, 15, 9], "uv": [0, 81], "mirror": true},
						{"origin": [-20, 18, 0.5], "size": [7, 2, 0], "uv": [112, 22], "mirror": true},
						{"origin": [-16, 17, -1], "size": [3, 4, 3], "uv": [146, 76], "mirror": true}
					]
				},
				{
					"name": "bottom_right_wing",
					"parent": "right_leg",
					"pivot": [-20.00536, 17.68029, 0.5814],
					"rotation": [0, 0, 15],
					"cubes": [
						{"origin": [-30, 19, 0], "size": [10, 2, 1], "pivot": [-20, 20.5, 0.5], "rotation": [0.41224, 1.25137, 9.8279], "uv": [130, 13], "mirror": true},
						{"origin": [-30, 8, 0.55], "size": [10, 13, 0], "uv": [130, 0], "mirror": true}
					]
				},
				{
					"name": "bone4",
					"parent": "bottom_right_wing",
					"pivot": [-31, 18.5, 0.5],
					"cubes": [
						{"origin": [-38.90229, 21.01997, 0.21847], "size": [9, 2, 1], "pivot": [-29.80619, 21.8873, 0.82884], "rotation": [0.6233, 1.16077, 19.82971], "uv": [140, 93], "mirror": true},
						{"origin": [-42.41992, 24.03778, 0.39971], "size": [4, 2, 1], "inflate": 0.1, "pivot": [-38.19974, 24.77505, 0.94184], "rotation": [1.31386, 0.09807, 77.32452], "uv": [46, 122], "mirror": true},
						{"origin": [-40, 11, 0.5], "size": [10, 14, 0], "uv": [92, 120], "mirror": true}
					]
				},
				{
					"name": "bone5",
					"parent": "bone4",
					"pivot": [-39.5, 21, 0.425],
					"rotation": [0, 0, -15],
					"cubes": [
						{"origin": [-62, 15, 0.425], "size": [23, 12, 0], "uv": [78, 24], "mirror": true}
					]
				},
				{
					"name": "bone6",
					"parent": "right_leg",
					"pivot": [-9.5, 13.5, -1.5],
					"rotation": [16.36392, -5.86644, 19.05953],
					"cubes": [
						{"origin": [-11, 5, -4], "size": [4, 9, 5], "uv": [127, 128], "mirror": true}
					]
				},
				{
					"name": "right_foot",
					"parent": "bone6",
					"pivot": [-9.01971, 6.35029, -0.18142],
					"rotation": [-98.83869, -48.00267, 88.44379],
					"cubes": [
						{"origin": [-11.30255, 3.55029, -3.26642], "size": [4, 3.4, 6], "uv": [106, 133], "mirror": true},
						{"origin": [-12.30255, -2.44971, -3.79142], "size": [6, 6.4, 7], "uv": [108, 77], "mirror": true},
						{"origin": [-12.30255, -8.44971, -5.11642], "size": [6, 6.4, 10], "uv": [24, 100], "mirror": true},
						{"origin": [-11.30255, -10.44971, -4.11642], "size": [4, 2.4, 8], "uv": [120, 56], "mirror": true},
						{"origin": [-11.30255, -6.89971, -2.11642], "size": [6, 4.3, 6], "pivot": [-9.30255, -7.24971, -0.11642], "rotation": [0, 45, 0], "uv": [118, 30], "mirror": true}
					]
				},
				{
					"name": "finger4",
					"parent": "right_foot",
					"pivot": [-7.91499, -7.75923, -2.61642],
					"rotation": [-26.06663, -9.08661, -17.89244],
					"cubes": [
						{"origin": [-10.30255, -13.44971, -4.11642], "size": [3, 5.4, 3], "pivot": [-8.80255, -11.74971, -2.61642], "rotation": [0, -45, 0], "uv": [141, 144], "mirror": true},
						{"origin": [-11.42755, -18.44971, -2.61642], "size": [5, 6.4, 0], "pivot": [-8.80255, -11.74971, -2.61642], "rotation": [0, 0, -32.5], "uv": [0, 147], "mirror": true}
					]
				},
				{
					"name": "finger5",
					"parent": "right_foot",
					"pivot": [-7.91499, -7.75923, 2.38358],
					"rotation": [26.06663, 9.08661, -17.89244],
					"cubes": [
						{"origin": [-10.30255, -13.44971, 0.88358], "size": [3, 5.4, 3], "pivot": [-8.80255, -11.74971, 2.38358], "rotation": [0, -45, 0], "uv": [129, 142], "mirror": true},
						{"origin": [-11.42755, -18.44971, 2.38358], "size": [5, 6.4, 0], "pivot": [-8.80255, -11.74971, 2.38358], "rotation": [0, 0, -32.5], "uv": [145, 132], "mirror": true}
					]
				},
				{
					"name": "finger6",
					"parent": "right_foot",
					"pivot": [-8.91499, -7.75923, -0.09142],
					"rotation": [0, 0, -20],
					"cubes": [
						{"origin": [-11.30255, -13.44971, -1.59142], "size": [3, 5.4, 3], "pivot": [-9.80255, -11.74971, -0.09142], "rotation": [0, -45, 0], "uv": [117, 142], "mirror": true},
						{"origin": [-12.42755, -18.44971, -0.09142], "size": [5, 6.4, 0], "pivot": [-9.80255, -11.74971, -0.09142], "rotation": [0, 0, -32.5], "uv": [142, 16], "mirror": true}
					]
				},
				{
					"name": "bone7",
					"parent": "right_foot",
					"pivot": [-6.88834, -3.24971, -0.11642],
					"rotation": [0, 0, -15],
					"cubes": [
						{"origin": [-9.30255, -3.89971, -1.11642], "size": [4, 6.3, 4], "pivot": [-8.30255, -8.24971, -0.11642], "rotation": [0, 45, 0], "uv": [136, 96], "mirror": true}
					]
				},
				{
					"name": "crystal2",
					"parent": "right_foot",
					"pivot": [-14.42387, -5.24971, -0.11642],
					"rotation": [0, 0, -90],
					"cubes": [
						{"origin": [-16.92387, -7.89971, -2.61642], "size": [5, 5.3, 5], "pivot": [-14.42387, -5.24971, -0.11642], "rotation": [0, 45, 0], "uv": [15, 130], "mirror": true},
						{"origin": [-15.92387, -2.89971, -1.61642], "size": [3, 7.3, 3], "inflate": 0.25, "pivot": [-14.42387, -5.24971, -0.11642], "rotation": [0, 45, 0], "uv": [16, 140], "mirror": true}
					]
				},
				{
					"name": "bone8",
					"parent": "right_foot",
					"pivot": [-10.42387, -5.24971, -0.11642],
					"rotation": [0, 0, -15],
					"cubes": [
						{"origin": [-12.92387, -6.89971, -2.61642], "size": [4, 5.3, 4], "pivot": [-10.42387, -5.24971, -0.11642], "rotation": [0, 45, 0], "uv": [89, 138], "mirror": true}
					]
				},
				{
					"name": "bone12",
					"parent": "right_foot",
					"pivot": [-10.71677, -1.24971, -0.31642],
					"rotation": [0, 0, 12.5],
					"cubes": [
						{"origin": [-12.30255, -4.89971, -3.2], "size": [4, 7.3, 4], "pivot": [-9.30255, -8.24971, -0.31642], "rotation": [0, 45, 0], "uv": [0, 136], "mirror": true}
					]
				}
			]
		}
	]
}