{
	"format_version": "1.8.0",
	"animations": {
		"animation.groudon.ground_idle": {
			"loop": true,
			"bones": {
				"shoulder_left": {
					"rotation": [21.65096, 19.63084, 9.6332],
					"position": [0, 0, -1]
				},
				"arm_left": {
					"rotation": [0, 22.5, 32.5]
				},
				"arm_left2": {
					"rotation": [1.72007, 24.45215, 16.26027]
				},
				"claw_left_pointer": {
					"rotation": [0, 0, 12.5],
					"position": [0, 0, 0]
				},
				"claw_left_pointer2": {
					"rotation": [0, 0, 27.5]
				},
				"claw_left_thumb": {
					"rotation": [35.95886, -43.96924, -26.73242]
				},
				"claw_left_thumb2": {
					"rotation": [22.5, 0, 0]
				},
				"leg_left": {
					"rotation": [0, -30, 0],
					"position": [-2, 0, 0]
				},
				"torso": {
					"rotation": [-20, 0, 0]
				},
				"claw_left_pinky": {
					"rotation": [0, 0, 22.5]
				},
				"claw_left_pinky2": {
					"rotation": [0, 0, 17.5]
				},
				"claw_left_middle": {
					"rotation": [0, 0, 0]
				},
				"claw_left_middle2": {
					"rotation": [0, 0, 17.5]
				},
				"claw_left_middle3": {
					"rotation": [0, 0, 25]
				},
				"head": {
					"rotation": [12.5, 0, 0],
					"position": [0, -1, 0]
				},
				"bone32": {
					"rotation": [12.5, 0, 0]
				},
				"chest": {
					"rotation": [10, 0, 0]
				},
				"shoulder_right": {
					"rotation": [21.65095, -19.63088, -9.63324],
					"position": [0, 0, -1]
				},
				"arm_right": {
					"rotation": [0, -22.5, -32.5]
				},
				"arm_right2": {
					"rotation": [1.72007, -24.4522, -16.2603]
				},
				"claw_right_pointer": {
					"rotation": [0, 0, -12.5],
					"position": [0, 0, 0]
				},
				"claw_right_pointer2": {
					"rotation": [0, 0, -27.5]
				},
				"claw_right_thumb": {
					"rotation": [35.95886, 43.9692, 26.7324]
				},
				"claw_right_thumb2": {
					"rotation": [22.5, 0, 0]
				},
				"claw_right_pinky": {
					"rotation": [0, 0, -22.5]
				},
				"claw_right_pinky2": {
					"rotation": [0, 0, -17.5]
				},
				"claw_right_middle2": {
					"rotation": [0, 0, -17.5]
				},
				"claw_right_middle3": {
					"rotation": [0, 0, -25]
				},
				"leg_right": {
					"rotation": [0, 30, 0],
					"position": [2, 0, 0]
				},
				"neck": {
					"rotation": [5, 0, 0]
				},
				"bone28": {
					"rotation": [0, 0, 0]
				},
				"bone31": {
					"position": [0, 0, 0]
				}
			}
		},
		"animation.groudon.ground_walk": {
			"loop": true,
			"animation_length": 2.5,
			"bones": {
				"hand_left": {
					"rotation": [0, "20+Math.cos((query.anim_time-0.7) * 90 * 1.6) * -5", 17.5]
				},
				"hand_left2": {
					"rotation": [15, 0, 0]
				},
				"finger_left": {
					"rotation": [0, 0, 12.5]
				},
				"finger_left2": {
					"rotation": [0, 0, 22.5]
				},
				"finger_left3": {
					"rotation": [0, 0, 7.5]
				},
				"finger_left4": {
					"rotation": [0, 0, 22.5]
				},
				"finger_left5": {
					"rotation": [0, 0, 12.5]
				},
				"finger_left6": {
					"rotation": [0, 0, 22.5]
				},
				"finger_left7": {
					"rotation": [0, 0, 15]
				},
				"finger_left8": {
					"rotation": [0, 0, 22.5]
				},
				"finger_left9": {
					"rotation": [0, 12.5, 0]
				},
				"finger_left10": {
					"rotation": [0, -20, 0]
				},
				"hand_right": {
					"rotation": [0, "-20+Math.cos((query.anim_time-0.7) * 90 * 1.6) * -5", -17.5]
				},
				"hand_right2": {
					"rotation": [15, 0, 0]
				},
				"finger_right": {
					"rotation": [0, 0, -12.5]
				},
				"finger_right2": {
					"rotation": [0, 0, -22.5]
				},
				"finger_right3": {
					"rotation": [0, 0, -7.5]
				},
				"finger_right4": {
					"rotation": [0, 0, -22.5]
				},
				"finger_right5": {
					"rotation": [0, 0, -12.5]
				},
				"finger_right6": {
					"rotation": [0, 0, -22.5]
				},
				"finger_right7": {
					"rotation": [0, 0, -15]
				},
				"finger_right8": {
					"rotation": [0, 0, -22.5]
				},
				"finger_right9": {
					"rotation": [0, -12.5, 0]
				},
				"finger_right10": {
					"rotation": [0, 20, 0]
				},
				"foot_left": {
					"rotation": {
						"0.0": [34, 0, 0],
						"0.0833": [27.08, 0, 0],
						"0.1667": [20.58, 0, 0],
						"0.2917": [18.58, 0, 0],
						"0.4583": [0, 0, 0],
						"0.625": [-7.29, 0, 0],
						"0.9167": [5, 0, 0],
						"1.125": [6.67, 0, 0],
						"1.4583": [15, 0, 0],
						"1.7917": [51.67, 0, 0],
						"1.9583": [55, 0, 0],
						"2.2083": [49.71, 0, 0],
						"2.375": [41.59, 0, 0],
						"2.5": [34, 0, 0]
					}
				},
				"foot_right": {
					"rotation": {
						"0.0": [9.79, 0, 0],
						"0.2083": [15, 0, 0],
						"0.5417": [51.67, 0, 0],
						"0.7083": [55, 0, 0],
						"0.9583": [49.71, 0, 0],
						"1.125": [41.59, 0, 0],
						"1.25": [34, 0, 0],
						"1.3333": [27.08, 0, 0],
						"1.4167": [20.58, 0, 0],
						"1.5417": [18.58, 0, 0],
						"1.7083": [-2.5, 0, 0],
						"1.875": [-7.29, 0, 0],
						"2.1667": [5, 0, 0],
						"2.375": [6.67, 0, 0],
						"2.5": [9.79, 0, 0]
					}
				},
				"leg_left": {
					"rotation": {
						"0.0": [-52.5, -10, 0],
						"0.0833": [-56.25, -10, 0],
						"0.2083": [-46.87, -10, 0],
						"0.375": [-17, -9, 0],
						"0.9167": [16.5, -3, 0],
						"1.1667": [28.75, -0.5, 0],
						"1.25": [30.54, 0, 0],
						"1.4583": [35, 0, 0],
						"1.6667": [17.81, -1, 0],
						"1.9583": [-27.25, -5, 0],
						"2.375": [-43.44, -9, 0],
						"2.5": [-52.5, -10, 0]
					},
					"position": {
						"0.0": [0, 0, 6],
						"1.25": [0, 0, 0],
						"2.5": [0, 0, 6]
					}
				},
				"leg_left2": {
					"rotation": {
						"0.0": [2.5, 0, 0],
						"0.375": [17.5, 0, 0],
						"0.9167": [0, 0, 0],
						"1.4583": [20, 0, 0],
						"1.9583": [51.25, 0, 0],
						"2.5": [2.5, 0, 0]
					}
				},
				"leg_right": {
					"rotation": {
						"0.0": [30.54, 0, 0],
						"0.2083": [35, 0, 0],
						"0.4167": [17.81, 1, 0],
						"0.7083": [-27.25, 5, 0],
						"1.125": [-43.44, 9, 0],
						"1.25": [-52.5, 10, 0],
						"1.3333": [-56.25, 10, 0],
						"1.4583": [-46.87, 10, 0],
						"1.625": [-18, 9, 0],
						"2.1667": [24.5, 3, 0],
						"2.4167": [28.75, 0.5, 0],
						"2.5": [30.54, 0, 0]
					},
					"position": {
						"0.0": [0, 0, 0],
						"1.25": [0, 0, 6],
						"2.5": [0, 0, 0]
					}
				},
				"leg_right2": {
					"rotation": {
						"0.0": [12.31, 0, 0],
						"0.2083": [20, 0, 0],
						"0.7083": [51.25, 0, 0],
						"1.25": [2.5, 0, 0],
						"1.625": [17.5, 0, 0],
						"2.1667": [0, 0, 0],
						"2.5": [12.31, 0, 0]
					}
				},
				"head": {
					"rotation": [0, 0, 0]
				},
				"shoulder_left": {
					"rotation": [0.76926, 13.56626, 23.96066],
					"position": [0, 0, -1]
				},
				"arm_left": {
					"rotation": [0, 22.5, 32.5],
					"position": {
						"0.0": [0, 0, 0],
						"0.3333": [0, 0, 0],
						"0.4167": [0, -0.5, -0.00002],
						"0.4583": [0, -0.24999, 0.00825],
						"0.5417": [0, 0.49976, 0.03115],
						"0.625": [0, 0, 0],
						"1.5417": [0, 0, 0],
						"1.625": [0, -0.5, -0.00002],
						"1.6667": [0, -0.24999, 0.00825],
						"1.75": [0, 0.49976, 0.03115],
						"1.8333": [0, 0, 0]
					}
				},
				"arm_left2": {
					"rotation": [1.72007, 24.45215, 16.26027]
				},
				"claw_left_pointer": {
					"rotation": [0, 0, 12.5],
					"position": [0, 0, 0]
				},
				"claw_left_pointer2": {
					"rotation": [0, 0, 27.5]
				},
				"claw_left_thumb": {
					"rotation": [35.95886, -43.96924, -26.73242]
				},
				"claw_left_thumb2": {
					"rotation": [22.5, 0, 0]
				},
				"claw_left_pinky": {
					"rotation": [0, 0, 22.5]
				},
				"claw_left_pinky2": {
					"rotation": [0, 0, 17.5]
				},
				"claw_left_middle": {
					"rotation": [0, 0, 0]
				},
				"claw_left_middle2": {
					"rotation": [0, 0, 17.5]
				},
				"claw_left_middle3": {
					"rotation": [0, 0, 25]
				},
				"shoulder_right": {
					"rotation": [3.26926, -13.5663, -23.9607],
					"position": [0, 0, -1]
				},
				"arm_right": {
					"rotation": [0, -22.5, -32.5],
					"position": {
						"0.375": [0, 0, 0],
						"0.4583": [0, -0.5, -0.00002],
						"0.5": [0, -0.24999, 0.00825],
						"0.5833": [0, 0.49976, 0.03115],
						"0.6667": [0, 0, 0],
						"1.5833": [0, 0, 0],
						"1.6667": [0, -0.5, -0.00002],
						"1.7083": [0, -0.24999, 0.00825],
						"1.7917": [0, 0.49976, 0.03115],
						"1.875": [0, 0, 0]
					}
				},
				"arm_right2": {
					"rotation": [1.72007, -24.4522, -16.2603]
				},
				"claw_right_pointer": {
					"rotation": [0, 0, -12.5],
					"position": [0, 0, 0]
				},
				"claw_right_pointer2": {
					"rotation": [0, 0, -27.5]
				},
				"claw_right_thumb": {
					"rotation": [35.95886, 43.9692, 26.7324]
				},
				"claw_right_thumb2": {
					"rotation": [22.5, 0, 0]
				},
				"claw_right_pinky": {
					"rotation": [0, 0, -22.5]
				},
				"claw_right_pinky2": {
					"rotation": [0, 0, -17.5]
				},
				"claw_right_middle2": {
					"rotation": [0, 0, -17.5]
				},
				"claw_right_middle3": {
					"rotation": [0, 0, -25]
				},
				"torso": {
					"position": {
						"0.0": [0, "-1.5+Math.cos((query.anim_time) * 90 * 1.6*2) * 1.5", 0],
						"0.375": [0, "-2+Math.cos((query.anim_time) * 90 * 1.6*2) * 1.5", 0],
						"0.4583": [0, "-0.5+Math.cos((query.anim_time) * 90 * 1.6*2) * 1.5", 0],
						"0.5417": [0, "-0.25+Math.cos((query.anim_time) * 90 * 1.6*2) * 1.5", 0],
						"0.625": [0, "-1+Math.cos((query.anim_time) * 90 * 1.6*2) * 1.5", 0],
						"1.6667": [0, "-1.5+Math.cos((query.anim_time) * 90 * 1.6*2) * 1.5", 0],
						"1.75": [0, "-0.25+Math.cos((query.anim_time) * 90 * 1.6*2) * 1.5", 0],
						"1.8333": [0, "Math.cos((query.anim_time) * 90 * 1.6*2) * 1.5", 0],
						"1.9583": [0, "-1+Math.cos((query.anim_time) * 90 * 1.6*2) * 1.5", 0],
						"2.5": [0, "-1.5+Math.cos((query.anim_time) * 90 * 1.6*2) * 1.5", 0]
					}
				},
				"body": {
					"rotation": ["2.5+Math.cos((query.anim_time-0.3) * 90 * 1.6*2) * -3", "Math.cos((query.anim_time) * 90 * 1.6) * -3", 0],
					"position": {
						"0.0": [0, "-1.5+Math.cos((query.anim_time) * 90 * 1.6*2) * 1.5", 0],
						"0.375": [0, "-2+Math.cos((query.anim_time) * 90 * 1.6*2) * 1.5", 0],
						"0.4583": [0, "-0.5+Math.cos((query.anim_time) * 90 * 1.6*2) * 1.5", 0],
						"0.5417": [0, "-0.25+Math.cos((query.anim_time) * 90 * 1.6*2) * 1.5", 0],
						"0.625": [0, "-1+Math.cos((query.anim_time) * 90 * 1.6*2) * 1.5", 0],
						"1.6667": [0, "-1.5+Math.cos((query.anim_time) * 90 * 1.6*2) * 1.5", 0],
						"1.75": [0, "-0.25+Math.cos((query.anim_time) * 90 * 1.6*2) * 1.5", 0],
						"1.8333": [0, "Math.cos((query.anim_time) * 90 * 1.6*2) * 1.5", 0],
						"1.9583": [0, "-1+Math.cos((query.anim_time) * 90 * 1.6*2) * 1.5", 0],
						"2.5": [0, "-1.5+Math.cos((query.anim_time) * 90 * 1.6*2) * 1.5", 0]
					}
				}
			}
		},
		"animation.groudon.pose": {
			"loop": true,
			"bones": {
				"shoulder_left": {
					"rotation": [-85.15792, -57.35242, 27.91633],
					"position": [-1, -1, -1]
				},
				"arm_left": {
					"rotation": [0, 22.5, 32.5]
				},
				"arm_left2": {
					"rotation": [1.72007, 24.45215, 16.26027]
				},
				"claw_left_pointer": {
					"rotation": [0, 0, 12.5],
					"position": [0, 0, 0]
				},
				"claw_left_pointer2": {
					"rotation": [0, 0, 27.5]
				},
				"claw_left_thumb": {
					"rotation": [35.95886, -43.96924, -26.73242]
				},
				"claw_left_thumb2": {
					"rotation": [22.5, 0, 0]
				},
				"leg_left": {
					"rotation": [0, -30, 0],
					"position": [-2, 0, 0]
				},
				"claw_left_pinky": {
					"rotation": [0, 0, 22.5]
				},
				"claw_left_pinky2": {
					"rotation": [0, 0, 17.5]
				},
				"claw_left_middle": {
					"rotation": [0, 0, 0]
				},
				"claw_left_middle2": {
					"rotation": [0, 0, 17.5]
				},
				"claw_left_middle3": {
					"rotation": [0, 0, 25]
				},
				"head": {
					"rotation": [5, 0, 0],
					"position": [0, -1, 0]
				},
				"bone28": {
					"rotation": [0, 0, 0],
					"position": [0, 0.25, 0]
				},
				"bone32": {
					"rotation": [12.5, 0, 0]
				},
				"chest": {
					"rotation": [-15, 0, 0]
				},
				"shoulder_right": {
					"rotation": [-85.15792, 57.3524, -27.9163],
					"position": [1, -1, -1]
				},
				"arm_right": {
					"rotation": [0, -22.5, -32.5]
				},
				"arm_right2": {
					"rotation": [1.72007, -24.4522, -16.2603]
				},
				"claw_right_pointer": {
					"rotation": [0, 0, -12.5],
					"position": [0, 0, 0]
				},
				"claw_right_pointer2": {
					"rotation": [0, 0, -27.5]
				},
				"claw_right_thumb": {
					"rotation": [35.95886, 43.9692, 26.7324]
				},
				"claw_right_thumb2": {
					"rotation": [22.5, 0, 0]
				},
				"claw_right_pinky": {
					"rotation": [0, 0, -22.5]
				},
				"claw_right_pinky2": {
					"rotation": [0, 0, -17.5]
				},
				"claw_right_middle2": {
					"rotation": [0, 0, -17.5]
				},
				"claw_right_middle3": {
					"rotation": [0, 0, -25]
				},
				"jaw": {
					"rotation": [65, 0, 0]
				},
				"leg_right": {
					"rotation": [0, 30, 0],
					"position": [2, 0, 0]
				},
				"neck": {
					"rotation": [5, 0, 0]
				},
				"body": {
					"rotation": [-20, 0, 0]
				}
			}
		},
		"animation.groudon.shocked": {
			"loop": true,
			"bones": {
				"shoulder_left": {
					"rotation": [25.76926, 13.56626, 23.96066],
					"position": [0, 0, -1]
				},
				"arm_left": {
					"rotation": [-128.99466, -6.33461, 256.05046],
					"scale": 1
				},
				"arm_left2": {
					"rotation": [-4.14354, -12.47767, 40.82719]
				},
				"claw_left_pointer": {
					"rotation": [0, 0, 12.5],
					"position": [0, 0, 0]
				},
				"claw_left_pointer2": {
					"rotation": [0, 0, 27.5]
				},
				"claw_left_thumb": {
					"rotation": [35.95886, -43.96924, -26.73242]
				},
				"claw_left_thumb2": {
					"rotation": [22.5, 0, 0]
				},
				"leg_left": {
					"rotation": [0, -30, 0],
					"position": [-2, 0, 0]
				},
				"claw_left_pinky": {
					"rotation": [0, 0, 22.5]
				},
				"claw_left_pinky2": {
					"rotation": [0, 0, 17.5]
				},
				"claw_left_middle": {
					"rotation": [0, 0, 0]
				},
				"claw_left_middle2": {
					"rotation": [0, 0, 17.5]
				},
				"claw_left_middle3": {
					"rotation": [0, 0, 25]
				},
				"head": {
					"rotation": [-2.5, 0, 0],
					"position": [0, -1, 0]
				},
				"bone32": {
					"rotation": [12.5, 0, 0]
				},
				"chest": {
					"rotation": [5, 0, 0]
				},
				"shoulder_right": {
					"rotation": [14.74495, -25.14479, 8.3506],
					"position": [0, 0, -1]
				},
				"arm_right": {
					"rotation": [-139.50014, -20.39471, 84.80506]
				},
				"arm_right2": {
					"rotation": [1.60716, 13.03311, -15.1856]
				},
				"claw_right_pointer": {
					"rotation": [0, 0, -12.5],
					"position": [0, 0, 0]
				},
				"claw_right_pointer2": {
					"rotation": [0, 0, -27.5]
				},
				"claw_right_thumb": {
					"rotation": [35.95886, 43.9692, 26.7324]
				},
				"claw_right_thumb2": {
					"rotation": [22.5, 0, 0]
				},
				"claw_right_pinky": {
					"rotation": [0, 0, -22.5]
				},
				"claw_right_pinky2": {
					"rotation": [0, 0, -17.5]
				},
				"claw_right_middle2": {
					"rotation": [0, 0, -17.5]
				},
				"claw_right_middle3": {
					"rotation": [0, 0, -25]
				},
				"jaw": {
					"rotation": [0, 0, 0]
				},
				"leg_right": {
					"rotation": [0, 30, 0],
					"position": [2, 0, 0]
				},
				"neck": {
					"rotation": [5, 0, 0]
				},
				"bone28": {
					"rotation": [90, 0, 0],
					"position": [0, -9, -2]
				},
				"bone30": {
					"rotation": [0, 0, 0]
				},
				"bone4": {
					"scale": 0
				},
				"bone26": {
					"rotation": [0, 0, 0],
					"scale": 0
				},
				"body": {
					"rotation": [-20, 0, 0]
				}
			}
		},
		"animation.groudon.cry": {
			"animation_length": 2,
			"bones": {
				"shoulder_left": {
					"rotation": {
						"0.0": {
							"post": [25.76926, 13.56626, 23.96066],
							"lerp_mode": "catmullrom"
						},
						"0.5": {
							"post": [-85.15792, -57.35242, 27.91633],
							"lerp_mode": "catmullrom"
						},
						"1.5": {
							"post": [-85.15792, -57.35242, 27.91633],
							"lerp_mode": "catmullrom"
						},
						"2.0": {
							"post": [25.76926, 13.56626, 23.96066],
							"lerp_mode": "catmullrom"
						}
					},
					"position": {
						"0.0": {
							"post": [0, 0, -1],
							"lerp_mode": "catmullrom"
						},
						"0.5": {
							"post": [-1, -1, -1],
							"lerp_mode": "catmullrom"
						},
						"1.5": {
							"post": [-1, -1, -1],
							"lerp_mode": "catmullrom"
						},
						"2.0": {
							"post": [0, 0, -1],
							"lerp_mode": "catmullrom"
						}
					}
				},
				"arm_left": {
					"rotation": {
						"0.0": {
							"post": [0, 22.5, 32.5],
							"lerp_mode": "catmullrom"
						},
						"0.5": {
							"post": [0, 22.5, 32.5],
							"lerp_mode": "catmullrom"
						},
						"1.5": {
							"post": [0, 22.5, 32.5],
							"lerp_mode": "catmullrom"
						},
						"2.0": {
							"post": [0, 22.5, 32.5],
							"lerp_mode": "catmullrom"
						}
					}
				},
				"arm_left2": {
					"rotation": {
						"0.0": {
							"post": [1.72007, 24.45215, 16.26027],
							"lerp_mode": "catmullrom"
						},
						"0.5": {
							"post": [1.72007, 24.45215, 16.26027],
							"lerp_mode": "catmullrom"
						},
						"1.5": {
							"post": [1.72007, 24.45215, 16.26027],
							"lerp_mode": "catmullrom"
						},
						"2.0": {
							"post": [1.72007, 24.45215, 16.26027],
							"lerp_mode": "catmullrom"
						}
					}
				},
				"claw_left_pointer": {
					"rotation": [0, 0, 12.5],
					"position": [0, 0, 0]
				},
				"claw_left_pointer2": {
					"rotation": [0, 0, 27.5]
				},
				"claw_left_thumb": {
					"rotation": [35.95886, -43.96924, -26.73242]
				},
				"claw_left_thumb2": {
					"rotation": [22.5, 0, 0]
				},
				"leg_left": {
					"rotation": [0, -30, 0],
					"position": {
						"0.0": [-2, 0, 0],
						"0.5": [-2, 0, 0],
						"0.5417": [-2, 0, 0],
						"0.5833": {"pre": [-2, 0, 0], "post": [-1, 0, 0]},
						"0.625": {"pre": [-1, 0, 0], "post": [-2, 0, 0]},
						"0.6667": {"pre": [-2, 0, 0], "post": [-1, 0, 0]},
						"0.7083": {"pre": [-1, 0, 0], "post": [-2, 0, 0]},
						"0.75": {"pre": [-2, 0, 0], "post": [-1, 0, 0]},
						"0.7917": {"pre": [-1, 0, 0], "post": [-2, 0, 0]},
						"0.8333": {"pre": [-2, 0, 0], "post": [-1, 0, 0]},
						"0.875": {"pre": [-1, 0, 0], "post": [-2, 0, 0]},
						"0.9167": {"pre": [-2, 0, 0], "post": [-1, 0, 0]},
						"0.9583": {"pre": [-1, 0, 0], "post": [-2, 0, 0]},
						"1.0": {"pre": [-2, 0, 0], "post": [-1, 0, 0]},
						"1.0417": {"pre": [-1, 0, 0], "post": [-2, 0, 0]},
						"1.0833": {"pre": [-2, 0, 0], "post": [-1, 0, 0]},
						"1.125": {"pre": [-1, 0, 0], "post": [-2, 0, 0]},
						"1.1667": {"pre": [-2, 0, 0], "post": [-1, 0, 0]},
						"1.2083": {"pre": [-1, 0, 0], "post": [-2, 0, 0]},
						"1.25": {"pre": [-2, 0, 0], "post": [-1, 0, 0]},
						"1.2917": {"pre": [-1, 0, 0], "post": [-2, 0, 0]},
						"1.3333": {"pre": [-2, 0, 0], "post": [-1, 0, 0]},
						"1.375": {"pre": [-1, 0, 0], "post": [-2, 0, 0]},
						"1.4167": {"pre": [-2, 0, 0], "post": [-1, 0, 0]},
						"1.4583": {"pre": [-1, 0, 0], "post": [-2, 0, 0]}
					}
				},
				"body": {
					"position": {
						"0.0": {
							"post": [0, 0, 0],
							"lerp_mode": "catmullrom"
						},
						"0.5417": [0, 0, 0],
						"0.5833": {"pre": [0, 0, 0], "post": [1, 0, 0]},
						"0.625": {"pre": [1, 0, 0], "post": [0, 0, 0]},
						"0.6667": {"pre": [0, 0, 0], "post": [1, 0, 0]},
						"0.7083": {"pre": [1, 0, 0], "post": [0, 0, 0]},
						"0.75": {"pre": [0, 0, 0], "post": [1, 0, 0]},
						"0.7917": {"pre": [1, 0, 0], "post": [0, 0, 0]},
						"0.8333": {"pre": [0, 0, 0], "post": [1, 0, 0]},
						"0.875": {"pre": [1, 0, 0], "post": [0, 0, 0]},
						"0.9167": {"pre": [0, 0, 0], "post": [1, 0, 0]},
						"0.9583": {"pre": [1, 0, 0], "post": [0, 0, 0]},
						"1.0": {"pre": [0, 0, 0], "post": [1, 0, 0]},
						"1.0417": {"pre": [1, 0, 0], "post": [0, 0, 0]},
						"1.0833": {"pre": [0, 0, 0], "post": [1, 0, 0]},
						"1.125": {"pre": [1, 0, 0], "post": [0, 0, 0]},
						"1.1667": {"pre": [0, 0, 0], "post": [1, 0, 0]},
						"1.2083": {"pre": [1, 0, 0], "post": [0, 0, 0]},
						"1.25": {"pre": [0, 0, 0], "post": [1, 0, 0]},
						"1.2917": {"pre": [1, 0, 0], "post": [0, 0, 0]},
						"1.3333": {"pre": [0, 0, 0], "post": [1, 0, 0]},
						"1.375": {"pre": [1, 0, 0], "post": [0, 0, 0]},
						"1.4167": {"pre": [0, 0, 0], "post": [1, 0, 0]},
						"1.5": {
							"pre": [0, 0, 0],
							"post": [0, 0, 0],
							"lerp_mode": "catmullrom"
						},
						"2.0": [0, 0, 0]
					}
				},
				"claw_left_pinky": {
					"rotation": [0, 0, 22.5]
				},
				"claw_left_pinky2": {
					"rotation": [0, 0, 17.5]
				},
				"claw_left_middle": {
					"rotation": [0, 0, 0]
				},
				"claw_left_middle2": {
					"rotation": [0, 0, 17.5]
				},
				"claw_left_middle3": {
					"rotation": [0, 0, 25]
				},
				"head": {
					"rotation": {
						"0.0": {
							"post": [12.5, 0, 0],
							"lerp_mode": "catmullrom"
						},
						"0.25": {
							"post": [36.25, 0, 0],
							"lerp_mode": "catmullrom"
						},
						"0.5": {
							"post": [0.47479, 17.22575, 3.13388],
							"lerp_mode": "catmullrom"
						},
						"1.0": {
							"post": [-18.32771, 9.97482, 4.94701],
							"lerp_mode": "catmullrom"
						},
						"1.5": {
							"post": [0.47479, -17.2258, -3.1339],
							"lerp_mode": "catmullrom"
						},
						"2.0": {
							"post": [12.5, 0, 0],
							"lerp_mode": "catmullrom"
						}
					},
					"position": {
						"0.0": {
							"post": [0, -1, 0],
							"lerp_mode": "catmullrom"
						},
						"0.25": {
							"post": [0, 0, -2],
							"lerp_mode": "catmullrom"
						},
						"0.5": {
							"post": [0, -1, 0],
							"lerp_mode": "catmullrom"
						},
						"1.5": {
							"post": [0, -1, 0],
							"lerp_mode": "catmullrom"
						},
						"2.0": {
							"post": [0, -1, 0],
							"lerp_mode": "catmullrom"
						}
					}
				},
				"bone32": {
					"rotation": [12.5, 0, 0]
				},
				"chest": {
					"rotation": {
						"0.0": {
							"post": [5, 0, 0],
							"lerp_mode": "catmullrom"
						},
						"0.5": {
							"post": [-15, 0, 0],
							"lerp_mode": "catmullrom"
						},
						"1.5": {
							"post": [-15, 0, 0],
							"lerp_mode": "catmullrom"
						},
						"2.0": {
							"post": [5, 0, 0],
							"lerp_mode": "catmullrom"
						}
					},
					"position": {
						"0.0": [0, 0, 0],
						"1.125": [0, 0, 0]
					}
				},
				"shoulder_right": {
					"rotation": {
						"0.0": {
							"post": [25.76926, -13.5663, -23.9607],
							"lerp_mode": "catmullrom"
						},
						"0.5": {
							"post": [-85.15792, 57.3524, -27.9163],
							"lerp_mode": "catmullrom"
						},
						"1.5": {
							"post": [-85.15792, 57.3524, -27.9163],
							"lerp_mode": "catmullrom"
						},
						"2.0": {
							"post": [25.76926, -13.5663, -23.9607],
							"lerp_mode": "catmullrom"
						}
					},
					"position": {
						"0.0": {
							"post": [0, 0, -1],
							"lerp_mode": "catmullrom"
						},
						"0.5": {
							"post": [1, -1, -1],
							"lerp_mode": "catmullrom"
						},
						"1.5": {
							"post": [1, -1, -1],
							"lerp_mode": "catmullrom"
						},
						"2.0": {
							"post": [0, 0, -1],
							"lerp_mode": "catmullrom"
						}
					}
				},
				"arm_right": {
					"rotation": {
						"0.0": {
							"post": [0, -22.5, -32.5],
							"lerp_mode": "catmullrom"
						},
						"0.5": {
							"post": [0, -22.5, -32.5],
							"lerp_mode": "catmullrom"
						},
						"1.5": {
							"post": [0, -22.5, -32.5],
							"lerp_mode": "catmullrom"
						},
						"2.0": {
							"post": [0, -22.5, -32.5],
							"lerp_mode": "catmullrom"
						}
					}
				},
				"arm_right2": {
					"rotation": {
						"0.0": {
							"post": [1.72007, -24.4522, -16.2603],
							"lerp_mode": "catmullrom"
						},
						"0.5": {
							"post": [1.72007, -24.4522, -16.2603],
							"lerp_mode": "catmullrom"
						},
						"1.5": {
							"post": [1.72007, -24.4522, -16.2603],
							"lerp_mode": "catmullrom"
						},
						"2.0": {
							"post": [1.72007, -24.4522, -16.2603],
							"lerp_mode": "catmullrom"
						}
					}
				},
				"claw_right_pointer": {
					"rotation": [0, 0, -12.5],
					"position": [0, 0, 0]
				},
				"claw_right_pointer2": {
					"rotation": [0, 0, -27.5]
				},
				"claw_right_thumb": {
					"rotation": [35.95886, 43.9692, 26.7324]
				},
				"claw_right_thumb2": {
					"rotation": [22.5, 0, 0]
				},
				"claw_right_pinky": {
					"rotation": [0, 0, -22.5]
				},
				"claw_right_pinky2": {
					"rotation": [0, 0, -17.5]
				},
				"claw_right_middle2": {
					"rotation": [0, 0, -17.5]
				},
				"claw_right_middle3": {
					"rotation": [0, 0, -25]
				},
				"jaw": {
					"rotation": {
						"0.0": {
							"post": [0, 0, 0],
							"lerp_mode": "catmullrom"
						},
						"0.5": {
							"post": [65, 0, 0],
							"lerp_mode": "catmullrom"
						},
						"1.5": {
							"post": [65, 0, 0],
							"lerp_mode": "catmullrom"
						},
						"2.0": {
							"post": [0, 0, 0],
							"lerp_mode": "catmullrom"
						}
					}
				},
				"leg_right": {
					"rotation": [0, 30, 0],
					"position": {
						"0.0": [2, 0, 0],
						"0.5": [2, 0, 0],
						"0.5417": [2, 0, 0],
						"0.5833": {"pre": [2, 0, 0], "post": [3, 0, 0]},
						"0.625": {"pre": [3, 0, 0], "post": [2, 0, 0]},
						"0.6667": {"pre": [2, 0, 0], "post": [3, 0, 0]},
						"0.7083": {"pre": [3, 0, 0], "post": [2, 0, 0]},
						"0.75": {"pre": [2, 0, 0], "post": [3, 0, 0]},
						"0.7917": {"pre": [3, 0, 0], "post": [2, 0, 0]},
						"0.8333": {"pre": [2, 0, 0], "post": [3, 0, 0]},
						"0.875": {"pre": [3, 0, 0], "post": [2, 0, 0]},
						"0.9167": {"pre": [2, 0, 0], "post": [3, 0, 0]},
						"0.9583": {"pre": [3, 0, 0], "post": [2, 0, 0]},
						"1.0": {"pre": [2, 0, 0], "post": [3, 0, 0]},
						"1.0417": {"pre": [3, 0, 0], "post": [2, 0, 0]},
						"1.0833": {"pre": [2, 0, 0], "post": [3, 0, 0]},
						"1.125": {"pre": [3, 0, 0], "post": [2, 0, 0]},
						"1.1667": {"pre": [2, 0, 0], "post": [3, 0, 0]},
						"1.2083": {"pre": [3, 0, 0], "post": [2, 0, 0]},
						"1.25": {"pre": [2, 0, 0], "post": [3, 0, 0]},
						"1.2917": {"pre": [3, 0, 0], "post": [2, 0, 0]},
						"1.3333": {"pre": [2, 0, 0], "post": [3, 0, 0]},
						"1.375": {"pre": [3, 0, 0], "post": [2, 0, 0]},
						"1.4167": {"pre": [2, 0, 0], "post": [3, 0, 0]},
						"1.4583": {"pre": [3, 0, 0], "post": [2, 0, 0]}
					}
				},
				"neck": {
					"rotation": {
						"0.0": {
							"post": [5, 0, 0],
							"lerp_mode": "catmullrom"
						},
						"0.5": {
							"post": [5, 0, 0],
							"lerp_mode": "catmullrom"
						},
						"1.5": {
							"post": [5, 0, 0],
							"lerp_mode": "catmullrom"
						},
						"2.0": {
							"post": [5, 0, 0],
							"lerp_mode": "catmullrom"
						}
					}
				},
				"upper_torso": {
					"position": {
						"0.0": [0, 0, 0],
						"0.7083": [0, 0, 0],
						"2.0": [0, 0, 0]
					}
				},
				"bone28": {
					"rotation": {
						"0.5": {
							"pre": [0, 0, 0],
							"post": [0, 0, 0],
							"lerp_mode": "catmullrom"
						},
						"1.5": {
							"post": [0, 0, 0],
							"lerp_mode": "catmullrom"
						}
					},
					"position": {
						"0.5": {
							"pre": [0, 0.25, 0],
							"post": [0, 0.25, 0],
							"lerp_mode": "catmullrom"
						},
						"1.5": {
							"post": [0, 0.25, 0],
							"lerp_mode": "catmullrom"
						}
					}
				}
			}
		}
	}
}