{
	"format_version": "1.8.0",
	"animations": {
		"animation.lopunnymega.ground_idle": {
			"loop": true,
			"bones": {
				"torso_top": {
					"rotation": [0, 0, "Math.sin((query.anim_time) * 90) * 1"]
				},
				"head": {
					"rotation": ["Math.cos((query.anim_time) * 80) * 5", 0, 0]
				},
				"ear_right": {
					"rotation": [0, 0, "-32.5 + Math.cos((query.anim_time) * 720) * 2"]
				},
				"ear_right3": {
					"rotation": [0, 0, "-20 + Math.cos((query.anim_time - 0.1) * 180) * 2"]
				},
				"ear_right4": {
					"rotation": [0, 0, "-20 + Math.cos((query.anim_time - 0.15) * 180) * 3"]
				},
				"ear_left": {
					"rotation": [0, 0, "32.5 - Math.cos((query.anim_time) * 720) * 2"]
				},
				"ear_left3": {
					"rotation": [0, 0, "20 + Math.cos((query.anim_time - 0.1) * 180) * 2"]
				},
				"ear_left4": {
					"rotation": [0, 0, "20 + Math.cos((query.anim_time - 0.15) * 180) * 3"]
				},
				"arm_right": {
					"rotation": [0, "-5 + Math.cos((query.anim_time) * 400) * 0.7", "-51.1662 + Math.cos((query.anim_time) * 720) * 3"]
				},
				"arm_right2": {
					"rotation": [0, "-40 0", 0]
				},
				"arm_right_hand": {
					"rotation": [0, -12.5, 0]
				},
				"arm_left": {
					"rotation": [9.5109, "54.3801 + Math.cos((query.anim_time) * 400) * 1", "12.8382 + Math.cos((query.anim_time) * 720) * 3"]
				},
				"arm_left2": {
					"rotation": [0, 45, 0]
				},
				"arm_left_hand": {
					"rotation": [0, 7.5, -15]
				},
				"torso_bottom": {
					"rotation": [0, 0, 0]
				},
				"leg_left": {
					"rotation": [-50, 0, 0],
					"position": ["Math.cos((query.anim_time) * 360) * 0.2", "-1.5 - Math.cos((query.anim_time) * 360) * 0.7", -0.5]
				},
				"leg_left2": {
					"rotation": [57.5, 0, 0]
				},
				"torso_upper": {
					"rotation": [0, 0, "Math.sin((query.anim_time) * 90) * 1"],
					"position": [
						"Math.cos((query.anim_time) * 360) * 0.2",
						"-1 - Math.cos((query.anim_time) * 720) * 0.5",
						"-0.5 - Math.cos((query.anim_time) * 360) * 0.5"
					]
				},
				"tail": {
					"position": [0, 0, -1]
				},
				"leg_right": {
					"rotation": [15, 0, 0],
					"position": ["Math.cos((query.anim_time) * 360) * 0.2", "0 + Math.cos((query.anim_time) * 360) * 0.7", 0]
				},
				"leg_right2": {
					"rotation": [-7.5, 0, 0],
					"position": [0, 0, -0.25]
				}
			}
		},
		"animation.lopunnymega.faint": {
			"loop": true,
			"bones": {
				"torso_top": {
					"rotation": [0, 0, "Math.sin((query.anim_time) * 90) * 1"]
				},
				"head": {
					"rotation": ["Math.cos((query.anim_time) * 80) * 5", 0, 0]
				},
				"ear_right": {
					"rotation": [0, 0, "-32.5 + Math.cos((query.anim_time) * 720) * 2"]
				},
				"ear_right3": {
					"rotation": [0, 0, "-20 + Math.cos((query.anim_time - 0.1) * 180) * 2"]
				},
				"ear_right4": {
					"rotation": [0, 0, "-20 + Math.cos((query.anim_time - 0.15) * 180) * 3"]
				},
				"ear_left": {
					"rotation": [0, 0, "32.5 - Math.cos((query.anim_time) * 720) * 2"]
				},
				"ear_left3": {
					"rotation": [0, 0, "20 + Math.cos((query.anim_time - 0.1) * 180) * 2"]
				},
				"ear_left4": {
					"rotation": [0, 0, "20 + Math.cos((query.anim_time - 0.15) * 180) * 3"]
				},
				"arm_right": {
					"rotation": [0, "-5 + Math.cos((query.anim_time) * 400) * 0.7", "-51.1662 + Math.cos((query.anim_time) * 720) * 3"]
				},
				"arm_right2": {
					"rotation": [0, "-40 0", 0]
				},
				"arm_right_hand": {
					"rotation": [0, -12.5, 0]
				},
				"arm_left": {
					"rotation": [9.5109, "54.3801 + Math.cos((query.anim_time) * 400) * 1", "12.8382 + Math.cos((query.anim_time) * 720) * 3"]
				},
				"arm_left2": {
					"rotation": [0, 45, 0]
				},
				"arm_left_hand": {
					"rotation": [0, 7.5, -15]
				},
				"torso_bottom": {
					"rotation": [0, 0, 0]
				},
				"leg_left": {
					"rotation": [-50, 0, 0],
					"position": ["Math.cos((query.anim_time) * 360) * 0.2", "-1.5 - Math.cos((query.anim_time) * 360) * 0.7", -0.5]
				},
				"leg_left2": {
					"rotation": [57.5, 0, 0]
				},
				"torso_upper": {
					"rotation": [0, 0, "Math.sin((query.anim_time) * 90) * 1"],
					"position": [
						"Math.cos((query.anim_time) * 360) * 0.2",
						"-1 - Math.cos((query.anim_time) * 720) * 0.5",
						"-0.5 - Math.cos((query.anim_time) * 360) * 0.5"
					]
				},
				"tail": {
					"position": [0, 0, -1]
				},
				"leg_right": {
					"rotation": [15, 0, 0],
					"position": ["Math.cos((query.anim_time) * 360) * 0.2", "0 + Math.cos((query.anim_time) * 360) * 0.7", 0]
				},
				"leg_right2": {
					"rotation": [-7.5, 0, 0],
					"position": [0, 0, -0.25]
				}
			}
		},
		"animation.lopunnymega.ground_walk": {
			"loop": true,
			"bones": {
				"torso_top": {
					"rotation": [0, 0, "Math.sin((query.anim_time) * 90) * 1"]
				},
				"head": {
					"rotation": ["Math.cos((query.anim_time) * 80) * 2", 0, 0]
				},
				"ear_right": {
					"rotation": [0, 0, "-32.5 + Math.cos((query.anim_time - 0.05) * 180) * 3 "]
				},
				"ear_right3": {
					"rotation": [0, 0, "-20 + Math.cos((query.anim_time - 0.1) * 180) * 2"]
				},
				"ear_right4": {
					"rotation": [0, 0, "-20 + Math.cos((query.anim_time - 0.15) * 180) * 3"]
				},
				"ear_left": {
					"rotation": [0, 0, "32.5 + Math.cos((query.anim_time - 0.05) * 180) * 3"]
				},
				"ear_left3": {
					"rotation": [0, 0, "20 + Math.cos((query.anim_time - 0.1) * 180) * 2"]
				},
				"ear_left4": {
					"rotation": [0, 0, "20 + Math.cos((query.anim_time - 0.15) * 180) * 3"]
				},
				"arm_right": {
					"rotation": [0, "-5 + Math.cos((query.anim_time - 3.7) * 240) * 12", -51.1662]
				},
				"arm_right2": {
					"rotation": [0, 0, 0]
				},
				"arm_right_hand": {
					"rotation": [0, -12.5, 0]
				},
				"arm_left": {
					"rotation": [0.6088, "-0.2066 + Math.cos((query.anim_time - 3.7) * 240) * 12", 51.1662]
				},
				"arm_left2": {
					"rotation": [0, 0, 0]
				},
				"arm_left_hand": {
					"rotation": [0, 0, 0]
				},
				"torso_bottom": {
					"rotation": [0, 0, 0]
				},
				"leg_left": {
					"rotation": ["Math.cos((query.anim_time - 3.7) * 240) * 16", 0, 0]
				},
				"leg_left2": {
					"rotation": [0, 0, 0]
				},
				"torso_upper": {
					"rotation": [0, 0, "Math.sin((query.anim_time) * 45) * 0.5"]
				},
				"leg_right": {
					"rotation": ["Math.cos((query.anim_time) * 240) * 16", 0, 0]
				}
			}
		}
	}
}