{
	"format_version": "1.8.0",
	"animations": {
		"animation.megaswampert.ground_idle": {
			"loop": true,
			"bones": {
				"body": {
					"rotation": ["40+Math.sin(query.anim_time * 50*2+1) * 2", 0, 0],
					"position": [0, "0+(math.sin(q.anim_time*90)*0.3)", "0+(math.sin(q.anim_time*90)*0.1)"]
				},
				"head": {
					"rotation": [-25, 0, 0],
					"position": [0, 0, -2]
				},
				"arm_left": {
					"rotation": [0, "30+Math.sin(query.anim_time * -60*2+1)", 0]
				},
				"forearm_left": {
					"rotation": [-136.43569, 60.2458, -50.4532],
					"position": [3, -3, 3.5]
				},
				"finger_left_middle": {
					"rotation": [0, 0, 12.5]
				},
				"finger_left_side3": {
					"rotation": [0, 15, -25]
				},
				"finger_left_side4": {
					"rotation": [0, -15, -25]
				},
				"arm_right": {
					"rotation": [0, "-30+Math.sin(query.anim_time * 60*2+1)", 0]
				},
				"forearm_right": {
					"rotation": [-136.43569, -60.24584, 50.45318],
					"position": [-3, -3, 3.5]
				},
				"finger_right_middle": {
					"rotation": [0, 0, -12.5]
				},
				"finger_right_side": {
					"rotation": [0, -7.5, -22.5]
				},
				"finger_right_side2": {
					"rotation": [0, 7.5, -22.5]
				},
				"leg_left": {
					"rotation": [0, 0, -15],
					"position": [0, -0.25, 0]
				},
				"foot_left": {
					"rotation": [0, 0, 15]
				},
				"leg_right": {
					"rotation": [0, 0, 15],
					"position": [0, -0.25, 0]
				},
				"foot_right": {
					"rotation": [0, 0, -15]
				},
				"finger_left_side2": {
					"rotation": [0, -7.5, 22.5]
				},
				"finger_left_side": {
					"rotation": [0, 7.5, 22.5]
				}
			}
		},
		"animation.megaswampert.ground_walk": {
			"loop": true,
			"bones": {
				"body": {
					"rotation": ["40+Math.sin(query.anim_time * 50*2+1) * 2", 0, 0],
					"position": [0, "0+(math.sin(q.anim_time*180)*0.3)", "0+(math.sin(q.anim_time*180)*0.1)"]
				},
				"head": {
					"rotation": [-25, 0, 0],
					"position": [0, 0, -2]
				},
				"arm_left": {
					"rotation": [0, "30+Math.sin(query.anim_time * -60*2+2) * 2", 0]
				},
				"forearm_left": {
					"rotation": [-136.43569, "60.2458+Math.sin(query.anim_time * 65*2+2) * 2", -50.4532],
					"position": [3, -3, 3.5]
				},
				"finger_left_middle": {
					"rotation": [0, 0, 12.5]
				},
				"finger_left_side3": {
					"rotation": [0, 15, -25]
				},
				"finger_left_side4": {
					"rotation": [0, -15, -25]
				},
				"arm_right": {
					"rotation": [0, "-30+Math.sin(query.anim_time * 60*2+2) * 2", 0]
				},
				"forearm_right": {
					"rotation": [-136.43569, "-60.2458+Math.sin(query.anim_time * -65*2+2) * 2", 50.45318],
					"position": [-3, -3, 3.5]
				},
				"finger_right_middle": {
					"rotation": [0, 0, -12.5]
				},
				"finger_right_side": {
					"rotation": [0, -7.5, -22.5]
				},
				"finger_right_side2": {
					"rotation": [0, 7.5, -22.5]
				},
				"leg_left": {
					"rotation": ["0-math.sin(q.anim_time*-90*1)*30", 0, -15],
					"position": [0, 0, "0-math.sin(q.anim_time*-90*1)*0.7"]
				},
				"foot_left": {
					"rotation": ["math.sin((q.anim_time - 0.5) * -90)* 12", 0, 15]
				},
				"leg_right": {
					"rotation": ["0-math.sin(q.anim_time*90*1)*30", 0, 15],
					"position": [0, 0, "0-math.sin(q.anim_time*90*1)*0.7"]
				},
				"foot_right": {
					"rotation": ["math.sin((q.anim_time - 0.5) * 90)* 12", 0, -15]
				},
				"finger_left_side2": {
					"rotation": [0, -7.5, 22.5]
				},
				"finger_left_side": {
					"rotation": [0, 7.5, 22.5]
				}
			}
		},
		"animation.megaswampert.water_idle": {
			"loop": true,
			"bones": {
				"body": {
					"rotation": ["27.5+Math.sin(query.anim_time * 50*2+1) * 2", 0, 0],
					"position": [0, "0+(math.sin(q.anim_time*180)*0.3)", "0+(math.sin(q.anim_time*180)*0.1)"]
				},
				"head": {
					"rotation": [-25, 0, 0],
					"position": [0, 0, -2]
				},
				"arm_left": {
					"rotation": [0, "42.5+Math.sin(query.anim_time * -90*1)*5", 0]
				},
				"forearm_left": {
					"rotation": [-136.43569, "60.2458+Math.sin(query.anim_time * -95*1)*5", -50.4532],
					"position": [3, -3, 3.5]
				},
				"finger_left_middle": {
					"rotation": [0, 0, 12.5]
				},
				"finger_left_side3": {
					"rotation": [0, 15, -25]
				},
				"finger_left_side4": {
					"rotation": [0, -15, -25]
				},
				"arm_right": {
					"rotation": [0, "-42.5+Math.sin(query.anim_time * 90*1)*5", 0]
				},
				"forearm_right": {
					"rotation": [-136.43569, "-60.2458+Math.sin(query.anim_time * 95*1)*5", 50.45318],
					"position": [-3, -3, 3.5]
				},
				"finger_right_middle": {
					"rotation": [0, 0, -12.5]
				},
				"finger_right_side": {
					"rotation": [0, -7.5, -22.5]
				},
				"finger_right_side2": {
					"rotation": [0, 7.5, -22.5]
				},
				"leg_left": {
					"rotation": ["27.5-math.sin(q.anim_time*-180*1)*5", 0, -15],
					"position": [0, "0+(math.sin(q.anim_time*180)*0.3)", "0+(math.sin(q.anim_time*180)*0.1)"]
				},
				"foot_left": {
					"rotation": [25, 0, 0]
				},
				"leg_right": {
					"rotation": ["27.5-math.sin(q.anim_time*180*1)*5", 0, 15],
					"position": [0, "0+(math.sin(q.anim_time*180)*0.3)", "0+(math.sin(q.anim_time*180)*0.1)"]
				},
				"foot_right": {
					"rotation": [25, 0, 0]
				},
				"finger_left_side2": {
					"rotation": [0, -7.5, 22.5]
				},
				"finger_left_side": {
					"rotation": [0, 7.5, 22.5]
				}
			}
		},
		"animation.megaswampert.water_swim": {
			"loop": true,
			"bones": {
				"body": {
					"rotation": ["50+Math.sin(query.anim_time * 50*2+1) * 2", 0, 0],
					"position": [0, "0+(math.sin(q.anim_time*180)*0.3)", "0+(math.sin(q.anim_time*180)*0.1)"]
				},
				"head": {
					"rotation": [-25, 0, 0],
					"position": [0, 0, -2]
				},
				"arm_left": {
					"rotation": [0, "42.5+Math.sin(query.anim_time * -90*1)*10", 0]
				},
				"forearm_left": {
					"rotation": [-136.43569, "60.2458+Math.sin(query.anim_time * -95*1)*12", -50.4532],
					"position": [3, -3, 3.5]
				},
				"finger_left_middle": {
					"rotation": [0, 0, 12.5]
				},
				"finger_left_side3": {
					"rotation": [0, 15, -25]
				},
				"finger_left_side4": {
					"rotation": [0, -15, -25]
				},
				"arm_right": {
					"rotation": [0, "-42.5+Math.sin(query.anim_time * 90*1)*10", 0]
				},
				"forearm_right": {
					"rotation": [-136.43569, "-60.2458+Math.sin(query.anim_time * 95*1)*12", 50.45318],
					"position": [-3, -3, 3.5]
				},
				"finger_right_middle": {
					"rotation": [0, 0, -12.5]
				},
				"finger_right_side": {
					"rotation": [0, -7.5, -22.5]
				},
				"finger_right_side2": {
					"rotation": [0, 7.5, -22.5]
				},
				"leg_left": {
					"rotation": ["55-math.sin(q.anim_time*-180*1)*5", 0, -15],
					"position": [0, "0+(math.sin(q.anim_time*180)*0.3)", "0+(math.sin(q.anim_time*180)*0.1)"]
				},
				"foot_left": {
					"rotation": [50, 0, 0]
				},
				"leg_right": {
					"rotation": ["55-math.sin(q.anim_time*180*1)*5", 0, 15],
					"position": [0, "0+(math.sin(q.anim_time*180)*0.3)", "0+(math.sin(q.anim_time*180)*0.1)"]
				},
				"foot_right": {
					"rotation": [50, 0, 0]
				},
				"finger_left_side2": {
					"rotation": [0, -7.5, 22.5]
				},
				"finger_left_side": {
					"rotation": [0, 7.5, 22.5]
				}
			}
		},
		"animation.megaswampert.blink": {
			"animation_length": 0.33333,
			"bones": {
				"eyelid_left": {
					"position": {
						"0.0": [0, 0, 0],
						"0.2083": [0, 0, -0.1],
						"0.3333": [0, 0, -0.1]
					}
				},
				"eyelid_right": {
					"position": {
						"0.0": [0, 0, 0],
						"0.2083": [0, 0, -0.1],
						"0.3333": [0, 0, -0.1]
					}
				}
			}
		},
		"animation.megaswampert.faint": {
			"loop": true,
			"bones": {
				"body": {
					"rotation": ["40+Math.sin(query.anim_time * 50*2+1) * 2", 0, 0],
					"position": [0, "0+(math.sin(q.anim_time*90)*0.3)", "0+(math.sin(q.anim_time*90)*0.1)"]
				},
				"head": {
					"rotation": [-25, 0, 0],
					"position": [0, 0, -2]
				},
				"arm_left": {
					"rotation": [0, "30+Math.sin(query.anim_time * -60*2+1)", 0]
				},
				"forearm_left": {
					"rotation": [-136.43569, 60.2458, -50.4532],
					"position": [3, -3, 3.5]
				},
				"finger_left_middle": {
					"rotation": [0, 0, 12.5]
				},
				"finger_left_side3": {
					"rotation": [0, 15, -25]
				},
				"finger_left_side4": {
					"rotation": [0, -15, -25]
				},
				"arm_right": {
					"rotation": [0, "-30+Math.sin(query.anim_time * 60*2+1)", 0]
				},
				"forearm_right": {
					"rotation": [-136.43569, -60.24584, 50.45318],
					"position": [-3, -3, 3.5]
				},
				"finger_right_middle": {
					"rotation": [0, 0, -12.5]
				},
				"finger_right_side": {
					"rotation": [0, -7.5, -22.5]
				},
				"finger_right_side2": {
					"rotation": [0, 7.5, -22.5]
				},
				"leg_left": {
					"rotation": [0, 0, -15],
					"position": [0, -0.25, 0]
				},
				"foot_left": {
					"rotation": [0, 0, 15]
				},
				"leg_right": {
					"rotation": [0, 0, 15],
					"position": [0, -0.25, 0]
				},
				"foot_right": {
					"rotation": [0, 0, -15]
				},
				"finger_left_side2": {
					"rotation": [0, -7.5, 22.5]
				},
				"finger_left_side": {
					"rotation": [0, 7.5, 22.5]
				}
			}
		}
	}
}