{
	"format_version": "1.12.0",
	"minecraft:geometry": [
		{
			"description": {
				"identifier": "geometry.lopunnymega",
				"texture_width": 128,
				"texture_height": 128,
				"visible_bounds_width": 7,
				"visible_bounds_height": 7.5,
				"visible_bounds_offset": [0, 3.25, 0]
			},
			"bones": [
				{
					"name": "megalopunny",
					"pivot": [0, 0, 0]
				},
				{
					"name": "body",
					"parent": "megalopunny",
					"pivot": [0, 0, 0]
				},
				{
					"name": "torso_bottom",
					"parent": "body",
					"pivot": [0, 22, 0.5],
					"rotation": [5, 0, 0]
				},
				{
					"name": "torso_upper",
					"parent": "torso_bottom",
					"pivot": [0, 0, 0],
					"cubes": [
						{"origin": [-3.5, 14, -3], "size": [7, 8, 7], "inflate": 0.01, "uv": [29, 32]}
					]
				},
				{
					"name": "torso_top",
					"parent": "torso_upper",
					"pivot": [0, 22, 0.25],
					"cubes": [
						{"origin": [-2.5, 21, -2.25], "size": [5, 6, 5], "uv": [68, 68]}
					]
				},
				{
					"name": "neck",
					"parent": "torso_top",
					"pivot": [0, 27, 0.25],
					"cubes": [
						{"origin": [-1.5, 26, -1.25], "size": [3, 6, 3], "uv": [0, 54]}
					]
				},
				{
					"name": "head",
					"parent": "neck",
					"pivot": [0, 29.75, 0.25],
					"rotation": [5, 0, 0],
					"cubes": [
						{"origin": [-4, 29.75, -5.75], "size": [8, 8, 10], "uv": [0, 18]},
						{"origin": [-1, 31.75, -5.75], "size": [2, 1, 0], "inflate": 0.01, "uv": [26, 25]}
					]
				},
				{
					"name": "eye_right",
					"parent": "head",
					"pivot": [-4, 33.5019, -3.54358],
					"rotation": [-5, 0, 0],
					"cubes": [
						{"origin": [-4, 32.0019, -5.04358], "size": [0, 3, 3], "inflate": 0.01, "uv": [0, 12]}
					]
				},
				{
					"name": "eyelid_right",
					"parent": "eye_right",
					"pivot": [-3.9, 34.0019, -3.54358],
					"cubes": [
						{"origin": [-3.9, 32.0019, -5.04358], "size": [1, 3, 3], "inflate": 0.02, "uv": [0, 6]}
					]
				},
				{
					"name": "eye_left",
					"parent": "head",
					"pivot": [4, 33.5019, -3.54358],
					"rotation": [-5, 0, 0],
					"cubes": [
						{"origin": [4, 32.0019, -5.04358], "size": [0, 3, 3], "inflate": 0.01, "uv": [0, 9]}
					]
				},
				{
					"name": "eyelid_left",
					"parent": "eye_left",
					"pivot": [3.9, 34.0019, -3.54358],
					"cubes": [
						{"origin": [2.9, 32.0019, -5.04358], "size": [1, 3, 3], "inflate": 0.02, "uv": [0, 0]}
					]
				},
				{
					"name": "tuft",
					"parent": "head",
					"pivot": [0, 37, -6.75]
				},
				{
					"name": "tuft_left",
					"parent": "tuft",
					"pivot": [3, 38.75, -5.25],
					"rotation": [-9.82847, 52.95032, -78.86847],
					"cubes": [
						{"origin": [3, 36.75, -9.25], "size": [0, 5, 11], "pivot": [3, 39.25, -2.75], "rotation": [-7.5, 0, 0], "uv": [0, 52]},
						{"origin": [3, 37.05867, -13.60189], "size": [0, 3, 7], "inflate": -0.01, "pivot": [3, 37.55867, -9.65189], "rotation": [-92.5, 0, 0], "uv": [13, 32]}
					]
				},
				{
					"name": "tuft_right",
					"parent": "tuft",
					"pivot": [-3, 38.75, -5.25],
					"rotation": [-9.82847, -52.95032, 78.86847],
					"cubes": [
						{"origin": [-3, 36.75, -9.25], "size": [0, 5, 11], "pivot": [-3, 39.25, -2.75], "rotation": [-7.5, 0, 0], "uv": [50, 21]},
						{"origin": [-3, 37.05867, -13.60189], "size": [0, 3, 7], "inflate": -0.01, "pivot": [-3, 37.55867, -9.65189], "rotation": [-92.5, 0, 0], "uv": [13, 29]}
					]
				},
				{
					"name": "ear_right",
					"parent": "head",
					"pivot": [-0.75, 37.5, 0.75],
					"rotation": [-5, 0, 0],
					"cubes": [
						{"origin": [-0.75, 37.5, -1.75], "size": [0, 10, 5], "pivot": [-0.75, 42.5, 0.75], "rotation": [0, 180, 0], "uv": [0, 63]}
					]
				},
				{
					"name": "ear_right2",
					"parent": "ear_right",
					"pivot": [-0.75, 47.5, 0.75],
					"cubes": [
						{"origin": [-12.75, 47.5, -2.75], "size": [12, 0, 7], "uv": [29, 25]}
					]
				},
				{
					"name": "ear_right3",
					"parent": "ear_right2",
					"pivot": [-12.75, 47.5, 0.75],
					"cubes": [
						{"origin": [-14.25, 43, -3.75], "size": [2, 9, 9], "uv": [13, 45]},
						{"origin": [-28, 47.5, -3.75], "size": [14, 0, 9], "uv": [-1, 9]}
					]
				},
				{
					"name": "ear_right4",
					"parent": "ear_right3",
					"pivot": [-26, 47.5, 0.75],
					"cubes": [
						{"origin": [-27.5, 43, -3.75], "size": [2, 9, 9], "uv": [0, 36]},
						{"origin": [-38, 47.5, -2.75], "size": [11, 0, 7], "uv": [32, 0]}
					]
				},
				{
					"name": "ear_left",
					"parent": "head",
					"pivot": [0.75, 37.5, 0.75],
					"rotation": [-5, 0, 0],
					"cubes": [
						{"origin": [0.75, 37.5, -1.75], "size": [0, 10, 5], "pivot": [0.75, 42.5, 0.75], "rotation": [0, 180, 0], "uv": [0, 13]}
					]
				},
				{
					"name": "ear_left2",
					"parent": "ear_left",
					"pivot": [0.75, 47.5, 0.75],
					"cubes": [
						{"origin": [0.75, 47.5, -2.75], "size": [12, 0, 7], "uv": [19, 18]}
					]
				},
				{
					"name": "ear_left3",
					"parent": "ear_left2",
					"pivot": [12.75, 47.5, 0.75],
					"cubes": [
						{"origin": [12.25, 43, -3.75], "size": [2, 9, 9], "uv": [48, 38]},
						{"origin": [16.25, 47.5, -3.75], "size": [14, 0, 9], "pivot": [21.75, 47.5, 0.75], "rotation": [0, 180, 0], "uv": [0, 9]}
					]
				},
				{
					"name": "ear_left4",
					"parent": "ear_left3",
					"pivot": [26.25, 47.5, 0.75],
					"cubes": [
						{"origin": [25.75, 43, -3.75], "size": [2, 9, 9], "uv": [35, 47]},
						{"origin": [34.25, 47.5, -2.75], "size": [11, 0, 7], "pivot": [35.75, 47.5, 0.75], "rotation": [0, 180, 0], "uv": [32, 0]}
					]
				},
				{
					"name": "mouth",
					"parent": "head",
					"pivot": [0, 30.75, -4.75],
					"cubes": [
						{"origin": [-3.5, 29.75, -5.75], "size": [7, 2, 2], "inflate": 0.01, "uv": [26, 47]}
					]
				},
				{
					"name": "arm_right",
					"parent": "torso_top",
					"pivot": [-2.5, 25.75, 0],
					"cubes": [
						{"origin": [-8.5, 24.75, -1], "size": [6, 2, 2], "uv": [73, 62]}
					]
				},
				{
					"name": "arm_right2",
					"parent": "arm_right",
					"pivot": [-8.5, 25.75, 1],
					"cubes": [
						{"origin": [-12.5, 21.75, -4], "size": [4, 8, 8], "pivot": [-10.5, 25.75, 0], "rotation": [0, 0, 5], "uv": [49, 57]}
					]
				},
				{
					"name": "arm_right_hand",
					"parent": "arm_right2",
					"pivot": [-14.5, 25.75, 0],
					"cubes": [
						{"origin": [-17.5, 23.75, -2], "size": [3, 4, 4], "uv": [19, 79]},
						{"origin": [-17.75, 22.75, -3], "size": [6, 6, 6], "uv": [67, 0]}
					]
				},
				{
					"name": "finger_right_index",
					"parent": "arm_right_hand",
					"pivot": [-17.75, 26.25, -1],
					"rotation": [-15, 0, 0],
					"cubes": [
						{"origin": [-19.5, 25.25, -1], "size": [2, 1, 0], "uv": [5, 8]}
					]
				},
				{
					"name": "finger_right_ring",
					"parent": "arm_right_hand",
					"pivot": [-17.75, 26.25, 1],
					"rotation": [15, 0, 0],
					"cubes": [
						{"origin": [-19.5, 25.25, 1], "size": [2, 1, 0], "uv": [5, 7]}
					]
				},
				{
					"name": "finger_right_middle",
					"parent": "arm_right_hand",
					"pivot": [-17.75, 26.75, 0],
					"cubes": [
						{"origin": [-19.5, 25.75, 0], "size": [2, 1, 0], "uv": [5, 6]}
					]
				},
				{
					"name": "arm_left",
					"parent": "torso_top",
					"pivot": [2.5, 25.75, 0],
					"cubes": [
						{"origin": [2.5, 24.75, -1], "size": [6, 2, 2], "uv": [30, 65]}
					]
				},
				{
					"name": "arm_left2",
					"parent": "arm_left",
					"pivot": [8.5, 25.75, 1],
					"cubes": [
						{"origin": [8.5, 21.75, -4], "size": [4, 8, 8], "pivot": [10.5, 25.75, 0], "rotation": [0, 0, -5], "uv": [51, 8]}
					]
				},
				{
					"name": "arm_left_hand",
					"parent": "arm_left2",
					"pivot": [14.5, 25.75, 0],
					"cubes": [
						{"origin": [14.5, 23.75, -2], "size": [3, 4, 4], "uv": [75, 20]},
						{"origin": [11.75, 22.75, -3], "size": [6, 6, 6], "uv": [65, 50]}
					]
				},
				{
					"name": "finger_left_index",
					"parent": "arm_left_hand",
					"pivot": [17.75, 26.25, -1],
					"rotation": [-15, 0, 0],
					"cubes": [
						{"origin": [17.5, 25.25, -1], "size": [2, 1, 0], "uv": [5, 2]}
					]
				},
				{
					"name": "finger_left_ring",
					"parent": "arm_left_hand",
					"pivot": [17.75, 26.25, 1],
					"rotation": [15, 0, 0],
					"cubes": [
						{"origin": [17.5, 25.25, 1], "size": [2, 1, 0], "uv": [5, 1]}
					]
				},
				{
					"name": "finger_left_middle",
					"parent": "arm_left_hand",
					"pivot": [17.75, 26.75, 0],
					"cubes": [
						{"origin": [17.5, 25.75, 0], "size": [2, 1, 0], "uv": [5, 0]}
					]
				},
				{
					"name": "tail",
					"parent": "torso_bottom",
					"pivot": [0, 16.75, 3.5],
					"rotation": [5, 0, 0],
					"cubes": [
						{"origin": [-2, 14.75, 3.5], "size": [4, 4, 4], "uv": [75, 12]}
					]
				},
				{
					"name": "leg_right",
					"parent": "torso_bottom",
					"pivot": [-3, 16.75, 0.25],
					"rotation": [-2.5, 2.5, 0],
					"cubes": [
						{"origin": [-5.75, 8.75, -2.75], "size": [5, 10, 6], "uv": [86, 31], "mirror": true}
					]
				},
				{
					"name": "leg_right2",
					"parent": "leg_right",
					"pivot": [-3, 8.75, 1],
					"rotation": [-10, 0, 0],
					"cubes": [
						{"origin": [-4.5, 2.75, -0.5], "size": [3, 9, 3], "uv": [7, 76]},
						{"origin": [-4.5, -0.25, -0.5], "size": [3, 3, 3], "uv": [61, 0]},
						{"origin": [-5.5, 2.75, -1.5], "size": [5, 2, 5], "pivot": [0.02686, 3.7786, 1.12902], "rotation": [24.97304, -0.457, 0.98062], "uv": [60, 24]}
					]
				},
				{
					"name": "leg_left",
					"parent": "torso_bottom",
					"pivot": [3, 16.75, 0.25],
					"rotation": [-2.5, -2.5, 0],
					"cubes": [
						{"origin": [0.75, 8.75, -2.75], "size": [5, 10, 6], "uv": [86, 31]}
					]
				},
				{
					"name": "leg_left2",
					"parent": "leg_left",
					"pivot": [3, 8.75, 1],
					"rotation": [-10, 0, 0],
					"cubes": [
						{"origin": [1.5, 2.75, -0.5], "size": [3, 9, 3], "uv": [56, 73]},
						{"origin": [1.5, -0.25, -0.5], "size": [3, 3, 3], "uv": [68, 79]},
						{"origin": [0.5, 2.75, -1.5], "size": [5, 2, 5], "pivot": [-0.02686, 3.7786, 1.12902], "rotation": [24.97304, 0.457, -0.98062], "uv": [36, 73]}
					]
				}
			]
		}
	]
}