{
	"format_version": "1.12.0",
	"minecraft:geometry": [
		{
			"description": {
				"identifier": "geometry.melmetal",
				"texture_width": 256,
				"texture_height": 256,
				"visible_bounds_width": 6,
				"visible_bounds_height": 5.5,
				"visible_bounds_offset": [0, 2.25, 0]
			},
			"bones": [
				{
					"name": "root",
					"pivot": [0, 0, 0]
				},
				{
					"name": "melmetal",
					"parent": "root",
					"pivot": [0, 0, 0]
				},
				{
					"name": "body",
					"parent": "melmetal",
					"pivot": [0, 0, 0]
				},
				{
					"name": "torso",
					"parent": "body",
					"pivot": [0, 30.09153, 0],
					"cubes": [
						{"origin": [-10.5, 36, -4.5], "size": [21, 4, 9], "inflate": 0.01, "uv": [37, 24]},
						{"origin": [-8, 34, -4.5], "size": [16, 2, 9], "inflate": 0.01, "uv": [113, 22]},
						{"origin": [4, 29, -4.5], "size": [4, 5, 9], "inflate": 0.01, "uv": [46, 169]},
						{"origin": [-8, 29, -4.5], "size": [4, 5, 9], "inflate": 0.01, "uv": [168, 155]},
						{"origin": [2, 33, -4.5], "size": [2, 1, 9], "inflate": 0.01, "uv": [97, 0]},
						{"origin": [-4, 33, -4.5], "size": [2, 1, 9], "inflate": 0.01, "uv": [52, 0]},
						{"origin": [-2.78, 32.58009, -4.5], "size": [2, 8, 9], "pivot": [8.8486, 10.28009, 0.5], "rotation": [0, 0, -15], "uv": [115, 170]},
						{"origin": [0.78, 32.58009, -4.5], "size": [2, 8, 9], "pivot": [-8.8486, 10.28009, 0.5], "rotation": [0, 0, 15], "uv": [93, 170]}
					]
				},
				{
					"name": "platform",
					"parent": "torso",
					"pivot": [0, 42.35714, 0],
					"cubes": [
						{"origin": [-8, 42.75, -4.5], "size": [16, 3, 9], "inflate": 0.01, "uv": [112, 91]},
						{"origin": [-9.45, 39.002, -10.5], "size": [13, 6, 9], "inflate": 0.01, "pivot": [-1.5, 42, -3.15], "rotation": [0, 25, 0], "uv": [0, 126]},
						{"origin": [-10.51861, 39.002, 0.62018], "size": [13, 6, 9], "inflate": 0.01, "pivot": [-4.01861, 42.002, 5.12018], "rotation": [0, 155, 0], "uv": [0, 126]},
						{"origin": [-3.55, 39, -10.5], "size": [13, 6, 9], "inflate": -0.01, "pivot": [1.5, 42, -3.15], "rotation": [0, -25, 0], "uv": [87, 125]},
						{"origin": [-3.55, 39, -10.5], "size": [13, 6, 9], "pivot": [1.5, 42, -3.15], "rotation": [0, -25, 0], "uv": [87, 125]},
						{"origin": [-3.55, 39.002, 1.5], "size": [13, 6, 9], "pivot": [1.5, 42, 3.15], "rotation": [0, 25, 0], "uv": [125, 33], "mirror": true},
						{"origin": [-11.8, 38.998, -6.5], "size": [3, 6, 13], "uv": [154, 136]},
						{"origin": [8.8, 38.998, -6.5], "size": [3, 6, 13], "inflate": 0.01, "uv": [149, 90]}
					]
				},
				{
					"name": "platform2",
					"parent": "platform",
					"pivot": [0, 48.8393, 0],
					"cubes": [
						{"origin": [4, 42.75, -2.5], "size": [9, 3, 5], "pivot": [6, 42.25, -1], "rotation": [0, 0, -60], "uv": [168, 0]},
						{"origin": [-1.30417, 47.21266, -2.5], "size": [9, 3, 5], "inflate": -0.01, "pivot": [3.49583, 50.91266, -1], "rotation": [0, 0, -120], "uv": [179, 124]},
						{"origin": [-4.5, 53.45, -2.5], "size": [9, 3, 5], "inflate": 0.01, "uv": [159, 175]},
						{"origin": [-7.69583, 47.21266, -2.5], "size": [9, 3, 5], "inflate": -0.01, "pivot": [-3.49583, 50.91266, -1], "rotation": [0, 0, 120], "uv": [173, 136]},
						{"origin": [-13, 42.75, -2.5], "size": [9, 3, 5], "pivot": [-6, 42.25, -1], "rotation": [0, 0, 60], "uv": [173, 36]},
						{"origin": [-4.5, 40.75, -2.5], "size": [9, 3, 5], "inflate": 0.01, "uv": [172, 64]}
					]
				},
				{
					"name": "eye",
					"parent": "platform2",
					"pivot": [0, 48.95, 0],
					"cubes": [
						{"origin": [-1.5, 47.45, -1.5], "size": [3, 3, 3], "inflate": 0.01, "uv": [0, 0]}
					]
				},
				{
					"name": "hexnut",
					"parent": "torso",
					"pivot": [7.3486, 9.28009, 1],
					"cubes": [
						{"origin": [2.5, 28, -6], "size": [2, 5, 12], "inflate": 0.01, "uv": [168, 83]},
						{"origin": [-4.2, 28, -6], "size": [2, 5, 12], "inflate": 0.01, "uv": [157, 36]},
						{"origin": [4.15, 25.1, -6], "size": [2, 5, 12], "pivot": [3.5, 30.5, 0.5], "rotation": [0, 0, 60], "uv": [18, 164]},
						{"origin": [-2.55, 30.9, -6], "size": [2, 5, 12], "inflate": -0.01, "pivot": [3.5, 30.5, 0.5], "rotation": [0, 0, -60], "uv": [156, 66]},
						{"origin": [0.85, 25.15, -6], "size": [2, 5, 12], "pivot": [3.5, 30.5, 0.5], "rotation": [0, 0, 120], "uv": [166, 9]},
						{"origin": [7.45, 30.95, -6], "size": [2, 5, 12], "inflate": -0.01, "pivot": [3.5, 30.5, 0.5], "rotation": [0, 0, -120], "uv": [152, 158]}
					]
				},
				{
					"name": "arms",
					"parent": "torso",
					"pivot": [0, 0, 0]
				},
				{
					"name": "rightarm1",
					"parent": "arms",
					"pivot": [-11.8, 42, 0],
					"cubes": [
						{"origin": [-15.8, 36, -6], "size": [4, 12, 12], "uv": [40, 145], "mirror": true}
					]
				},
				{
					"name": "shoulder2",
					"parent": "rightarm1",
					"pivot": [-15.75, 41.63196, -0.02771],
					"cubes": [
						{"origin": [-23.75, 64.67, -0.8], "size": [8, 12, 12], "pivot": [-19.75, 56.75, 12.3], "rotation": [120, 0, 0], "uv": [84, 91], "mirror": true},
						{"origin": [-23.75, 41.9, -6], "size": [8, 10, 12], "inflate": 0.01, "uv": [112, 103], "mirror": true},
						{"origin": [-23.75, 31, -6], "size": [8, 11, 12], "inflate": 0.01, "uv": [56, 103], "mirror": true},
						{"origin": [-23.75, 37.74269, -9.89023], "size": [8, 12, 12], "pivot": [-19.75, 43.74269, -3.89023], "rotation": [-120, 0, 0], "uv": [96, 67], "mirror": true},
						{"origin": [-23.75, 33.33891, -9.93734], "size": [8, 12, 12], "inflate": -0.01, "pivot": [-19.75, 39.33891, -3.93734], "rotation": [-60, 0, 0], "uv": [85, 25], "mirror": true},
						{"origin": [-23.75, 33.24911, -2.18756], "size": [8, 12, 12], "inflate": -0.01, "pivot": [-19.75, 39.24911, 3.81244], "rotation": [60, 0, 0], "uv": [28, 91], "mirror": true}
					]
				},
				{
					"name": "forearm2",
					"parent": "shoulder2",
					"pivot": [-22.8, 42, 0],
					"cubes": [
						{"origin": [-38.8, 36, -6], "size": [20, 12, 12], "uv": [0, 0], "mirror": true}
					]
				},
				{
					"name": "elbow2",
					"parent": "forearm2",
					"pivot": [-36.25, 41.7585, -0.01308],
					"cubes": [
						{"origin": [-41.75, 42.35, -5], "size": [5, 8, 10], "inflate": 0.01, "uv": [0, 158], "mirror": true},
						{"origin": [-41.75, 33, -5], "size": [5, 9, 10], "inflate": 0.01, "uv": [72, 157], "mirror": true},
						{"origin": [-41.75, 56.35, -23.5], "size": [5, 11, 10], "pivot": [-40.75, 48, -16], "rotation": [-120, 0, 0], "uv": [134, 149], "mirror": true},
						{"origin": [-41.75, 49.95, -7.5], "size": [5, 11, 10], "inflate": -0.01, "pivot": [-40.75, 48, -16], "rotation": [-60, 0, 0], "uv": [149, 115], "mirror": true},
						{"origin": [-41.75, 68.4, -2.8], "size": [5, 11, 10], "pivot": [-40.75, 58.75, 11.3], "rotation": [120, 0, 0], "uv": [104, 149], "mirror": true},
						{"origin": [-41.75, 51.35, -14.1], "size": [5, 11, 10], "inflate": -0.01, "pivot": [-40.75, 58.75, 11.3], "rotation": [60, 0, 0], "uv": [148, 0], "mirror": true}
					]
				},
				{
					"name": "rightarm2",
					"parent": "elbow2",
					"pivot": [-39.25, 41.7585, -0.01308],
					"cubes": [
						{"origin": [-49.8, 36.5, -5.5], "size": [11, 11, 11], "uv": [64, 0], "mirror": true}
					]
				},
				{
					"name": "wrist2",
					"parent": "rightarm2",
					"pivot": [-49.14119, 42, -0.4325],
					"cubes": [
						{"origin": [-58.64119, 37.5, -5.4325], "size": [9, 9, 10], "uv": [121, 130], "mirror": true}
					]
				},
				{
					"name": "hand2",
					"parent": "wrist2",
					"pivot": [-54.3741, 41.65899, 0.22288],
					"rotation": [0, 90, 0],
					"cubes": [
						{"origin": [-58.26451, 41.9, -15.86632], "size": [8, 10, 12], "inflate": 0.01, "uv": [108, 0], "mirror": true},
						{"origin": [-60.26451, 35.4, -16.36632], "size": [12, 13, 13], "inflate": 0.01, "uv": [0, 24], "mirror": true},
						{"origin": [-58.26451, 31, -15.86632], "size": [8, 11, 12], "inflate": 0.01, "uv": [0, 103], "mirror": true},
						{"origin": [-58.26451, 50.75, -34.46632], "size": [8, 12, 12], "pivot": [-54.26451, 46, -24.86632], "rotation": [-120, 0, 0], "uv": [28, 67], "mirror": true},
						{"origin": [-58.26451, 46.25, -19.56632], "size": [8, 12, 12], "inflate": -0.01, "pivot": [-54.26451, 46, -24.86632], "rotation": [-60, 0, 0], "uv": [68, 55], "mirror": true},
						{"origin": [-58.26451, 64.67, -10.66632], "size": [8, 12, 12], "pivot": [-54.26451, 56.75, 2.43368], "rotation": [120, 0, 0], "uv": [0, 79], "mirror": true},
						{"origin": [-58.26451, 49.35, -22.96632], "size": [8, 12, 12], "inflate": -0.01, "pivot": [-54.26451, 56.75, 2.43368], "rotation": [60, 0, 0], "uv": [56, 79], "mirror": true}
					]
				},
				{
					"name": "leftarm",
					"parent": "arms",
					"pivot": [11.8, 42, 0],
					"cubes": [
						{"origin": [11.8, 36, -6], "size": [4, 12, 12], "uv": [40, 145]}
					]
				},
				{
					"name": "shoulder",
					"parent": "leftarm",
					"pivot": [15.75, 41.63196, -0.02771],
					"cubes": [
						{"origin": [15.75, 64.67, -0.8], "size": [8, 12, 12], "pivot": [19.75, 56.75, 12.3], "rotation": [120, 0, 0], "uv": [84, 91]},
						{"origin": [15.75, 41.9, -6], "size": [8, 10, 12], "inflate": 0.01, "uv": [112, 103]},
						{"origin": [15.75, 31, -6], "size": [8, 11, 12], "inflate": 0.01, "uv": [56, 103]},
						{"origin": [15.75, 37.74269, -9.89023], "size": [8, 12, 12], "pivot": [19.75, 43.74269, -3.89023], "rotation": [-120, 0, 0], "uv": [96, 67]},
						{"origin": [15.75, 33.33891, -9.93734], "size": [8, 12, 12], "inflate": -0.01, "pivot": [19.75, 39.33891, -3.93734], "rotation": [-60, 0, 0], "uv": [85, 25]},
						{"origin": [15.75, 33.24911, -2.18756], "size": [8, 12, 12], "inflate": -0.01, "pivot": [19.75, 39.24911, 3.81244], "rotation": [60, 0, 0], "uv": [28, 91]}
					]
				},
				{
					"name": "forearm",
					"parent": "shoulder",
					"pivot": [22.8, 42, 0],
					"cubes": [
						{"origin": [18.8, 36, -6], "size": [20, 12, 12], "uv": [0, 0]}
					]
				},
				{
					"name": "elbow",
					"parent": "forearm",
					"pivot": [36.25, 41.7585, -0.01308],
					"cubes": [
						{"origin": [36.75, 42.35, -5], "size": [5, 8, 10], "inflate": 0.01, "uv": [0, 158]},
						{"origin": [36.75, 33, -5], "size": [5, 9, 10], "inflate": 0.01, "uv": [72, 157]},
						{"origin": [36.75, 56.35, -23.5], "size": [5, 11, 10], "pivot": [40.75, 48, -16], "rotation": [-120, 0, 0], "uv": [134, 149]},
						{"origin": [36.75, 49.95, -7.5], "size": [5, 11, 10], "inflate": -0.01, "pivot": [40.75, 48, -16], "rotation": [-60, 0, 0], "uv": [149, 115]},
						{"origin": [36.75, 68.4, -2.8], "size": [5, 11, 10], "pivot": [40.75, 58.75, 11.3], "rotation": [120, 0, 0], "uv": [104, 149]},
						{"origin": [36.75, 51.35, -14.1], "size": [5, 11, 10], "inflate": -0.01, "pivot": [40.75, 58.75, 11.3], "rotation": [60, 0, 0], "uv": [148, 0]}
					]
				},
				{
					"name": "leftarm1",
					"parent": "elbow",
					"pivot": [39.25, 41.7585, -0.01308],
					"cubes": [
						{"origin": [38.8, 36.5, -5.5], "size": [11, 11, 11], "uv": [64, 0]}
					]
				},
				{
					"name": "wrist",
					"parent": "leftarm1",
					"pivot": [49.14119, 42, -0.4325],
					"cubes": [
						{"origin": [49.64119, 37.5, -5.4325], "size": [9, 9, 10], "uv": [121, 130]}
					]
				},
				{
					"name": "hand",
					"parent": "wrist",
					"pivot": [54.3741, 41.65899, 0.22288],
					"rotation": [0, -90, 0],
					"cubes": [
						{"origin": [50.26451, 41.9, -15.86632], "size": [8, 10, 12], "inflate": 0.01, "uv": [108, 0]},
						{"origin": [48.26451, 35.4, -16.36632], "size": [12, 13, 13], "inflate": 0.01, "uv": [0, 24]},
						{"origin": [50.26451, 31, -15.86632], "size": [8, 11, 12], "inflate": 0.01, "uv": [0, 103]},
						{"origin": [50.26451, 50.75, -34.46632], "size": [8, 12, 12], "pivot": [54.26451, 46, -24.86632], "rotation": [-120, 0, 0], "uv": [28, 67]},
						{"origin": [50.26451, 46.25, -19.56632], "size": [8, 12, 12], "inflate": -0.01, "pivot": [54.26451, 46, -24.86632], "rotation": [-60, 0, 0], "uv": [68, 55]},
						{"origin": [50.26451, 64.67, -10.66632], "size": [8, 12, 12], "pivot": [54.26451, 56.75, 2.43368], "rotation": [120, 0, 0], "uv": [0, 79]},
						{"origin": [50.26451, 49.35, -22.96632], "size": [8, 12, 12], "inflate": -0.01, "pivot": [54.26451, 56.75, 2.43368], "rotation": [60, 0, 0], "uv": [56, 79]}
					]
				},
				{
					"name": "lowerhalf",
					"parent": "body",
					"pivot": [0, 0, 0],
					"cubes": [
						{"origin": [-8, 22, -4.5], "size": [16, 5, 9], "inflate": 0.01, "uv": [96, 49]},
						{"origin": [2, 27, -4.5], "size": [6, 1, 9], "inflate": 0.01, "uv": [160, 26]},
						{"origin": [3, 28, -4.5], "size": [5, 1, 9], "inflate": 0.01, "uv": [136, 78]},
						{"origin": [3, 29, -4.5], "size": [5, 1, 9], "inflate": -0.01, "uv": [136, 78]},
						{"origin": [-8, 27, -4.5], "size": [6, 1, 9], "inflate": 0.01, "uv": [146, 53]},
						{"origin": [-8, 28, -4.5], "size": [5, 1, 9], "inflate": 0.01, "uv": [167, 54]},
						{"origin": [-8, 29, -4.5], "size": [5, 1, 9], "inflate": -0.01, "uv": [167, 54]},
						{"origin": [11.22, 22.58009, -4.5], "size": [2, 6, 9], "inflate": -0.01, "pivot": [8.8486, 9.28009, 0.5], "rotation": [0, 0, -15], "uv": [137, 170]},
						{"origin": [-13.22, 22.58009, -4.5], "size": [2, 6, 9], "inflate": -0.01, "pivot": [-8.8486, 9.28009, 0.5], "rotation": [0, 0, 15], "uv": [169, 109]}
					]
				},
				{
					"name": "hips",
					"parent": "lowerhalf",
					"pivot": [0, 0, 0],
					"cubes": [
						{"origin": [-5, 13, -5], "size": [10, 9, 10], "inflate": 0.01, "uv": [44, 126]}
					]
				},
				{
					"name": "tail",
					"parent": "hips",
					"pivot": [-0.5, 20, 4.5],
					"rotation": [-2.5, 0, 0],
					"cubes": [
						{"origin": [0, 18, 3.8], "size": [0, 6, 16], "inflate": 0.01, "pivot": [0, 17, 4.5], "rotation": [35, 0, 0], "uv": [21, 189]}
					]
				},
				{
					"name": "legs",
					"parent": "hips",
					"pivot": [0, 0, 0]
				},
				{
					"name": "leftleg",
					"parent": "legs",
					"pivot": [7.5, 20, 0],
					"cubes": [
						{"origin": [3.72, 5.58009, -5], "size": [10, 17, 10], "pivot": [8.8486, 9.28009, 0], "rotation": [0, 0, -15], "uv": [0, 50]}
					]
				},
				{
					"name": "leftfoot",
					"parent": "leftleg",
					"pivot": [9.5, 6.16667, 0.10081],
					"cubes": [
						{"origin": [4.5, 0, -5], "size": [10, 7, 10], "inflate": 0.01, "uv": [0, 141]},
						{"origin": [8.75, 0, -7], "size": [5, 3, 7], "pivot": [11.5, 1.5, -4.5], "rotation": [0, -15, 0], "uv": [17, 181]},
						{"origin": [5.25, 0, -7], "size": [5, 3, 7], "pivot": [7.5, 1.5, -4.5], "rotation": [0, 15, 0], "uv": [65, 176]}
					]
				},
				{
					"name": "rightleg",
					"parent": "legs",
					"pivot": [-7.5, 20, 0],
					"cubes": [
						{"origin": [-13.72, 5.58009, -5], "size": [10, 17, 10], "pivot": [-8.8486, 9.28009, 0], "rotation": [0, 0, 15], "uv": [40, 40]}
					]
				},
				{
					"name": "rightfoot",
					"parent": "rightleg",
					"pivot": [-9.5, 6.16667, 0.10081],
					"cubes": [
						{"origin": [-14.5, 0, -5], "size": [10, 7, 10], "inflate": 0.01, "uv": [74, 140]},
						{"origin": [-13.75, 0, -7], "size": [5, 3, 7], "pivot": [-11.5, 1.5, -4.5], "rotation": [0, 15, 0], "uv": [180, 176]},
						{"origin": [-10.25, 0, -7], "size": [5, 3, 7], "inflate": -0.01, "pivot": [-7.5, 1.5, -4.5], "rotation": [0, -15, 0], "uv": [0, 176]}
					]
				}
			]
		}
	]
}