{
	"format_version": "1.12.0",
	"minecraft:geometry": [
		{
			"description": {
				"identifier": "geometry.necrozma",
				"texture_width": 128,
				"texture_height": 128,
				"visible_bounds_width": 6,
				"visible_bounds_height": 5.5,
				"visible_bounds_offset": [0, 2.25, 0]
			},
			"bones": [
				{
					"name": "necrozma",
					"pivot": [0, 0, 0]
				},
				{
					"name": "body",
					"parent": "necrozma",
					"pivot": [0, 28.13229, -2.88774],
					"cubes": [
						{"origin": [-3.5, 24.95729, -0.26642], "size": [7, 8.175, 2], "pivot": [0, 33.63229, -0.76642], "rotation": [5, 0, 0], "uv": [20, 75]},
						{"origin": [-2.5, 21.13173, 0.48504], "size": [5, 4.675, 2], "inflate": -0.2, "pivot": [0, 25.1139, 1.60705], "rotation": [-20, 0, 0], "uv": [39, 0]}
					]
				},
				{
					"name": "chest",
					"parent": "body",
					"pivot": [0, 33.63229, -0.76642],
					"rotation": [15, 0, 0],
					"cubes": [
						{"origin": [-2.5, 29.13229, -6.26642], "size": [8, 6, 8], "pivot": [0, 33.63229, -0.76642], "rotation": [0, 45, 0], "uv": [32, 51]},
						{"origin": [-0.5, 24.95729, -5.26642], "size": [5, 4.175, 5], "pivot": [0, 33.63229, -0.76642], "rotation": [0, 45, 0], "uv": [72, 53]},
						{"origin": [2.5, 22.95729, -6.26642], "size": [3, 2, 3], "pivot": [0, 33.63229, -0.76642], "rotation": [0, 45, 0], "uv": [65, 0]}
					]
				},
				{
					"name": "bone4",
					"parent": "body",
					"pivot": [-4.5, 28.63229, -2.26642],
					"rotation": [-12.5, 0, 0],
					"cubes": [
						{"origin": [-5.47987, 33.71985, -4.82554], "size": [0, 8, 4], "pivot": [-6.0846, 34.61902, -2.68718], "rotation": [28.27463, 19.50645, -5.49568], "uv": [20, 90]},
						{"origin": [-6.26462, 33.1867, -2.86987], "size": [0, 8, 4], "pivot": [-6.26462, 36.1867, 0.13013], "rotation": [7.62652, 46.38162, -40.89156], "uv": [12, 90]},
						{"origin": [-5.18743, 27.03809, -3.26642], "size": [2, 7.4, 5], "pivot": [-4.88203, 26.79886, -0.76642], "rotation": [12.5, 0, -10], "uv": [0, 80]},
						{"origin": [-4.18743, 31.03809, -7.26642], "size": [0, 2.4, 4], "pivot": [-4.88203, 26.79886, -0.76642], "rotation": [12.5, 0, -10], "uv": [39, 63]},
						{"origin": [-4.18743, 27.03809, -7.26642], "size": [0, 2.4, 4], "pivot": [-4.88203, 26.79886, -0.76642], "rotation": [12.5, 0, -10], "uv": [47, 61]},
						{"origin": [-5.27426, 21.27357, -3.26642], "size": [2, 7.175, 5], "inflate": -0.2, "pivot": [-3.57966, 27.4128, -0.76642], "rotation": [0, 0, -30], "uv": [81, 82]},
						{"origin": [-4.27426, 23.27357, -6.26642], "size": [0, 2.4, 4], "pivot": [-3.57966, 27.4128, -0.76642], "rotation": [0, 0, -30], "uv": [39, 61]}
					]
				},
				{
					"name": "bone3",
					"parent": "body",
					"pivot": [4.5, 28.63229, -2.26642],
					"rotation": [-12.5, 0, 0],
					"cubes": [
						{"origin": [5.47987, 33.71985, -4.82554], "size": [0, 8, 4], "pivot": [6.0846, 34.61902, -2.68718], "rotation": [28.27463, -19.50645, 5.49568], "uv": [32, 47]},
						{"origin": [6.26462, 33.1867, -2.86987], "size": [0, 8, 4], "pivot": [6.26462, 36.1867, 0.13013], "rotation": [7.62652, -46.38162, 40.89156], "uv": [0, 19]},
						{"origin": [3.18743, 27.03809, -3.26642], "size": [2, 7.4, 5], "pivot": [4.88203, 26.79886, -0.76642], "rotation": [12.5, 0, 10], "uv": [79, 22]},
						{"origin": [4.18743, 31.03809, -7.26642], "size": [0, 2.4, 4], "pivot": [4.88203, 26.79886, -0.76642], "rotation": [12.5, 0, 10], "uv": [18, 60]},
						{"origin": [4.18743, 27.03809, -7.26642], "size": [0, 2.4, 4], "pivot": [4.88203, 26.79886, -0.76642], "rotation": [12.5, 0, 10], "uv": [56, 53]},
						{"origin": [3.27426, 21.27357, -3.26642], "size": [2, 7.175, 5], "inflate": -0.2, "pivot": [3.57966, 27.4128, -0.76642], "rotation": [0, 0, 30], "uv": [77, 37]},
						{"origin": [4.27426, 23.27357, -6.26642], "size": [0, 2.4, 4], "pivot": [3.57966, 27.4128, -0.76642], "rotation": [0, 0, 30], "uv": [36, 25]}
					]
				},
				{
					"name": "head",
					"parent": "necrozma",
					"pivot": [1, 34, -4],
					"rotation": [-20, 0, 0]
				},
				{
					"name": "face",
					"parent": "head",
					"pivot": [0, 36.1731, -0.68546],
					"rotation": [10, 0, 0],
					"cubes": [
						{"origin": [0.5, 33.9231, -5.18546], "size": [4, 5.75, 4], "pivot": [0, 36.1731, -0.68546], "rotation": [0, 45, 0], "uv": [14, 85]},
						{"origin": [0.61872, 35.4731, -6.94712], "size": [0, 2, 1], "pivot": [0.61872, 35.9231, -6.57212], "rotation": [-22.5, 45, 0], "uv": [47, 108]},
						{"origin": [-0.61872, 35.4731, -6.94712], "size": [0, 2, 1], "pivot": [-0.61872, 35.9231, -6.57212], "rotation": [-22.5, -45, 0], "uv": [53, 108], "mirror": true},
						{"origin": [-1.5, 34.6731, -4.18546], "size": [5, 5, 5], "pivot": [0, 36.1731, -0.68546], "rotation": [0, 45, 0], "uv": [64, 67]},
						{"origin": [0.5, 37.6731, -3.18546], "size": [2, 4, 2], "pivot": [0, 36.1731, -0.68546], "rotation": [0, 45, 0], "uv": [14, 71]}
					]
				},
				{
					"name": "left_eye",
					"parent": "face",
					"pivot": [1.45616, 38.5731, -5.79504],
					"rotation": [2.65485, -6.57581, -3.35896],
					"cubes": [
						{"origin": [1.45616, 37.5731, -7.29504], "size": [0, 2, 3], "pivot": [1.45616, 38.5731, -5.79504], "rotation": [17.5, 45, 0], "uv": [23, 109]}
					]
				},
				{
					"name": "right_eye",
					"parent": "face",
					"pivot": [-1.45616, 38.5731, -5.79504],
					"rotation": [2.65485, 6.57581, 3.35896],
					"cubes": [
						{"origin": [-1.45616, 37.5731, -7.29504], "size": [0, 2, 3], "pivot": [-1.45616, 38.5731, -5.79504], "rotation": [17.5, -45, 0], "uv": [34, 109], "mirror": true}
					]
				},
				{
					"name": "bone",
					"parent": "head",
					"pivot": [0, 45.54082, 5.08097],
					"rotation": [45, 0, 0],
					"cubes": [
						{"origin": [-7, 36.54082, 8.08097], "size": [16, 16, 7], "pivot": [0, 45.54082, 5.08097], "rotation": [0, 0, 45], "uv": [0, 0]},
						{"origin": [-7, 54.54082, 6.08097], "size": [8, 0, 5], "pivot": [0, 54.54082, 8.58097], "rotation": [0, -15, 90], "uv": [39, 29]},
						{"origin": [-7, 52.54082, -0.91903], "size": [8, 0, 4], "pivot": [0, 52.54082, 1.08097], "rotation": [0, -10, 90], "uv": [64, 23]},
						{"origin": [-7, 51.54082, -6.91903], "size": [8, 0, 4], "pivot": [0, 51.54082, -4.91903], "rotation": [0, -15, 90], "uv": [52, 53]},
						{"origin": [-6, 37.54082, 0.08097], "size": [14, 14, 8], "pivot": [0, 45.54082, 5.08097], "rotation": [0, 0, 45], "uv": [0, 23]},
						{"origin": [-5, 39.54082, -4.91903], "size": [11, 11, 5], "pivot": [0, 45.54082, 5.08097], "rotation": [0, 0, 45], "uv": [0, 45]}
					]
				},
				{
					"name": "bone2",
					"parent": "bone",
					"pivot": [0, 51.04082, -4.91903],
					"rotation": [7.5, 0, 0],
					"cubes": [
						{"origin": [0, 45.54082, -10.91903], "size": [0, 6, 6], "pivot": [0, 51.04082, -4.91903], "rotation": [0, 0, 45], "uv": [42, 82]},
						{"origin": [0, 45.54082, -10.91903], "size": [0, 6, 6], "pivot": [0, 51.04082, -4.91903], "rotation": [0, 0, -45], "uv": [42, 82], "mirror": true}
					]
				},
				{
					"name": "left_leg",
					"parent": "necrozma",
					"pivot": [2, 22.45729, -2.13038],
					"rotation": [-34.24027, -16.32555, -22.44031],
					"cubes": [
						{"origin": [5.5, 17.95729, -1.26642], "size": [3, 5, 2], "pivot": [2, 28.63229, 4.23358], "rotation": [0, 45, 0], "uv": [44, 94]}
					]
				},
				{
					"name": "left_knee",
					"parent": "left_leg",
					"pivot": [2, 18.45729, -2.13038],
					"rotation": [42.5, 0, 0],
					"cubes": [
						{"origin": [5.5, 12.95729, -0.26642], "size": [2, 6, 2], "pivot": [2, 24.63229, 5.23358], "rotation": [0, 45, 0], "uv": [0, 100]},
						{"origin": [5.5, 7.95729, -0.26642], "size": [2, 6, 2], "inflate": -0.2, "pivot": [2, 24.63229, 5.23358], "rotation": [0, 45, 0], "uv": [100, 8]},
						{"origin": [0, 6.95729, -2.5446], "size": [4, 3, 0], "pivot": [2, 10.95729, -2.5446], "rotation": [0, 90, 0], "uv": [72, 9]}
					]
				},
				{
					"name": "bone6",
					"parent": "left_knee",
					"pivot": [1.37848, 12.65104, -2.00634],
					"rotation": [3.81397, -11.91276, -17.89807],
					"cubes": [
						{"origin": [1.43934, 11.73229, -4.31236], "size": [1, 1.225, 2], "pivot": [1.93934, 12.95729, -1.89815], "rotation": [0, 55, 0], "uv": [0, 3]},
						{"origin": [1.96434, 11.95729, -5.31236], "size": [0, 2, 2], "pivot": [1.93934, 12.95729, -1.89815], "rotation": [0, 55, 0], "uv": [0, 45]}
					]
				},
				{
					"name": "bone5",
					"parent": "left_knee",
					"pivot": [2.64303, 12.65104, -1.97562],
					"rotation": [3.81397, 11.91276, 17.89807],
					"cubes": [
						{"origin": [2.47487, 11.73229, -2.39815], "size": [2, 1.225, 1], "pivot": [2.06066, 12.95729, -1.89815], "rotation": [0, 35, 0], "uv": [27, 47]},
						{"origin": [3.47487, 11.95729, -1.84815], "size": [2, 2, 0], "pivot": [2.06066, 12.95729, -1.89815], "rotation": [0, 35, 0], "uv": [58, 13]}
					]
				},
				{
					"name": "right_leg",
					"parent": "necrozma",
					"pivot": [-2, 22.45729, -2.13038],
					"rotation": [-34.24027, 16.32555, 22.44031],
					"cubes": [
						{"origin": [-8.5, 17.95729, -1.26642], "size": [3, 5, 2], "pivot": [-2, 28.63229, 4.23358], "rotation": [0, -45, 0], "uv": [93, 27]}
					]
				},
				{
					"name": "right_knee",
					"parent": "right_leg",
					"pivot": [-2, 18.45729, -2.13038],
					"rotation": [42.5, 0, 0],
					"cubes": [
						{"origin": [-7.5, 12.95729, -0.26642], "size": [2, 6, 2], "pivot": [-2, 24.63229, 5.23358], "rotation": [0, -45, 0], "uv": [99, 85]},
						{"origin": [-7.5, 7.95729, -0.26642], "size": [2, 6, 2], "inflate": -0.2, "pivot": [-2, 24.63229, 5.23358], "rotation": [0, -45, 0], "uv": [98, 34]},
						{"origin": [-4, 6.95729, -2.5446], "size": [4, 3, 0], "pivot": [-2, 10.95729, -2.5446], "rotation": [0, -90, 0], "uv": [59, 67]}
					]
				},
				{
					"name": "bone7",
					"parent": "right_knee",
					"pivot": [-1.37848, 12.65104, -2.00634],
					"rotation": [3.81397, 11.91276, 17.89807],
					"cubes": [
						{"origin": [-2.43934, 11.73229, -4.31236], "size": [1, 1.225, 2], "pivot": [-1.93934, 12.95729, -1.89815], "rotation": [0, -55, 0], "uv": [0, 0]},
						{"origin": [-1.96434, 11.95729, -5.31236], "size": [0, 2, 2], "pivot": [-1.93934, 12.95729, -1.89815], "rotation": [0, -55, 0], "uv": [0, 43]}
					]
				},
				{
					"name": "bone8",
					"parent": "right_knee",
					"pivot": [-2.64303, 12.65104, -1.97562],
					"rotation": [3.81397, -11.91276, -17.89807],
					"cubes": [
						{"origin": [-4.47487, 11.73229, -2.39815], "size": [2, 1.225, 1], "pivot": [-2.06066, 12.95729, -1.89815], "rotation": [0, -35, 0], "uv": [27, 45]},
						{"origin": [-5.47487, 11.95729, -1.84815], "size": [2, 2, 0], "pivot": [-2.06066, 12.95729, -1.89815], "rotation": [0, -35, 0], "uv": [56, 34]}
					]
				},
				{
					"name": "left_arm",
					"parent": "necrozma",
					"pivot": [5.06298, 29.84787, -1.26642],
					"rotation": [0, 0, -115],
					"cubes": [
						{"origin": [4.30255, 20.55029, -2.26642], "size": [2, 9.4, 2], "inflate": 0.2, "pivot": [5.30255, 25.25029, -1.26642], "rotation": [0, -45, 0], "uv": [93, 92]},
						{"origin": [4.30255, 15.55029, -2.26642], "size": [2, 5.4, 2], "inflate": -0.2, "pivot": [5.30255, 21.25029, -1.26642], "rotation": [0, 0, -62.5], "uv": [100, 48]},
						{"origin": [5.30255, 14.55029, -5.26642], "size": [0, 3.4, 5], "pivot": [5.30255, 21.25029, -1.26642], "rotation": [0, 0, -62.5], "uv": [56, 37]}
					]
				},
				{
					"name": "left_elbow",
					"parent": "left_arm",
					"pivot": [5.30255, 20.25029, -1.26642],
					"rotation": [0, 0, 40],
					"cubes": [
						{"origin": [4.30255, 12.55029, -2.26642], "size": [2, 8.4, 2], "pivot": [5.30255, 16.25029, -1.26642], "rotation": [0, -45, 0], "uv": [36, 94]}
					]
				},
				{
					"name": "left_hand",
					"parent": "left_elbow",
					"pivot": [5.01971, 12.35029, -1.18142],
					"rotation": [0, 0, 32.5],
					"cubes": [
						{"origin": [3.30255, 9.55029, -4.26642], "size": [4, 3.4, 6], "uv": [72, 0]},
						{"origin": [2.30255, 3.55029, -4.79142], "size": [6, 6.4, 7], "uv": [56, 29]},
						{"origin": [2.30255, -2.44971, -6.11642], "size": [6, 6.4, 10], "uv": [36, 13]},
						{"origin": [3.30255, -4.44971, -5.11642], "size": [4, 2.4, 8], "uv": [58, 43]},
						{"origin": [1.30255, -0.89971, -3.11642], "size": [6, 4.3, 6], "pivot": [5.30255, -1.24971, -1.11642], "rotation": [0, -45, 0], "uv": [0, 61]}
					]
				},
				{
					"name": "finger",
					"parent": "left_hand",
					"pivot": [3.91499, -1.75923, -3.61642],
					"rotation": [-26.06663, 9.08661, 17.89244],
					"cubes": [
						{"origin": [3.30255, -7.44971, -5.11642], "size": [3, 5.4, 3], "pivot": [4.80255, -5.74971, -3.61642], "rotation": [0, 45, 0], "uv": [92, 0]},
						{"origin": [2.42755, -12.44971, -3.61642], "size": [5, 6.4, 0], "pivot": [4.80255, -5.74971, -3.61642], "rotation": [0, 0, 32.5], "uv": [64, 97]}
					]
				},
				{
					"name": "finger2",
					"parent": "left_hand",
					"pivot": [3.91499, -1.75923, 1.38358],
					"rotation": [26.06663, -9.08661, 17.89244],
					"cubes": [
						{"origin": [3.30255, -7.44971, -0.11642], "size": [3, 5.4, 3], "pivot": [4.80255, -5.74971, 1.38358], "rotation": [0, 45, 0], "uv": [0, 92]},
						{"origin": [2.42755, -12.44971, 1.38358], "size": [5, 6.4, 0], "pivot": [4.80255, -5.74971, 1.38358], "rotation": [0, 0, 32.5], "uv": [97, 42]}
					]
				},
				{
					"name": "finger3",
					"parent": "left_hand",
					"pivot": [4.91499, -1.75923, -1.09142],
					"rotation": [0, 0, 20],
					"cubes": [
						{"origin": [4.30255, -7.44971, -2.59142], "size": [3, 5.4, 3], "pivot": [5.80255, -5.74971, -1.09142], "rotation": [0, 45, 0], "uv": [91, 59]},
						{"origin": [3.42755, -12.44971, -1.09142], "size": [5, 6.4, 0], "pivot": [5.80255, -5.74971, -1.09142], "rotation": [0, 0, 32.5], "uv": [96, 67]}
					]
				},
				{
					"name": "bone11",
					"parent": "left_hand",
					"pivot": [2.88834, 2.75029, -1.11642],
					"rotation": [0, 0, 15],
					"cubes": [
						{"origin": [1.30255, 2.10029, -2.11642], "size": [4, 6.3, 4], "pivot": [4.30255, -2.24971, -1.11642], "rotation": [0, -45, 0], "uv": [70, 77]}
					]
				},
				{
					"name": "crystal",
					"parent": "left_hand",
					"pivot": [10.42387, 0.75029, -1.11642],
					"rotation": [0, 0, 90],
					"cubes": [
						{"origin": [7.92387, -1.89971, -3.61642], "size": [5, 5.3, 5], "pivot": [10.42387, 0.75029, -1.11642], "rotation": [0, -45, 0], "uv": [44, 67]},
						{"origin": [8.92387, 3.10029, -2.61642], "size": [3, 7.3, 3], "inflate": 0.25, "pivot": [10.42387, 0.75029, -1.11642], "rotation": [0, -45, 0], "uv": [88, 46]}
					]
				},
				{
					"name": "bone10",
					"parent": "left_hand",
					"pivot": [6.42387, 0.75029, -1.11642],
					"rotation": [0, 0, 15],
					"cubes": [
						{"origin": [4.92387, -0.89971, -3.61642], "size": [4, 5.3, 4], "pivot": [6.42387, 0.75029, -1.11642], "rotation": [0, -45, 0], "uv": [84, 72]}
					]
				},
				{
					"name": "bone9",
					"parent": "left_hand",
					"pivot": [6.71677, 4.75029, -1.11642],
					"rotation": [0, 0, -12.5],
					"cubes": [
						{"origin": [4.30255, 1.10029, -4.11642], "size": [4, 7.3, 4], "pivot": [5.30255, -2.24971, -1.11642], "rotation": [0, -45, 0], "uv": [54, 77]}
					]
				},
				{
					"name": "right_arm",
					"parent": "necrozma",
					"pivot": [-5.06298, 29.84787, -1.26642],
					"rotation": [0, 0, 115],
					"cubes": [
						{"origin": [-6.30255, 20.55029, -2.26642], "size": [2, 9.4, 2], "inflate": 0.2, "pivot": [-5.30255, 25.25029, -1.26642], "rotation": [0, 45, 0], "uv": [93, 92], "mirror": true},
						{"origin": [-6.30255, 15.55029, -2.26642], "size": [2, 5.4, 2], "inflate": -0.2, "pivot": [-5.30255, 21.25029, -1.26642], "rotation": [0, 0, 62.5], "uv": [100, 48], "mirror": true},
						{"origin": [-5.30255, 14.55029, -5.26642], "size": [0, 3.4, 5], "pivot": [-5.30255, 21.25029, -1.26642], "rotation": [0, 0, 62.5], "uv": [56, 37], "mirror": true}
					]
				},
				{
					"name": "right_elbow",
					"parent": "right_arm",
					"pivot": [-5.30255, 20.25029, -1.26642],
					"rotation": [0, 0, -40],
					"cubes": [
						{"origin": [-6.30255, 12.55029, -2.26642], "size": [2, 8.4, 2], "pivot": [-5.30255, 16.25029, -1.26642], "rotation": [0, 45, 0], "uv": [36, 94], "mirror": true}
					]
				},
				{
					"name": "right_hand",
					"parent": "right_elbow",
					"pivot": [-5.01971, 12.35029, -1.18142],
					"rotation": [0, 0, -32.5],
					"cubes": [
						{"origin": [-7.30255, 9.55029, -4.26642], "size": [4, 3.4, 6], "uv": [72, 0], "mirror": true},
						{"origin": [-8.30255, 3.55029, -4.79142], "size": [6, 6.4, 7], "uv": [56, 29], "mirror": true},
						{"origin": [-8.30255, -2.44971, -6.11642], "size": [6, 6.4, 10], "uv": [36, 13], "mirror": true},
						{"origin": [-7.30255, -4.44971, -5.11642], "size": [4, 2.4, 8], "uv": [58, 43], "mirror": true},
						{"origin": [-7.30255, -0.89971, -3.11642], "size": [6, 4.3, 6], "pivot": [-5.30255, -1.24971, -1.11642], "rotation": [0, 45, 0], "uv": [0, 61], "mirror": true}
					]
				},
				{
					"name": "finger4",
					"parent": "right_hand",
					"pivot": [-3.91499, -1.75923, -3.61642],
					"rotation": [-26.06663, -9.08661, -17.89244],
					"cubes": [
						{"origin": [-6.30255, -7.44971, -5.11642], "size": [3, 5.4, 3], "pivot": [-4.80255, -5.74971, -3.61642], "rotation": [0, -45, 0], "uv": [92, 0], "mirror": true},
						{"origin": [-7.42755, -12.44971, -3.61642], "size": [5, 6.4, 0], "pivot": [-4.80255, -5.74971, -3.61642], "rotation": [0, 0, -32.5], "uv": [64, 97], "mirror": true}
					]
				},
				{
					"name": "finger5",
					"parent": "right_hand",
					"pivot": [-3.91499, -1.75923, 1.38358],
					"rotation": [26.06663, 9.08661, -17.89244],
					"cubes": [
						{"origin": [-6.30255, -7.44971, -0.11642], "size": [3, 5.4, 3], "pivot": [-4.80255, -5.74971, 1.38358], "rotation": [0, -45, 0], "uv": [0, 92], "mirror": true},
						{"origin": [-7.42755, -12.44971, 1.38358], "size": [5, 6.4, 0], "pivot": [-4.80255, -5.74971, 1.38358], "rotation": [0, 0, -32.5], "uv": [97, 42], "mirror": true}
					]
				},
				{
					"name": "finger6",
					"parent": "right_hand",
					"pivot": [-4.91499, -1.75923, -1.09142],
					"rotation": [0, 0, -20],
					"cubes": [
						{"origin": [-7.30255, -7.44971, -2.59142], "size": [3, 5.4, 3], "pivot": [-5.80255, -5.74971, -1.09142], "rotation": [0, -45, 0], "uv": [91, 59], "mirror": true},
						{"origin": [-8.42755, -12.44971, -1.09142], "size": [5, 6.4, 0], "pivot": [-5.80255, -5.74971, -1.09142], "rotation": [0, 0, -32.5], "uv": [96, 67], "mirror": true}
					]
				},
				{
					"name": "bone12",
					"parent": "right_hand",
					"pivot": [-2.88834, 2.75029, -1.11642],
					"rotation": [0, 0, -15],
					"cubes": [
						{"origin": [-5.30255, 2.10029, -2.11642], "size": [4, 6.3, 4], "pivot": [-4.30255, -2.24971, -1.11642], "rotation": [0, 45, 0], "uv": [70, 77], "mirror": true}
					]
				},
				{
					"name": "crystal2",
					"parent": "right_hand",
					"pivot": [-10.42387, 0.75029, -1.11642],
					"rotation": [0, 0, -90],
					"cubes": [
						{"origin": [-12.92387, -1.89971, -3.61642], "size": [5, 5.3, 5], "pivot": [-10.42387, 0.75029, -1.11642], "rotation": [0, 45, 0], "uv": [44, 67], "mirror": true},
						{"origin": [-11.92387, 3.10029, -2.61642], "size": [3, 7.3, 3], "inflate": 0.25, "pivot": [-10.42387, 0.75029, -1.11642], "rotation": [0, 45, 0], "uv": [88, 46], "mirror": true}
					]
				},
				{
					"name": "bone13",
					"parent": "right_hand",
					"pivot": [-6.42387, 0.75029, -1.11642],
					"rotation": [0, 0, -15],
					"cubes": [
						{"origin": [-8.92387, -0.89971, -3.61642], "size": [4, 5.3, 4], "pivot": [-6.42387, 0.75029, -1.11642], "rotation": [0, 45, 0], "uv": [84, 72], "mirror": true}
					]
				},
				{
					"name": "bone14",
					"parent": "right_hand",
					"pivot": [-6.71677, 4.75029, -1.11642],
					"rotation": [0, 0, 12.5],
					"cubes": [
						{"origin": [-8.30255, 1.10029, -4.11642], "size": [4, 7.3, 4], "pivot": [-5.30255, -2.24971, -1.11642], "rotation": [0, 45, 0], "uv": [54, 77], "mirror": true}
					]
				}
			]
		}
	]
}