{
	"format_version": "1.12.0",
	"minecraft:geometry": [
		{
			"description": {
				"identifier": "geometry.rotomfan",
				"texture_width": 144,
				"texture_height": 144,
				"visible_bounds_width": 5,
				"visible_bounds_height": 3.5,
				"visible_bounds_offset": [0, 1.25, 0]
			},
			"bones": [
				{
					"name": "root",
					"pivot": [0, 0, 0]
				},
				{
					"name": "rotom",
					"parent": "root",
					"pivot": [0, 0, 0]
				},
				{
					"name": "body",
					"parent": "rotom",
					"pivot": [0, 0, 0],
					"cubes": [
						{"origin": [-4, 10, -4], "size": [8, 8, 8], "uv": [0, 0]},
						{"origin": [-2, 18, -2], "size": [4, 3, 4], "uv": [0, 86]},
						{"origin": [-2, 8, -2], "size": [4, 2, 4], "uv": [104, 67]}
					]
				},
				{
					"name": "face",
					"parent": "body",
					"pivot": [0, 0, 0]
				},
				{
					"name": "eyes",
					"parent": "face",
					"pivot": [0, 15.25, -3.62],
					"rotation": [180, 0, 0],
					"cubes": [
						{"origin": [1, 13.25, -4.07], "size": [2, 4, 1], "inflate": -0.01, "pivot": [2, 15.25, -3.57], "rotation": [0, 0, -5], "uv": [7, 57]},
						{"origin": [-3, 13.25, -4.07], "size": [2, 4, 1], "inflate": -0.01, "pivot": [-2, 15.25, -3.57], "rotation": [0, 0, 5], "uv": [24, 0]},
						{"origin": [-3, 15.25, -4], "size": [2, 0, 1], "inflate": -0.01, "pivot": [-2, 15.25, -3.57], "rotation": [0, 0, 5], "uv": [23, 5]},
						{"origin": [1, 15.25, -4], "size": [2, 0, 1], "inflate": -0.01, "pivot": [2, 15.25, -3.57], "rotation": [0, 0, -5], "uv": [0, 20]},
						{"origin": [-2.5, 13.75, -4], "size": [1, 3, 1], "pivot": [-2, 15.25, -3.57], "rotation": [0, 0, 5], "uv": [0, 23]},
						{"origin": [1.5, 13.75, -4], "size": [1, 3, 1], "pivot": [2, 15.25, -3.57], "rotation": [0, 0, -5], "uv": [0, 16]}
					]
				},
				{
					"name": "mouth",
					"parent": "face",
					"pivot": [0, 11.99572, -3.6],
					"rotation": [180, 0, 0],
					"cubes": [
						{"origin": [-1, 11.5, -4], "size": [0, 1, 1], "pivot": [-1, 11.5, -3.67], "rotation": [0, 0, -12.5], "uv": [5, 3]},
						{"origin": [1, 11.5, -4], "size": [0, 1, 1], "pivot": [1, 11.5, -3.67], "rotation": [0, 0, 12.5], "uv": [0, 0]},
						{"origin": [-1.75, 11.5, -4.05], "size": [2, 1, 1], "pivot": [-1, 11.5, -3.67], "rotation": [0, 0, -12.5], "uv": [0, 4]},
						{"origin": [-0.25, 11.5, -4.07], "size": [2, 1, 1], "pivot": [1, 11.5, -3.67], "rotation": [0, 0, 12.5], "uv": [0, 6]}
					]
				},
				{
					"name": "arms",
					"parent": "body",
					"pivot": [0, 0, 0]
				},
				{
					"name": "left",
					"parent": "arms",
					"pivot": [8, 30, 0],
					"cubes": [
						{"origin": [7.5, 20, 0], "size": [19, 19, 0], "uv": [45, 122]}
					]
				},
				{
					"name": "right",
					"parent": "arms",
					"pivot": [-8, 30, 0],
					"rotation": [180, 0, 0],
					"cubes": [
						{"origin": [-26.5, 20, 0], "size": [19, 19, 0], "uv": [83, 122]}
					]
				},
				{
					"name": "top",
					"parent": "body",
					"pivot": [0, 0, 0],
					"cubes": [
						{"origin": [-4, 21, -2.5], "size": [8, 2, 5], "uv": [0, 23]},
						{"origin": [-4, 37, -2.5], "size": [8, 2, 5], "uv": [0, 16]},
						{"origin": [7, 26, -2.5], "size": [2, 8, 5], "uv": [56, 106]},
						{"origin": [4, 22, -2.5], "size": [2, 2, 5], "uv": [118, 30]},
						{"origin": [4, 36, -2.5], "size": [2, 2, 5], "uv": [111, 57]},
						{"origin": [5, 35, -2.5], "size": [1, 1, 5], "uv": [0, 99]},
						{"origin": [5, 24, -2.5], "size": [1, 1, 5], "uv": [86, 0]},
						{"origin": [6, 36, -2.5], "size": [1, 1, 5], "uv": [0, 93]},
						{"origin": [6, 23, -2.5], "size": [1, 1, 5], "uv": [80, 85]},
						{"origin": [-7, 23, -2.5], "size": [1, 1, 5], "uv": [0, 57]},
						{"origin": [-6, 24, -2.5], "size": [1, 1, 5], "uv": [0, 63]},
						{"origin": [-7, 36, -2.5], "size": [1, 1, 5], "uv": [86, 6]},
						{"origin": [-6, 35, -2.5], "size": [1, 1, 5], "uv": [80, 91]},
						{"origin": [6, 24, -2.5], "size": [2, 2, 5], "uv": [70, 113]},
						{"origin": [6, 34, -2.5], "size": [2, 2, 5], "uv": [116, 64]},
						{"origin": [-6, 36, -2.5], "size": [2, 2, 5], "uv": [114, 113]},
						{"origin": [-8, 34, -2.5], "size": [2, 2, 5], "uv": [110, 100]},
						{"origin": [-6, 22, -2.5], "size": [2, 2, 5], "uv": [115, 23]},
						{"origin": [-8, 24, -2.5], "size": [2, 2, 5], "uv": [106, 21]},
						{"origin": [-9, 26, -2.5], "size": [2, 8, 5], "uv": [42, 106]}
					]
				},
				{
					"name": "fan",
					"parent": "top",
					"pivot": [0, 30, -0.6],
					"cubes": [
						{"origin": [-1.5, 28.5, -2], "size": [3, 3, 4], "uv": [16, 86]},
						{"origin": [-1, 29, -4], "size": [2, 2, 2], "uv": [0, 0]}
					]
				},
				{
					"name": "blades",
					"parent": "fan",
					"pivot": [0, 30, 0],
					"cubes": [
						{"origin": [1.5, 25.5, 0], "size": [5, 5, 0], "uv": [21, 23]},
						{"origin": [-2.5, 31.5, 0], "size": [5, 5, 0], "uv": [30, 96]},
						{"origin": [-6.5, 25.5, 0], "size": [5, 5, 0], "uv": [21, 16]}
					]
				},
				{
					"name": "glow",
					"parent": "body",
					"pivot": [0, 0, 0],
					"cubes": [
						{"origin": [-4.5, 9.5, -4.5], "size": [9, 9, 9], "inflate": -9, "uv": [83, 100]},
						{"origin": [-6.5, 0.5, -6.5], "size": [13, 16, 13], "inflate": -9, "uv": [0, 57]},
						{"origin": [-6.5, 12.5, -6.5], "size": [13, 15, 13], "inflate": -9, "uv": [52, 57]},
						{"origin": [-13.5, 17.5, -16], "size": [27, 25, 32], "inflate": -19, "uv": [0, 0]},
						{"origin": [3.5, 33.5, -2], "size": [6, 6, 4], "inflate": -5, "uv": [91, 57]},
						{"origin": [3.5, 20.5, -2], "size": [6, 6, 4], "inflate": -5, "uv": [30, 86]},
						{"origin": [-9.5, 20.5, -2], "size": [6, 6, 4], "inflate": -5, "uv": [86, 21]},
						{"origin": [-9.5, 33.5, -2], "size": [6, 6, 4], "inflate": -5, "uv": [39, 57]},
						{"origin": [-4.5, 30.5, -6], "size": [9, 15, 12], "inflate": -9, "uv": [0, 94]},
						{"origin": [0.5, 25.5, -6], "size": [14, 9, 12], "inflate": -9, "uv": [86, 0]},
						{"origin": [-4.5, 14.5, -6], "size": [9, 15, 12], "inflate": -9, "uv": [92, 73]},
						{"origin": [-14.5, 25.5, -6], "size": [14, 9, 12], "inflate": -9, "uv": [40, 85]}
					]
				}
			]
		}
	]
}