{
	"format_version": "1.8.0",
	"animations": {
		"animation.megamewtwoy.ground_idle": {
			"loop": true,
			"bones": {
				"megamewtwoy": {
					"position": ["0+Math.sin(query.anim_time * 1 * 90)", "8+Math.sin(query.anim_time * 90 + 90) ", 0]
				},
				"leftfoot": {
					"rotation": [26.5, 0, 0],
					"position": [0, 0.5, 0]
				},
				"rightfoot": {
					"rotation": [26.5, 0, 0],
					"position": [0, 0.5, 0]
				},
				"tail": {
					"rotation": [40, 0.0249, 0]
				},
				"tail2": {
					"rotation": ["-20.2836+Math.sin(query.anim_time * 90) * 2 * 3", "0+Math.sin(query.anim_time * 90 + 90) * 2 * 4", 0]
				},
				"tail3": {
					"rotation": [-17.5, "0+Math.sin(query.anim_time * 90) * 2 * 2", 0]
				},
				"tail4": {
					"rotation": [-25, "0+Math.sin(query.anim_time * 90) * 2 * 4", 0]
				},
				"tail5": {
					"rotation": [-25.56276, "0+Math.sin(query.anim_time * 90) * 2 * 6", 0]
				},
				"tail6": {
					"rotation": [-25, "Math.sin(query.anim_time * 90) * 2 * 8", 0]
				},
				"head": {
					"rotation": ["5+Math.sin(query.anim_time * 90) * 2 * 1", 0, 0]
				},
				"leftarm": {
					"rotation": [0, 0, "35+Math.sin(query.anim_time * 90) * -4"]
				},
				"leftforearm": {
					"rotation": [0, 0, "12.5+Math.sin(query.anim_time * 90) * -2"]
				},
				"rightarm": {
					"rotation": [0, 0, "-35+Math.sin(query.anim_time * 90) * 4"]
				},
				"rightforearm": {
					"rotation": [0, 0, "-12.5+Math.sin(query.anim_time * 90) * 2"]
				},
				"tail9": {
					"rotation": [0, "0+Math.sin(query.anim_time * 90) * 2 * 4", 0]
				},
				"tail7": {
					"rotation": [-22.5, "Math.sin(query.anim_time * 90) * 2 * 4", 0]
				},
				"tail8": {
					"rotation": [-22.5, "Math.sin(query.anim_time * 90) * 2 * 4", 0]
				}
			}
		},
		"animation.megamewtwoy.ground_walk": {
			"loop": true,
			"bones": {
				"megamewtwoy": {
					"rotation": [20, 0, 0],
					"position": ["0+Math.sin(query.anim_time * 1 * 90)", "8+Math.sin(query.anim_time * 90 + 90) ", 0]
				},
				"leftfoot": {
					"rotation": [26.5, 0, 0],
					"position": [0, 0.5, 0]
				},
				"rightfoot": {
					"rotation": [26.5, 0, 0],
					"position": [0, 0.5, 0]
				},
				"tail": {
					"rotation": [40, 0.0249, 0]
				},
				"tail2": {
					"rotation": ["-20.2836+Math.sin(query.anim_time * 90) * 2 * 3", "0+Math.sin(query.anim_time * 90 + 90) * 2 * 4", 0]
				},
				"tail3": {
					"rotation": [-17.5, "0+Math.sin(query.anim_time * 90) * 2 * 2", 0]
				},
				"tail4": {
					"rotation": [-25, "0+Math.sin(query.anim_time * 90) * 2 * 4", 0]
				},
				"tail5": {
					"rotation": [-25.56276, "0+Math.sin(query.anim_time * 90) * 2 * 6", 0]
				},
				"tail6": {
					"rotation": [-25, "Math.sin(query.anim_time * 90) * 2 * 8", 0]
				},
				"head": {
					"rotation": ["-17.5+Math.sin(query.anim_time * 90) * 2 * 1", 0, 0]
				},
				"leftarm": {
					"rotation": [0, -15, "35+Math.sin(query.anim_time * 90) * -4"]
				},
				"leftforearm": {
					"rotation": [0, 0, "12.5+Math.sin(query.anim_time * 90) * -2"]
				},
				"rightarm": {
					"rotation": [0, 15, "-35+Math.sin(query.anim_time * 90) * 4"]
				},
				"rightforearm": {
					"rotation": [0, 0, "-12.5+Math.sin(query.anim_time * 90) * 2"]
				},
				"tail9": {
					"rotation": [0, "0+Math.sin(query.anim_time * 90) * 2 * 4", 0]
				},
				"tail7": {
					"rotation": [-22.5, "Math.sin(query.anim_time * 90) * 2 * 4", 0]
				},
				"tail8": {
					"rotation": [-22.5, "Math.sin(query.anim_time * 90) * 2 * 4", 0]
				},
				"leftleg": {
					"rotation": [10, -10, 0]
				},
				"rightleg": {
					"rotation": [10, 10, 0]
				}
			}
		},
		"animation.megamewtwoy.air_idle": {
			"loop": true,
			"bones": {
				"megamewtwoy": {
					"position": ["0+Math.sin(query.anim_time * 1 * 90)", "8+Math.sin(query.anim_time * 90 + 90) ", 0]
				},
				"leftfoot": {
					"rotation": [26.5, 0, 0],
					"position": [0, 0.5, 0]
				},
				"rightfoot": {
					"rotation": [26.5, 0, 0],
					"position": [0, 0.5, 0]
				},
				"tail": {
					"rotation": [40, 0.0249, 0]
				},
				"tail2": {
					"rotation": ["-20.2836+Math.sin(query.anim_time * 90) * 2 * 3", "0+Math.sin(query.anim_time * 90 + 90) * 2 * 4", 0]
				},
				"tail3": {
					"rotation": [-17.5, "0+Math.sin(query.anim_time * 90) * 2 * 2", 0]
				},
				"tail4": {
					"rotation": [-25, "0+Math.sin(query.anim_time * 90) * 2 * 4", 0]
				},
				"tail5": {
					"rotation": [-25.56276, "0+Math.sin(query.anim_time * 90) * 2 * 6", 0]
				},
				"tail6": {
					"rotation": [-25, "Math.sin(query.anim_time * 90) * 2 * 8", 0]
				},
				"head": {
					"rotation": ["5+Math.sin(query.anim_time * 90) * 2 * 1", 0, 0]
				},
				"leftarm": {
					"rotation": [0, 0, "35+Math.sin(query.anim_time * 90) * -4"]
				},
				"leftforearm": {
					"rotation": [0, 0, "12.5+Math.sin(query.anim_time * 90) * -2"]
				},
				"rightarm": {
					"rotation": [0, 0, "-35+Math.sin(query.anim_time * 90) * 4"]
				},
				"rightforearm": {
					"rotation": [0, 0, "-12.5+Math.sin(query.anim_time * 90) * 2"]
				},
				"tail9": {
					"rotation": [0, "0+Math.sin(query.anim_time * 90) * 2 * 4", 0]
				},
				"tail7": {
					"rotation": [-22.5, "Math.sin(query.anim_time * 90) * 2 * 4", 0]
				},
				"tail8": {
					"rotation": [-22.5, "Math.sin(query.anim_time * 90) * 2 * 4", 0]
				}
			}
		},
		"animation.megamewtwoy.air_fly": {
			"loop": true,
			"bones": {
				"megamewtwoy": {
					"rotation": [20, 0, 0],
					"position": ["0+Math.sin(query.anim_time * 1 * 90)", "8+Math.sin(query.anim_time * 90 + 90) ", 0]
				},
				"leftfoot": {
					"rotation": [26.5, 0, 0],
					"position": [0, 0.5, 0]
				},
				"rightfoot": {
					"rotation": [26.5, 0, 0],
					"position": [0, 0.5, 0]
				},
				"tail": {
					"rotation": [40, 0.0249, 0]
				},
				"tail2": {
					"rotation": ["-20.2836+Math.sin(query.anim_time * 90) * 2 * 3", "0+Math.sin(query.anim_time * 90 + 90) * 2 * 4", 0]
				},
				"tail3": {
					"rotation": [-17.5, "0+Math.sin(query.anim_time * 90) * 2 * 2", 0]
				},
				"tail4": {
					"rotation": [-25, "0+Math.sin(query.anim_time * 90) * 2 * 4", 0]
				},
				"tail5": {
					"rotation": [-25.56276, "0+Math.sin(query.anim_time * 90) * 2 * 6", 0]
				},
				"tail6": {
					"rotation": [-25, "Math.sin(query.anim_time * 90) * 2 * 8", 0]
				},
				"head": {
					"rotation": ["-17.5+Math.sin(query.anim_time * 90) * 2 * 1", 0, 0]
				},
				"leftarm": {
					"rotation": [0, -15, "35+Math.sin(query.anim_time * 90) * -4"]
				},
				"leftforearm": {
					"rotation": [0, 0, "12.5+Math.sin(query.anim_time * 90) * -2"]
				},
				"rightarm": {
					"rotation": [0, 15, "-35+Math.sin(query.anim_time * 90) * 4"]
				},
				"rightforearm": {
					"rotation": [0, 0, "-12.5+Math.sin(query.anim_time * 90) * 2"]
				},
				"tail9": {
					"rotation": [0, "0+Math.sin(query.anim_time * 90) * 2 * 4", 0]
				},
				"tail7": {
					"rotation": [-22.5, "Math.sin(query.anim_time * 90) * 2 * 4", 0]
				},
				"tail8": {
					"rotation": [-22.5, "Math.sin(query.anim_time * 90) * 2 * 4", 0]
				},
				"leftleg": {
					"rotation": [10, -10, 0]
				},
				"rightleg": {
					"rotation": [10, 10, 0]
				}
			}
		},
		"animation.megamewtwoy.blink": {
			"animation_length": 0.1667,
			"bones": {
				"eyelid_right": {
					"position": {
						"0.0": [-0.1, 0, 0],
						"0.125": [-0.1, 0, 0],
						"0.1667": [0, 0, 0]
					}
				},
				"eyelid_left": {
					"position": {
						"0.0": [0.1, 0, 0],
						"0.125": [0.1, 0, 0],
						"0.1667": [0, 0, 0]
					}
				},
				"righteye": {
					"position": {
						"0.0": [0, 0, 0],
						"0.0833": [1, 0, 0],
						"0.1667": [0, 0, 0]
					}
				},
				"lefteye": {
					"position": {
						"0.0": [0, 0, 0],
						"0.0833": [-1, 0, 0],
						"0.1667": [0, 0, 0]
					}
				}
			}
		},
		"animation.megamewtwoy.faint": {
			"animation_length": 2.83333,
			"bones": {
				"megamewtwoy": {
					"rotation": {
						"0.0": {
							"post": [-15, 0, 0],
							"lerp_mode": "catmullrom"
						},
						"0.5": {
							"post": [-15, 0, 0],
							"lerp_mode": "catmullrom"
						},
						"1.5": {
							"post": [50, 0, 0],
							"lerp_mode": "catmullrom"
						},
						"2.8333": {
							"post": [62.5, 0, 0],
							"lerp_mode": "catmullrom"
						}
					},
					"position": {
						"0.0": {
							"post": [0, 8, 0],
							"lerp_mode": "catmullrom"
						},
						"0.5": {
							"post": [0, 13, 5],
							"lerp_mode": "catmullrom"
						},
						"1.5": {
							"post": [0, 3, 10],
							"lerp_mode": "catmullrom"
						},
						"2.8333": {
							"post": [0, 3, 10],
							"lerp_mode": "catmullrom"
						}
					}
				},
				"leftfoot": {
					"rotation": [26.5, 0, 0],
					"position": [0, 0.5, 0]
				},
				"rightfoot": {
					"rotation": [26.5, 0, 0],
					"position": [0, 0.5, 0]
				},
				"tail": {
					"rotation": [40, 0.0249, 0]
				},
				"tail2": {
					"rotation": ["-20.2836+Math.sin(query.anim_time * 90) * 2 * 3", "0+Math.sin(query.anim_time * 90 + 90) * 2 * 4", 0]
				},
				"tail3": {
					"rotation": [-17.5, "0+Math.sin(query.anim_time * 90) * 2 * 2", 0]
				},
				"tail4": {
					"rotation": [-25, "0+Math.sin(query.anim_time * 90) * 2 * 4", 0]
				},
				"tail5": {
					"rotation": [-25.56276, "0+Math.sin(query.anim_time * 90) * 2 * 6", 0]
				},
				"tail6": {
					"rotation": [-25, "Math.sin(query.anim_time * 90) * 2 * 8", 0]
				},
				"head": {
					"rotation": {
						"0.0": {
							"post": [-17.5, 0, 0],
							"lerp_mode": "catmullrom"
						},
						"1.0": {
							"post": [-12.5, 0, 0],
							"lerp_mode": "catmullrom"
						},
						"2.0": {
							"post": [-10, 0, 0],
							"lerp_mode": "catmullrom"
						}
					}
				},
				"leftarm": {
					"rotation": {
						"0.0": {
							"post": [0, 35, 35],
							"lerp_mode": "catmullrom"
						},
						"0.5": {
							"post": [0, 35, 35],
							"lerp_mode": "catmullrom"
						},
						"1.0": {
							"post": [0, -10, 35],
							"lerp_mode": "catmullrom"
						},
						"1.5": {
							"post": [0, -10, 35],
							"lerp_mode": "catmullrom"
						},
						"2.0": {
							"post": [0, 27.1875, 35],
							"lerp_mode": "catmullrom"
						},
						"2.8333": {
							"post": [0, 10, 35],
							"lerp_mode": "catmullrom"
						}
					}
				},
				"leftforearm": {
					"rotation": {
						"0.0": {
							"post": [0, 0, 12.5],
							"lerp_mode": "catmullrom"
						},
						"0.5": {
							"post": [-0.43262, 39.13256, 11.41151],
							"lerp_mode": "catmullrom"
						},
						"1.25": {
							"post": [-0.7659, -17.7772, 11.04119],
							"lerp_mode": "catmullrom"
						},
						"1.5": {
							"post": [0, 0, 12.5],
							"lerp_mode": "catmullrom"
						},
						"2.0": {
							"post": [9.06159, 23.399, 34.3803],
							"lerp_mode": "catmullrom"
						}
					}
				},
				"rightarm": {
					"rotation": {
						"0.0": {
							"post": [0, -35, -35],
							"lerp_mode": "catmullrom"
						},
						"0.5": {
							"post": [0, -35, -35],
							"lerp_mode": "catmullrom"
						},
						"1.0": {
							"post": [0, 10, -35],
							"lerp_mode": "catmullrom"
						},
						"1.5": {
							"post": [0, 10, -35],
							"lerp_mode": "catmullrom"
						},
						"2.0": {
							"post": [0, -27.1875, -35],
							"lerp_mode": "catmullrom"
						},
						"2.8333": {
							"post": [0, -10, -35],
							"lerp_mode": "catmullrom"
						}
					}
				},
				"rightforearm": {
					"rotation": {
						"0.0": {
							"post": [0, 0, -12.5],
							"lerp_mode": "catmullrom"
						},
						"0.5": {
							"post": [-0.43262, -39.13256, -11.41151],
							"lerp_mode": "catmullrom"
						},
						"1.25": {
							"post": [-0.7659, 17.77719, -11.04119],
							"lerp_mode": "catmullrom"
						},
						"1.5": {
							"post": [0, 0, -12.5],
							"lerp_mode": "catmullrom"
						},
						"2.0": {
							"post": [9.06159, -23.39896, -34.3803],
							"lerp_mode": "catmullrom"
						}
					}
				},
				"tail9": {
					"rotation": [0, "0+Math.sin(query.anim_time * 90) * 2 * 4", 0]
				},
				"tail7": {
					"rotation": [-22.5, "Math.sin(query.anim_time * 90) * 2 * 4", 0]
				},
				"tail8": {
					"rotation": [-22.5, "Math.sin(query.anim_time * 90) * 2 * 4", 0]
				},
				"leftleg": {
					"rotation": {
						"0.0": {
							"post": [-25, 0, 0],
							"lerp_mode": "catmullrom"
						},
						"1.0": {
							"post": [17.5, 0, 0],
							"lerp_mode": "catmullrom"
						},
						"2.0": {
							"post": [-15, 0, 0],
							"lerp_mode": "catmullrom"
						},
						"2.8333": {
							"post": [-15, 0, 0],
							"lerp_mode": "catmullrom"
						}
					}
				},
				"rightleg": {
					"rotation": {
						"0.0": {
							"post": [-25, 0, 0],
							"lerp_mode": "catmullrom"
						},
						"1.0": {
							"post": [17.5, 0, 0],
							"lerp_mode": "catmullrom"
						},
						"2.0": {
							"post": [-15, 0, 0],
							"lerp_mode": "catmullrom"
						},
						"2.8333": {
							"post": [-15, 0, 0],
							"lerp_mode": "catmullrom"
						}
					}
				},
				"leftknee": {
					"rotation": {
						"0.0": {
							"post": [0, 0, 0],
							"lerp_mode": "catmullrom"
						},
						"2.0": {
							"post": [15, 0, 0],
							"lerp_mode": "catmullrom"
						}
					}
				},
				"rightknee": {
					"rotation": {
						"0.0": {
							"post": [0, 0, 0],
							"lerp_mode": "catmullrom"
						},
						"2.0": {
							"post": [17.5, 0, 0],
							"lerp_mode": "catmullrom"
						}
					}
				}
			}
		}
	}
}