{
	"format_version": "1.12.0",
	"minecraft:geometry": [
		{
			"description": {
				"identifier": "geometry.TapuKoko",
				"texture_width": 128,
				"texture_height": 128,
				"visible_bounds_width": 5,
				"visible_bounds_height": 4.5,
				"visible_bounds_offset": [0, 1.75, 0]
			},
			"bones": [
				{
					"name": "tapukoko",
					"pivot": [0, 0, 0]
				},
				{
					"name": "body",
					"parent": "tapukoko",
					"pivot": [0, 0, 0],
					"cubes": [
						{"origin": [5, 5, -1], "size": [5, 5, 2], "inflate": -0.01, "pivot": [0, 0, 0], "rotation": [0, 0, -45], "uv": [50, 20]},
						{"origin": [-1.5, 10, -1], "size": [3, 6, 2], "uv": [64, 20]},
						{"origin": [-0.5, 12.5, -1], "size": [1, 1, 0], "inflate": 0.01, "uv": [0, 2]},
						{"origin": [-1, 10.5, -1], "size": [2, 2, 0], "inflate": 0.01, "uv": [26, 0]}
					]
				},
				{
					"name": "torso",
					"parent": "body",
					"pivot": [0, 16, 0],
					"cubes": [
						{"origin": [-3, 15.75, -1.5], "size": [6, 4, 3], "uv": [28, 7]},
						{"origin": [8.2, 15, 6.3], "size": [2, 0, 1], "inflate": 0.01, "pivot": [0, 0, 0], "rotation": [54.73561, -30, -35.26439], "uv": [-1, 78], "mirror": true},
						{"origin": [-10.2, 15, 6.3], "size": [2, 0, 1], "inflate": 0.01, "pivot": [0, 0, 0], "rotation": [54.73561, 30, 35.26439], "uv": [-1, 78]},
						{"origin": [-2.6, 15, 10], "size": [2, 0, 1], "inflate": 0.01, "pivot": [0, 0, 0], "rotation": [45, 0, 0], "uv": [-1, 78]},
						{"origin": [0.6, 15, 10], "size": [2, 0, 1], "inflate": 0.01, "pivot": [0, 0, 0], "rotation": [45, 0, 0], "uv": [-1, 78], "mirror": true},
						{"origin": [-3, 12, 10], "size": [6, 3, 3], "pivot": [0, 0, 0], "rotation": [45, 0, 0], "uv": [43, 4]}
					]
				},
				{
					"name": "head",
					"parent": "torso",
					"pivot": [0, 20, 0],
					"cubes": [
						{"origin": [-4, 21, -3], "size": [8, 6, 6], "uv": [0, 0]},
						{"origin": [-1, 19, -1], "size": [2, 4, 2], "uv": [68, 4]}
					]
				},
				{
					"name": "hair",
					"parent": "head",
					"pivot": [0, 7, 0],
					"cubes": [
						{"origin": [0, 15, 9], "size": [0, 2, 3], "pivot": [0, 7, 0], "rotation": [60, 0, 0], "uv": [0, 0]},
						{"origin": [0, 21.25, -2], "size": [0, 4, 4], "pivot": [0, 7, 0], "rotation": [15, 0, 0], "uv": [18, 14]},
						{"origin": [0, 23.25, -11], "size": [0, 4, 5], "inflate": -0.01, "pivot": [0, 7, 0], "rotation": [-15, 0, 0], "uv": [7, 39]},
						{"origin": [0, 8.25, -39], "size": [0, 19, 25], "pivot": [0, 7, 0], "rotation": [-80, 0, 0], "uv": [0, 0]},
						{"origin": [0, 10.25, -16], "size": [0, 3, 15], "pivot": [0, 7, 0], "rotation": [-85, 0, 0], "uv": [0, 0]}
					]
				},
				{
					"name": "bone3",
					"parent": "hair",
					"pivot": [-1, 6, 0],
					"cubes": [
						{"origin": [1.5, 22, -3], "size": [1, 2, 0], "inflate": 0.02, "uv": [15, 18]},
						{"origin": [1, 21.5, -3], "size": [2, 3, 0], "inflate": 0.01, "uv": [22, 3]},
						{"origin": [2, 23.5, -3], "size": [3, 1, 0], "inflate": 0.04, "pivot": [-1, 6, 0], "rotation": [0, 0, -5], "uv": [0, 1]}
					]
				},
				{
					"name": "bone2",
					"parent": "hair",
					"pivot": [1, 6, 0],
					"cubes": [
						{"origin": [-2.5, 22, -3], "size": [1, 2, 0], "inflate": 0.02, "uv": [0, 18]},
						{"origin": [-3, 21.5, -3], "size": [2, 3, 0], "inflate": 0.01, "uv": [22, 0]},
						{"origin": [-5, 23.5, -3], "size": [3, 1, 0], "inflate": 0.04, "pivot": [1, 6, 0], "rotation": [0, 0, 5], "uv": [0, 0]}
					]
				},
				{
					"name": "bone19",
					"parent": "bone2",
					"pivot": [1, 6, 0],
					"cubes": [
						{"origin": [-3, 21.5, -2], "size": [2, 3, 0], "inflate": 0.03, "uv": [17, 0]}
					]
				},
				{
					"name": "bone26",
					"parent": "bone2",
					"pivot": [-1, 6, 0],
					"cubes": [
						{"origin": [1, 21.5, -2], "size": [2, 3, 0], "inflate": 0.03, "uv": [17, 0], "mirror": true}
					]
				},
				{
					"name": "arm_left",
					"parent": "torso",
					"pivot": [0, 0, 0],
					"cubes": [
						{"origin": [3, 15, -2.5], "size": [1, 5, 5], "uv": [48, 10]}
					]
				},
				{
					"name": "arm_left2",
					"parent": "arm_left",
					"pivot": [4, 18, 0],
					"cubes": [
						{"origin": [4, 17, -0.5], "size": [6, 1, 1], "uv": [31, 23], "mirror": true}
					]
				},
				{
					"name": "arm_left3",
					"parent": "arm_left2",
					"pivot": [10, 18, 0],
					"cubes": [
						{"origin": [10, 17, -0.5], "size": [6, 1, 1], "uv": [18, 22], "mirror": true}
					]
				},
				{
					"name": "beak_left",
					"parent": "arm_left3",
					"pivot": [18, 17, 0],
					"cubes": [
						{"origin": [16, 17, -1.5], "size": [4, 4, 3], "pivot": [0, -1, 0], "rotation": [0, 0, 5], "uv": [28, 0], "mirror": true},
						{"origin": [16, 16, -1.5], "size": [4, 2, 2], "inflate": -0.01, "pivot": [0, -1, 0], "rotation": [0, 0, 5], "uv": [29, 1], "mirror": true}
					]
				},
				{
					"name": "beak_left2",
					"parent": "beak_left",
					"pivot": [0, -1, 0],
					"cubes": [
						{"origin": [24.4, -13.8, -1.5], "size": [4, 4, 2], "inflate": 0.01, "pivot": [0, -1, 0], "rotation": [0, 0, -60], "uv": [58, 0], "mirror": true},
						{"origin": [23.4, -13.8, -1.5], "size": [1, 3, 1], "inflate": 0.01, "pivot": [0, -1, 0], "rotation": [0, 0, -60], "uv": [66, 1], "mirror": true},
						{"origin": [24.5, 11.6, -1.5], "size": [2, 3, 1], "pivot": [0, -1, 0], "rotation": [0, 0, -5], "uv": [59, 1], "mirror": true}
					]
				},
				{
					"name": "shell_left",
					"parent": "beak_left",
					"pivot": [0, 0, 0],
					"cubes": [
						{"origin": [-5, 31.9, -18], "size": [10, 0, 12], "pivot": [0, 0, 0], "rotation": [0, -90, 0], "uv": [38, 46], "mirror": true},
						{"origin": [-5, 15, -18], "size": [10, 17, 12], "pivot": [0, 0, 0], "rotation": [0, -90, 0], "uv": [0, 49], "mirror": true},
						{"origin": [-5, 15, -18], "size": [10, 17, 0], "inflate": -0.01, "pivot": [0, 0, 0], "rotation": [0, -90, 0], "uv": [9, 79], "mirror": true},
						{"origin": [-5, 15, -6], "size": [10, 17, 0], "inflate": -0.01, "pivot": [0, 0, 0], "rotation": [0, -90, 0], "uv": [19, 79]},
						{"origin": [5, 15, -18], "size": [0, 17, 12], "inflate": -0.01, "pivot": [0, 0, 0], "rotation": [0, -90, 0], "uv": [49, 32], "mirror": true}
					]
				},
				{
					"name": "bone16",
					"parent": "shell_left",
					"pivot": [0, 0, 0],
					"cubes": [
						{"origin": [5, 26, -8], "size": [3, 6, 0], "pivot": [0, 0, 0], "rotation": [0, -90, 0], "uv": [41, 45], "mirror": true},
						{"origin": [15, 25, -8], "size": [4, 2, 0], "pivot": [0, 0, 0], "rotation": [89.99999, -75, -89.99999], "uv": [73, 48], "mirror": true},
						{"origin": [10, 25.25, -8], "size": [4, 2, 0], "pivot": [0, 0, 0], "rotation": [89.99997, -85, -89.99997], "uv": [47, 55], "mirror": true},
						{"origin": [22, 22, -8], "size": [4, 2, 0], "pivot": [0, 0, 0], "rotation": [90, -60, -90], "uv": [57, 39], "mirror": true}
					]
				},
				{
					"name": "arm_right",
					"parent": "torso",
					"pivot": [0, 0, 0],
					"cubes": [
						{"origin": [-4, 15, -2.5], "size": [1, 5, 5], "uv": [0, 44]}
					]
				},
				{
					"name": "arm_right2",
					"parent": "arm_right",
					"pivot": [-4, 18, 0],
					"cubes": [
						{"origin": [-10, 17, -0.5], "size": [6, 1, 1], "uv": [31, 23]}
					]
				},
				{
					"name": "arm_right3",
					"parent": "arm_right2",
					"pivot": [-10, 18, 0],
					"cubes": [
						{"origin": [-16, 17, -0.5], "size": [6, 1, 1], "uv": [18, 22]}
					]
				},
				{
					"name": "beak_right",
					"parent": "arm_right3",
					"pivot": [-18, 17, 0],
					"cubes": [
						{"origin": [-20, 17, -1.5], "size": [4, 4, 3], "pivot": [0, -1, 0], "rotation": [0, 0, -5], "uv": [28, 0]},
						{"origin": [-20, 16, -1.5], "size": [4, 2, 2], "inflate": -0.01, "pivot": [0, -1, 0], "rotation": [0, 0, -5], "uv": [29, 1]}
					]
				},
				{
					"name": "beak_right2",
					"parent": "beak_right",
					"pivot": [0, -1, 0],
					"cubes": [
						{"origin": [-28.4, -13.8, -1.5], "size": [4, 4, 2], "inflate": 0.01, "pivot": [0, -1, 0], "rotation": [0, 0, 60], "uv": [58, 0]},
						{"origin": [-24.4, -13.8, -1.5], "size": [1, 3, 1], "inflate": 0.01, "pivot": [0, -1, 0], "rotation": [0, 0, 60], "uv": [65, 2]},
						{"origin": [-26.5, 11.6, -1.5], "size": [2, 3, 1], "pivot": [0, -1, 0], "rotation": [0, 0, 5], "uv": [59, 1]}
					]
				},
				{
					"name": "shell_right",
					"parent": "beak_right",
					"pivot": [0, 0, 0],
					"cubes": [
						{"origin": [-5, 31.9, -18], "size": [10, 0, 12], "pivot": [0, 0, 0], "rotation": [0, 90, 0], "uv": [38, 46]},
						{"origin": [-5, 15, -18], "size": [10, 17, 12], "pivot": [0, 0, 0], "rotation": [0, 90, 0], "uv": [0, 49]},
						{"origin": [-5, 15, -18], "size": [10, 17, 0], "inflate": -0.01, "pivot": [0, 0, 0], "rotation": [0, 90, 0], "uv": [9, 79]},
						{"origin": [-5, 15, -6], "size": [10, 17, 0], "inflate": -0.01, "pivot": [0, 0, 0], "rotation": [0, 90, 0], "uv": [19, 79], "mirror": true},
						{"origin": [-5, 15, -18], "size": [0, 17, 12], "inflate": -0.01, "pivot": [0, 0, 0], "rotation": [0, 90, 0], "uv": [49, 32]}
					]
				},
				{
					"name": "bone24",
					"parent": "shell_right",
					"pivot": [0, 0, 0],
					"cubes": [
						{"origin": [-8, 26, -8], "size": [3, 6, 0], "pivot": [0, 0, 0], "rotation": [0, 90, 0], "uv": [41, 45]},
						{"origin": [-19, 25, -8], "size": [4, 2, 0], "pivot": [0, 0, 0], "rotation": [89.99999, 75, 89.99999], "uv": [73, 48]},
						{"origin": [-14, 25.25, -8], "size": [4, 2, 0], "pivot": [0, 0, 0], "rotation": [89.99997, 85, 89.99997], "uv": [47, 55]},
						{"origin": [-26, 22, -8], "size": [4, 2, 0], "pivot": [0, 0, 0], "rotation": [90, 60, 90], "uv": [57, 39]}
					]
				},
				{
					"name": "hip",
					"parent": "body",
					"pivot": [0, 11, 0],
					"cubes": [
						{"origin": [-3.5, 7, -2], "size": [7, 4, 4], "uv": [26, 14]},
						{"origin": [0, -0.5, -7.75], "size": [0, 9, 4], "pivot": [0, -1, 0], "rotation": [-30, 0, 0], "uv": [44, 57]},
						{"origin": [-2.5, -3.5, 5.25], "size": [5, 9, 0], "pivot": [0, -1, 0], "rotation": [30, 0, 0], "uv": [69, 85]},
						{"origin": [-7, -2.5, -2], "size": [0, 8, 4], "pivot": [0, -1, 0], "rotation": [0, 0, 30], "uv": [60, 57]},
						{"origin": [2.75, 6.25, -2], "size": [3, 3, 4], "inflate": -0.01, "pivot": [-1, -1, 0], "rotation": [0, 0, -45], "uv": [60, 13]},
						{"origin": [-5.75, 6.25, -2], "size": [3, 3, 4], "inflate": -0.01, "pivot": [1, -1, 0], "rotation": [0, 0, 45], "uv": [57, 6]},
						{"origin": [7, -2.5, -2], "size": [0, 8, 4], "pivot": [0, -1, 0], "rotation": [0, 0, -30], "uv": [52, 57]}
					]
				}
			]
		}
	]
}