{
	"format_version": "1.12.0",
	"minecraft:geometry": [
		{
			"description": {
				"identifier": "geometry.keldeo",
				"texture_width": 128,
				"texture_height": 128,
				"visible_bounds_width": 5,
				"visible_bounds_height": 4.5,
				"visible_bounds_offset": [0, 1.75, 0]
			},
			"bones": [
				{
					"name": "keldeo",
					"pivot": [0, 0, 0]
				},
				{
					"name": "body",
					"parent": "keldeo",
					"pivot": [0, 15, 0]
				},
				{
					"name": "right_front_leg",
					"parent": "body",
					"pivot": [-2.75, 15, -6.16667],
					"cubes": [
						{"origin": [-3.75, 8, -7], "size": [2, 8, 2], "uv": [0, 74]}
					]
				},
				{
					"name": "right_front_leg2",
					"parent": "right_front_leg",
					"pivot": [-2.75, 8, -5.975],
					"cubes": [
						{"origin": [-4.25, 2, -7.5], "size": [3, 6, 3], "uv": [58, 65]}
					]
				},
				{
					"name": "right_front_toe",
					"parent": "right_front_leg2",
					"pivot": [-2.75, 2, -6.075],
					"cubes": [
						{"origin": [-4.25, 0, -8], "size": [3, 2, 3], "uv": [74, 34]}
					]
				},
				{
					"name": "left_front_leg",
					"parent": "body",
					"pivot": [2.75, 15, -6.16667],
					"cubes": [
						{"origin": [1.75, 8, -7], "size": [2, 8, 2], "uv": [70, 68]}
					]
				},
				{
					"name": "left_front_leg2",
					"parent": "left_front_leg",
					"pivot": [2.75, 8, -5.975],
					"cubes": [
						{"origin": [1.25, 2, -7.5], "size": [3, 6, 3], "uv": [12, 65]}
					]
				},
				{
					"name": "left_front_toe",
					"parent": "left_front_leg2",
					"pivot": [2.75, 2, -6.075],
					"cubes": [
						{"origin": [1.25, 0, -8], "size": [3, 2, 3], "uv": [74, 20]}
					]
				},
				{
					"name": "right_back_leg",
					"parent": "body",
					"pivot": [-2.5, 14, 6.625],
					"cubes": [
						{"origin": [-4, 11, 4.5], "size": [3, 5, 4], "uv": [60, 31]}
					]
				},
				{
					"name": "right_back_leg2",
					"parent": "right_back_leg",
					"pivot": [-2.5, 11.00833, 6.66667],
					"cubes": [
						{"origin": [-4, 7, 5], "size": [3, 4, 3], "uv": [70, 27]}
					]
				},
				{
					"name": "right_back_leg3",
					"parent": "right_back_leg2",
					"pivot": [-2.5, 7, 6.75],
					"cubes": [
						{"origin": [-4, 2, 5.5], "size": [3, 5, 3], "uv": [69, 12]}
					]
				},
				{
					"name": "right_back_toe",
					"parent": "right_back_leg3",
					"pivot": [-2.5, 2, 6.875],
					"cubes": [
						{"origin": [-4, 0, 5], "size": [3, 2, 3], "uv": [8, 74]}
					]
				},
				{
					"name": "left_back_leg",
					"parent": "body",
					"pivot": [2.5, 14, 6.625],
					"cubes": [
						{"origin": [1, 11, 4.5], "size": [3, 5, 4], "uv": [56, 56]}
					]
				},
				{
					"name": "left_back_leg2",
					"parent": "left_back_leg",
					"pivot": [2.5, 11.00833, 6.66667],
					"cubes": [
						{"origin": [1, 7, 5], "size": [3, 4, 3], "uv": [36, 69]}
					]
				},
				{
					"name": "left_back_leg3",
					"parent": "left_back_leg2",
					"pivot": [2.5, 7, 6.75],
					"cubes": [
						{"origin": [1, 2, 5.5], "size": [3, 5, 3], "uv": [24, 68]}
					]
				},
				{
					"name": "left_back_toe",
					"parent": "left_back_leg3",
					"pivot": [2.5, 2, 6.875],
					"cubes": [
						{"origin": [1, 0, 5], "size": [3, 2, 3], "uv": [67, 46]}
					]
				},
				{
					"name": "torso",
					"parent": "body",
					"pivot": [-0.00231, 11.01192, 6.56123],
					"cubes": [
						{"origin": [-3.5, 11, -8], "size": [7, 7, 17], "uv": [0, 21]},
						{"origin": [-1, 13.4, -9], "size": [2, 3, 1], "uv": [13, 0]},
						{"origin": [-4.5, 10.4, -8.5], "size": [9, 8, 0], "uv": [57, 4]},
						{"origin": [-4.5, 18.4, -8.5], "size": [9, 0, 5], "uv": [16, 45]},
						{"origin": [-4.5, 19.35678, -3.68992], "size": [9, 0, 4], "pivot": [0, 19.35678, -1.18992], "rotation": [22.5, 0, 0], "uv": [53, 0]},
						{"origin": [-4.5, 10.4, -8.5], "size": [0, 8, 5], "uv": [24, 55]},
						{"origin": [4.5, 10.4, -8.5], "size": [0, 8, 5], "uv": [24, 55], "mirror": true}
					]
				},
				{
					"name": "tail1",
					"parent": "torso",
					"pivot": [0, 16.38631, 7.737],
					"cubes": [
						{"origin": [-1.5, 19.36493, 7.11773], "size": [3, 4, 4], "pivot": [0, 24.01493, 12.71773], "rotation": [27.5, 0, 0], "uv": [44, 61]},
						{"origin": [-1, 22, 12.3], "size": [2, 3, 4], "pivot": [0, 16, 16], "rotation": [60, 0, 0], "uv": [67, 61]}
					]
				},
				{
					"name": "tail2",
					"parent": "tail1",
					"pivot": [0, 22.45178, 11.19051],
					"cubes": [
						{"origin": [-2, 17.33702, 10.74868], "size": [4, 5, 5], "pivot": [0, 19.83702, 13.54868], "rotation": [-10.01011, 0, 0], "uv": [28, 50]},
						{"origin": [-2.5, 13.79374, 13.01338], "size": [5, 6, 5], "pivot": [0, 18.09374, 16.41338], "rotation": [-60.01011, 0, 0], "uv": [54, 16]},
						{"origin": [0, 20.67525, 11.54647], "size": [0, 6, 6], "pivot": [0, 23.67525, 14.54647], "rotation": [35, 0, 0], "uv": [12, 53]}
					]
				},
				{
					"name": "tail3",
					"parent": "tail2",
					"pivot": [0, 14.53261, 13.49359],
					"cubes": [
						{"origin": [-1.5, 13.17689, 16.27912], "size": [3, 7, 5], "pivot": [0, 16.67689, 18.77912], "rotation": [24.98989, 0, 0], "uv": [0, 23]},
						{"origin": [0, 14.97608, 18.24328], "size": [0, 7, 8], "pivot": [-1.5, 18.47608, 20.74328], "rotation": [59.98989, 0, 0], "uv": [0, 8]},
						{"origin": [-2, 14.32344, 15.13757], "size": [4, 5, 5], "pivot": [0.5, 18.22344, 14.83757], "rotation": [-25.01011, 0, 0], "uv": [0, 0]}
					]
				},
				{
					"name": "neck",
					"parent": "torso",
					"pivot": [-0.00478, 17.99859, -6.29868],
					"cubes": [
						{"origin": [-1.5, 17.6, -8.2], "size": [3, 6, 3], "pivot": [0, 20.6, -6.5], "rotation": [7.5, 0, 0], "uv": [0, 65]}
					]
				},
				{
					"name": "head",
					"parent": "neck",
					"pivot": [-0.00515, 22.32356, -6.97564],
					"cubes": [
						{"origin": [-2, 23.1, -13.2], "size": [4, 3, 3], "uv": [67, 40]},
						{"origin": [-4, 29.73462, -12.16584], "size": [8, 7, 7], "pivot": [-0.5, 31.73462, -5.66584], "rotation": [27.5, 0, 0], "uv": [31, 21]},
						{"origin": [-3.5, 29.12339, -7.94963], "size": [7, 7, 7], "pivot": [0, 31.82339, -5.74963], "rotation": [-5, 0, 0], "uv": [0, 45]},
						{"origin": [-0.5, 24.04553, -15.04192], "size": [1, 10, 2], "pivot": [0, 30.04553, -13.24192], "rotation": [54.08338, 0, 0], "uv": [48, 69]},
						{"origin": [0, 33.75845, -14.35911], "size": [0, 6, 7], "pivot": [0, 36.55845, -11.55911], "rotation": [12.5, 0, 0], "uv": [46, 47]},
						{"origin": [0, 34.26866, -5.20404], "size": [0, 6, 10], "pivot": [0, 37.76866, -2.40404], "rotation": [-45, 0, 0], "uv": [0, 0]},
						{"origin": [-1.2408, 26.99878, -13.66232], "size": [9, 0, 21], "pivot": [0, 30.44056, -3.12076], "rotation": [15.56638, 15.16859, -44.57133], "uv": [18, 0]},
						{"origin": [3.025, 24.54015, -10.09093], "size": [0, 2, 2], "uv": [12, 21], "mirror": true},
						{"origin": [-3.025, 24.54015, -10.09093], "size": [0, 2, 2], "uv": [12, 21]},
						{"origin": [-3, 22.04015, -10.19093], "size": [6, 9, 7], "pivot": [0, 25.84015, -6.69093], "rotation": [-12.5, 0, 0], "uv": [41, 38]},
						{"origin": [-7.7592, 26.99878, -13.66232], "size": [9, 0, 21], "pivot": [0, 30.44056, -3.12076], "rotation": [15.56638, -15.16859, 44.57133], "uv": [0, 0]}
					]
				},
				{
					"name": "hair",
					"parent": "head",
					"pivot": [-0.03346, 28.77933, -2.19693],
					"cubes": [
						{"origin": [-1.48626, 25.53914, -3.64573], "size": [3, 5, 3], "pivot": [-0.03346, 26.27933, -1.39693], "rotation": [14.79728, 0.38108, -2.76339], "uv": [66, 51]},
						{"origin": [-0.08066, 21.51952, -3.64812], "size": [0, 6, 6], "pivot": [-0.03346, 26.27933, -1.39693], "rotation": [14.79728, 0.38108, -2.76339], "uv": [0, 53]}
					]
				}
			]
		}
	]
}