{
	"format_version": "1.8.0",
	"animations": {
		"animation.kubfu.ground_walk": {
			"loop": true,
			"animation_length": 4,
			"bones": {
				"bandana_left": {
					"rotation": [-10.99, "11+math.sin(query.anim_time*90*4-45)*5", -10.26]
				},
				"bandana_left2": {
					"rotation": [-7.5, "0+math.sin(query.anim_time*90*4-90)*5", 0]
				},
				"bandana_left3": {
					"rotation": [-32.89875, "0+math.sin(query.anim_time*90*4-90)*5", -5.41207]
				},
				"bandana_left4": {
					"rotation": [12.5, "0+math.sin(query.anim_time*90*4-180)*10", 0]
				},
				"bandana_right": {
					"rotation": [-8.49, "-11+math.sin(query.anim_time*90*4-0)*5", 10.26]
				},
				"bandana_right2": {
					"rotation": [-7.5, "0+math.sin(query.anim_time*90*4-45)*5", 0]
				},
				"bandana_right3": {
					"rotation": [-32.89875, "-8.4215+math.sin(query.anim_time*90*4-90)*5", 5.41207]
				},
				"bandana_right4": {
					"rotation": [12.5, "0+math.sin(query.anim_time*90*4-135)*10", 0]
				},
				"arm_left": {
					"rotation": ["90+math.sin(query.anim_time*90*4-0)*2", "-15+math.sin(query.anim_time*90*4-0)*15", "62.5+math.sin(query.anim_time*90*4-180)*4"]
				},
				"arm_left2": {
					"rotation": [0.35, 22.02, "-29.87+math.sin(query.anim_time*90*4-0)*2"]
				},
				"arm_left3": {
					"rotation": [0, 7.5, 0]
				},
				"finger_left": {
					"rotation": [0, 5, 0]
				},
				"finger_left2": {
					"rotation": [0, 10, 0]
				},
				"arm_right": {
					"rotation": ["90+math.sin(query.anim_time*90*4-0)*0.5", "15+math.sin(query.anim_time*90*4-0)*15", "-62.5+math.sin(query.anim_time*90*4-180)*4"]
				},
				"arm_right2": {
					"rotation": [0.35, -22.02, "29.87+math.sin(query.anim_time*90*4-0)*2"]
				},
				"arm_right3": {
					"rotation": [0, -7.5, 0]
				},
				"finger_right": {
					"rotation": [0, -5, 0]
				},
				"finger_right2": {
					"rotation": [0, -10, 0]
				},
				"leg_left": {
					"rotation": ["0+math.sin(query.anim_time*90*4-0)*15", 0, -2.5],
					"position": [0, "0+math.clamp(math.sin(query.anim_time*90*4-90)*2+0,0,2)", 0]
				},
				"leg_left2": {
					"rotation": ["0+math.clamp(math.sin(query.anim_time*90*4-90)*40+0,0,40)", 0, 2.5],
					"position": [0, 0, 0]
				},
				"leg_right": {
					"rotation": ["0+math.sin(query.anim_time*90*4-180)*15", 0, 2.5],
					"position": [0, "0+math.clamp(-math.sin(query.anim_time*90*4-90)*2+0,0,2)", 0]
				},
				"leg_right2": {
					"rotation": ["0+math.clamp(-math.sin(query.anim_time*90*4-90)*40+0,0,40)", 0, -2.5],
					"position": [0, 0, 0]
				},
				"body": {
					"position": [0, 0, 0]
				},
				"torso": {
					"rotation": ["0+math.sin(query.anim_time*90*4*2-0)*2", "0+math.sin(query.anim_time*90*4-0)*2", 0]
				},
				"head": {
					"rotation": ["5-math.sin(query.anim_time*90*4*2-45)*4", 0, 0]
				}
			}
		},
		"animation.kubfu.ground_idle": {
			"loop": true,
			"animation_length": 4,
			"bones": {
				"bandana_left": {
					"rotation": [-43.49, "11-math.sin(query.anim_time*90*2-90)*15", -10.26]
				},
				"bandana_left2": {
					"rotation": [-7.5, "0+math.sin(query.anim_time*90*2-90)*15", 0]
				},
				"bandana_left3": {
					"rotation": [-32.89875, "8.4215-math.sin(query.anim_time*90*2-90)*15", -5.41207]
				},
				"bandana_left4": {
					"rotation": [12.5, "0+math.sin(query.anim_time*90*2-90)*15", 0]
				},
				"bandana_right": {
					"rotation": [-43.49, "-11-math.sin(query.anim_time*90*2-0)*15", 10.26]
				},
				"bandana_right2": {
					"rotation": [-7.5, "0+math.sin(query.anim_time*90*2-0)*15", 0]
				},
				"bandana_right3": {
					"rotation": [-32.89875, "-8.4215-math.sin(query.anim_time*90*2-0)*15", 5.41207]
				},
				"bandana_right4": {
					"rotation": [12.5, "0+math.sin(query.anim_time*90*2-0)*15", 0]
				},
				"arm_left": {
					"rotation": ["90+math.sin(query.anim_time*90*2-0)*2", -15, 62.5]
				},
				"arm_left2": {
					"rotation": [0.35, 22.02, "-29.87+math.sin(query.anim_time*90*2-0)*2"]
				},
				"arm_left3": {
					"rotation": [0, 7.5, 0]
				},
				"finger_left": {
					"rotation": [0, 5, 0]
				},
				"finger_left2": {
					"rotation": [0, 10, 0]
				},
				"arm_right": {
					"rotation": ["90+math.sin(query.anim_time*90*2-0)*2", 15, -62.5]
				},
				"arm_right2": {
					"rotation": [0.35, -22.02, "29.87+math.sin(query.anim_time*90*2-0)*2"]
				},
				"arm_right3": {
					"rotation": [0, -7.5, 0]
				},
				"finger_right": {
					"rotation": [0, -5, 0]
				},
				"finger_right2": {
					"rotation": [0, -10, 0]
				},
				"leg_left": {
					"rotation": [0, 0, -2.5],
					"position": [0, "0-math.cos(query.anim_time*90*2-0)*0.1+0.1", 0]
				},
				"leg_left2": {
					"rotation": [0, 0, 2.5],
					"position": [0, "0-math.cos(query.anim_time*90*2-0)*0.1+0.1", 0]
				},
				"leg_right": {
					"rotation": [0, 0, 2.5],
					"position": [0, "0-math.cos(query.anim_time*90*2-0)*0.1+0.1", 0]
				},
				"leg_right2": {
					"rotation": [0, 0, -2.5],
					"position": [0, "0-math.cos(query.anim_time*90*2-0)*0.1+0.1", 0]
				},
				"body": {
					"position": [0, "0+math.cos(query.anim_time*90*2-0)*0.2-0.2", 0]
				},
				"torso": {
					"rotation": ["0+math.sin(query.anim_time*90*2-0)*2", "0+math.sin(query.anim_time*90*2-0)*2", 0]
				},
				"head": {
					"rotation": ["5-math.sin(query.anim_time*90*2-45)*4", "0-math.sin(query.anim_time*90*2-45)*4", 0]
				}
			}
		},
		"animation.kubfu.blink": {
			"animation_length": 0.1667,
			"bones": {
				"eyelids": {
					"position": {
						"0.0": [0, 0, -1],
						"0.125": [0, 0, -1],
						"0.1667": [0, 0, 0]
					}
				}
			}
		},
		"animation.kubfu.cry": {
			"animation_length": 0.6667,
			"bones": {
				"head": {
					"rotation": {
						"0.0": {
							"post": [0, 0, 0],
							"lerp_mode": "catmullrom"
						},
						"0.0417": {
							"post": [-10, 0, 0],
							"lerp_mode": "catmullrom"
						},
						"0.2083": {
							"post": [-5, 0, 0],
							"lerp_mode": "catmullrom"
						},
						"0.2917": {
							"post": [-10, 0, 0],
							"lerp_mode": "catmullrom"
						},
						"0.4167": {
							"post": [0, 0, 0],
							"lerp_mode": "catmullrom"
						}
					}
				}
			},
			"sound_effects": {
				"0.0": {
					"effect": "pokemon.kubfu.cry"
				}
			}
		}
	}
}