{
	"format_version": "1.12.0",
	"minecraft:geometry": [
		{
			"description": {
				"identifier": "geometry.smoliv",
				"texture_width": 64,
				"texture_height": 64,
				"visible_bounds_width": 3,
				"visible_bounds_height": 4,
				"visible_bounds_offset": [0, 1, 0]
			},
			"bones": [
				{
					"name": "smoliv",
					"pivot": [0, 0, 0]
				},
				{
					"name": "body",
					"parent": "smoliv",
					"pivot": [0, 0, 0]
				},
				{
					"name": "torso",
					"parent": "body",
					"pivot": [0, 1, 0],
					"cubes": [
						{"origin": [-3.5, 7, -3], "size": [7, 4, 6], "uv": [0, 13]},
						{"origin": [-4, 1, -3.5], "size": [8, 6, 7], "uv": [0, 0]}
					]
				},
				{
					"name": "eyes",
					"parent": "torso",
					"pivot": [0, 0, 0]
				},
				{
					"name": "eye_right",
					"parent": "eyes",
					"pivot": [3.5, 0.5, -2.75],
					"cubes": [
						{"origin": [-3.75, 2.5, -3.51], "size": [2, 2, 0], "uv": [0, 17]},
						{"origin": [-3.25, 3, -3.52], "size": [1, 1, 0], "uv": [0, 6]}
					]
				},
				{
					"name": "eyelid_right",
					"parent": "eye_right",
					"pivot": [-2.75, 0.5, -3.5],
					"cubes": [
						{"origin": [-3.75, 2.5, -3.3], "size": [2, 2, 1], "uv": [0, 3]}
					]
				},
				{
					"name": "eye_left",
					"parent": "eyes",
					"pivot": [-3.5, 0.5, -2.75],
					"cubes": [
						{"origin": [1.75, 2.5, -3.51], "size": [2, 2, 0], "uv": [0, 13]},
						{"origin": [2.25, 3, -3.52], "size": [1, 1, 0], "uv": [5, 3]}
					]
				},
				{
					"name": "eyelid_left",
					"parent": "eye_left",
					"pivot": [2.75, 0.5, -3.3],
					"cubes": [
						{"origin": [1.75, 2.5, -3.3], "size": [2, 2, 1], "uv": [0, 0]}
					]
				},
				{
					"name": "mouth",
					"parent": "torso",
					"pivot": [3.51, 2.16667, 0],
					"cubes": [
						{"origin": [-0.5, 2, -3.51], "size": [1, 1, 0], "uv": [4, 13]},
						{"origin": [0.5, 1.5, -3.51], "size": [1, 1, 0], "uv": [4, 6]},
						{"origin": [-1.5, 1.5, -3.51], "size": [1, 1, 0], "uv": [2, 6]}
					]
				},
				{
					"name": "leafs",
					"parent": "torso",
					"pivot": [0, 11, 0],
					"rotation": [0, 45, 0],
					"cubes": [
						{"origin": [-2.5, 11, -2.5], "size": [5, 0, 5], "uv": [15, 13]}
					]
				},
				{
					"name": "leaf",
					"parent": "leafs",
					"pivot": [0, 11, 2.5],
					"rotation": [12.5, 0, 0],
					"cubes": [
						{"origin": [-2, 11, 2.5], "size": [4, 0, 5], "uv": [0, 23]}
					]
				},
				{
					"name": "leaf3",
					"parent": "leafs",
					"pivot": [0, 11, -2.5],
					"rotation": [-12.5, 0, 0],
					"cubes": [
						{"origin": [-2, 11, -7.5], "size": [4, 0, 5], "uv": [18, 0]}
					]
				},
				{
					"name": "leaf2",
					"parent": "leafs",
					"pivot": [2.5, 11, 0],
					"rotation": [0, 0, -12.5],
					"cubes": [
						{"origin": [2.5, 11, -2], "size": [5, 0, 4], "uv": [26, 9]}
					]
				},
				{
					"name": "leaf4",
					"parent": "leafs",
					"pivot": [-2.5, 11, 0],
					"rotation": [0, 0, 12.5],
					"cubes": [
						{"origin": [-7.5, 11, -2], "size": [5, 0, 4], "uv": [26, 5]}
					]
				},
				{
					"name": "leaf5",
					"parent": "torso",
					"pivot": [0, 11, -3.01],
					"rotation": [-22.5, 0, 0],
					"cubes": [
						{"origin": [-0.5, 10, -3.01], "size": [1, 1, 0], "uv": [5, 0]}
					]
				},
				{
					"name": "leaf6",
					"parent": "leaf5",
					"pivot": [0, 10, -3.01],
					"cubes": [
						{"origin": [-1, 8, -3.01], "size": [2, 2, 0], "uv": [0, 15]}
					]
				},
				{
					"name": "olive",
					"parent": "torso",
					"pivot": [0, 10, 0],
					"cubes": [
						{"origin": [-2, 11, -2], "size": [4, 4, 4], "uv": [22, 19]},
						{"origin": [-1.5, 15.025, -1.5], "size": [3, 0, 3], "uv": [10, 23]}
					]
				},
				{
					"name": "leg_left",
					"parent": "body",
					"pivot": [2.5, 1.5, 0],
					"cubes": [
						{"origin": [1.5, 0, -1], "size": [2, 2, 2], "uv": [19, 27]}
					]
				},
				{
					"name": "leg_right",
					"parent": "body",
					"pivot": [-2.5, 1.5, 0],
					"cubes": [
						{"origin": [-3.5, 0, -1], "size": [2, 2, 2], "uv": [11, 26]}
					]
				}
			]
		}
	]
}