{
	"format_version": "1.12.0",
	"minecraft:geometry": [
		{
			"description": {
				"identifier": "geometry.frosmoth",
				"texture_width": 128,
				"texture_height": 128,
				"visible_bounds_width": 5,
				"visible_bounds_height": 3.5,
				"visible_bounds_offset": [0, 1.25, 0]
			},
			"bones": [
				{
					"name": "Frosmoth",
					"pivot": [0, 0, 0]
				},
				{
					"name": "body",
					"parent": "Frosmoth",
					"pivot": [0, 0, 0]
				},
				{
					"name": "torso",
					"parent": "body",
					"pivot": [0, 11.25, 0],
					"cubes": [
						{"origin": [-7, 11, -7], "size": [14, 7, 14], "uv": [2, 24]},
						{"origin": [-6.5, 5, -6.5], "size": [13, 6, 13], "uv": [2, 47]}
					]
				},
				{
					"name": "tuff",
					"parent": "torso",
					"pivot": [0, 14.5, 0],
					"cubes": [
						{"origin": [-7, 11, -7], "size": [14, 7, 14], "inflate": 0.2, "uv": [2, 1]}
					]
				},
				{
					"name": "head",
					"parent": "torso",
					"pivot": [0, 17.75, 0],
					"cubes": [
						{"origin": [-5, 17.75, -5], "size": [10, 4, 10], "uv": [51, 38]}
					]
				},
				{
					"name": "eyes",
					"parent": "head",
					"pivot": [0, 20.75, -5.01],
					"cubes": [
						{"origin": [-0.5, 20.25, -5.01], "size": [1, 1, 0], "pivot": [0, 20.75, -5], "rotation": [0, 0, 45], "uv": [9, 32]}
					]
				},
				{
					"name": "eye_right",
					"parent": "eyes",
					"pivot": [-1.5, 7, 0],
					"cubes": [
						{"origin": [1.25, 18, -5.01], "size": [4, 2, 0], "pivot": [2.25, 19, -5], "rotation": [0, 0, -15], "uv": [0, 9]}
					]
				},
				{
					"name": "eyelid_right",
					"parent": "eye_right",
					"pivot": [3.21593, 19.25882, -4.91],
					"cubes": [
						{"origin": [1.25, 17.5, -4.91], "size": [4, 3, 0], "inflate": 0.01, "pivot": [2.25, 19, -5], "rotation": [0, 0, -15], "uv": [44, 56]}
					]
				},
				{
					"name": "pupil2",
					"parent": "eye_right",
					"pivot": [-1.5, 7, 0],
					"cubes": [
						{"origin": [2, 17.75, -5.03], "size": [2, 1, 0], "pivot": [2.25, 19, -5], "rotation": [0, 0, -15], "uv": [9, 8]},
						{"origin": [2, 19.25, -5.03], "size": [2, 1, 0], "pivot": [2.25, 19, -5], "rotation": [0, 0, -15], "uv": [9, 6]}
					]
				},
				{
					"name": "rim2",
					"parent": "eye_right",
					"pivot": [4.22922, 20.30679, -5.0075],
					"cubes": [
						{"origin": [1.25, 19.5, -5.005], "size": [4, 1, 0], "pivot": [2.25, 19, -5], "rotation": [0, 0, -15], "uv": [0, 32]},
						{"origin": [5.15466, 18.22414, -5.01], "size": [1, 2, 0], "pivot": [1.15466, 19.22414, -5], "rotation": [0, 0, -15], "uv": [9, 29]}
					]
				},
				{
					"name": "movable_top3",
					"parent": "rim2",
					"pivot": [5.82081, 21.01002, -5.01],
					"cubes": [
						{"origin": [6.28407, 19.24118, -5.01], "size": [2, 1, 0], "pivot": [1.28407, 18.74118, -5], "rotation": [0, 0, -15], "uv": [9, 4]}
					]
				},
				{
					"name": "movable_top4",
					"parent": "movable_top3",
					"pivot": [7.69851, 21.51903, -5.01],
					"cubes": [
						{"origin": [7.35809, 21.80582, -5.01], "size": [2, 1, 0], "pivot": [8.85809, 22.30582, -5.005], "rotation": [0, 0, -35], "uv": [9, 2]}
					]
				},
				{
					"name": "movable_bot3",
					"parent": "rim2",
					"pivot": [5.98429, 20.01824, -5.01],
					"cubes": [
						{"origin": [5.98429, 19.51824, -5.01], "size": [2, 1, 0], "uv": [9, 0]}
					]
				},
				{
					"name": "movable_bot4",
					"parent": "movable_bot3",
					"pivot": [7.76452, 20.09032, -5.01],
					"cubes": [
						{"origin": [7.82006, 19.45117, -5.01], "size": [3, 1, 0], "pivot": [8.12006, 19.95117, -5.005], "rotation": [0, 0, 17.5], "uv": [0, 36]}
					]
				},
				{
					"name": "eye_left",
					"parent": "eyes",
					"pivot": [1.5, 7, 0],
					"cubes": [
						{"origin": [-5.25, 18, -5.01], "size": [4, 2, 0], "pivot": [-2.25, 19, -5], "rotation": [0, 0, 15], "uv": [0, 12]}
					]
				},
				{
					"name": "eyelid_left",
					"parent": "eye_left",
					"pivot": [-3.21593, 19.25882, -4.91],
					"cubes": [
						{"origin": [-5.25, 17.5, -4.91], "size": [4, 3, 0], "inflate": 0.01, "pivot": [-2.25, 19, -5], "rotation": [0, 0, 15], "uv": [44, 53]}
					]
				},
				{
					"name": "pupil",
					"parent": "eye_left",
					"pivot": [1.5, 7, 0],
					"cubes": [
						{"origin": [-4, 17.75, -5.03], "size": [2, 1, 0], "pivot": [-2.25, 19, -5], "rotation": [0, 0, 15], "uv": [9, 25]},
						{"origin": [-4, 19.25, -5.03], "size": [2, 1, 0], "pivot": [-2.25, 19, -5], "rotation": [0, 0, 15], "uv": [9, 27]}
					]
				},
				{
					"name": "rim",
					"parent": "eye_left",
					"pivot": [1.5, 7, 0],
					"cubes": [
						{"origin": [-5.25, 19.5, -5.005], "size": [4, 1, 0], "pivot": [-2.25, 19, -5], "rotation": [0, 0, 15], "uv": [0, 34]},
						{"origin": [-6.15466, 18.22414, -5.01], "size": [1, 2, 0], "pivot": [-1.15466, 19.22414, -5], "rotation": [0, 0, 15], "uv": [12, 29]}
					]
				},
				{
					"name": "movable_top",
					"parent": "rim",
					"pivot": [-5.82081, 21.01002, -5.01],
					"cubes": [
						{"origin": [-8.28407, 19.24118, -5.01], "size": [2, 1, 0], "pivot": [-1.28407, 18.74118, -5], "rotation": [0, 0, 15], "uv": [9, 23]}
					]
				},
				{
					"name": "movable_top2",
					"parent": "movable_top",
					"pivot": [-7.69851, 21.51903, -5.01],
					"cubes": [
						{"origin": [-9.35809, 21.80582, -5.01], "size": [2, 1, 0], "pivot": [-8.85809, 22.30582, -5.005], "rotation": [0, 0, 35], "uv": [9, 10]}
					]
				},
				{
					"name": "movable_bot",
					"parent": "rim",
					"pivot": [-5.98429, 20.01824, -5.01],
					"cubes": [
						{"origin": [-7.98429, 19.51824, -5.01], "size": [2, 1, 0], "uv": [9, 12]}
					]
				},
				{
					"name": "movable_bot2",
					"parent": "movable_bot",
					"pivot": [-7.76452, 20.09032, -5.01],
					"cubes": [
						{"origin": [-10.82006, 19.45117, -5.01], "size": [3, 1, 0], "pivot": [-8.12006, 19.95117, -5.005], "rotation": [0, 0, -17.5], "uv": [7, 36]}
					]
				},
				{
					"name": "antenna_right",
					"parent": "head",
					"pivot": [1.01537, 20.59776, -5.01],
					"cubes": [
						{"origin": [0.25, 19.75, -5.01], "size": [4, 6, 0], "pivot": [2.25, 20.75, -5.01], "rotation": [0, 0, 22.5], "uv": [0, 46]}
					]
				},
				{
					"name": "antenna_right2",
					"parent": "antenna_right",
					"pivot": [3.86444, 24.40925, -5.01],
					"cubes": [
						{"origin": [4.66541, 23.17383, -5.01], "size": [4, 8, 0], "pivot": [6.66541, 27.17383, -5.01], "rotation": [0, 0, 50], "uv": [0, 0]},
						{"origin": [8.72744, 31.38426, -5.01], "size": [1, 2, 0], "pivot": [7.47744, 32.38426, -5.01], "rotation": [0, 0, 25], "uv": [43, 46]}
					]
				},
				{
					"name": "antenna_left",
					"parent": "head",
					"pivot": [-1.01537, 20.59776, -5.01],
					"cubes": [
						{"origin": [-4.25, 19.75, -5.01], "size": [4, 6, 0], "pivot": [-2.25, 20.75, -5.01], "rotation": [0, 0, -22.5], "uv": [0, 53]}
					]
				},
				{
					"name": "antenna_left2",
					"parent": "antenna_left",
					"pivot": [-3.86444, 24.40925, -5.01],
					"cubes": [
						{"origin": [-8.66541, 23.17383, -5.01], "size": [4, 8, 0], "pivot": [-6.66541, 27.17383, -5.01], "rotation": [0, 0, -50], "uv": [0, 23]},
						{"origin": [-9.72744, 31.38426, -5.01], "size": [1, 2, 0], "pivot": [-7.47744, 32.38426, -5.01], "rotation": [0, 0, -25], "uv": [43, 46], "mirror": true}
					]
				},
				{
					"name": "wing_right",
					"parent": "torso",
					"pivot": [-6, 14, 2],
					"rotation": [0, 0, -5]
				},
				{
					"name": "wing_right2",
					"parent": "wing_right",
					"pivot": [-10.51142, 17.73853, 1.75],
					"cubes": [
						{"origin": [-28.01142, 17.73853, 1.75], "size": [25, 14, 0], "uv": [46, 0]}
					]
				},
				{
					"name": "wing_right3",
					"parent": "wing_right",
					"pivot": [2.98858, 6.73853, 0],
					"cubes": [
						{"origin": [-15.01142, 10.73853, 1.75], "size": [12, 7, 0], "uv": [65, 53]}
					]
				},
				{
					"name": "wing_right4",
					"parent": "wing_right",
					"pivot": [-6.51142, 10.73853, 1.75],
					"cubes": [
						{"origin": [-12.01142, -1.26147, 1.75], "size": [9, 12, 0], "uv": [57, 60]}
					]
				},
				{
					"name": "wing_left",
					"parent": "torso",
					"pivot": [6, 14, 2],
					"rotation": [0, 0, 5]
				},
				{
					"name": "wing_left2",
					"parent": "wing_left",
					"pivot": [10.51142, 17.73853, 1.75],
					"cubes": [
						{"origin": [4.01142, 17.73853, 1.75], "size": [25, 14, 0], "uv": [46, 23]}
					]
				},
				{
					"name": "wing_left3",
					"parent": "wing_left",
					"pivot": [-1.98858, 6.73853, 0],
					"cubes": [
						{"origin": [4.01142, 10.73853, 1.75], "size": [12, 7, 0], "uv": [61, 15]}
					]
				},
				{
					"name": "wing_left4",
					"parent": "wing_left",
					"pivot": [8.51142, 10.73853, 1.75],
					"cubes": [
						{"origin": [4.01142, -1.26147, 1.75], "size": [9, 12, 0], "uv": [0, 67]}
					]
				}
			]
		}
	]
}