{
	"format_version": "1.12.0",
	"minecraft:geometry": [
		{
			"description": {
				"identifier": "geometry.bramblin",
				"texture_width": 32,
				"texture_height": 32,
				"visible_bounds_width": 2,
				"visible_bounds_height": 2.5,
				"visible_bounds_offset": [0, 0.75, 0]
			},
			"bones": [
				{
					"name": "Bramblin",
					"pivot": [0, 0, 0]
				},
				{
					"name": "Body",
					"parent": "Bramblin",
					"pivot": [0, 0, 0]
				},
				{
					"name": "bottom",
					"parent": "Body",
					"pivot": [0, 0, 0],
					"cubes": [
						{"origin": [-1.5, 1, -1.5], "size": [3, 0, 3], "uv": [0, 0]}
					]
				},
				{
					"name": "frontmiddlevine",
					"parent": "Body",
					"pivot": [0, 0, 0],
					"cubes": [
						{"origin": [-0.5, 1, -4.5], "size": [1, 5, 0], "uv": [4, 15]},
						{"origin": [-0.5, 1, -4.5], "size": [1, 0, 3], "uv": [5, 3]},
						{"origin": [-0.5, 5.12, -5.47], "size": [1, 3, 0], "pivot": [0, 0, 0], "rotation": [-10, 0, 0], "uv": [12, 18]},
						{"origin": [-0.5, 9.25, -3.18], "size": [1, 0, 1], "pivot": [0, 0, 0], "rotation": [5, 0, 0], "uv": [9, 18]}
					]
				},
				{
					"name": "frontright",
					"parent": "Body",
					"pivot": [0, 0, 0],
					"cubes": [
						{"origin": [1.5, 1, -2.5], "size": [1, 0, 1], "uv": [7, 18]},
						{"origin": [2.5, 1, -3.5], "size": [1, 0, 1], "uv": [5, 18]},
						{"origin": [2.5, 8, -3.5], "size": [1, 0, 1], "uv": [17, 15]},
						{"origin": [1.5, 8, -2.5], "size": [1, 0, 1], "uv": [17, 13]},
						{"origin": [1.5, 8, -1.5], "size": [1, 1, 0], "uv": [16, 19]},
						{"origin": [3.5, 1, -4.5], "size": [1, 0, 1], "uv": [17, 17]},
						{"origin": [3.5, 1, -4.5], "size": [1, 7, 0], "uv": [14, 3]},
						{"origin": [3.5, 8, -4.5], "size": [1, 0, 1], "uv": [17, 16]},
						{"origin": [4.5, 1, -4.5], "size": [0, 7, 1], "uv": [2, 11]}
					]
				},
				{
					"name": "frontleft",
					"parent": "Body",
					"pivot": [0, 0, 0],
					"cubes": [
						{"origin": [-2.5, 1, -2.5], "size": [1, 0, 1], "uv": [17, 12]},
						{"origin": [-3.5, 1, -3.5], "size": [1, 0, 1], "uv": [17, 11]},
						{"origin": [-3.5, 9, -3.5], "size": [1, 0, 1], "uv": [17, 10]},
						{"origin": [-2.5, 9, -2.5], "size": [1, 0, 1], "uv": [17, 9]},
						{"origin": [-4.5, 1, -4.5], "size": [1, 0, 1], "uv": [17, 8]},
						{"origin": [-4.5, 1, -4.5], "size": [1, 8, 0], "uv": [10, 8]},
						{"origin": [-4.5, 9, -4.5], "size": [1, 0, 1], "uv": [17, 7]},
						{"origin": [-4.5, 1, -4.5], "size": [0, 8, 1], "uv": [4, 6]},
						{"origin": [-3.5, 2.75, -4.5], "size": [3, 1, 0], "uv": [14, 14]},
						{"origin": [-2.5, 9, -1.5], "size": [1, 1, 0], "uv": [10, 19]}
					]
				},
				{
					"name": "middleright",
					"parent": "Body",
					"pivot": [0, 0, 0],
					"cubes": [
						{"origin": [1.5, 1, -0.5], "size": [3, 0, 1], "uv": [13, 2]},
						{"origin": [0.5, 10, -0.5], "size": [4, 0, 1], "uv": [3, 6]},
						{"origin": [0.5, 10, -0.5], "size": [0, 2, 1], "uv": [0, 17]},
						{"origin": [4.5, 1, -0.5], "size": [0, 9, 1], "uv": [2, 2]},
						{"origin": [4.5, 4, 0.5], "size": [0, 1, 3], "uv": [6, 4]},
						{"origin": [4.5, 4.75, 0.5], "size": [2, 1, 0], "uv": [14, 17]},
						{"origin": [-6.5, 6.75, 0.5], "size": [2, 1, 0], "uv": [10, 17]},
						{"origin": [-4.5, 1, -0.5], "size": [3, 0, 1], "uv": [13, 1]},
						{"origin": [-4.5, 10, -0.5], "size": [3, 0, 1], "uv": [13, 0]},
						{"origin": [-2.5, 10, 0.5], "size": [1, 1, 0], "uv": [8, 19]},
						{"origin": [-4.5, 1, -0.5], "size": [0, 9, 1], "uv": [0, 0]}
					]
				},
				{
					"name": "backmiddle",
					"parent": "Body",
					"pivot": [0, 0, 0],
					"cubes": [
						{"origin": [-0.5, 1, 1.5], "size": [1, 0, 3], "uv": [3, 3]},
						{"origin": [-0.5, 9, 3.5], "size": [1, 0, 1], "uv": [17, 6]},
						{"origin": [-0.5, 9, 3.5], "size": [1, 1, 0], "uv": [6, 19]},
						{"origin": [-0.5, 1, 4.5], "size": [1, 8, 0], "uv": [0, 10]}
					]
				},
				{
					"name": "backleft",
					"parent": "Body",
					"pivot": [0, 0, 0],
					"cubes": [
						{"origin": [-2.5, 1, 1.5], "size": [1, 0, 1], "uv": [17, 5]},
						{"origin": [-3.5, 1, 2.5], "size": [1, 0, 1], "uv": [17, 4]},
						{"origin": [-4.5, 1, 3.5], "size": [1, 0, 1], "uv": [17, 3]},
						{"origin": [-4.5, 8, 3.5], "size": [1, 0, 1], "uv": [15, 16]},
						{"origin": [-3.5, 8, 2.5], "size": [1, 0, 1], "uv": [13, 16]},
						{"origin": [-3.5, 8, 2.5], "size": [1, 1, 0], "uv": [2, 19]},
						{"origin": [-4.5, 1, 3.5], "size": [0, 7, 1], "uv": [8, 7]},
						{"origin": [-4.5, 1, 4.5], "size": [1, 7, 0], "uv": [12, 7]},
						{"origin": [-5.5, 3, 3.5], "size": [1, 1, 0], "uv": [16, 18]}
					]
				},
				{
					"name": "backright",
					"parent": "Body",
					"pivot": [0, 0, 0],
					"cubes": [
						{"origin": [1.5, 1, 1.5], "size": [1, 0, 1], "uv": [11, 16]},
						{"origin": [2.5, 1, 2.5], "size": [1, 0, 1], "uv": [9, 16]},
						{"origin": [3.5, 1, 3.5], "size": [1, 0, 1], "uv": [15, 15]},
						{"origin": [3.5, 8, 3.5], "size": [1, 0, 1], "uv": [15, 13]},
						{"origin": [2.5, 8, 2.5], "size": [1, 0, 1], "uv": [13, 15]},
						{"origin": [1.5, 8, 1.5], "size": [1, 0, 1], "uv": [0, 0]},
						{"origin": [1.5, 8, 1.5], "size": [1, 2, 0], "uv": [14, 18]},
						{"origin": [4.5, 1, 3.5], "size": [0, 7, 1], "uv": [6, 7]},
						{"origin": [3.5, 1, 4.5], "size": [1, 7, 0], "uv": [12, 0]},
						{"origin": [4.5, 3.25, 4.5], "size": [1, 1, 0], "uv": [18, 18]}
					]
				},
				{
					"name": "eyes",
					"parent": "Body",
					"pivot": [0, 5.5, 0],
					"cubes": [
						{"origin": [1.5, 4.25, 0], "size": [1, 3, 0], "uv": [8, 15]},
						{"origin": [-2.5, 4.25, 0], "size": [1, 3, 0], "uv": [6, 15]}
					]
				},
				{
					"name": "Eyelids",
					"parent": "eyes",
					"pivot": [0, 5.5, -0.975],
					"cubes": [
						{"origin": [1.5, 4.25, 0.025], "size": [1, 3, 0], "uv": [20, 0]},
						{"origin": [-2.5, 4.25, 0.025], "size": [1, 3, 0], "uv": [20, 0]}
					]
				},
				{
					"name": "underspike",
					"parent": "Body",
					"pivot": [-7, 0, 0.75],
					"cubes": [
						{"origin": [-0.5, 0.96, 0.5], "size": [1, 0, 2], "pivot": [-7, 0, 0.75], "rotation": [-27.5, 0, 0], "uv": [14, 11]},
						{"origin": [-0.5, -0.39, 2.7], "size": [1, 0, 2], "pivot": [-7, 0, 0.75], "rotation": [12.5, 0, 0], "uv": [10, 14]},
						{"origin": [-0.5, -0.39, -5.71], "size": [1, 0, 3], "pivot": [7, 0, -0.75], "rotation": [-12.5, 0, 0], "uv": [1, 3]},
						{"origin": [-0.5, 0.96, -2.5], "size": [1, 0, 2], "pivot": [7, 0, -0.75], "rotation": [27.5, 0, 0], "uv": [14, 9]},
						{"origin": [7.58, 7.19, 10.48], "size": [1, 0, 2], "pivot": [14, 0, -1.25], "rotation": [-27.5, -60, 0], "uv": [14, 7]},
						{"origin": [7.59, 3.99, -18.23], "size": [1, 0, 2], "pivot": [14, 0, -1.25], "rotation": [-165, -60, 0], "uv": [14, 5]},
						{"origin": [5.44, 3.47, -9.29], "size": [1, 0, 2], "pivot": [14, 0, -1.25], "rotation": [22.5, 60, 0], "uv": [14, 3]},
						{"origin": [5.45, 3.6, 6.75], "size": [1, 0, 2], "pivot": [14, 0, -1.25], "rotation": [155, 60, 0], "uv": [12, 12]},
						{"origin": [-0.75, 1.41, -2.24], "size": [1, 0, 2], "pivot": [0, 0, 0.25], "rotation": [30, -60, 0], "uv": [12, 10]},
						{"origin": [-0.25, 1.35, -2.24], "size": [1, 0, 2], "pivot": [0, 0, 0.25], "rotation": [25, 60, 0], "uv": [8, 4]},
						{"origin": [-0.75, 0.87, 2.96], "size": [1, 0, 2], "pivot": [0, 0, 0.25], "rotation": [162.5, -60, 0], "uv": [8, 2]},
						{"origin": [-0.25, 0.68, 3], "size": [1, 0, 2], "pivot": [0, 0, 0.25], "rotation": [162.5, 60, 0], "uv": [7, 0]}
					]
				}
			]
		}
	]
}