{
	"format_version": "1.8.0",
	"animations": {
		"animation.rotom.ground_idle": {
			"loop": true,
			"animation_length": 4.54167,
			"bones": {
				"rotom": {
					"rotation": {
						"0.0": {
							"post": [0, 0, 0],
							"lerp_mode": "catmullrom"
						},
						"0.4583": {
							"post": [0, 7.5, 0],
							"lerp_mode": "catmullrom"
						},
						"0.9583": {
							"post": [0, 0, 0],
							"lerp_mode": "catmullrom"
						},
						"1.4167": {
							"post": [0, -7.5, 0],
							"lerp_mode": "catmullrom"
						},
						"1.875": {
							"post": [0, 0, 0],
							"lerp_mode": "catmullrom"
						},
						"2.6667": {
							"post": [0, 0, 0],
							"lerp_mode": "catmullrom"
						},
						"3.125": {
							"post": [0, 7.5, 0],
							"lerp_mode": "catmullrom"
						},
						"3.625": {
							"post": [0, 0, 0],
							"lerp_mode": "catmullrom"
						},
						"4.0833": {
							"post": [0, -7.5, 0],
							"lerp_mode": "catmullrom"
						},
						"4.5417": {
							"post": [0, 0, 0],
							"lerp_mode": "catmullrom"
						}
					},
					"position": {
						"0.0": {
							"post": [0, 0, 0],
							"lerp_mode": "catmullrom"
						},
						"0.4583": {
							"post": [0.5, 0.5, 0],
							"lerp_mode": "catmullrom"
						},
						"0.9583": {
							"post": [0, 0, 0],
							"lerp_mode": "catmullrom"
						},
						"1.4167": {
							"post": [-0.5, 0.5, 0],
							"lerp_mode": "catmullrom"
						},
						"1.875": [0, 0, 0],
						"2.0833": {"pre": [0, 0, 0], "post": [-5, 4, 0]},
						"2.25": {"pre": [-5, 4, 0], "post": [6, -3, 0]},
						"2.5417": {"pre": [6, -3, 0], "post": [1, 11, 0]},
						"2.625": {"pre": [1, 11, 0], "post": [0, 0, 0]},
						"2.6667": {
							"pre": [0, 0, 0],
							"post": [0, 0, 0],
							"lerp_mode": "catmullrom"
						},
						"3.125": {
							"post": [0.5, 0.5, 0],
							"lerp_mode": "catmullrom"
						},
						"3.625": {
							"post": [0, 0, 0],
							"lerp_mode": "catmullrom"
						},
						"4.0833": {
							"post": [-0.5, 0.5, 0],
							"lerp_mode": "catmullrom"
						},
						"4.5417": {
							"post": [0, 0, 0],
							"lerp_mode": "catmullrom"
						}
					}
				},
				"left": {
					"rotation": {
						"0.0": {
							"post": [0, 0, 0],
							"lerp_mode": "catmullrom"
						},
						"0.4167": [0, 0, 47.5],
						"0.4583": {"pre": [0, 0, 47.5], "post": [0, 0, 0]},
						"0.5": {
							"pre": [0, 0, 0],
							"post": [0, 0, 0],
							"lerp_mode": "catmullrom"
						},
						"0.9167": [0, 0, 47.5],
						"0.9583": {"pre": [0, 0, 47.5], "post": [0, 0, 0]},
						"1.0": {
							"pre": [0, 0, 0],
							"post": [0, 0, 0],
							"lerp_mode": "catmullrom"
						},
						"1.4167": [0, 0, 47.5],
						"1.4583": {"pre": [0, 0, 47.5], "post": [0, 0, 0]},
						"1.5": {
							"pre": [0, 0, 0],
							"post": [0, 0, 0],
							"lerp_mode": "catmullrom"
						},
						"1.7917": [0, 0, 47.5],
						"1.8333": {"pre": [0, 0, 47.5], "post": [0, 0, 0]},
						"1.875": {
							"pre": [0, 0, 0],
							"post": [0, 0, 0],
							"lerp_mode": "catmullrom"
						},
						"2.7083": [0, 0, 0],
						"2.8333": {"pre": [0, 0, 0], "post": [0, 0, 47.5]},
						"2.875": {"pre": [0, 0, 47.5], "post": [0, 0, 0]},
						"2.9167": {
							"pre": [0, 0, 0],
							"post": [0, 0, 0],
							"lerp_mode": "catmullrom"
						},
						"3.2083": [0, 0, 47.5],
						"3.25": {"pre": [0, 0, 47.5], "post": [0, 0, 0]},
						"3.2917": {
							"pre": [0, 0, 0],
							"post": [0, 0, 0],
							"lerp_mode": "catmullrom"
						},
						"3.6667": [0, 0, 47.5],
						"3.7083": {"pre": [0, 0, 47.5], "post": [0, 0, 0]},
						"3.75": {
							"pre": [0, 0, 0],
							"post": [0, 0, 0],
							"lerp_mode": "catmullrom"
						},
						"4.125": [0, 0, 47.5],
						"4.1667": {"pre": [0, 0, 47.5], "post": [0, 0, 0]},
						"4.2083": {
							"pre": [0, 0, 0],
							"post": [0, 0, 0],
							"lerp_mode": "catmullrom"
						},
						"4.4583": [0, 0, 47.5],
						"4.5": {"pre": [0, 0, 47.5], "post": [0, 0, 0]},
						"4.5417": [0, 0, 0]
					},
					"position": [0, 0, 0]
				},
				"right": {
					"rotation": {
						"0.0": {
							"post": [0, 0, 0],
							"lerp_mode": "catmullrom"
						},
						"0.4167": [0, 0, -47.5],
						"0.4583": {"pre": [0, 0, -47.5], "post": [0, 0, 0]},
						"0.5": {
							"pre": [0, 0, 0],
							"post": [0, 0, 0],
							"lerp_mode": "catmullrom"
						},
						"0.9167": [0, 0, -47.5],
						"0.9583": {"pre": [0, 0, -47.5], "post": [0, 0, 0]},
						"1.0": {
							"pre": [0, 0, 0],
							"post": [0, 0, 0],
							"lerp_mode": "catmullrom"
						},
						"1.4167": [0, 0, -47.5],
						"1.4583": {"pre": [0, 0, -47.5], "post": [0, 0, 0]},
						"1.5": {
							"pre": [0, 0, 0],
							"post": [0, 0, 0],
							"lerp_mode": "catmullrom"
						},
						"1.7917": [0, 0, -47.5],
						"1.8333": {"pre": [0, 0, -47.5], "post": [0, 0, 0]},
						"1.875": {
							"pre": [0, 0, 0],
							"post": [0, 0, 0],
							"lerp_mode": "catmullrom"
						},
						"2.7083": [0, 0, 0],
						"2.8333": {"pre": [0, 0, 0], "post": [0, 0, -47.5]},
						"2.875": {"pre": [0, 0, -47.5], "post": [0, 0, 0]},
						"2.9167": {
							"pre": [0, 0, 0],
							"post": [0, 0, 0],
							"lerp_mode": "catmullrom"
						},
						"3.2083": [0, 0, -47.5],
						"3.25": {"pre": [0, 0, -47.5], "post": [0, 0, 0]},
						"3.2917": {
							"pre": [0, 0, 0],
							"post": [0, 0, 0],
							"lerp_mode": "catmullrom"
						},
						"3.6667": [0, 0, -47.5],
						"3.7083": {"pre": [0, 0, -47.5], "post": [0, 0, 0]},
						"3.75": {
							"pre": [0, 0, 0],
							"post": [0, 0, 0],
							"lerp_mode": "catmullrom"
						},
						"4.125": [0, 0, -47.5],
						"4.1667": {"pre": [0, 0, -47.5], "post": [0, 0, 0]},
						"4.2083": {
							"pre": [0, 0, 0],
							"post": [0, 0, 0],
							"lerp_mode": "catmullrom"
						},
						"4.4583": [0, 0, -47.5],
						"4.5": {"pre": [0, 0, -47.5], "post": [0, 0, 0]},
						"4.5417": [0, 0, 0]
					}
				}
			}
		},
		"animation.rotom.ground_walk": {
			"loop": true,
			"animation_length": 4.20833,
			"bones": {
				"rotom": {
					"rotation": {
						"0.0": {
							"post": [0, 0, 0],
							"lerp_mode": "catmullrom"
						},
						"0.4583": {
							"post": [0, 7.5, 0],
							"lerp_mode": "catmullrom"
						},
						"0.9583": {
							"post": [0, 0, 0],
							"lerp_mode": "catmullrom"
						},
						"1.4167": {
							"post": [0, -7.5, 0],
							"lerp_mode": "catmullrom"
						},
						"1.875": {
							"post": [0, 0, 0],
							"lerp_mode": "catmullrom"
						},
						"2.6667": {
							"post": [0, 0, 0],
							"lerp_mode": "catmullrom"
						},
						"3.125": {
							"post": [0, 7.5, 0],
							"lerp_mode": "catmullrom"
						},
						"3.625": {
							"post": [0, 0, 0],
							"lerp_mode": "catmullrom"
						},
						"4.0833": {
							"post": [0, -7.5, 0],
							"lerp_mode": "catmullrom"
						}
					},
					"position": {
						"0.0": {
							"post": [0, 0, 0],
							"lerp_mode": "catmullrom"
						},
						"0.4583": {
							"post": [0.5, 0.5, 0],
							"lerp_mode": "catmullrom"
						},
						"0.9583": {
							"post": [0, 0, 0],
							"lerp_mode": "catmullrom"
						},
						"1.4167": {
							"post": [-0.5, 0.5, 0],
							"lerp_mode": "catmullrom"
						},
						"1.875": [0, 0, 0],
						"2.0833": {
							"pre": [0, 0, 0],
							"post": [-5, 4, 0]
						},
						"2.25": {
							"pre": [-5, 4, 0],
							"post": [6, -3, 0]
						},
						"2.5417": {
							"pre": [6, -3, 0],
							"post": [1, 11, 0]
						},
						"2.625": {
							"pre": [1, 11, 0],
							"post": [0, 0, 0]
						},
						"2.6667": {
							"pre": [0, 0, 0],
							"post": [0, 0, 0],
							"lerp_mode": "catmullrom"
						},
						"3.125": {
							"post": [0.5, 0.5, 0],
							"lerp_mode": "catmullrom"
						},
						"3.625": {
							"post": [0, 0, 0],
							"lerp_mode": "catmullrom"
						},
						"4.0833": {
							"post": [-0.5, 0.5, 0],
							"lerp_mode": "catmullrom"
						}
					}
				},
				"left": {
					"rotation": {
						"0.0": {
							"post": [0, 0, 0],
							"lerp_mode": "catmullrom"
						},
						"0.4167": [0, 0, 47.5],
						"0.4583": {
							"pre": [0, 0, 47.5],
							"post": [0, 0, 0]
						},
						"0.5": {
							"pre": [0, 0, 0],
							"post": [0, 0, 0],
							"lerp_mode": "catmullrom"
						},
						"0.9167": [0, 0, 47.5],
						"0.9583": {
							"pre": [0, 0, 47.5],
							"post": [0, 0, 0]
						},
						"1.0": {
							"pre": [0, 0, 0],
							"post": [0, 0, 0],
							"lerp_mode": "catmullrom"
						},
						"1.4167": [0, 0, 47.5],
						"1.4583": {
							"pre": [0, 0, 47.5],
							"post": [0, 0, 0]
						},
						"1.5": {
							"pre": [0, 0, 0],
							"post": [0, 0, 0],
							"lerp_mode": "catmullrom"
						},
						"1.7917": [0, 0, 47.5],
						"1.8333": {
							"pre": [0, 0, 47.5],
							"post": [0, 0, 0]
						},
						"1.875": {
							"pre": [0, 0, 0],
							"post": [0, 0, 0],
							"lerp_mode": "catmullrom"
						},
						"2.7083": [0, 0, 0],
						"2.8333": {
							"pre": [0, 0, 0],
							"post": [0, 0, 47.5]
						},
						"2.875": {
							"pre": [0, 0, 47.5],
							"post": [0, 0, 0]
						},
						"2.9167": {
							"pre": [0, 0, 0],
							"post": [0, 0, 0],
							"lerp_mode": "catmullrom"
						},
						"3.2083": [0, 0, 47.5],
						"3.25": {
							"pre": [0, 0, 47.5],
							"post": [0, 0, 0]
						},
						"3.2917": {
							"pre": [0, 0, 0],
							"post": [0, 0, 0],
							"lerp_mode": "catmullrom"
						},
						"3.7083": [0, 0, 47.5],
						"3.75": {
							"pre": [0, 0, 47.5],
							"post": [0, 0, 0]
						},
						"3.7917": {
							"pre": [0, 0, 0],
							"post": [0, 0, 0],
							"lerp_mode": "catmullrom"
						},
						"4.1667": [0, 0, 47.5],
						"4.2083": {
							"pre": [0, 0, 47.5],
							"post": [0, 0, 0]
						},
						"4.25": {
							"pre": [0, 0, 0],
							"post": [0, 0, 0],
							"lerp_mode": "catmullrom"
						}
					},
					"position": [0, 0, 0]
				},
				"right": {
					"rotation": {
						"0.0": {
							"post": [0, 0, 0],
							"lerp_mode": "catmullrom"
						},
						"0.4167": [0, 0, -47.5],
						"0.4583": {
							"pre": [0, 0, -47.5],
							"post": [0, 0, 0]
						},
						"0.5": {
							"pre": [0, 0, 0],
							"post": [0, 0, 0],
							"lerp_mode": "catmullrom"
						},
						"0.9167": [0, 0, -47.5],
						"0.9583": {
							"pre": [0, 0, -47.5],
							"post": [0, 0, 0]
						},
						"1.0": {
							"pre": [0, 0, 0],
							"post": [0, 0, 0],
							"lerp_mode": "catmullrom"
						},
						"1.4167": [0, 0, -47.5],
						"1.4583": {
							"pre": [0, 0, -47.5],
							"post": [0, 0, 0]
						},
						"1.5": {
							"pre": [0, 0, 0],
							"post": [0, 0, 0],
							"lerp_mode": "catmullrom"
						},
						"1.7917": [0, 0, -47.5],
						"1.8333": {
							"pre": [0, 0, -47.5],
							"post": [0, 0, 0]
						},
						"1.875": {
							"pre": [0, 0, 0],
							"post": [0, 0, 0],
							"lerp_mode": "catmullrom"
						},
						"2.7083": [0, 0, 0],
						"2.8333": {
							"pre": [0, 0, 0],
							"post": [0, 0, -47.5]
						},
						"2.875": {
							"pre": [0, 0, -47.5],
							"post": [0, 0, 0]
						},
						"2.9167": {
							"pre": [0, 0, 0],
							"post": [0, 0, 0],
							"lerp_mode": "catmullrom"
						},
						"3.2083": [0, 0, -47.5],
						"3.25": {
							"pre": [0, 0, -47.5],
							"post": [0, 0, 0]
						},
						"3.2917": {
							"pre": [0, 0, 0],
							"post": [0, 0, 0],
							"lerp_mode": "catmullrom"
						},
						"3.7083": [0, 0, -47.5],
						"3.75": {
							"pre": [0, 0, -47.5],
							"post": [0, 0, 0]
						},
						"3.7917": {
							"pre": [0, 0, 0],
							"post": [0, 0, 0],
							"lerp_mode": "catmullrom"
						},
						"4.1667": [0, 0, -47.5],
						"4.2083": {
							"pre": [0, 0, -47.5],
							"post": [0, 0, 0]
						},
						"4.25": {
							"pre": [0, 0, 0],
							"post": [0, 0, 0],
							"lerp_mode": "catmullrom"
						}
					}
				}
			}
		},
		"animation.rotom.faint": {
			"loop": true,
			"animation_length": 4.20833,
			"bones": {
				"rotom": {
					"rotation": {
						"0.0": {
							"post": [0, 0, 0],
							"lerp_mode": "catmullrom"
						},
						"0.4583": {
							"post": [0, 7.5, 0],
							"lerp_mode": "catmullrom"
						},
						"0.9583": {
							"post": [0, 0, 0],
							"lerp_mode": "catmullrom"
						},
						"1.4167": {
							"post": [0, -7.5, 0],
							"lerp_mode": "catmullrom"
						},
						"1.875": {
							"post": [0, 0, 0],
							"lerp_mode": "catmullrom"
						},
						"2.6667": {
							"post": [0, 0, 0],
							"lerp_mode": "catmullrom"
						},
						"3.125": {
							"post": [0, 7.5, 0],
							"lerp_mode": "catmullrom"
						},
						"3.625": {
							"post": [0, 0, 0],
							"lerp_mode": "catmullrom"
						},
						"4.0833": {
							"post": [0, -7.5, 0],
							"lerp_mode": "catmullrom"
						}
					},
					"position": {
						"0.0": {
							"post": [0, 0, 0],
							"lerp_mode": "catmullrom"
						},
						"0.4583": {
							"post": [0.5, 0.5, 0],
							"lerp_mode": "catmullrom"
						},
						"0.9583": {
							"post": [0, 0, 0],
							"lerp_mode": "catmullrom"
						},
						"1.4167": {
							"post": [-0.5, 0.5, 0],
							"lerp_mode": "catmullrom"
						},
						"1.875": [0, 0, 0],
						"2.0833": {
							"pre": [0, 0, 0],
							"post": [-5, 4, 0]
						},
						"2.25": {
							"pre": [-5, 4, 0],
							"post": [6, -3, 0]
						},
						"2.5417": {
							"pre": [6, -3, 0],
							"post": [1, 11, 0]
						},
						"2.625": {
							"pre": [1, 11, 0],
							"post": [0, 0, 0]
						},
						"2.6667": {
							"pre": [0, 0, 0],
							"post": [0, 0, 0],
							"lerp_mode": "catmullrom"
						},
						"3.125": {
							"post": [0.5, 0.5, 0],
							"lerp_mode": "catmullrom"
						},
						"3.625": {
							"post": [0, 0, 0],
							"lerp_mode": "catmullrom"
						},
						"4.0833": {
							"post": [-0.5, 0.5, 0],
							"lerp_mode": "catmullrom"
						}
					}
				},
				"left": {
					"rotation": {
						"0.0": {
							"post": [0, 0, 0],
							"lerp_mode": "catmullrom"
						},
						"0.4167": [0, 0, 47.5],
						"0.4583": {
							"pre": [0, 0, 47.5],
							"post": [0, 0, 0]
						},
						"0.5": {
							"pre": [0, 0, 0],
							"post": [0, 0, 0],
							"lerp_mode": "catmullrom"
						},
						"0.9167": [0, 0, 47.5],
						"0.9583": {
							"pre": [0, 0, 47.5],
							"post": [0, 0, 0]
						},
						"1.0": {
							"pre": [0, 0, 0],
							"post": [0, 0, 0],
							"lerp_mode": "catmullrom"
						},
						"1.4167": [0, 0, 47.5],
						"1.4583": {
							"pre": [0, 0, 47.5],
							"post": [0, 0, 0]
						},
						"1.5": {
							"pre": [0, 0, 0],
							"post": [0, 0, 0],
							"lerp_mode": "catmullrom"
						},
						"1.7917": [0, 0, 47.5],
						"1.8333": {
							"pre": [0, 0, 47.5],
							"post": [0, 0, 0]
						},
						"1.875": {
							"pre": [0, 0, 0],
							"post": [0, 0, 0],
							"lerp_mode": "catmullrom"
						},
						"2.7083": [0, 0, 0],
						"2.8333": {
							"pre": [0, 0, 0],
							"post": [0, 0, 47.5]
						},
						"2.875": {
							"pre": [0, 0, 47.5],
							"post": [0, 0, 0]
						},
						"2.9167": {
							"pre": [0, 0, 0],
							"post": [0, 0, 0],
							"lerp_mode": "catmullrom"
						},
						"3.2083": [0, 0, 47.5],
						"3.25": {
							"pre": [0, 0, 47.5],
							"post": [0, 0, 0]
						},
						"3.2917": {
							"pre": [0, 0, 0],
							"post": [0, 0, 0],
							"lerp_mode": "catmullrom"
						},
						"3.7083": [0, 0, 47.5],
						"3.75": {
							"pre": [0, 0, 47.5],
							"post": [0, 0, 0]
						},
						"3.7917": {
							"pre": [0, 0, 0],
							"post": [0, 0, 0],
							"lerp_mode": "catmullrom"
						},
						"4.1667": [0, 0, 47.5],
						"4.2083": {
							"pre": [0, 0, 47.5],
							"post": [0, 0, 0]
						},
						"4.25": {
							"pre": [0, 0, 0],
							"post": [0, 0, 0],
							"lerp_mode": "catmullrom"
						}
					},
					"position": [0, 0, 0]
				},
				"right": {
					"rotation": {
						"0.0": {
							"post": [0, 0, 0],
							"lerp_mode": "catmullrom"
						},
						"0.4167": [0, 0, -47.5],
						"0.4583": {
							"pre": [0, 0, -47.5],
							"post": [0, 0, 0]
						},
						"0.5": {
							"pre": [0, 0, 0],
							"post": [0, 0, 0],
							"lerp_mode": "catmullrom"
						},
						"0.9167": [0, 0, -47.5],
						"0.9583": {
							"pre": [0, 0, -47.5],
							"post": [0, 0, 0]
						},
						"1.0": {
							"pre": [0, 0, 0],
							"post": [0, 0, 0],
							"lerp_mode": "catmullrom"
						},
						"1.4167": [0, 0, -47.5],
						"1.4583": {
							"pre": [0, 0, -47.5],
							"post": [0, 0, 0]
						},
						"1.5": {
							"pre": [0, 0, 0],
							"post": [0, 0, 0],
							"lerp_mode": "catmullrom"
						},
						"1.7917": [0, 0, -47.5],
						"1.8333": {
							"pre": [0, 0, -47.5],
							"post": [0, 0, 0]
						},
						"1.875": {
							"pre": [0, 0, 0],
							"post": [0, 0, 0],
							"lerp_mode": "catmullrom"
						},
						"2.7083": [0, 0, 0],
						"2.8333": {
							"pre": [0, 0, 0],
							"post": [0, 0, -47.5]
						},
						"2.875": {
							"pre": [0, 0, -47.5],
							"post": [0, 0, 0]
						},
						"2.9167": {
							"pre": [0, 0, 0],
							"post": [0, 0, 0],
							"lerp_mode": "catmullrom"
						},
						"3.2083": [0, 0, -47.5],
						"3.25": {
							"pre": [0, 0, -47.5],
							"post": [0, 0, 0]
						},
						"3.2917": {
							"pre": [0, 0, 0],
							"post": [0, 0, 0],
							"lerp_mode": "catmullrom"
						},
						"3.7083": [0, 0, -47.5],
						"3.75": {
							"pre": [0, 0, -47.5],
							"post": [0, 0, 0]
						},
						"3.7917": {
							"pre": [0, 0, 0],
							"post": [0, 0, 0],
							"lerp_mode": "catmullrom"
						},
						"4.1667": [0, 0, -47.5],
						"4.2083": {
							"pre": [0, 0, -47.5],
							"post": [0, 0, 0]
						},
						"4.25": {
							"pre": [0, 0, 0],
							"post": [0, 0, 0],
							"lerp_mode": "catmullrom"
						}
					}
				}
			}
		}
	}
}