{
	"format_version": "1.12.0",
	"minecraft:geometry": [
		{
			"description": {
				"identifier": "geometry.swirlix",
				"texture_width": 64,
				"texture_height": 64,
				"visible_bounds_width": 2,
				"visible_bounds_height": 2.5,
				"visible_bounds_offset": [0, 0.75, 0]
			},
			"bones": [
				{
					"name": "swirlix",
					"pivot": [0, 0, 0]
				},
				{
					"name": "head",
					"parent": "swirlix",
					"pivot": [0, 0, -2.605],
					"cubes": [
						{"origin": [-4.5, 1, -5], "size": [9, 12, 9], "uv": [0, 0]},
						{"origin": [-0.5, 7.5, -5.21], "size": [1, 1, 1], "uv": [0, 21]}
					]
				},
				{
					"name": "lumps",
					"parent": "head",
					"pivot": [0, 7, -0.5],
					"cubes": [
						{"origin": [-5, 11, -5.5], "size": [3, 2, 2], "inflate": 0, "pivot": [-3.5, 12.5, -4], "rotation": [0, -25, 45], "uv": [46, 19]},
						{"origin": [2, 11, -5.5], "size": [3, 2, 2], "inflate": 0, "pivot": [3.5, 12.5, -4], "rotation": [0, 25, -45], "uv": [46, 13]},
						{"origin": [-2, 10.5, -6.5], "size": [4, 4, 4], "inflate": 0, "pivot": [0, 14, -4.5], "rotation": [30, 0, 0], "uv": [16, 21]},
						{"origin": [-2, 10.5, -1.5], "size": [4, 4, 4], "inflate": 0, "pivot": [0, 13, 0.5], "rotation": [0, -5, 0], "uv": [0, 21]},
						{"origin": [-5.45591, 7.78567, -5.19844], "size": [3, 3, 3], "inflate": 0, "pivot": [-4.55591, 9.28567, -3.69844], "rotation": [-3.98788, -17.15239, 10.4303], "uv": [45, 0]},
						{"origin": [-5.6526, 4.37585, -5.18818], "size": [3, 3, 3], "inflate": 0, "pivot": [-4.3526, 5.87585, -3.68818], "rotation": [1.3584, -12.62525, -5.19067], "uv": [33, 44]},
						{"origin": [-5.44664, 1.26835, -5.06197], "size": [3, 3, 3], "inflate": 0, "pivot": [-3.84664, 2.76835, -3.56197], "rotation": [4.72902, -16.82097, -20.94076], "uv": [42, 41]},
						{"origin": [2.55591, 7.78567, -5.19844], "size": [3, 3, 3], "inflate": 0, "pivot": [4.55591, 9.28567, -3.69844], "rotation": [-3.98788, 17.15239, -10.4303], "uv": [24, 41]},
						{"origin": [2.35591, 9.18567, -1.49844], "size": [3, 3, 3], "inflate": 0, "pivot": [4.35591, 9.28567, 0.00156], "rotation": [9.91615, 1.29876, -7.38733], "uv": [12, 41]},
						{"origin": [2.25591, 1.78429, -1.5572], "size": [3, 3, 3], "inflate": 0, "pivot": [4.35591, 3.28429, -0.0572], "rotation": [-9.91615, 1.29876, 7.38733], "uv": [0, 41]},
						{"origin": [2.57801, 5.68983, -0.86855], "size": [3, 3, 3], "inflate": 0, "pivot": [4.87801, 7.18983, 0.63145], "rotation": [9.96039, 4.63076, 2.89381], "uv": [33, 38]},
						{"origin": [-5.35591, 9.18567, -1.49844], "size": [3, 3, 3], "inflate": 0, "pivot": [-4.35591, 9.28567, 0.00156], "rotation": [9.91615, -1.29876, 7.38733], "uv": [36, 3]},
						{"origin": [-5.57801, 5.68983, -0.86855], "size": [3, 3, 3], "inflate": 0, "pivot": [-4.87801, 7.18983, 0.63145], "rotation": [9.96039, -4.63076, -2.89381], "uv": [36, 9]},
						{"origin": [-5.25591, 1.78429, -1.5572], "size": [3, 3, 3], "inflate": 0, "pivot": [-4.35591, 3.28429, -0.0572], "rotation": [-9.91615, -1.29876, -7.38733], "uv": [36, 15]},
						{"origin": [2.6526, 4.37585, -5.18818], "size": [3, 3, 3], "inflate": 0, "pivot": [4.3526, 5.87585, -3.68818], "rotation": [1.3584, 12.62525, 5.19067], "uv": [41, 24]},
						{"origin": [2.44664, 1.26835, -5.06197], "size": [3, 3, 3], "inflate": 0, "pivot": [3.84664, 2.76835, -3.56197], "rotation": [4.72902, 16.82097, 20.94076], "uv": [42, 35]},
						{"origin": [-1.5, 5.5, 2.4], "size": [3, 3, 3], "inflate": 0, "uv": [24, 35]},
						{"origin": [2.39562, 5.4, 1.80332], "size": [3, 3, 3], "inflate": 0, "pivot": [3.69562, 7, 4.10332], "rotation": [-5, 35, 0], "uv": [12, 35]},
						{"origin": [-5.39562, 5.4, 1.80332], "size": [3, 3, 3], "inflate": 0, "pivot": [-3.69562, 7, 4.10332], "rotation": [-5, -35, 0], "uv": [0, 35]},
						{"origin": [1.50986, 1.44211, 1.60808], "size": [3, 3, 3], "inflate": 0, "pivot": [3.30986, 2.94211, 3.80808], "rotation": [-5.18384, 24.9803, -0.48015], "uv": [12, 29]},
						{"origin": [1.54833, 9.41167, 1.96327], "size": [3, 3, 3], "inflate": 0, "pivot": [3.54833, 10.91167, 4.46327], "rotation": [-5.18384, 24.9803, -0.48015], "uv": [32, 21]},
						{"origin": [-4.40986, 1.44211, 1.60808], "size": [3, 3, 3], "inflate": 0, "pivot": [-3.30986, 2.94211, 3.80808], "rotation": [-5.18384, -24.9803, 0.48015], "uv": [24, 29]},
						{"origin": [-3.09866, 1.24042, -5.75015], "size": [3, 3, 3], "inflate": 0, "pivot": [-1.79866, 2.84042, -4.85015], "rotation": [13.8126, 12.52739, -0.66771], "uv": [0, 29]},
						{"origin": [0.09866, 1.24042, -5.75015], "size": [3, 3, 3], "inflate": 0, "pivot": [1.79866, 2.84042, -4.85015], "rotation": [13.8126, -12.52739, 0.66771], "uv": [27, 0]},
						{"origin": [-4.30986, 9.44211, 1.30808], "size": [3, 3, 3], "inflate": 0, "pivot": [-3.30986, 2.94211, 3.80808], "rotation": [-5.18384, -24.9803, 0.48015], "uv": [33, 32]}
					]
				},
				{
					"name": "eyes",
					"parent": "head",
					"pivot": [0, -1, 0]
				},
				{
					"name": "righteye",
					"parent": "eyes",
					"pivot": [0, -1, 0],
					"cubes": [
						{"origin": [-3, 8, -5.1], "size": [2, 2, 0], "uv": [4, 5]},
						{"origin": [-2.4, 8.5, -5.2], "size": [1, 1, 0], "uv": [12, 21]}
					]
				},
				{
					"name": "lefteye",
					"parent": "eyes",
					"pivot": [0, -1, 0],
					"cubes": [
						{"origin": [1, 8, -5.1], "size": [2, 2, 0], "uv": [0, 5]},
						{"origin": [1.4, 8.5, -5.2], "size": [1, 1, 0], "uv": [7, 0]}
					]
				},
				{
					"name": "eyelids",
					"parent": "eyes",
					"pivot": [0, -1, 1],
					"cubes": [
						{"origin": [1, 8, -4.4], "size": [2, 2, 0], "uv": [0, 48]},
						{"origin": [-3, 8, -4.4], "size": [2, 2, 0], "uv": [0, 48], "mirror": true}
					]
				},
				{
					"name": "mouth",
					"parent": "head",
					"pivot": [-0.17227, 7.40572, -5.015],
					"cubes": [
						{"origin": [-1.99, 5.5, -5.03], "size": [1, 1, 0], "uv": [8, 47]},
						{"origin": [0.99, 5.5, -5.03], "size": [1, 1, 0], "uv": [12, 47]},
						{"origin": [-1, 6, -5.04], "size": [2, 1, 0], "uv": [4, 47]},
						{"origin": [-0.5, 5.5, -5.03], "size": [1, 1, 0], "uv": [10, 47]}
					]
				},
				{
					"name": "tongue",
					"parent": "mouth",
					"pivot": [0.57773, 6.05572, -5.015],
					"cubes": [
						{"origin": [-0.04719, 4.31384, -5.01], "size": [2, 2, 0], "uv": [14, 21]},
						{"origin": [0.47773, 5.05572, -5.02], "size": [1, 1, 0], "uv": [0, 1]}
					]
				},
				{
					"name": "tail",
					"parent": "head",
					"pivot": [0, 1, 3],
					"cubes": [
						{"origin": [-1, 0.99, 3], "size": [2, 0, 3], "uv": [0, 0]},
						{"origin": [-1, 0, 5], "size": [2, 2, 3], "uv": [33, 27]}
					]
				},
				{
					"name": "right_foot",
					"parent": "swirlix",
					"pivot": [-2.25, 1, -1.25],
					"cubes": [
						{"origin": [-3.5, 0, -3.5], "size": [3, 1, 3], "pivot": [-2, 1, -0.5], "rotation": [0, 20, 0], "uv": [45, 6]}
					]
				},
				{
					"name": "left_foot",
					"parent": "swirlix",
					"pivot": [2.25, 1, -1.25],
					"cubes": [
						{"origin": [0.5, 0, -3.5], "size": [3, 1, 3], "pivot": [2, 1, -0.5], "rotation": [0, -20, 0], "uv": [45, 6], "mirror": true}
					]
				}
			]
		}
	]
}