{
	"format_version": "1.12.0",
	"minecraft:geometry": [
		{
			"description": {
				"identifier": "geometry.rotommow",
				"texture_width": 160,
				"texture_height": 160,
				"visible_bounds_width": 4,
				"visible_bounds_height": 2.5,
				"visible_bounds_offset": [0, 0.75, 0]
			},
			"bones": [
				{
					"name": "root",
					"pivot": [0, 0, 0]
				},
				{
					"name": "rotommow",
					"parent": "root",
					"pivot": [0, 0.5, 0]
				},
				{
					"name": "body",
					"parent": "rotommow",
					"pivot": [0, 0.5, 0]
				},
				{
					"name": "front",
					"parent": "body",
					"pivot": [0, 2.5, 0],
					"cubes": [
						{"origin": [-7, 2.5, -7], "size": [14, 8, 8], "uv": [96, 25]},
						{"origin": [-8, 3.5, -6], "size": [1, 6, 6], "uv": [74, 124]},
						{"origin": [7, 3.5, -6], "size": [1, 6, 6], "uv": [88, 78]}
					]
				},
				{
					"name": "glow",
					"parent": "front",
					"pivot": [1, 2, -0.5],
					"cubes": [
						{"origin": [-1.5, 2, -7.5], "size": [3, 9, 9], "inflate": -9.01, "uv": [36, 56]}
					]
				},
				{
					"name": "headpiece",
					"parent": "front",
					"pivot": [0, 9.5, -3],
					"rotation": [-7.5, 0, 0],
					"cubes": [
						{"origin": [-2, 9.5, -5], "size": [4, 3, 4], "uv": [14, 0]},
						{"origin": [-2.5, 10, -5.5], "size": [5, 5, 5], "inflate": -5, "uv": [118, 51]},
						{"origin": [-1.5, 12.5, -4.5], "size": [3, 2, 3], "uv": [85, 25]},
						{"origin": [-1, 13.5, -4], "size": [2, 7, 2], "uv": [0, 0]},
						{"origin": [-1.5, 17, -4.5], "size": [3, 1, 3], "inflate": -2.99, "uv": [0, 74]},
						{"origin": [-3.5, 20.5, -4.5], "size": [7, 2, 3], "inflate": 0.01, "uv": [65, 25]},
						{"origin": [-6, 13, -11], "size": [12, 17, 16], "inflate": -10, "uv": [88, 78]}
					]
				},
				{
					"name": "wheels",
					"parent": "front",
					"pivot": [0, 6, -3]
				},
				{
					"name": "left",
					"parent": "wheels",
					"pivot": [9, 6.5, -3],
					"cubes": [
						{"origin": [8, 2.5, 1], "size": [2, 8, 2], "uv": [65, 0]},
						{"origin": [8, 2.5, -9], "size": [2, 8, 2], "uv": [63, 53]},
						{"origin": [8, 10.5, -7], "size": [2, 2, 8], "uv": [120, 123]},
						{"origin": [8, 0.5, -7], "size": [2, 2, 8], "uv": [108, 121]},
						{"origin": [8, 2.5, -7], "size": [2, 8, 8], "uv": [40, 119]},
						{"origin": [1.5, 4, -5.5], "size": [15, 5, 5], "inflate": -9, "uv": [40, 109]}
					]
				},
				{
					"name": "right",
					"parent": "wheels",
					"pivot": [-9, 6.5, -3],
					"cubes": [
						{"origin": [-10, 2.5, 1], "size": [2, 8, 2], "uv": [14, 53]},
						{"origin": [-10, 2.5, -9], "size": [2, 8, 2], "uv": [0, 53]},
						{"origin": [-10, 10.5, -7], "size": [2, 2, 8], "uv": [120, 0]},
						{"origin": [-10, 0.5, -7], "size": [2, 2, 8], "uv": [60, 119]},
						{"origin": [-10, 2.5, -7], "size": [2, 8, 8], "uv": [20, 119]},
						{"origin": [-16.5, 4, -5.5], "size": [15, 5, 5], "inflate": -9, "uv": [0, 109]}
					]
				},
				{
					"name": "face",
					"parent": "front",
					"pivot": [0, 2.5, 0]
				},
				{
					"name": "eyes",
					"parent": "face",
					"pivot": [0, 2.5, 0]
				},
				{
					"name": "left2",
					"parent": "eyes",
					"pivot": [3, 8, -6.61333],
					"rotation": [0, 0, 5],
					"cubes": [
						{"origin": [2, 6.5, -7.07], "size": [2, 3, 1], "uv": [24, 14]},
						{"origin": [2.5, 7, -7.14], "size": [1, 2, 1], "uv": [24, 18]},
						{"origin": [2, 8, -7.13], "size": [2, 0, 1], "uv": [5, 1]}
					]
				},
				{
					"name": "right2",
					"parent": "eyes",
					"pivot": [-3, 8, -6.61333],
					"rotation": [0, 0, -5],
					"cubes": [
						{"origin": [-4, 6.5, -7.07], "size": [2, 3, 1], "uv": [24, 10]},
						{"origin": [-3.5, 7, -7.14], "size": [1, 2, 1], "uv": [14, 0]},
						{"origin": [-4, 8, -7.13], "size": [2, 0, 1], "uv": [5, 0]}
					]
				},
				{
					"name": "mouth",
					"parent": "face",
					"pivot": [0, 2.5, 0],
					"cubes": [
						{"origin": [3, 5, -7.07], "size": [1, 1, 1], "uv": [26, 0]},
						{"origin": [-4, 5, -7.07], "size": [1, 1, 1], "uv": [26, 2]},
						{"origin": [-3, 4, -7.07], "size": [6, 2, 1], "uv": [14, 7]}
					]
				},
				{
					"name": "teeth",
					"parent": "mouth",
					"pivot": [-1.5, 5, -6.64],
					"cubes": [
						{"origin": [-2.5, 4, -7.14], "size": [0, 2, 1], "pivot": [-2.5, 5, -6.64], "rotation": [0, 0, -25], "uv": [8, 1]},
						{"origin": [2.5, 4, -7.14], "size": [0, 2, 1], "pivot": [2.5, 5, -6.64], "rotation": [0, 0, 25], "uv": [28, 17]},
						{"origin": [3.5, 5, -7.14], "size": [0, 1, 1], "pivot": [3.5, 5, -6.64], "rotation": [0, 0, -25], "uv": [14, 2]},
						{"origin": [-3.5, 5, -7.14], "size": [0, 1, 1], "pivot": [-3.5, 5, -6.64], "rotation": [0, 0, 25], "uv": [0, 0]},
						{"origin": [1.5, 4, -7.14], "size": [0, 2, 1], "pivot": [1.5, 5, -6.64], "rotation": [0, 0, -25], "uv": [28, 6]},
						{"origin": [0.5, 4, -7.14], "size": [0, 2, 1], "pivot": [0.5, 5, -6.64], "rotation": [0, 0, 25], "uv": [8, 7]},
						{"origin": [-0.5, 4, -7.14], "size": [0, 2, 1], "pivot": [-0.5, 5, -6.64], "rotation": [0, 0, -25], "uv": [8, 5]},
						{"origin": [-1.5, 4, -7.14], "size": [0, 2, 1], "pivot": [-1.5, 5, -6.64], "rotation": [0, 0, 25], "uv": [8, 3]}
					]
				},
				{
					"name": "arms",
					"parent": "front",
					"pivot": [0, 2.5, 0]
				},
				{
					"name": "left3",
					"parent": "arms",
					"pivot": [9, 5.9, -3],
					"cubes": [
						{"origin": [8, 3.4, -3], "size": [15, 10, 0], "uv": [116, 111]}
					]
				},
				{
					"name": "right3",
					"parent": "arms",
					"pivot": [-9, 5.9, -3],
					"cubes": [
						{"origin": [-23, 3.4, -3], "size": [15, 10, 0], "uv": [0, 21]}
					]
				},
				{
					"name": "back",
					"parent": "body",
					"pivot": [0, 0.5, 0],
					"cubes": [
						{"origin": [-10, 1.5, 5], "size": [2, 11, 10], "uv": [0, 53]},
						{"origin": [-19.5, 1, 3.5], "size": [21, 12, 13], "inflate": -12, "uv": [65, 0]},
						{"origin": [-1.5, 1, 3.5], "size": [21, 12, 13], "inflate": -12, "uv": [63, 53]},
						{"origin": [8, 1.5, 5], "size": [2, 11, 10], "uv": [0, 0]},
						{"origin": [-8, 1.5, 5], "size": [16, 2, 8], "uv": [96, 41]},
						{"origin": [-9.5, -13, -3.5], "size": [19, 31, 25], "inflate": -17, "uv": [0, 53]},
						{"origin": [-8, 1.5, 13], "size": [16, 11, 2], "uv": [80, 111]},
						{"origin": [-8.5, -4, -1.5], "size": [17, 22, 31], "inflate": -17, "uv": [0, 0]}
					]
				}
			]
		}
	]
}