{
	"format_version": "1.8.0",
	"animations": {
		"animation.armoredmewtwo.ground_idle": {
			"loop": true,
			"bones": {
				"tail": {
					"rotation": ["-2.5+Math.sin(query.anim_time * 80*1) * 6", "0+Math.sin(query.anim_time * 80 + 80*1) * 6", 0]
				},
				"tail2": {
					"rotation": ["25+Math.sin(query.anim_time * 75*1) * 6", "0+Math.sin(query.anim_time * 75 + 80*1) * 6", 0]
				},
				"tail3": {
					"rotation": ["20+Math.sin(query.anim_time * 70*1) * 6", 0, 0]
				},
				"tail4": {
					"rotation": ["12.5+Math.sin(query.anim_time * 65*1) * 6", "0+Math.sin(query.anim_time * 65 + 80*1) * 6", 0]
				},
				"tail5": {
					"rotation": ["25+Math.sin(query.anim_time * 60*1) * 6", 0, 0]
				},
				"tail6": {
					"rotation": ["25+Math.sin(query.anim_time * 55*1) * 6", 0, 0]
				},
				"leftarm": {
					"rotation": [2.00307, -14.8687, "39.7386+Math.sin(query.anim_time * -80*1) * 2"]
				},
				"leftforearm": {
					"rotation": [8.89674, 26.12797, "19.5684+Math.sin(query.anim_time * -75*1) * 2"]
				},
				"finger4": {
					"rotation": [0, 0, 27.5]
				},
				"finger5": {
					"rotation": [0, 0, 37.5]
				},
				"finger6": {
					"rotation": [0, 0, 12.5]
				},
				"rightarm": {
					"rotation": [0, 0, "-37.5+Math.sin(query.anim_time * 80*1) * 2"]
				},
				"rightforearm": {
					"rotation": [0, -17.5, "-30+Math.sin(query.anim_time * 75*1) * 2"]
				},
				"finger": {
					"rotation": [0, 0, -27.5]
				},
				"finger2": {
					"rotation": [0, 0, -37.5]
				},
				"finger3": {
					"rotation": [0, 0, -12.5]
				},
				"body": {
					"rotation": ["12.5+Math.sin(query.anim_time * 80*1) * 2 * 1", 20, 0],
					"position": [0, "4+Math.sin(query.anim_time * 80*1)", 0]
				},
				"leftleg": {
					"rotation": ["-12.5+Math.sin(query.anim_time * 85*1) * 2", 0, -12.5]
				},
				"leftfoot": {
					"rotation": [32.5, 0, 0]
				},
				"rightleg": {
					"rotation": ["-12.5+Math.sin(query.anim_time * -85*1) * 2", 0, 12.5]
				},
				"rightfoot": {
					"rotation": [22.5, 0, 0]
				},
				"neck": {
					"rotation": [0, -10, 0]
				}
			}
		},
		"animation.armoredmewtwo.ground_walk": {
			"loop": true,
			"bones": {
				"tail": {
					"rotation": ["-22.5+Math.sin(query.anim_time * 90*1.5) * 6", "0+Math.sin(query.anim_time * 90 + 90*1.5) * 6", 0]
				},
				"tail2": {
					"rotation": ["25+Math.sin(query.anim_time * 85*1.5) * 6", "0+Math.sin(query.anim_time * 85 + 90*1.5) * 6", 0]
				},
				"tail3": {
					"rotation": ["20+Math.sin(query.anim_time * 80*1.5) * 6", 0, 0]
				},
				"tail4": {
					"rotation": ["12.5+Math.sin(query.anim_time * 75*1.5) * 6", "0+Math.sin(query.anim_time * 75+ 90*1.5) * 6", 0]
				},
				"tail5": {
					"rotation": ["25+Math.sin(query.anim_time * 70*1.5) * 6", 0, 0]
				},
				"tail6": {
					"rotation": ["25+Math.sin(query.anim_time * 60*1.5) * 6", 0, 0]
				},
				"leftarm": {
					"rotation": [0, 12.5, "37.5+Math.sin(query.anim_time * -85*1.5) * 3.5"]
				},
				"leftforearm": {
					"rotation": [0, 32.5, 10]
				},
				"rightarm": {
					"rotation": [0, 12.5, "-37.50+Math.sin(query.anim_time * 85*1.5) * 3.5"]
				},
				"rightforearm": {
					"rotation": [0, -32.5, -10]
				},
				"body": {
					"rotation": [25, 0, 0],
					"position": [0, "3.5+Math.sin(query.anim_time * 90*1.5) ", 0]
				},
				"leftleg": {
					"rotation": ["-5+Math.sin(query.anim_time * 85*1.5) * 3.5", 0, -10]
				},
				"leftfoot": {
					"rotation": [32.5, 0, 0]
				},
				"rightleg": {
					"rotation": ["Math.sin(query.anim_time * 85*1.5) * 3.5", 0, 10]
				},
				"rightknee": {
					"rotation": [25, 0, 0]
				},
				"rightfoot": {
					"rotation": [40, 0, 0]
				},
				"head": {
					"rotation": ["-20+Math.sin(query.anim_time * -90*1.5) * 2", 0, 0]
				},
				"neck": {
					"rotation": [0, -10, 0]
				}
			}
		},
		"animation.armoredmewtwo.air_fly": {
			"loop": true,
			"bones": {
				"tail": {
					"rotation": ["-22.5+Math.sin(query.anim_time * 90*1.5) * 6", "0+Math.sin(query.anim_time * 90 + 90*1.5) * 6", 0]
				},
				"tail2": {
					"rotation": ["25+Math.sin(query.anim_time * 85*1.5) * 6", "0+Math.sin(query.anim_time * 85 + 90*1.5) * 6", 0]
				},
				"tail3": {
					"rotation": ["20+Math.sin(query.anim_time * 80*1.5) * 6", 0, 0]
				},
				"tail4": {
					"rotation": ["12.5+Math.sin(query.anim_time * 75*1.5) * 6", "0+Math.sin(query.anim_time * 75+ 90*1.5) * 6", 0]
				},
				"tail5": {
					"rotation": ["25+Math.sin(query.anim_time * 70*1.5) * 6", 0, 0]
				},
				"tail6": {
					"rotation": ["25+Math.sin(query.anim_time * 60*1.5) * 6", 0, 0]
				},
				"leftarm": {
					"rotation": [0, 12.5, "37.5+Math.sin(query.anim_time * -85*1.5) * 3.5"]
				},
				"leftforearm": {
					"rotation": [0, 32.5, 10]
				},
				"rightarm": {
					"rotation": [0, 12.5, "-37.50+Math.sin(query.anim_time * 85*1.5) * 3.5"]
				},
				"rightforearm": {
					"rotation": [0, -32.5, -10]
				},
				"body": {
					"rotation": [25, 0, 0],
					"position": [0, "7+Math.sin(query.anim_time * 90*1.5) ", 0]
				},
				"leftleg": {
					"rotation": ["-5+Math.sin(query.anim_time * 85*1.5) * 3.5", 0, -10]
				},
				"leftfoot": {
					"rotation": [32.5, 0, 0]
				},
				"rightleg": {
					"rotation": ["Math.sin(query.anim_time * 85*1.5) * 3.5", 0, 10]
				},
				"rightknee": {
					"rotation": [25, 0, 0]
				},
				"rightfoot": {
					"rotation": [40, 0, 0]
				},
				"head": {
					"rotation": ["-20+Math.sin(query.anim_time * -90*1.5) * 2", 0, 0]
				},
				"neck": {
					"rotation": [0, -10, 0]
				}
			}
		},
		"animation.armoredmewtwo.air_idle": {
			"loop": true,
			"bones": {
				"tail": {
					"rotation": ["-2.5+Math.sin(query.anim_time * 80*1) * 6", "0+Math.sin(query.anim_time * 80 + 80*1) * 6", 0]
				},
				"tail2": {
					"rotation": ["25+Math.sin(query.anim_time * 75*1) * 6", "0+Math.sin(query.anim_time * 75 + 80*1) * 6", 0]
				},
				"tail3": {
					"rotation": ["20+Math.sin(query.anim_time * 70*1) * 6", 0, 0]
				},
				"tail4": {
					"rotation": ["12.5+Math.sin(query.anim_time * 65*1) * 6", "0+Math.sin(query.anim_time * 65 + 80*1) * 6", 0]
				},
				"tail5": {
					"rotation": ["25+Math.sin(query.anim_time * 60*1) * 6", 0, 0]
				},
				"tail6": {
					"rotation": ["25+Math.sin(query.anim_time * 55*1) * 6", 0, 0]
				},
				"leftarm": {
					"rotation": [2.00307, -14.8687, "39.7386+Math.sin(query.anim_time * -80*1) * 2"]
				},
				"leftforearm": {
					"rotation": [8.89674, 26.12797, "19.5684+Math.sin(query.anim_time * -75*1) * 2"]
				},
				"finger4": {
					"rotation": [0, 0, 27.5]
				},
				"finger5": {
					"rotation": [0, 0, 37.5]
				},
				"finger6": {
					"rotation": [0, 0, 12.5]
				},
				"rightarm": {
					"rotation": [0, 0, "-37.5+Math.sin(query.anim_time * 80*1) * 2"]
				},
				"rightforearm": {
					"rotation": [0, -17.5, "-30+Math.sin(query.anim_time * 75*1) * 2"]
				},
				"finger": {
					"rotation": [0, 0, -27.5]
				},
				"finger2": {
					"rotation": [0, 0, -37.5]
				},
				"finger3": {
					"rotation": [0, 0, -12.5]
				},
				"body": {
					"rotation": ["12.5+Math.sin(query.anim_time * 80*1) * 2 * 1", 20, 0],
					"position": [0, "7+Math.sin(query.anim_time * 80*1)", 0]
				},
				"leftleg": {
					"rotation": ["-12.5+Math.sin(query.anim_time * 85*1) * 2", 0, -12.5]
				},
				"leftfoot": {
					"rotation": [32.5, 0, 0]
				},
				"rightleg": {
					"rotation": ["-12.5+Math.sin(query.anim_time * -85*1) * 2", 0, 12.5]
				},
				"rightfoot": {
					"rotation": [22.5, 0, 0]
				},
				"neck": {
					"rotation": [0, -10, 0]
				}
			}
		},
		"animation.armoredmewtwo.faint": {
			"loop": true,
			"bones": {
				"tail": {
					"rotation": ["-2.5+Math.sin(query.anim_time * 80*1) * 6", "0+Math.sin(query.anim_time * 80 + 80*1) * 6", 0]
				},
				"tail2": {
					"rotation": ["25+Math.sin(query.anim_time * 75*1) * 6", "0+Math.sin(query.anim_time * 75 + 80*1) * 6", 0]
				},
				"tail3": {
					"rotation": ["20+Math.sin(query.anim_time * 70*1) * 6", 0, 0]
				},
				"tail4": {
					"rotation": ["12.5+Math.sin(query.anim_time * 65*1) * 6", "0+Math.sin(query.anim_time * 65 + 80*1) * 6", 0]
				},
				"tail5": {
					"rotation": ["25+Math.sin(query.anim_time * 60*1) * 6", 0, 0]
				},
				"tail6": {
					"rotation": ["25+Math.sin(query.anim_time * 55*1) * 6", 0, 0]
				},
				"leftarm": {
					"rotation": [2.00307, -14.8687, "39.7386+Math.sin(query.anim_time * -80*1) * 2"]
				},
				"leftforearm": {
					"rotation": [8.89674, 26.12797, "19.5684+Math.sin(query.anim_time * -75*1) * 2"]
				},
				"finger4": {
					"rotation": [0, 0, 27.5]
				},
				"finger5": {
					"rotation": [0, 0, 37.5]
				},
				"finger6": {
					"rotation": [0, 0, 12.5]
				},
				"rightarm": {
					"rotation": [0, 0, "-37.5+Math.sin(query.anim_time * 80*1) * 2"]
				},
				"rightforearm": {
					"rotation": [0, -17.5, "-30+Math.sin(query.anim_time * 75*1) * 2"]
				},
				"finger": {
					"rotation": [0, 0, -27.5]
				},
				"finger2": {
					"rotation": [0, 0, -37.5]
				},
				"finger3": {
					"rotation": [0, 0, -12.5]
				},
				"body": {
					"rotation": ["12.5+Math.sin(query.anim_time * 80*1) * 2 * 1", 20, 0],
					"position": [0, "4+Math.sin(query.anim_time * 80*1)", 0]
				},
				"leftleg": {
					"rotation": ["-12.5+Math.sin(query.anim_time * 85*1) * 2", 0, -12.5]
				},
				"leftfoot": {
					"rotation": [32.5, 0, 0]
				},
				"rightleg": {
					"rotation": ["-12.5+Math.sin(query.anim_time * -85*1) * 2", 0, 12.5]
				},
				"rightfoot": {
					"rotation": [22.5, 0, 0]
				},
				"neck": {
					"rotation": [0, -10, 0]
				}
			}
		}
	}
}