{
	"format_version": "1.8.0",
	"animations": {
		"animation.rotomfan.ground_idle": {
			"loop": true,
			"animation_length": 3,
			"bones": {
				"body": {
					"rotation": {
						"0.0": {
							"post": [0, 0, 0],
							"lerp_mode": "catmullrom"
						},
						"0.375": {
							"post": [0, 5, 0],
							"lerp_mode": "catmullrom"
						},
						"0.75": {
							"post": [0, 0, 0],
							"lerp_mode": "catmullrom"
						},
						"1.125": {
							"post": [0, -5, 0],
							"lerp_mode": "catmullrom"
						},
						"1.5": {
							"post": [0, 0, 0],
							"lerp_mode": "catmullrom"
						},
						"1.875": {
							"post": [0, 5, 0],
							"lerp_mode": "catmullrom"
						},
						"2.25": {
							"post": [0, 0, 0],
							"lerp_mode": "catmullrom"
						},
						"2.625": {
							"post": [0, -5, 0],
							"lerp_mode": "catmullrom"
						},
						"3.0": {
							"post": [0, 0, 0],
							"lerp_mode": "catmullrom"
						}
					},
					"position": {
						"0.0": {
							"post": [0, 0, 0],
							"lerp_mode": "catmullrom"
						},
						"0.375": {
							"post": [0.5, 0.5, 0],
							"lerp_mode": "catmullrom"
						},
						"0.75": {
							"post": [0, 0, 0],
							"lerp_mode": "catmullrom"
						},
						"1.125": {
							"post": [-0.5, 0.5, 0],
							"lerp_mode": "catmullrom"
						},
						"1.5": {
							"post": [0, 0, 0],
							"lerp_mode": "catmullrom"
						},
						"1.875": {
							"post": [0.5, 0.5, 0],
							"lerp_mode": "catmullrom"
						},
						"2.25": {
							"post": [0, 0, 0],
							"lerp_mode": "catmullrom"
						},
						"2.625": {
							"post": [-0.5, 0.5, 0],
							"lerp_mode": "catmullrom"
						},
						"3.0": {
							"post": [0, 0, 0],
							"lerp_mode": "catmullrom"
						}
					}
				},
				"left": {
					"rotation": {
						"0.0": [0, 0, 0],
						"1.4583": [0, 0, 0],
						"1.5": [180, 0, 0],
						"3.0": [180, 0, 0]
					},
					"scale": {
						"0.0": [1, 1, 1],
						"0.0833": [1.2, 1, 1],
						"0.1667": [1.2, 1.5, 1],
						"0.25": [1, 1, 1],
						"0.3333": [1.2, 1, 1],
						"0.4167": [1.2, 1.5, 1],
						"0.5": [1, 1, 1],
						"0.5833": [1.2, 1, 1],
						"0.6667": [1.2, 1.5, 1],
						"0.75": [1, 1, 1],
						"0.8333": [1.2, 1, 1],
						"0.9167": [1.2, 1.5, 1],
						"1.0": [1, 1, 1],
						"1.0833": [1.2, 1, 1],
						"1.1667": [1.2, 1.5, 1],
						"1.25": [1, 1, 1],
						"1.3333": [1.2, 1, 1],
						"1.4167": [1.2, 1.5, 1],
						"1.5": [1, 1, 1],
						"1.5833": [1.2, 1, 1],
						"1.6667": [1.2, 1.5, 1],
						"1.75": [1, 1, 1],
						"1.8333": [1.2, 1, 1],
						"1.9167": [1.2, 1.5, 1],
						"2.0": [1, 1, 1],
						"2.0833": [1.2, 1, 1],
						"2.1667": [1.2, 1.5, 1],
						"2.25": [1, 1, 1],
						"2.3333": [1.2, 1, 1],
						"2.4167": [1.2, 1.5, 1],
						"2.5": [1, 1, 1],
						"2.5833": [1.2, 1, 1],
						"2.6667": [1.2, 1.5, 1],
						"2.75": [1, 1, 1],
						"2.8333": [1.2, 1, 1],
						"2.9167": [1.2, 1.5, 1],
						"3.0": [1, 1, 1]
					}
				},
				"right": {
					"rotation": {
						"0.0": [0, 0, 0],
						"1.4583": [0, 0, 0],
						"1.5": [180, 0, 0],
						"3.0": [180, 0, 0]
					},
					"scale": {
						"0.0": [1, 1, 1],
						"0.0833": [1.2, 1, 1],
						"0.1667": [1.2, 1.5, 1],
						"0.25": [1, 1, 1],
						"0.3333": [1.2, 1, 1],
						"0.4167": [1.2, 1.5, 1],
						"0.5": [1, 1, 1],
						"0.5833": [1.2, 1, 1],
						"0.6667": [1.2, 1.5, 1],
						"0.75": [1, 1, 1],
						"0.8333": [1.2, 1, 1],
						"0.9167": [1.2, 1.5, 1],
						"1.0": [1, 1, 1],
						"1.0833": [1.2, 1, 1],
						"1.1667": [1.2, 1.5, 1],
						"1.25": [1, 1, 1],
						"1.3333": [1.2, 1, 1],
						"1.4167": [1.2, 1.5, 1],
						"1.5": [1, 1, 1],
						"1.5833": [1.2, 1, 1],
						"1.6667": [1.2, 1.5, 1],
						"1.75": [1, 1, 1],
						"1.8333": [1.2, 1, 1],
						"1.9167": [1.2, 1.5, 1],
						"2.0": [1, 1, 1],
						"2.0833": [1.2, 1, 1],
						"2.1667": [1.2, 1.5, 1],
						"2.25": [1, 1, 1],
						"2.3333": [1.2, 1, 1],
						"2.4167": [1.2, 1.5, 1],
						"2.5": [1, 1, 1],
						"2.5833": [1.2, 1, 1],
						"2.6667": [1.2, 1.5, 1],
						"2.75": [1, 1, 1],
						"2.8333": [1.2, 1, 1],
						"2.9167": [1.2, 1.5, 1],
						"3.0": [1, 1, 1]
					}
				},
				"blades": {
					"rotation": {
						"0.0": {
							"post": [0, 0, 0],
							"lerp_mode": "catmullrom"
						},
						"0.25": {
							"post": [0, 0, 180],
							"lerp_mode": "catmullrom"
						},
						"0.5": {
							"post": [0, 0, 360],
							"lerp_mode": "catmullrom"
						},
						"0.75": {
							"post": [0, 0, 540],
							"lerp_mode": "catmullrom"
						},
						"1.0": {
							"post": [0, 0, 720],
							"lerp_mode": "catmullrom"
						},
						"1.25": {
							"post": [0, 0, 900],
							"lerp_mode": "catmullrom"
						},
						"1.5": {
							"post": [0, 0, 1080],
							"lerp_mode": "catmullrom"
						},
						"1.75": {
							"post": [0, 0, 1260],
							"lerp_mode": "catmullrom"
						},
						"2.0": {
							"post": [0, 0, 1440],
							"lerp_mode": "catmullrom"
						},
						"2.25": {
							"post": [0, 0, 1620],
							"lerp_mode": "catmullrom"
						},
						"2.5": {
							"post": [0, 0, 1800],
							"lerp_mode": "catmullrom"
						},
						"2.75": {
							"post": [0, 0, 1980],
							"lerp_mode": "catmullrom"
						},
						"3.0": {
							"post": [0, 0, 2160],
							"lerp_mode": "catmullrom"
						}
					}
				}
			}
		},
		"animation.rotomfan.ground_walk": {
			"loop": true,
			"animation_length": 3,
			"bones": {
				"body": {
					"rotation": {
						"0.0": {
							"post": [0, 0, 0],
							"lerp_mode": "catmullrom"
						},
						"0.375": {
							"post": [0, 5, 0],
							"lerp_mode": "catmullrom"
						},
						"0.75": {
							"post": [0, 0, 0],
							"lerp_mode": "catmullrom"
						},
						"1.125": {
							"post": [0, -5, 0],
							"lerp_mode": "catmullrom"
						},
						"1.5": {
							"post": [0, 0, 0],
							"lerp_mode": "catmullrom"
						},
						"1.875": {
							"post": [0, 5, 0],
							"lerp_mode": "catmullrom"
						},
						"2.25": {
							"post": [0, 0, 0],
							"lerp_mode": "catmullrom"
						},
						"2.625": {
							"post": [0, -5, 0],
							"lerp_mode": "catmullrom"
						},
						"3.0": {
							"post": [0, 0, 0],
							"lerp_mode": "catmullrom"
						}
					},
					"position": {
						"0.0": {
							"post": [0, 0, 0],
							"lerp_mode": "catmullrom"
						},
						"0.375": {
							"post": [0.5, 0.5, 0],
							"lerp_mode": "catmullrom"
						},
						"0.75": {
							"post": [0, 0, 0],
							"lerp_mode": "catmullrom"
						},
						"1.125": {
							"post": [-0.5, 0.5, 0],
							"lerp_mode": "catmullrom"
						},
						"1.5": {
							"post": [0, 0, 0],
							"lerp_mode": "catmullrom"
						},
						"1.875": {
							"post": [0.5, 0.5, 0],
							"lerp_mode": "catmullrom"
						},
						"2.25": {
							"post": [0, 0, 0],
							"lerp_mode": "catmullrom"
						},
						"2.625": {
							"post": [-0.5, 0.5, 0],
							"lerp_mode": "catmullrom"
						},
						"3.0": {
							"post": [0, 0, 0],
							"lerp_mode": "catmullrom"
						}
					}
				},
				"left": {
					"rotation": {
						"0.0": [0, 0, 0],
						"1.4583": [0, 0, 0],
						"1.5": [180, 0, 0],
						"3.0": [180, 0, 0]
					},
					"scale": {
						"0.0": [1, 1, 1],
						"0.0833": [1.2, 1, 1],
						"0.1667": [1.2, 1.5, 1],
						"0.25": [1, 1, 1],
						"0.3333": [1.2, 1, 1],
						"0.4167": [1.2, 1.5, 1],
						"0.5": [1, 1, 1],
						"0.5833": [1.2, 1, 1],
						"0.6667": [1.2, 1.5, 1],
						"0.75": [1, 1, 1],
						"0.8333": [1.2, 1, 1],
						"0.9167": [1.2, 1.5, 1],
						"1.0": [1, 1, 1],
						"1.0833": [1.2, 1, 1],
						"1.1667": [1.2, 1.5, 1],
						"1.25": [1, 1, 1],
						"1.3333": [1.2, 1, 1],
						"1.4167": [1.2, 1.5, 1],
						"1.5": [1, 1, 1],
						"1.5833": [1.2, 1, 1],
						"1.6667": [1.2, 1.5, 1],
						"1.75": [1, 1, 1],
						"1.8333": [1.2, 1, 1],
						"1.9167": [1.2, 1.5, 1],
						"2.0": [1, 1, 1],
						"2.0833": [1.2, 1, 1],
						"2.1667": [1.2, 1.5, 1],
						"2.25": [1, 1, 1],
						"2.3333": [1.2, 1, 1],
						"2.4167": [1.2, 1.5, 1],
						"2.5": [1, 1, 1],
						"2.5833": [1.2, 1, 1],
						"2.6667": [1.2, 1.5, 1],
						"2.75": [1, 1, 1],
						"2.8333": [1.2, 1, 1],
						"2.9167": [1.2, 1.5, 1],
						"3.0": [1, 1, 1]
					}
				},
				"right": {
					"rotation": {
						"0.0": [0, 0, 0],
						"1.4583": [0, 0, 0],
						"1.5": [180, 0, 0],
						"3.0": [180, 0, 0]
					},
					"scale": {
						"0.0": [1, 1, 1],
						"0.0833": [1.2, 1, 1],
						"0.1667": [1.2, 1.5, 1],
						"0.25": [1, 1, 1],
						"0.3333": [1.2, 1, 1],
						"0.4167": [1.2, 1.5, 1],
						"0.5": [1, 1, 1],
						"0.5833": [1.2, 1, 1],
						"0.6667": [1.2, 1.5, 1],
						"0.75": [1, 1, 1],
						"0.8333": [1.2, 1, 1],
						"0.9167": [1.2, 1.5, 1],
						"1.0": [1, 1, 1],
						"1.0833": [1.2, 1, 1],
						"1.1667": [1.2, 1.5, 1],
						"1.25": [1, 1, 1],
						"1.3333": [1.2, 1, 1],
						"1.4167": [1.2, 1.5, 1],
						"1.5": [1, 1, 1],
						"1.5833": [1.2, 1, 1],
						"1.6667": [1.2, 1.5, 1],
						"1.75": [1, 1, 1],
						"1.8333": [1.2, 1, 1],
						"1.9167": [1.2, 1.5, 1],
						"2.0": [1, 1, 1],
						"2.0833": [1.2, 1, 1],
						"2.1667": [1.2, 1.5, 1],
						"2.25": [1, 1, 1],
						"2.3333": [1.2, 1, 1],
						"2.4167": [1.2, 1.5, 1],
						"2.5": [1, 1, 1],
						"2.5833": [1.2, 1, 1],
						"2.6667": [1.2, 1.5, 1],
						"2.75": [1, 1, 1],
						"2.8333": [1.2, 1, 1],
						"2.9167": [1.2, 1.5, 1],
						"3.0": [1, 1, 1]
					}
				},
				"blades": {
					"rotation": {
						"0.0": {
							"post": [0, 0, 0],
							"lerp_mode": "catmullrom"
						},
						"0.25": {
							"post": [0, 0, 180],
							"lerp_mode": "catmullrom"
						},
						"0.5": {
							"post": [0, 0, 360],
							"lerp_mode": "catmullrom"
						},
						"0.75": {
							"post": [0, 0, 540],
							"lerp_mode": "catmullrom"
						},
						"1.0": {
							"post": [0, 0, 720],
							"lerp_mode": "catmullrom"
						},
						"1.25": {
							"post": [0, 0, 900],
							"lerp_mode": "catmullrom"
						},
						"1.5": {
							"post": [0, 0, 1080],
							"lerp_mode": "catmullrom"
						},
						"1.75": {
							"post": [0, 0, 1260],
							"lerp_mode": "catmullrom"
						},
						"2.0": {
							"post": [0, 0, 1440],
							"lerp_mode": "catmullrom"
						},
						"2.25": {
							"post": [0, 0, 1620],
							"lerp_mode": "catmullrom"
						},
						"2.5": {
							"post": [0, 0, 1800],
							"lerp_mode": "catmullrom"
						},
						"2.75": {
							"post": [0, 0, 1980],
							"lerp_mode": "catmullrom"
						},
						"3.0": {
							"post": [0, 0, 2160],
							"lerp_mode": "catmullrom"
						}
					}
				}
			}
		},
		"animation.rotomfan.faint": {
			"loop": true,
			"animation_length": 3,
			"bones": {
				"body": {
					"rotation": {
						"0.0": {
							"post": [0, 0, 0],
							"lerp_mode": "catmullrom"
						},
						"0.375": {
							"post": [0, 5, 0],
							"lerp_mode": "catmullrom"
						},
						"0.75": {
							"post": [0, 0, 0],
							"lerp_mode": "catmullrom"
						},
						"1.125": {
							"post": [0, -5, 0],
							"lerp_mode": "catmullrom"
						},
						"1.5": {
							"post": [0, 0, 0],
							"lerp_mode": "catmullrom"
						},
						"1.875": {
							"post": [0, 5, 0],
							"lerp_mode": "catmullrom"
						},
						"2.25": {
							"post": [0, 0, 0],
							"lerp_mode": "catmullrom"
						},
						"2.625": {
							"post": [0, -5, 0],
							"lerp_mode": "catmullrom"
						},
						"3.0": {
							"post": [0, 0, 0],
							"lerp_mode": "catmullrom"
						}
					},
					"position": {
						"0.0": {
							"post": [0, 0, 0],
							"lerp_mode": "catmullrom"
						},
						"0.375": {
							"post": [0.5, 0.5, 0],
							"lerp_mode": "catmullrom"
						},
						"0.75": {
							"post": [0, 0, 0],
							"lerp_mode": "catmullrom"
						},
						"1.125": {
							"post": [-0.5, 0.5, 0],
							"lerp_mode": "catmullrom"
						},
						"1.5": {
							"post": [0, 0, 0],
							"lerp_mode": "catmullrom"
						},
						"1.875": {
							"post": [0.5, 0.5, 0],
							"lerp_mode": "catmullrom"
						},
						"2.25": {
							"post": [0, 0, 0],
							"lerp_mode": "catmullrom"
						},
						"2.625": {
							"post": [-0.5, 0.5, 0],
							"lerp_mode": "catmullrom"
						},
						"3.0": {
							"post": [0, 0, 0],
							"lerp_mode": "catmullrom"
						}
					}
				},
				"left": {
					"rotation": {
						"0.0": [0, 0, 0],
						"1.4583": [0, 0, 0],
						"1.5": [180, 0, 0],
						"3.0": [180, 0, 0]
					},
					"scale": {
						"0.0": [1, 1, 1],
						"0.0833": [1.2, 1, 1],
						"0.1667": [1.2, 1.5, 1],
						"0.25": [1, 1, 1],
						"0.3333": [1.2, 1, 1],
						"0.4167": [1.2, 1.5, 1],
						"0.5": [1, 1, 1],
						"0.5833": [1.2, 1, 1],
						"0.6667": [1.2, 1.5, 1],
						"0.75": [1, 1, 1],
						"0.8333": [1.2, 1, 1],
						"0.9167": [1.2, 1.5, 1],
						"1.0": [1, 1, 1],
						"1.0833": [1.2, 1, 1],
						"1.1667": [1.2, 1.5, 1],
						"1.25": [1, 1, 1],
						"1.3333": [1.2, 1, 1],
						"1.4167": [1.2, 1.5, 1],
						"1.5": [1, 1, 1],
						"1.5833": [1.2, 1, 1],
						"1.6667": [1.2, 1.5, 1],
						"1.75": [1, 1, 1],
						"1.8333": [1.2, 1, 1],
						"1.9167": [1.2, 1.5, 1],
						"2.0": [1, 1, 1],
						"2.0833": [1.2, 1, 1],
						"2.1667": [1.2, 1.5, 1],
						"2.25": [1, 1, 1],
						"2.3333": [1.2, 1, 1],
						"2.4167": [1.2, 1.5, 1],
						"2.5": [1, 1, 1],
						"2.5833": [1.2, 1, 1],
						"2.6667": [1.2, 1.5, 1],
						"2.75": [1, 1, 1],
						"2.8333": [1.2, 1, 1],
						"2.9167": [1.2, 1.5, 1],
						"3.0": [1, 1, 1]
					}
				},
				"right": {
					"rotation": {
						"0.0": [0, 0, 0],
						"1.4583": [0, 0, 0],
						"1.5": [180, 0, 0],
						"3.0": [180, 0, 0]
					},
					"scale": {
						"0.0": [1, 1, 1],
						"0.0833": [1.2, 1, 1],
						"0.1667": [1.2, 1.5, 1],
						"0.25": [1, 1, 1],
						"0.3333": [1.2, 1, 1],
						"0.4167": [1.2, 1.5, 1],
						"0.5": [1, 1, 1],
						"0.5833": [1.2, 1, 1],
						"0.6667": [1.2, 1.5, 1],
						"0.75": [1, 1, 1],
						"0.8333": [1.2, 1, 1],
						"0.9167": [1.2, 1.5, 1],
						"1.0": [1, 1, 1],
						"1.0833": [1.2, 1, 1],
						"1.1667": [1.2, 1.5, 1],
						"1.25": [1, 1, 1],
						"1.3333": [1.2, 1, 1],
						"1.4167": [1.2, 1.5, 1],
						"1.5": [1, 1, 1],
						"1.5833": [1.2, 1, 1],
						"1.6667": [1.2, 1.5, 1],
						"1.75": [1, 1, 1],
						"1.8333": [1.2, 1, 1],
						"1.9167": [1.2, 1.5, 1],
						"2.0": [1, 1, 1],
						"2.0833": [1.2, 1, 1],
						"2.1667": [1.2, 1.5, 1],
						"2.25": [1, 1, 1],
						"2.3333": [1.2, 1, 1],
						"2.4167": [1.2, 1.5, 1],
						"2.5": [1, 1, 1],
						"2.5833": [1.2, 1, 1],
						"2.6667": [1.2, 1.5, 1],
						"2.75": [1, 1, 1],
						"2.8333": [1.2, 1, 1],
						"2.9167": [1.2, 1.5, 1],
						"3.0": [1, 1, 1]
					}
				},
				"blades": {
					"rotation": {
						"0.0": {
							"post": [0, 0, 0],
							"lerp_mode": "catmullrom"
						},
						"0.25": {
							"post": [0, 0, 180],
							"lerp_mode": "catmullrom"
						},
						"0.5": {
							"post": [0, 0, 360],
							"lerp_mode": "catmullrom"
						},
						"0.75": {
							"post": [0, 0, 540],
							"lerp_mode": "catmullrom"
						},
						"1.0": {
							"post": [0, 0, 720],
							"lerp_mode": "catmullrom"
						},
						"1.25": {
							"post": [0, 0, 900],
							"lerp_mode": "catmullrom"
						},
						"1.5": {
							"post": [0, 0, 1080],
							"lerp_mode": "catmullrom"
						},
						"1.75": {
							"post": [0, 0, 1260],
							"lerp_mode": "catmullrom"
						},
						"2.0": {
							"post": [0, 0, 1440],
							"lerp_mode": "catmullrom"
						},
						"2.25": {
							"post": [0, 0, 1620],
							"lerp_mode": "catmullrom"
						},
						"2.5": {
							"post": [0, 0, 1800],
							"lerp_mode": "catmullrom"
						},
						"2.75": {
							"post": [0, 0, 1980],
							"lerp_mode": "catmullrom"
						},
						"3.0": {
							"post": [0, 0, 2160],
							"lerp_mode": "catmullrom"
						}
					}
				}
			}
		}
	}
}