{
	"format_version": "1.12.0",
	"minecraft:geometry": [
		{
			"description": {
				"identifier": "geometry.bonnie",
				"texture_width": 350,
				"texture_height": 350,
				"visible_bounds_width": 11,
				"visible_bounds_height": 12,
				"visible_bounds_offset": [0, 5, 0]
			},
			"bones": [
				{
					"name": "bonnie",
					"pivot": [0, 0, 0]
				},
				{
					"name": "body",
					"parent": "bonnie",
					"pivot": [0, 0, 0]
				},
				{
					"name": "torso",
					"parent": "body",
					"pivot": [0, 54, 4]
				},
				{
					"name": "head",
					"parent": "torso",
					"pivot": [0, 106.08108, 5.40726],
					"cubes": [
						{"origin": [-3, 104, 3.75], "size": [6, 2, 2], "uv": [187, 0]},
						{"origin": [-4, 106, 2.75], "size": [8, 3, 4], "uv": [246, 30]},
						{"origin": [-13, 106, -5.25], "size": [26, 21, 21], "uv": [54, 43]},
						{"origin": [-16, 106, -5.25], "size": [3, 10, 11], "uv": [36, 75]},
						{"origin": [13, 106, -5.25], "size": [3, 10, 11], "uv": [138, 75]},
						{"origin": [-10, 104.75, -10.25], "size": [20, 7, 5], "uv": [76, 94]},
						{"origin": [-3, 108.75, -11.25], "size": [6, 4, 3], "uv": [92, 86]}
					]
				},
				{
					"name": "ears",
					"parent": "head",
					"pivot": [0, 0, 0]
				},
				{
					"name": "right_ear",
					"parent": "ears",
					"pivot": [-6.5, 127, 3.25],
					"cubes": [
						{"origin": [-9, 127, 3.25], "size": [5, 22, 0], "uv": [265, 120]},
						{"origin": [-11, 129, 1.75], "size": [9, 20, 3], "uv": [68, 19]}
					]
				},
				{
					"name": "bone",
					"parent": "right_ear",
					"pivot": [-6.5, 149, 3.25],
					"cubes": [
						{"origin": [-9, 149, 3.25], "size": [5, 16, 0], "uv": [265, 103]},
						{"origin": [-11, 151.5, 1.75], "size": [9, 15, 3], "uv": [68, 0]}
					]
				},
				{
					"name": "left_ear",
					"parent": "ears",
					"pivot": [6.5, 127, 3.25],
					"cubes": [
						{"origin": [4, 127, 3.25], "size": [5, 22, 0], "uv": [277, 120]},
						{"origin": [2, 129, 1.75], "size": [9, 20, 3], "uv": [110, 19]}
					]
				},
				{
					"name": "bone6",
					"parent": "left_ear",
					"pivot": [6.5, 149, 3.25],
					"cubes": [
						{"origin": [4, 149, 3.25], "size": [5, 16, 0], "uv": [277, 103]},
						{"origin": [2, 151.5, 1.75], "size": [9, 15, 3], "uv": [110, 0]}
					]
				},
				{
					"name": "jaw",
					"parent": "head",
					"pivot": [0, 105.9, 8.75],
					"cubes": [
						{"origin": [-14, 98.9, -7.25], "size": [28, 7, 16], "uv": [57, 107]}
					]
				},
				{
					"name": "eyes",
					"parent": "head",
					"pivot": [0, 10, 5.75]
				},
				{
					"name": "right_eye",
					"parent": "eyes",
					"pivot": [0, 9, 1],
					"cubes": [
						{"origin": [-10, 112, -4.25], "size": [7, 7, 6], "uv": [317, 101]},
						{"origin": [-7.5, 114.25, -4.35], "size": [2, 2, 0], "uv": [316, 103]}
					]
				},
				{
					"name": "left_eye",
					"parent": "eyes",
					"pivot": [0, 9, 1],
					"cubes": [
						{"origin": [3, 112, -4.25], "size": [7, 7, 6], "uv": [289, 101]},
						{"origin": [5.5, 114.25, -4.35], "size": [2, 2, 0], "uv": [312, 103]}
					]
				},
				{
					"name": "upper_endoskeleton",
					"parent": "torso",
					"pivot": [0, 0, 0],
					"cubes": [
						{"origin": [-13, 84, -5.25], "size": [26, 12, 20], "uv": [53, 141]},
						{"origin": [-15, 54, -5.25], "size": [30, 30, 20], "uv": [52, 174]},
						{"origin": [-3, 56, 2.75], "size": [6, 34, 4], "uv": [185, 19]},
						{"origin": [-3, 94, 4.75], "size": [6, 13, 0], "uv": [189, 5]},
						{"origin": [-17, 90, 2.75], "size": [34, 4, 4], "uv": [172, 134]},
						{"origin": [-9, 56, 4.75], "size": [6, 11, 0], "uv": [172, 46]},
						{"origin": [-5, 67, 4.75], "size": [2, 6, 0], "uv": [242, 3]},
						{"origin": [-12, 77, 4.75], "size": [3, 14, 0], "pivot": [-11, 90, 4.75], "rotation": [0, 0, -45], "uv": [207, 17]},
						{"origin": [-8.975, 94, 4.75], "size": [3, 14, 0], "pivot": [-8.975, 94, 4.75], "rotation": [0, 0, 26.5], "uv": [177, 2]},
						{"origin": [5.975, 94, 4.75], "size": [3, 14, 0], "pivot": [8.975, 94, 4.75], "rotation": [0, 0, -26.5], "uv": [207, 2]},
						{"origin": [3, 56, 4.75], "size": [6, 11, 0], "uv": [206, 46]},
						{"origin": [3, 67, 4.75], "size": [2, 6, 0], "uv": [229, 3]},
						{"origin": [9, 77, 4.75], "size": [3, 14, 0], "pivot": [11, 90, 4.75], "rotation": [0, 0, 45], "uv": [177, 17]},
						{"origin": [-15, 47, -3.25], "size": [30, 7, 16], "uv": [55, 225]}
					]
				},
				{
					"name": "bowtie",
					"parent": "upper_endoskeleton",
					"pivot": [0, 0, 0],
					"cubes": [
						{"origin": [-8, 88, -7.25], "size": [6, 6, 0], "uv": [109, 134]},
						{"origin": [-2, 89, -8.25], "size": [4, 4, 3], "uv": [94, 132]},
						{"origin": [2, 88, -7.25], "size": [6, 6, 0], "uv": [81, 134]}
					]
				},
				{
					"name": "arms",
					"parent": "torso",
					"pivot": [0, 92, 0]
				},
				{
					"name": "left_arm",
					"parent": "arms",
					"pivot": [13, 94, 4.75],
					"cubes": [
						{"origin": [17, 89, 1.75], "size": [4, 6, 6], "uv": [288, 117]},
						{"origin": [15, 87, -0.25], "size": [8, 10, 10], "uv": [155, 228]},
						{"origin": [21, 90, 2.75], "size": [18, 4, 4], "uv": [172, 125]},
						{"origin": [25, 86, -0.25], "size": [15, 12, 10], "uv": [154, 205]}
					]
				},
				{
					"name": "left_arm2",
					"parent": "left_arm",
					"pivot": [37.98333, 94, 4.75],
					"cubes": [
						{"origin": [42, 87, -0.25], "size": [13, 10, 10], "uv": [154, 184]},
						{"origin": [38, 89, 1.75], "size": [6, 6, 6], "uv": [309, 117]},
						{"origin": [44, 90, 2.75], "size": [12, 4, 4], "uv": [172, 116]}
					]
				},
				{
					"name": "left_hand",
					"parent": "left_arm2",
					"pivot": [55.91667, 94.09167, 4.75],
					"cubes": [
						{"origin": [56, 90, -0.25], "size": [10, 4, 10], "uv": [217, 109]},
						{"origin": [56, 87, -1.25], "size": [11, 9, 12], "uv": [154, 162]},
						{"origin": [67, 91, -1.25], "size": [7, 5, 4], "pivot": [67, 96, 2.75], "rotation": [1.91757, 4.61854, 22.57734], "uv": [193, 239]},
						{"origin": [60, 89, -3.25], "size": [7, 5, 4], "pivot": [60, 91.5, 0.75], "rotation": [8.58445, 59.62449, 9.92499], "uv": [193, 229]},
						{"origin": [67, 91, 6.75], "size": [7, 5, 4], "pivot": [67, 96, 6.75], "rotation": [-2.26708, -7.15102, 17.64168], "uv": [170, 250]},
						{"origin": [67, 91, 2.75], "size": [7, 5, 4], "pivot": [67, 96, 4.75], "rotation": [0, 0, 15], "uv": [193, 249]}
					]
				},
				{
					"name": "right_arm",
					"parent": "arms",
					"pivot": [-13, 94, 4.75],
					"cubes": [
						{"origin": [-21, 89, 1.75], "size": [4, 6, 6], "uv": [288, 130]},
						{"origin": [-23, 87, -0.25], "size": [8, 10, 10], "uv": [15, 228]},
						{"origin": [-39, 90, 2.75], "size": [18, 4, 4], "uv": [217, 125]},
						{"origin": [-40, 86, -0.25], "size": [15, 12, 10], "uv": [0, 205]}
					]
				},
				{
					"name": "right_arm2",
					"parent": "right_arm",
					"pivot": [-37.98333, 94, 4.75],
					"cubes": [
						{"origin": [-55, 87, -0.25], "size": [13, 10, 10], "uv": [4, 184]},
						{"origin": [-44, 89, 1.75], "size": [6, 6, 6], "uv": [309, 130]}
					]
				},
				{
					"name": "right_hand",
					"parent": "right_arm2",
					"pivot": [-55.91667, 94.09167, 4.75],
					"cubes": [
						{"origin": [-66, 90, -0.25], "size": [10, 4, 10], "uv": [172, 99]},
						{"origin": [-67, 87, -1.25], "size": [11, 9, 12], "uv": [4, 162]},
						{"origin": [-56, 90, 2.75], "size": [1, 4, 4], "uv": [205, 115]}
					]
				},
				{
					"name": "guitar",
					"parent": "right_hand",
					"pivot": [0, 0, 0],
					"cubes": [
						{"origin": [-63, 89, -13.25], "size": [3, 5, 38], "uv": [261, 56]},
						{"origin": [-63, 81.5, 24.75], "size": [3, 20, 16], "uv": [221, 42]},
						{"origin": [-63, 78.5, 40.75], "size": [3, 26, 16], "uv": [259, 50]},
						{"origin": [-63, 77.5, 56.75], "size": [3, 9, 5], "uv": [252, 42]},
						{"origin": [-63, 96.5, 56.75], "size": [3, 9, 5], "uv": [252, 42]},
						{"origin": [-63, 87, -25.25], "size": [3, 9, 12], "uv": [308, 70]},
						{"origin": [-61.5, 85, -15.25], "size": [0, 13, 2], "uv": [286, 47]},
						{"origin": [-61.5, 85, -18.5], "size": [0, 13, 2], "uv": [286, 47]},
						{"origin": [-61.5, 85, -22], "size": [0, 13, 2], "uv": [286, 47]},
						{"origin": [-61.5, 85, -25.25], "size": [0, 13, 2], "uv": [286, 47]}
					]
				},
				{
					"name": "lower_endoskeleton",
					"parent": "body",
					"pivot": [0, 54, 4.75],
					"cubes": [
						{"origin": [-10, 51, 2.75], "size": [20, 5, 4], "uv": [172, 58]}
					]
				},
				{
					"name": "right_leg",
					"parent": "lower_endoskeleton",
					"pivot": [-6, 51, 2.75],
					"cubes": [
						{"origin": [-12, 27, 2.75], "size": [6, 24, 4], "uv": [192, 70]},
						{"origin": [-15, 27, -0.25], "size": [12, 20, 13], "uv": [50, 316]}
					]
				},
				{
					"name": "right_leg2",
					"parent": "right_leg",
					"pivot": [-9, 22, 3.74167],
					"cubes": [
						{"origin": [-12, 4, 3.75], "size": [6, 23, 4], "uv": [236, 80]},
						{"origin": [-15, 5, -0.25], "size": [12, 19, 12], "uv": [52, 283]},
						{"origin": [-13, 24, -2.25], "size": [8, 5, 5], "uv": [35, 317]}
					]
				},
				{
					"name": "right_feet",
					"parent": "right_leg2",
					"pivot": [-9, 4, 3.76019],
					"cubes": [
						{"origin": [-13, 1, -1.25], "size": [8, 3, 10], "inflate": -0.01, "uv": [208, 28]},
						{"origin": [-15, 0, -2.25], "size": [12, 4, 14], "uv": [102, 263]},
						{"origin": [-11.5, 0, -9.25], "size": [5, 4, 7], "uv": [53, 250]},
						{"origin": [-7, 0, -9.25], "size": [4, 4, 7], "pivot": [-7, 4, -2.25], "rotation": [0, -10, 0], "uv": [78, 250]},
						{"origin": [-15, 0, -9.25], "size": [4, 4, 7], "pivot": [-11, 4, -2.25], "rotation": [0, 10, 0], "uv": [143, 255]}
					]
				},
				{
					"name": "left_leg",
					"parent": "lower_endoskeleton",
					"pivot": [6, 51, 2.75],
					"cubes": [
						{"origin": [6, 27, 2.75], "size": [6, 24, 4], "uv": [172, 70]},
						{"origin": [3, 27, -0.25], "size": [12, 20, 13], "uv": [102, 316]}
					]
				},
				{
					"name": "left_leg2",
					"parent": "left_leg",
					"pivot": [9, 22, 3.74167],
					"cubes": [
						{"origin": [6, 4, 3.75], "size": [6, 23, 4], "uv": [214, 80]},
						{"origin": [3, 5, -0.25], "size": [12, 19, 12], "uv": [102, 283]},
						{"origin": [5, 24, -2.25], "size": [8, 5, 5], "uv": [141, 317]}
					]
				},
				{
					"name": "left_feet",
					"parent": "left_leg2",
					"pivot": [9, 4, 3.76019],
					"cubes": [
						{"origin": [5, 1, -1.25], "size": [8, 3, 10], "inflate": -0.01, "uv": [218, 13]},
						{"origin": [3, 0, -2.25], "size": [12, 4, 14], "uv": [48, 263]},
						{"origin": [6.5, 0, -9.25], "size": [5, 4, 7], "uv": [125, 250]},
						{"origin": [4, 0, -9.25], "size": [4, 4, 7], "pivot": [7, 4, 3.75], "rotation": [0, 10, 0], "uv": [102, 250]},
						{"origin": [11, 0, -9.25], "size": [4, 4, 7], "pivot": [11, 4, -2.25], "rotation": [0, -10, 0], "uv": [37, 255]}
					]
				}
			]
		}
	]
}