{
	"format_version": "1.12.0",
	"minecraft:geometry": [
		{
			"description": {
				"identifier": "geometry.armoredmewtwo",
				"texture_width": 175,
				"texture_height": 95,
				"visible_bounds_width": 5,
				"visible_bounds_height": 5,
				"visible_bounds_offset": [0, 1.5, 0]
			},
			"bones": [
				{
					"name": "armoredmewtwo",
					"pivot": [0, 0, 0]
				},
				{
					"name": "body",
					"parent": "armoredmewtwo",
					"pivot": [0, 13.75, -1],
					"cubes": [
						{"origin": [-3.5, 5.75, -3.5], "size": [7, 8, 5], "uv": [52, 46]},
						{"origin": [-2, 7.75, -4.5], "size": [4, 6, 1], "pivot": [0, 13.75, -3.5], "rotation": [-5, 0, 0], "uv": [128, 66]},
						{"origin": [-4, 12, -4.6], "size": [8, 1, 7], "inflate": -0.2, "uv": [118, 55]},
						{"origin": [-1, 10.75, -5], "size": [2, 2, 1], "pivot": [0, 13.75, -3.5], "rotation": [-5, 0, 0], "uv": [130, 63]},
						{"origin": [-1, 4.75, -4.5], "size": [2, 3, 1], "pivot": [0, 13.75, -3.5], "rotation": [-5, 0, 0], "uv": [130, 73]},
						{"origin": [-2.5, 13.75, -3], "size": [5, 6, 4], "inflate": -0.001, "uv": [55, 36]},
						{"origin": [-1.5, 15.25, -4.5], "size": [3, 5, 2], "uv": [128, 40]},
						{"origin": [-1.5, 15.25, 0.5], "size": [3, 5, 2], "uv": [128, 47]},
						{"origin": [-3.5, 14.75, -4], "size": [2, 5, 6], "uv": [138, 41]},
						{"origin": [1.5, 14.75, -4], "size": [2, 5, 6], "uv": [112, 41]},
						{"origin": [2, 17.75, 2], "size": [1, 2, 6], "pivot": [2, 17.75, 2], "rotation": [32.00206, 19.3546, 11.70092], "uv": [148, 39]},
						{"origin": [-3, 17.75, 2], "size": [1, 2, 6], "pivot": [-2, 17.75, 2], "rotation": [32.00206, -19.3546, -11.70092], "uv": [104, 39]}
					]
				},
				{
					"name": "leftleg",
					"parent": "body",
					"pivot": [3.5, 10, -1.75],
					"cubes": [
						{"origin": [2, 5, -4.25], "size": [3, 7, 5], "uv": [65, 59]}
					]
				},
				{
					"name": "leftknee",
					"parent": "leftleg",
					"pivot": [3.5, 5, -0.75],
					"cubes": [
						{"origin": [2.5, 0.5, -1.75], "size": [2, 5, 2], "uv": [69, 71]},
						{"origin": [2, 1.75, -2.25], "size": [3, 3, 3], "uv": [139, 75]},
						{"origin": [2.5, 1.75, -4.25], "size": [2, 1, 5], "pivot": [3.5, 1.75, 0.75], "rotation": [10, 0, 0], "uv": [138, 81]}
					]
				},
				{
					"name": "leftfoot",
					"parent": "leftknee",
					"pivot": [3.5, 1, -0.75],
					"cubes": [
						{"origin": [2.5, 0, -4.75], "size": [2, 1, 5], "inflate": 0.01, "uv": [66, 78]},
						{"origin": [4, -0.25, -6.25], "size": [1, 1, 2], "pivot": [4, 0.25, -4.25], "rotation": [0, -5, 0], "uv": [76, 84]},
						{"origin": [2, -0.25, -6.25], "size": [1, 1, 2], "pivot": [3, 0.25, -4.25], "rotation": [0, 5, 0], "uv": [64, 84]},
						{"origin": [3, -0.25, -6.25], "size": [1, 1, 2], "uv": [70, 84]}
					]
				},
				{
					"name": "rightleg",
					"parent": "body",
					"pivot": [-3.5, 10, -1.75],
					"cubes": [
						{"origin": [-5, 5, -4.25], "size": [3, 7, 5], "uv": [47, 59]}
					]
				},
				{
					"name": "rightknee",
					"parent": "rightleg",
					"pivot": [-3.5, 5, -0.75],
					"cubes": [
						{"origin": [-4.5, 0.5, -1.75], "size": [2, 5, 2], "uv": [51, 71]},
						{"origin": [-5, 1.75, -2.25], "size": [3, 3, 3], "uv": [115, 75]},
						{"origin": [-4.5, 1.75, -4.25], "size": [2, 1, 5], "pivot": [-3.5, 1.75, 0.75], "rotation": [10, 0, 0], "uv": [114, 81]}
					]
				},
				{
					"name": "rightfoot",
					"parent": "rightknee",
					"pivot": [-3.5, 1, -0.75],
					"cubes": [
						{"origin": [-4.5, 0, -4.75], "size": [2, 1, 5], "inflate": 0.01, "uv": [48, 78]},
						{"origin": [-5, -0.25, -6.25], "size": [1, 1, 2], "pivot": [-4, 0.25, -4.25], "rotation": [0, 5, 0], "uv": [46, 84]},
						{"origin": [-4, -0.25, -6.25], "size": [1, 1, 2], "uv": [52, 84]},
						{"origin": [-3, -0.25, -6.25], "size": [1, 1, 2], "pivot": [-3, 0.25, -4.25], "rotation": [0, -5, 0], "uv": [58, 84]}
					]
				},
				{
					"name": "tail",
					"parent": "body",
					"pivot": [0, 5.75, -1.25],
					"cubes": [
						{"origin": [-2.5, 5.25, -2.5], "size": [5, 4, 7], "inflate": 0.01, "uv": [6, 35]}
					]
				},
				{
					"name": "tail2",
					"parent": "tail",
					"pivot": [0, 5.25, 4.5],
					"cubes": [
						{"origin": [-1.5, 5.25, 4], "size": [3, 4, 5], "uv": [10, 46]}
					]
				},
				{
					"name": "tail3",
					"parent": "tail2",
					"pivot": [0, 5.75, 9],
					"cubes": [
						{"origin": [-1, 5.75, 8.5], "size": [2, 3, 5], "inflate": 0.02, "uv": [11, 55]}
					]
				},
				{
					"name": "tail4",
					"parent": "tail3",
					"pivot": [0, 5.75, 13.5],
					"cubes": [
						{"origin": [-1, 5.75, 13], "size": [2, 3, 5], "inflate": 0.01, "uv": [11, 63]}
					]
				},
				{
					"name": "tail5",
					"parent": "tail4",
					"pivot": [0, 6.25, 18],
					"cubes": [
						{"origin": [-1, 6.25, 17.5], "size": [2, 2, 5], "uv": [11, 71]}
					]
				},
				{
					"name": "tail6",
					"parent": "tail5",
					"pivot": [0, 6.25, 22.5],
					"cubes": [
						{"origin": [-1, 5.75, 22], "size": [2, 3, 6], "inflate": 0.01, "uv": [10, 78]}
					]
				},
				{
					"name": "neck",
					"parent": "body",
					"pivot": [0, 20, -1],
					"cubes": [
						{"origin": [-1, 19.75, -2], "size": [2, 3, 2], "uv": [60, 31]}
					]
				},
				{
					"name": "head",
					"parent": "neck",
					"pivot": [0, 21.75, -1],
					"cubes": [
						{"origin": [-2.5, 21.75, -3.5], "size": [5, 4, 5], "uv": [54, 16]},
						{"origin": [-1.5, 25, -3.25], "size": [3, 1, 5], "uv": [56, 8]},
						{"origin": [-3, 22, -1.25], "size": [6, 3, 3], "uv": [55, 25]},
						{"origin": [-1.5, 25, -3.5], "size": [3, 1, 1], "inflate": -0.001, "uv": [60, 14]},
						{"origin": [2.31931, 25.91478, -2.55089], "size": [0, 4, 5], "pivot": [0, 25.72727, -0.25381], "rotation": [-7.42993, 6.25707, 9.27023], "uv": [67, 4]},
						{"origin": [-2.31931, 25.91478, -2.55089], "size": [0, 4, 5], "pivot": [0, 25.72727, -0.25381], "rotation": [-7.42993, -6.25707, -9.27023], "uv": [51, 4]}
					]
				},
				{
					"name": "helmet",
					"parent": "head",
					"pivot": [-0.01429, 25.65725, -2.4701],
					"rotation": [10, 0, 0],
					"cubes": [
						{"origin": [-2.35, 21.25, -5.975], "size": [4, 5, 4], "pivot": [0, 24.25, -4.325], "rotation": [0, 45, 0], "uv": [125, 7]},
						{"origin": [-2.425, 22.75, -6], "size": [4.1, 2, 4.1], "pivot": [0, 24.25, -4.325], "rotation": [0, 45, 0], "uv": [125, 28]},
						{"origin": [-1.85, 22.75, -5.475], "size": [3, 4, 3], "pivot": [0, 24.25, -4.325], "rotation": [0, 45, 0], "uv": [127, 21]},
						{"origin": [-1.1, 26.5, -3.725], "size": [2, 4, 1], "inflate": -0.1, "pivot": [-0.1, 26.75, -3.625], "rotation": [-70.25, 0, 0], "uv": [130, 16]},
						{"origin": [-2.575, 21.25, -3.75], "size": [1, 5, 5], "inflate": -0.001, "pivot": [-2.82824, 24.25, -4.75555], "rotation": [0, -12.5, 0], "uv": [113, 6]},
						{"origin": [-2.9, 22.75, -3.75], "size": [0, 2, 3], "inflate": -0.001, "pivot": [-2.82824, 24.25, -3.75555], "rotation": [0, -12.5, 0], "uv": [124, 32]},
						{"origin": [2.9, 22.75, -3.75], "size": [0, 2, 3], "inflate": -0.001, "pivot": [2.82824, 24.25, -3.75555], "rotation": [0, 12.5, 0], "uv": [136, 32], "mirror": true},
						{"origin": [-3.4593, 26.25, -0.68803], "size": [1, 5, 2], "inflate": -0.001, "pivot": [-2.98745, 26.25, -0.68732], "rotation": [-40.99859, -17.49844, -5.79119], "uv": [121, 21]},
						{"origin": [2.4593, 26.25, -0.68803], "size": [1, 5, 2], "inflate": -0.001, "pivot": [2.98745, 26.25, -0.68732], "rotation": [-40.99859, 17.49844, 5.79119], "uv": [139, 21]},
						{"origin": [1.575, 21.25, -3.75], "size": [1, 5, 5], "inflate": -0.001, "pivot": [2.82824, 24.25, -4.75555], "rotation": [0, 12.5, 0], "uv": [141, 6]}
					]
				},
				{
					"name": "righteye",
					"parent": "head",
					"pivot": [-2.55, 24, -2.25],
					"cubes": [
						{"origin": [-2.55, 23, -3.25], "size": [0, 2, 2], "pivot": [-2.55, 24, -2.25], "rotation": [5, 0, 0], "uv": [55, 17]}
					]
				},
				{
					"name": "lefteye",
					"parent": "head",
					"pivot": [2.55, 24, -2.25],
					"cubes": [
						{"origin": [2.55, 23, -3.25], "size": [0, 2, 2], "pivot": [2.55, 24, -2.25], "rotation": [5, 0, 0], "uv": [69, 17]}
					]
				},
				{
					"name": "lefteyelid",
					"parent": "head",
					"pivot": [1.8, 24, -2.25],
					"cubes": [
						{"origin": [1.3, 23, -3.25], "size": [1, 2, 2], "pivot": [2.3, 24, 0.75], "rotation": [5, 0, 0], "uv": [69, 15]}
					]
				},
				{
					"name": "righteyelid",
					"parent": "head",
					"pivot": [-1.8, 24, -2.25],
					"cubes": [
						{"origin": [-2.3, 23, -3.25], "size": [1, 2, 2], "pivot": [-2.3, 24, 0.75], "rotation": [5, 0, 0], "uv": [53, 15]}
					]
				},
				{
					"name": "cord",
					"parent": "head",
					"pivot": [0, 23.25, 1],
					"cubes": [
						{"origin": [0, 17.75, 0.5], "size": [0, 6, 3], "uv": [130, 31]}
					]
				},
				{
					"name": "leftarm",
					"parent": "body",
					"pivot": [2.5, 19.25, -1],
					"cubes": [
						{"origin": [2.5, 17.75, -2], "size": [5, 2, 2], "inflate": -0.001, "uv": [81, 40]},
						{"origin": [4.25, 16.975, -2.5], "size": [1, 3, 3], "inflate": -0.1, "uv": [154, 57]},
						{"origin": [3, 19.75, -2.5], "size": [4, 1, 3], "inflate": -0.001, "uv": [151, 53]}
					]
				},
				{
					"name": "leftforearm",
					"parent": "leftarm",
					"pivot": [7.5, 19.75, 0],
					"cubes": [
						{"origin": [7.5, 17.75, -2.5], "size": [5, 2, 3], "uv": [80, 44]},
						{"origin": [11.5, 17, -3], "size": [1, 3, 4], "inflate": -0.2, "uv": [103, 69]},
						{"origin": [9.5, 19.75, -3], "size": [5, 1, 4], "uv": [99, 64]}
					]
				},
				{
					"name": "lefthand",
					"parent": "leftforearm",
					"pivot": [12.5, 18.75, -1],
					"cubes": [
						{"origin": [12.5, 17.75, -2.5], "size": [2, 2, 3], "inflate": 0.02, "uv": [83, 49]}
					]
				},
				{
					"name": "finger4",
					"parent": "lefthand",
					"pivot": [14.25, 19, -1],
					"cubes": [
						{"origin": [14.25, 18.5, -1.5], "size": [3, 1, 1], "uv": [84, 54]}
					]
				},
				{
					"name": "finger5",
					"parent": "lefthand",
					"pivot": [14, 18.75, 0.25],
					"cubes": [
						{"origin": [14, 18.25, -0.25], "size": [3, 1, 1], "uv": [92, 54]}
					]
				},
				{
					"name": "finger6",
					"parent": "lefthand",
					"pivot": [14, 18.75, -2.25],
					"cubes": [
						{"origin": [14, 18.25, -2.75], "size": [3, 1, 1], "uv": [76, 54]}
					]
				},
				{
					"name": "rightarm",
					"parent": "body",
					"pivot": [-2.5, 19.25, -1],
					"cubes": [
						{"origin": [-7.5, 17.75, -2], "size": [5, 2, 2], "inflate": -0.001, "uv": [33, 40]},
						{"origin": [-7, 19.75, -2.5], "size": [4, 1, 3], "inflate": -0.001, "uv": [101, 53]},
						{"origin": [-5.25, 16.975, -2.5], "size": [1, 3, 3], "inflate": -0.1, "uv": [104, 57]}
					]
				},
				{
					"name": "rightforearm",
					"parent": "rightarm",
					"pivot": [-7.5, 19.75, 0],
					"cubes": [
						{"origin": [-12.5, 17.75, -2.5], "size": [5, 2, 3], "uv": [32, 44]},
						{"origin": [-14.5, 19.75, -3], "size": [5, 1, 4], "uv": [149, 64]},
						{"origin": [-12.5, 17, -3], "size": [1, 3, 4], "inflate": -0.2, "uv": [153, 69]}
					]
				},
				{
					"name": "righthand",
					"parent": "rightforearm",
					"pivot": [-12.5, 18.75, -1],
					"cubes": [
						{"origin": [-14.5, 17.75, -2.5], "size": [2, 2, 3], "inflate": 0.02, "uv": [35, 49]}
					]
				},
				{
					"name": "finger",
					"parent": "righthand",
					"pivot": [-14.25, 19, -1],
					"cubes": [
						{"origin": [-17.25, 18.5, -1.5], "size": [3, 1, 1], "uv": [36, 54]}
					]
				},
				{
					"name": "finger2",
					"parent": "righthand",
					"pivot": [-14, 18.75, 0.25],
					"cubes": [
						{"origin": [-17, 18.25, -0.25], "size": [3, 1, 1], "uv": [28, 54]}
					]
				},
				{
					"name": "finger3",
					"parent": "righthand",
					"pivot": [-14, 18.75, -2.25],
					"cubes": [
						{"origin": [-17, 18.25, -2.75], "size": [3, 1, 1], "uv": [44, 54]}
					]
				}
			]
		}
	]
}