{
	"format_version": "1.8.0",
	"animations": {
		"animation.diglett_alolan.ground_idle": {
			"loop": true,
			"animation_length": 1,
			"bones": {
				"body": {
					"rotation": ["math.sin(q.anim_time*90*4)*0.5", "math.sin(q.anim_time*90*4)*0.5", "math.sin(q.anim_time*90*4-90)*1"],
					"position": [0, "math.clamp(math.sin(q.anim_time*90*4)*0.2,-0.1,0.1)-math.sin(-q.anim_time*90*4)*0.3", 0]
				},
				"hair_right_1": {
					"rotation": {
						"0.0": [0, 0, -20],
						"0.25": [0, 0, -27.5],
						"0.5": [0, 0, -20],
						"0.75": [0, 0, -15],
						"1.0": [0, 0, -20]
					}
				},
				"hair_right_2": {
					"rotation": {
						"0.0": [0, 0, -25],
						"0.25": [0, 0, -32.5],
						"0.5": [0, 0, -25],
						"0.75": [0, 0, -17.5],
						"1.0": [0, 0, -25]
					}
				},
				"hair_left_1": {
					"rotation": {
						"0.0": [0, 0, 20],
						"0.25": [0, 0, 27.5],
						"0.5": [0, 0, 20],
						"0.75": [0, 0, 15],
						"1.0": [0, 0, 20]
					}
				},
				"hair_left_2": {
					"rotation": {
						"0.0": [0, 0, 25],
						"0.25": [0, 0, 32.5],
						"0.5": [0, 0, 25],
						"0.75": [0, 0, 17.5],
						"1.0": [0, 0, 25]
					}
				},
				"hair_center_1": {
					"rotation": {
						"0.0": [-20, 0, 0],
						"0.25": [-27.5, 0, 0],
						"0.5": [-20, 0, 0],
						"0.75": [-15, 0, 0],
						"1.0": [-17.5, 0, 0]
					}
				},
				"hair_center_2": {
					"rotation": {
						"0.0": [-25, 0, 0],
						"0.25": [-32.5, 0, 0],
						"0.5": [-25, 0, 0],
						"0.75": [-17.5, 0, 0],
						"1.0": [-27.5, 0, 0]
					}
				},
				"hair": {
					"position": [0, 0, 0]
				}
			}
		},
		"animation.diglett_alolan.ground_walk": {
			"loop": true,
			"animation_length": 1,
			"bones": {
				"body": {
					"rotation": ["-5+math.sin(q.anim_time*90*4*2)*0.5", "math.sin(q.anim_time*90*4*2)*0.5", "math.sin(q.anim_time*90*4-90)*1"],
					"position": [
						0,
						"-math.clamp(math.sin(q.anim_time*90*4*2)*0.2,-0.1,0.1)-math.sin(-q.anim_time*90*4*2)*0.5+math.clamp(math.sin(q.anim_time*90*4*2)*1,-0.8,0)",
						0
					]
				},
				"ground": {
					"rotation": ["10+math.sin(q.anim_time*90*4*2-45)*2", 0, 0],
					"position": [0, "-math.sin(q.anim_time*90*4*2-20)*0.2+0.3", "-math.sin(q.anim_time*90*4*2+90)*0.5+0.2"]
				},
				"hair_right_1": {
					"rotation": {
						"0.0": [0, 0, -20],
						"0.125": [0, 0, -37.5],
						"0.25": [0, 0, -20],
						"0.375": [0, 0, -10],
						"0.5": [0, 0, -20],
						"0.625": [0, 0, -37.5],
						"0.75": [0, 0, -20],
						"0.875": [0, 0, -10],
						"1.0": [0, 0, -20]
					}
				},
				"hair_right_2": {
					"rotation": {
						"0.0": [0, 0, -25],
						"0.125": [0, 0, -35],
						"0.25": [0, 0, -25],
						"0.375": [0, 0, -15],
						"0.5": [0, 0, -25],
						"0.625": [0, 0, -35],
						"0.75": [0, 0, -25],
						"0.875": [0, 0, -15],
						"1.0": [0, 0, -25]
					}
				},
				"hair_left_1": {
					"rotation": {
						"0.0": [0, 0, 20],
						"0.125": [0, 0, 37.5],
						"0.25": [0, 0, 20],
						"0.375": [0, 0, 10],
						"0.5": [0, 0, 20],
						"0.625": [0, 0, 37.5],
						"0.75": [0, 0, 20],
						"0.875": [0, 0, 10],
						"1.0": [0, 0, 20]
					}
				},
				"hair_left_2": {
					"rotation": {
						"0.0": [0, 0, 25],
						"0.125": [0, 0, 35],
						"0.25": [0, 0, 25],
						"0.375": [0, 0, 15],
						"0.5": [0, 0, 25],
						"0.625": [0, 0, 35],
						"0.75": [0, 0, 25],
						"0.875": [0, 0, 15],
						"1.0": [0, 0, 25]
					}
				},
				"hair_center_1": {
					"rotation": {
						"0.0": [-20, 0, 0],
						"0.125": [-37.5, 0, 0],
						"0.25": [-20, 0, 0],
						"0.375": [-10, 0, 0],
						"0.5": [-20, 0, 0],
						"0.625": [-37.5, 0, 0],
						"0.75": [-20, 0, 0],
						"0.875": [-10, 0, 0],
						"1.0": [-20, 0, 0]
					}
				},
				"hair_center_2": {
					"rotation": {
						"0.0": [-25, 0, 0],
						"0.125": [-35, 0, 0],
						"0.25": [-25, 0, 0],
						"0.375": [-15, 0, 0],
						"0.5": [-25, 0, 0],
						"0.625": [-35, 0, 0],
						"0.75": [-25, 0, 0],
						"0.875": [-15, 0, 0],
						"1.0": [-25, 0, 0]
					}
				}
			}
		},
		"animation.diglett_alolan.faint": {
			"loop": true,
			"animation_length": 2.885,
			"bones": {
				"body": {
					"rotation": {
						"0.0": ["9.9984+math.sin(q.anim_time*90*4)*0.5", "0.1736+math.sin(q.anim_time*90*4)*0.5", "0.0152+math.sin(q.anim_time*90*4-90)*1"],
						"0.0417": ["-9.9994+math.sin(q.anim_time*90*4)*0.5", "-0.1429+math.sin(q.anim_time*90*4)*0.5", "-0.0784+math.sin(q.anim_time*90*4-90)*1"],
						"0.1667": ["-20.0732+math.sin(q.anim_time*90*4)*0.5", "4.7469+math.sin(q.anim_time*90*4)*0.5", "-0.5705+math.sin(q.anim_time*90*4-90)*1"],
						"0.2917": ["-14.9864+math.sin(q.anim_time*90*4)*0.5", "4.8206+math.sin(q.anim_time*90*4)*0.5", "-0.1104+math.sin(q.anim_time*90*4-90)*1"],
						"0.4167": ["0.0028+math.sin(q.anim_time*90*4)*0.5", "7.3571+math.sin(q.anim_time*90*4)*0.5", "-0.0454+math.sin(q.anim_time*90*4-90)*1"],
						"0.5417": ["-0.011+math.sin(q.anim_time*90*4)*0.5", "14.8205+math.sin(q.anim_time*90*4)*0.5", "-0.2056+math.sin(q.anim_time*90*4-90)*1"],
						"0.7083": ["-0.0208+math.sin(q.anim_time*90*4)*0.5", "19.8203+math.sin(q.anim_time*90*4)*0.5", "-0.2393+math.sin(q.anim_time*90*4-90)*1"],
						"0.8333": [-0.45, 6.89, -0.73],
						"0.9583": ["-0.0422+math.sin(q.anim_time*90*4)*0.5", "-16.6799+math.sin(q.anim_time*90*4)*0.5", "-0.2192+math.sin(q.anim_time*90*4-90)*1"],
						"1.125": ["-0.0192+math.sin(q.anim_time*90*4)*0.5", "-19.6797+math.sin(q.anim_time*90*4)*0.5", "-0.2297+math.sin(q.anim_time*90*4-90)*1"],
						"1.2083": ["-0.0192+math.sin(q.anim_time*90*4)*0.5", "-19.6797+math.sin(q.anim_time*90*4)*0.5", "-0.2297+math.sin(q.anim_time*90*4-90)*1"],
						"1.25": [-2.09, -14.25, -0.73],
						"1.375": [-7.09, -4.25, -0.07],
						"1.5": ["-10.0176+math.sin(q.anim_time*90*4)*0.5", "0.3203+math.sin(q.anim_time*90*4)*0.5", "-0.2395+math.sin(q.anim_time*90*4-90)*1"],
						"1.75": ["-12.5175+math.sin(q.anim_time*90*4)*0.5", "0.342+math.sin(q.anim_time*90*4)*0.5", "-0.2392+math.sin(q.anim_time*90*4-90)*1"],
						"1.8333": [-4.88018, -0.04695, -0.49598],
						"1.9583": ["-0.019+math.sin(q.anim_time*90*4)*0.5", "0.5471+math.sin(q.anim_time*90*4)*0.5", "-0.2192+math.sin(q.anim_time*90*4-90)*1"],
						"2.2083": ["-4.1398+math.sin(q.anim_time*90*4)*0.5", "-1.1504+math.sin(q.anim_time*90*4)*0.5", "-2.3556+math.sin(q.anim_time*90*4-90)*1"]
					},
					"position": {
						"0.0": [0, "math.clamp(math.sin(q.anim_time*90*4)*0.2,-0.1,0.1)-math.sin(-q.anim_time*90*4)*0.3", 0],
						"0.0417": [0, "math.clamp(math.sin(q.anim_time*90*4)*0.2,-0.1,0.1)-math.sin(-q.anim_time*90*4)*0.3", 0.4],
						"0.1667": [0, "math.clamp(math.sin(q.anim_time*90*4)*0.2,-0.1,0.1)-math.sin(-q.anim_time*90*4)*0.3", 0.7],
						"0.2917": [0, "math.clamp(math.sin(q.anim_time*90*4)*0.2,-0.1,0.1)-math.sin(-q.anim_time*90*4)*0.3", 0.7],
						"0.4167": [-0.4, "math.clamp(math.sin(q.anim_time*90*4)*0.2,-0.1,0.1)-math.sin(-q.anim_time*90*4)*0.3", -0.1],
						"0.5417": [-0.8, "math.clamp(math.sin(q.anim_time*90*4)*0.2,-0.1,0.1)-math.sin(-q.anim_time*90*4)*0.3", 0.2],
						"0.7083": [-1.1, "math.clamp(math.sin(q.anim_time*90*4)*0.2,-0.1,0.1)-math.sin(-q.anim_time*90*4)*0.3", 0.2],
						"0.8333": [-0.37, "math.clamp(math.sin(q.anim_time*90*4)*0.2,-0.1,0.1)-math.sin(-q.anim_time*90*4)*0.3", 0.2],
						"0.9583": [1.1, "math.clamp(math.sin(q.anim_time*90*4)*0.2,-0.1,0.1)-math.sin(-q.anim_time*90*4)*0.3", 0.2],
						"1.125": [1.3, 0, 0.2],
						"1.2083": [1.3, 0, 0.2],
						"1.25": [0.97, 0.61, 0.2],
						"1.375": [0.32, 1.34, 0.2],
						"1.5": [0, 1.7, 0.2],
						"1.75": [0, 1.7, 0.2],
						"1.8333": [0, -1.4, 0.2],
						"1.9583": [0, -10.7, 0.2]
					}
				},
				"ground": {
					"rotation": {
						"0.0": [0, 0, 0],
						"1.75": [0, 0, 0],
						"1.9583": [0, 0, 0]
					},
					"position": {
						"0.0": [0, 0, 0],
						"1.75": [0, 0, 0],
						"1.9583": [0, 0, 0],
						"2.0417": [0, -1, 0],
						"2.1667": [0, -1.3, 0],
						"2.25": [0, -1.3, 0],
						"2.4167": [0, -1, 0]
					}
				},
				"eyelid_right": {
					"position": {
						"0.0": [0, 0, -0.1],
						"0.1667": [0, 0, -0.13],
						"0.2083": [0, 0, 0],
						"0.2917": [0, 0, 0],
						"0.3333": [0, 0, -0.1],
						"0.4583": [0, 0, -0.13],
						"0.5": [0, 0, 0],
						"1.7083": [0, 0, 0],
						"1.75": [0, 0, -0.13]
					}
				},
				"eyelid_left": {
					"position": {
						"0.0": [0, 0, -0.1],
						"0.1667": [0, 0, -0.1],
						"0.2083": [0, 0, 0],
						"0.2917": [0, 0, 0],
						"0.3333": [0, 0, -0.1],
						"0.4583": [0, 0, -0.1],
						"0.5": [0, 0, 0],
						"1.7083": [0, 0, 0],
						"1.75": [0, 0, -0.1]
					}
				},
				"hair_right_1": {
					"rotation": {
						"0.0": [0, 0, -20],
						"0.5": [0, 0, -20],
						"1.0": [0, 0, -72.5]
					}
				},
				"hair_right_2": {
					"rotation": [0, 0, -25]
				},
				"hair_left_1": {
					"rotation": {
						"0.0": [0, 0, 20],
						"0.5": [0, 0, 72.5]
					}
				},
				"hair_left_2": {
					"rotation": [0, 0, 25]
				},
				"hair_center_1": {
					"rotation": {
						"0.0": [-20, 0, 0],
						"1.0": [-20, 0, 0],
						"1.5": [-72.5, 0, 0]
					}
				},
				"hair_center_2": {
					"rotation": [-25, 0, 0]
				}
			}
		},
		"animation.diglett_alolan.sleep": {
			"loop": true,
			"bones": {
				"body": {
					"rotation": [7.5, 0, 0],
					"position": [0, -3.5, 0.25]
				},
				"eyelid_right": {
					"position": [0, 0, -0.1]
				},
				"eyelid_left": {
					"position": [0, 0, -0.1]
				},
				"hair_right_1": {
					"rotation": [0, 0, -37.5]
				},
				"hair_right_2": {
					"rotation": [0, 0, -35]
				},
				"hair_left_1": {
					"rotation": [0, 0, 37.5]
				},
				"hair_left_2": {
					"rotation": [0, 0, 35]
				},
				"hair_center_1": {
					"rotation": [-37.5, 0, 0]
				},
				"hair_center_2": {
					"rotation": [-35, 0, 0]
				}
			}
		},
		"animation.diglett_alolan.blink": {
			"animation_length": 1.33333,
			"bones": {
				"eyelid_right": {
					"position": {
						"0.0": [0, 0, -0.1],
						"0.125": [0, 0, -0.1],
						"0.1667": [0, 0, 0]
					}
				},
				"eyelid_left": {
					"position": {
						"0.0": [0, 0, -0.1],
						"0.125": [0, 0, -0.1],
						"0.1667": [0, 0, 0]
					}
				},
				"hair_right_1": {
					"rotation": [0, 0, -20]
				},
				"hair_right_2": {
					"rotation": [0, 0, -25]
				},
				"hair_left_1": {
					"rotation": [0, 0, 20]
				},
				"hair_left_2": {
					"rotation": [0, 0, 25]
				},
				"hair_center_1": {
					"rotation": [-20, 0, 0]
				},
				"hair_center_2": {
					"rotation": [-25, 0, 0]
				}
			}
		}
	}
}