{
	"format_version": "1.12.0",
	"minecraft:geometry": [
		{
			"description": {
				"identifier": "geometry.petilil",
				"texture_width": 56,
				"texture_height": 32,
				"visible_bounds_width": 2,
				"visible_bounds_height": 2.5,
				"visible_bounds_offset": [0, 0.75, 0]
			},
			"bones": [
				{
					"name": "petilil",
					"pivot": [0, 0, 0]
				},
				{
					"name": "body",
					"parent": "petilil",
					"pivot": [0, 9, 0],
					"cubes": [
						{"origin": [-3, 1, -1.5], "size": [6, 5, 3], "uv": [10, 17]},
						{"origin": [-2.5, 4, -1.5], "size": [5, 2, 0], "pivot": [0, 6, -1.5], "rotation": [-5, 0, 0], "uv": [6, 14]},
						{"origin": [-2.5, 4, 1.5], "size": [5, 2, 0], "pivot": [0, 6, 1.5], "rotation": [5, 0, 0], "uv": [6, 14]},
						{"origin": [1.5, 6, -1.5], "size": [3, 0, 3], "pivot": [3, 6, 0], "rotation": [0, -90, 2.5], "uv": [-3, 14]},
						{"origin": [-4.5, 6, -1.5], "size": [3, 0, 3], "pivot": [-3, 6, 0], "rotation": [0, 90, -2.5], "uv": [-3, 14], "mirror": true},
						{"origin": [-1, 0, -1], "size": [2, 2, 2], "uv": [15, 25]},
						{"origin": [-3, 6, -3], "size": [6, 0, 0], "uv": [2, 24]}
					]
				},
				{
					"name": "arm_right",
					"parent": "body",
					"pivot": [0, 0, 0],
					"cubes": [
						{"origin": [-4.75, 3, -1.5], "size": [2, 3, 3], "inflate": -0.2, "uv": [0, 17]}
					]
				},
				{
					"name": "arm_left",
					"parent": "body",
					"pivot": [0, 0, 0],
					"cubes": [
						{"origin": [2.75, 3, -1.5], "size": [2, 3, 3], "inflate": -0.2, "uv": [28, 16]}
					]
				},
				{
					"name": "head",
					"parent": "body",
					"pivot": [0, 6, 0],
					"cubes": [
						{"origin": [-3.5, 6, -3.5], "size": [7, 7, 7], "inflate": 0.05, "uv": [28, 0]},
						{"origin": [-3.5, 6, -3.5], "size": [7, 7, 7], "uv": [0, 0]}
					]
				},
				{
					"name": "eye_right",
					"parent": "head",
					"pivot": [-2, 8.5, -3.525],
					"cubes": [
						{"origin": [-2.5, 7, -3.525], "size": [1, 3, 0], "inflate": 0.02, "uv": [0, 0]}
					]
				},
				{
					"name": "eye_left",
					"parent": "head",
					"pivot": [2, 8.5, -3.525],
					"cubes": [
						{"origin": [1.5, 7, -3.525], "size": [1, 3, 0], "inflate": 0.02, "uv": [3, 0]}
					]
				},
				{
					"name": "leaf_right",
					"parent": "head",
					"pivot": [0, 13.1, 0.05],
					"cubes": [
						{"origin": [-8, 13.1, -2.45], "size": [8, 0, 5], "pivot": [0, 13.1, 0.05], "rotation": [22.26914, 24.30509, 44.85385], "uv": [33, 19]}
					]
				},
				{
					"name": "leaf_front",
					"parent": "head",
					"pivot": [0, 13.1, 0],
					"cubes": [
						{"origin": [-2.5, 13.1, -8], "size": [5, 0, 8], "pivot": [0, 13.1, 0], "rotation": [-32.5, 0, 0], "uv": [-8, 23]}
					]
				},
				{
					"name": "leaf_left",
					"parent": "head",
					"pivot": [0, 13.1, 0.05],
					"cubes": [
						{"origin": [0, 13.1, -2.45], "size": [8, 0, 5], "pivot": [0, 13.1, 0.05], "rotation": [20.07273, -26.11218, -39.70042], "uv": [30, 14]}
					]
				}
			]
		}
	]
}