{
	"format_version": "1.8.0",
	"animations": {
		"animation.megalatias.ground_idle": {
			"loop": true,
			"bones": {
				"latios": {
					"rotation": ["0+Math.sin(query.anim_time * 90) * 1 * 1", 0, "0+Math.sin(query.anim_time * 90) * 1 * 1"],
					"position": ["0+Math.sin(query.anim_time * 90) * 1 * 1", "20+Math.sin(query.anim_time * 90 + 90) * 1", 0]
				},
				"torso2": {
					"rotation": [-10, 0, 0]
				},
				"neck": {
					"rotation": ["7.5+Math.sin(query.anim_time * -90) * 2 * 2", 0, 0]
				},
				"head": {
					"rotation": [22.5, 0, 0]
				},
				"right_arm2": {
					"rotation": ["-109.9743+Math.sin(query.anim_time * 90) * 2 * 2", 0.09535, "27.6028+Math.sin(query.anim_time * 90) * 2 * 2"]
				},
				"left_arm2": {
					"rotation": ["-110.0267+Math.sin(query.anim_time * -90) * 2 * 2", 0.10084, "-29.1765+Math.sin(query.anim_time * -90) * 2 * 2"]
				},
				"megalatias": {
					"rotation": [-20, 0, "0+Math.sin(query.anim_time * 90 + 90) * 2 * 2"],
					"position": ["0+Math.sin(query.anim_time * 90 + 90) * 2 * 2", "30+Math.sin(query.anim_time * 90 * 2) * 1 * 1", 0]
				},
				"right_hand": {
					"rotation": [0, 0, 0]
				},
				"left_hand": {
					"rotation": [0, 0, 0]
				}
			}
		},
		"animation.megalatias.ground_walk": {
			"loop": true,
			"bones": {
				"latios": {
					"rotation": ["5+Math.sin(query.anim_time * 90) * 1 * 1", 0, "0+Math.sin(query.anim_time * 90) * 1 * 1"],
					"position": ["0+Math.sin(query.anim_time * 90) * 1 * 1", "20+Math.sin(query.anim_time * 90 + 90) * 1 * 2", "0+Math.sin(query.anim_time * 90) * -2 "]
				},
				"head": {
					"rotation": [22.5, 0, 0]
				},
				"neck": {
					"rotation": ["-5+Math.sin(query.anim_time * -130) * 2 * 2", 0, 0]
				},
				"torso2": {
					"rotation": [-10, 0, 0]
				},
				"right_arm2": {
					"rotation": ["0.0257+Math.sin(query.anim_time * 130) * 2 * 2", 0.09535, "27.6028+Math.sin(query.anim_time * 130) * 2 * 2"]
				},
				"left_arm2": {
					"rotation": ["-0.0267+Math.sin(query.anim_time * -130) * 2 * 2", 0.10084, "-29.1765+Math.sin(query.anim_time * -130) * 2 * 2"]
				},
				"megalatias": {
					"rotation": [0, 0, "0+Math.sin(query.anim_time * 180 + 180) * 2 * 2"],
					"position": ["0+Math.sin(query.anim_time * 180 + 180) * 2 * 2", "30+Math.sin(query.anim_time * 180 * 2) * 1 * 1", 0]
				},
				"right_hand": {
					"rotation": [0, 0, 0]
				}
			}
		},
		"animation.megalatias.air_idle": {
			"loop": true,
			"bones": {
				"latios": {
					"rotation": ["0+Math.sin(query.anim_time * 90) * 1 * 1", 0, "0+Math.sin(query.anim_time * 90) * 1 * 1"],
					"position": ["0+Math.sin(query.anim_time * 90) * 1 * 1", "20+Math.sin(query.anim_time * 90 + 90) * 1", 0]
				},
				"torso2": {
					"rotation": [-10, 0, 0]
				},
				"neck": {
					"rotation": ["7.5+Math.sin(query.anim_time * -90) * 2 * 2", 0, 0]
				},
				"head": {
					"rotation": [22.5, 0, 0]
				},
				"right_arm2": {
					"rotation": ["-109.9743+Math.sin(query.anim_time * 90) * 2 * 2", 0.09535, "27.6028+Math.sin(query.anim_time * 90) * 2 * 2"]
				},
				"left_arm2": {
					"rotation": ["-110.0267+Math.sin(query.anim_time * -90) * 2 * 2", 0.10084, "-29.1765+Math.sin(query.anim_time * -90) * 2 * 2"]
				},
				"megalatias": {
					"rotation": [-20, 0, "0+Math.sin(query.anim_time * 90 + 90) * 2 * 2"],
					"position": ["0+Math.sin(query.anim_time * 90 + 90) * 2 * 2", "30+Math.sin(query.anim_time * 90 * 2) * 1 * 1", 0]
				},
				"right_hand": {
					"rotation": [0, 0, 0]
				},
				"left_hand": {
					"rotation": [0, 0, 0]
				}
			}
		},
		"animation.megalatias.air_fly": {
			"loop": true,
			"bones": {
				"latios": {
					"rotation": ["5+Math.sin(query.anim_time * 90) * 1 * 1", 0, "0+Math.sin(query.anim_time * 90) * 1 * 1"],
					"position": ["0+Math.sin(query.anim_time * 90) * 1 * 1", "20+Math.sin(query.anim_time * 90 + 90) * 1 * 2", "0+Math.sin(query.anim_time * 90) * -2 "]
				},
				"head": {
					"rotation": [22.5, 0, 0]
				},
				"neck": {
					"rotation": ["-5+Math.sin(query.anim_time * -130) * 2 * 2", 0, 0]
				},
				"torso2": {
					"rotation": [-10, 0, 0]
				},
				"right_arm2": {
					"rotation": ["0.0257+Math.sin(query.anim_time * 130) * 2 * 2", 0.09535, "27.6028+Math.sin(query.anim_time * 130) * 2 * 2"]
				},
				"left_arm2": {
					"rotation": ["-0.0267+Math.sin(query.anim_time * -130) * 2 * 2", 0.10084, "-29.1765+Math.sin(query.anim_time * -130) * 2 * 2"]
				},
				"megalatias": {
					"rotation": [0, 0, "0+Math.sin(query.anim_time * 180 + 180) * 2 * 2"],
					"position": ["0+Math.sin(query.anim_time * 180 + 180) * 2 * 2", "30+Math.sin(query.anim_time * 180 * 2) * 1 * 1", 0]
				},
				"right_hand": {
					"rotation": [0, 0, 0]
				}
			}
		},
		"animation.megalatias.faint": {
			"loop": true,
			"bones": {
				"latios": {
					"rotation": ["0+Math.sin(query.anim_time * 90) * 1 * 1", 0, "0+Math.sin(query.anim_time * 90) * 1 * 1"],
					"position": ["0+Math.sin(query.anim_time * 90) * 1 * 1", "20+Math.sin(query.anim_time * 90 + 90) * 1", 0]
				},
				"torso2": {
					"rotation": [-10, 0, 0]
				},
				"neck": {
					"rotation": ["-12.5+Math.sin(query.anim_time * -90) * 2 * 2", 0, 0]
				},
				"head": {
					"rotation": [22.5, 0, 0]
				},
				"right_arm2": {
					"rotation": ["0.0257+Math.sin(query.anim_time * 90) * 2 * 2", 0.09535, "27.6028+Math.sin(query.anim_time * 90) * 2 * 2"]
				},
				"left_arm2": {
					"rotation": ["-0.0267+Math.sin(query.anim_time * -90) * 2 * 2", 0.10084, "-29.1765+Math.sin(query.anim_time * -90) * 2 * 2"]
				},
				"megalatias": {
					"rotation": [0, 0, "0+Math.sin(query.anim_time * 90 + 90) * 2 * 2"],
					"position": ["0+Math.sin(query.anim_time * 90 + 90) * 2 * 2", "30+Math.sin(query.anim_time * 90 * 2) * 1 * 1", 0]
				},
				"right_hand": {
					"rotation": [0, 0, 0]
				},
				"left_hand": {
					"rotation": [0, 0, 0]
				}
			}
		}
	}
}