{
	"format_version": "1.8.0",
	"animations": {
		"animation.puppet.ground_idle": {
			"loop": true,
			"bones": {
				"head": {
					"rotation": ["-5+Math.sin(query.anim_time * 90) * 1 * 2", 0, "10+Math.sin(query.anim_time * 90) * 1 * 2"]
				},
				"right_arm": {
					"rotation": [0, 0, "57.5+Math.sin(query.anim_time * 90) * 1 * 2"]
				},
				"right_arm2": {
					"rotation": [0, 0, 22.5]
				},
				"left_arm": {
					"rotation": [0, 0, "-57.5+Math.sin(query.anim_time * -90) * 1 * 2"]
				},
				"left_arm2": {
					"rotation": [0, 0, -22.5]
				},
				"root": {
					"rotation": [0, -180, 0]
				}
			}
		},
		"animation.puppet.ground_walk": {
			"loop": true,
			"bones": {
				"puppet": {
					"position": ["0+Math.sin(query.anim_time * 90+90) * 2 * 2", "20+Math.sin(query.anim_time * 90) * 2 * 2", "0+Math.sin(query.anim_time * 90) * 2 * 2"]
				},
				"head": {
					"rotation": ["-5+Math.sin(query.anim_time * 90) * 2 * 2", 0, "10+Math.sin(query.anim_time * 90) * 2 * 2"]
				},
				"right_arm": {
					"rotation": [0, -7.5, "57.5+Math.sin(query.anim_time * 90) * 2 * 2"]
				},
				"right_arm2": {
					"rotation": [0, 0, 22.5]
				},
				"left_arm": {
					"rotation": [0, 7.5, "-57.5+Math.sin(query.anim_time * -90) * 2 * 2"]
				},
				"left_arm2": {
					"rotation": [0, 0, -22.5]
				},
				"torso": {
					"rotation": ["-10+Math.sin(query.anim_time * 90) * 1 * 2", 0, 0]
				},
				"legs": {
					"rotation": [-10, 0, 0]
				},
				"right_leg": {
					"rotation": [7.5, 0, 0]
				},
				"right_leg2": {
					"rotation": [-35, 0, 0]
				},
				"left_leg": {
					"rotation": [5, 0, 0]
				},
				"left_leg2": {
					"rotation": [-20, 0, 0]
				},
				"root": {
					"rotation": [0, -180, 0]
				}
			}
		},
		"animation.puppet.faint": {
			"loop": true,
			"bones": {
				"head": {
					"rotation": ["-5+Math.sin(query.anim_time * 90) * 1 * 2", 0, "10+Math.sin(query.anim_time * 90) * 1 * 2"]
				},
				"right_arm": {
					"rotation": [0, 0, "57.5+Math.sin(query.anim_time * 90) * 1 * 2"]
				},
				"right_arm2": {
					"rotation": [0, 0, 22.5]
				},
				"left_arm": {
					"rotation": [0, 0, "-57.5+Math.sin(query.anim_time * -90) * 1 * 2"]
				},
				"left_arm2": {
					"rotation": [0, 0, -22.5]
				},
				"root": {
					"rotation": [0, -180, 0]
				}
			}
		}
	}
}