{
	"format_version": "1.12.0",
	"minecraft:geometry": [
		{
			"description": {
				"identifier": "geometry.gengarx",
				"texture_width": 100,
				"texture_height": 70,
				"visible_bounds_width": 8,
				"visible_bounds_height": 3.5,
				"visible_bounds_offset": [0, 1.25, 0]
			},
			"bones": [
				{
					"name": "gengarx",
					"pivot": [0, 0, 0]
				},
				{
					"name": "body",
					"parent": "gengarx",
					"pivot": [0, 10, 0.5]
				},
				{
					"name": "torso",
					"parent": "body",
					"pivot": [0, 6, 0.25],
					"cubes": [
						{"origin": [-5.5, 3.5, -4], "size": [11, 13, 10], "inflate": 0.5, "uv": [0, 0]},
						{"origin": [-7, 16, 1.75], "size": [14, 13, 0], "pivot": [0, 24, 1], "rotation": [-35, 0, 0], "uv": [70, 0]},
						{"origin": [-0.5, 15.5, -4.5], "size": [1, 3, 1], "inflate": 0.5, "uv": [60, 22]},
						{"origin": [-5.25, 10.5, 3.25], "size": [0, 8, 5], "pivot": [-5.5, 12.5, 7.5], "rotation": [0, -20, 5], "uv": [11, 44]},
						{"origin": [0, 8.75, 6], "size": [0, 10, 4], "uv": [0, 54]},
						{"origin": [5.25, 10.5, 3.25], "size": [0, 8, 5], "pivot": [5.5, 12.5, 7.5], "rotation": [0, 20, -5], "uv": [22, 44]}
					]
				},
				{
					"name": "hair",
					"parent": "torso",
					"pivot": [4.25, 10.975, -4.525]
				},
				{
					"name": "right_hair",
					"parent": "hair",
					"pivot": [-4.25, 10.975, -4.525],
					"rotation": [0, 0, 22.5],
					"cubes": [
						{"origin": [-9.25, 10.475, -4.525], "size": [5, 1, 0], "uv": [84, 45], "mirror": true}
					]
				},
				{
					"name": "right_hair2",
					"parent": "right_hair",
					"pivot": [-9.25, 10.475, -4.525],
					"cubes": [
						{"origin": [-14.25, 10.475, -4.525], "size": [5, 1, 0], "uv": [84, 45], "mirror": true}
					]
				},
				{
					"name": "right_hair3",
					"parent": "right_hair2",
					"pivot": [-14.25, 10.475, -4.525],
					"cubes": [
						{"origin": [-19.25, 10.475, -4.525], "size": [5, 1, 0], "uv": [84, 45], "mirror": true}
					]
				},
				{
					"name": "right_hair4",
					"parent": "right_hair3",
					"pivot": [-19.25, 10.475, -4.525],
					"cubes": [
						{"origin": [-24.25, 10.475, -4.525], "size": [5, 1, 0], "uv": [84, 45], "mirror": true}
					]
				},
				{
					"name": "left_hair",
					"parent": "hair",
					"pivot": [4.25, 10.975, -4.525],
					"rotation": [0, 0, -22.5],
					"cubes": [
						{"origin": [4.25, 10.475, -4.525], "size": [5, 1, 0], "uv": [84, 45]}
					]
				},
				{
					"name": "left_hair2",
					"parent": "left_hair",
					"pivot": [9.25, 10.475, -4.525],
					"cubes": [
						{"origin": [9.25, 10.475, -4.525], "size": [5, 1, 0], "uv": [84, 45]}
					]
				},
				{
					"name": "left_hair3",
					"parent": "left_hair2",
					"pivot": [14.25, 10.475, -4.525],
					"cubes": [
						{"origin": [14.25, 10.475, -4.525], "size": [5, 1, 0], "uv": [84, 45]}
					]
				},
				{
					"name": "left_hair4",
					"parent": "left_hair3",
					"pivot": [19.25, 10.475, -4.525],
					"cubes": [
						{"origin": [19.25, 10.475, -4.525], "size": [5, 1, 0], "uv": [84, 45]}
					]
				},
				{
					"name": "eye_right",
					"parent": "torso",
					"pivot": [-2.25, 11.75, -4.5],
					"cubes": [
						{"origin": [-5.046, 10.88749, -4.5], "size": [4, 4, 0], "inflate": 0.01, "uv": [74, 40]},
						{"origin": [-3.05, 11.9, -4.525], "size": [1, 2, 0], "inflate": 0.01, "uv": [57, 22]}
					]
				},
				{
					"name": "eye_left",
					"parent": "torso",
					"pivot": [3.25, 11.75, -4.5],
					"cubes": [
						{"origin": [1.046, 10.88749, -4.5], "size": [4, 4, 0], "inflate": 0.01, "uv": [74, 44]},
						{"origin": [2.05, 11.9, -4.525], "size": [1, 2, 0], "inflate": 0.01, "uv": [57, 24]}
					]
				},
				{
					"name": "mouth",
					"parent": "torso",
					"pivot": [0, 10, -4.5],
					"cubes": [
						{"origin": [-5, 7.45, -4.5], "size": [10, 3, 0], "inflate": 0.01, "uv": [73, 48]}
					]
				},
				{
					"name": "ear_right",
					"parent": "torso",
					"pivot": [-3.75, 15.25, 0.5],
					"rotation": [-20, 20, -35],
					"cubes": [
						{"origin": [-4.88192, 14.46442, -3.03209], "size": [5, 8, 0], "uv": [33, 49]}
					]
				},
				{
					"name": "ear_left",
					"parent": "torso",
					"pivot": [3.75, 15.25, 0.5],
					"rotation": [-20, -20, 35],
					"cubes": [
						{"origin": [-0.11808, 14.46442, -3.03209], "size": [5, 8, 0], "uv": [0, 49]}
					]
				},
				{
					"name": "spikes_top",
					"parent": "torso",
					"pivot": [0, 16.5, 1.75],
					"rotation": [-17.5, 0, 0],
					"cubes": [
						{"origin": [0, 16.80071, 2.95372], "size": [0, 4, 2], "uv": [52, 20]},
						{"origin": [0.92432, 17.05704, 2.6546], "size": [0, 3, 2], "pivot": [1.5, 16.5, 2], "rotation": [-20, 22.5, -5], "uv": [47, 17]},
						{"origin": [-0.92432, 17.05704, 2.6546], "size": [0, 3, 2], "pivot": [-1.5, 16.5, 2], "rotation": [-20, -22.5, 5], "uv": [43, 17]}
					]
				},
				{
					"name": "arm_right",
					"parent": "torso",
					"pivot": [-4.5, 11.75, -0.25],
					"cubes": [
						{"origin": [-7.5, 8.75, -1.75], "size": [3, 3, 3], "uv": [13, 35]}
					]
				},
				{
					"name": "arm_right2",
					"parent": "arm_right",
					"pivot": [-7.5, 10.25, 1.25],
					"cubes": [
						{"origin": [-10.5, 8.75, -1.75], "size": [3, 3, 3], "uv": [13, 42]}
					]
				},
				{
					"name": "finger_right_index",
					"parent": "arm_right2",
					"pivot": [-10.25, 10.25, -1.25],
					"rotation": [0, -30, 0],
					"cubes": [
						{"origin": [-11.25, 10.25, -1.75], "size": [1, 0, 1], "uv": [44, 25]}
					]
				},
				{
					"name": "finger_right_middle",
					"parent": "arm_right2",
					"pivot": [-10.5, 10.25, -0.25],
					"cubes": [
						{"origin": [-11.5, 10.25, -0.75], "size": [1, 0, 1], "uv": [42, 25]}
					]
				},
				{
					"name": "finger_right_ring",
					"parent": "arm_right2",
					"pivot": [-10.25, 10.25, 0.75],
					"rotation": [0, 30, 0],
					"cubes": [
						{"origin": [-11.25, 10.25, 0.25], "size": [1, 0, 1], "uv": [48, 24]}
					]
				},
				{
					"name": "arm_left",
					"parent": "torso",
					"pivot": [4.5, 11.75, -0.25],
					"cubes": [
						{"origin": [4.5, 8.75, -1.75], "size": [3, 3, 3], "uv": [0, 42]}
					]
				},
				{
					"name": "arm_left2",
					"parent": "arm_left",
					"pivot": [7.5, 10.25, 1.25],
					"cubes": [
						{"origin": [7.5, 8.75, -1.75], "size": [3, 3, 3], "uv": [0, 35]}
					]
				},
				{
					"name": "finger_left_index",
					"parent": "arm_left2",
					"pivot": [10.25, 10.25, -1.25],
					"rotation": [0, 30, 0],
					"cubes": [
						{"origin": [10.25, 10.25, -1.75], "size": [1, 0, 1], "uv": [46, 24]}
					]
				},
				{
					"name": "finger_left_middle",
					"parent": "arm_left2",
					"pivot": [10.5, 10.25, -0.25],
					"cubes": [
						{"origin": [10.5, 10.25, -0.75], "size": [1, 0, 1], "uv": [44, 24]}
					]
				},
				{
					"name": "finger_left_ring",
					"parent": "arm_left2",
					"pivot": [10.25, 10.25, 0.75],
					"rotation": [0, -30, 0],
					"cubes": [
						{"origin": [10.25, 10.25, 0.25], "size": [1, 0, 1], "uv": [42, 24]}
					]
				},
				{
					"name": "tail",
					"parent": "torso",
					"pivot": [0, 8.5, 6.5],
					"cubes": [
						{"origin": [-3.5, 3.5, 6.5], "size": [7, 5, 2], "uv": [44, 0]}
					]
				},
				{
					"name": "tail2",
					"parent": "tail",
					"pivot": [0, 3.5, 8.5],
					"cubes": [
						{"origin": [-2.5, 3.5, 8.5], "size": [5, 4, 8], "uv": [44, 40]}
					]
				},
				{
					"name": "tail3",
					"parent": "tail2",
					"pivot": [0, 3.5, 16.5],
					"cubes": [
						{"origin": [-1.5, 3.5, 16.5], "size": [3, 3, 8], "uv": [44, 27]}
					]
				},
				{
					"name": "tail4",
					"parent": "tail3",
					"pivot": [0, 3.5, 24.5],
					"cubes": [
						{"origin": [-1.5, 3.5, 24.5], "size": [3, 2, 8], "uv": [43, 8]},
						{"origin": [-6, 4.5, 32.5], "size": [12, 0, 20], "uv": [50, 15]}
					]
				},
				{
					"name": "leg_right",
					"parent": "body",
					"pivot": [-4.5, 7, -5],
					"rotation": [-16.73634, -5.188, -16.73634],
					"cubes": [
						{"origin": [-6.5, 2, -5], "size": [4, 5, 5], "inflate": 0.01, "uv": [19, 24]}
					]
				},
				{
					"name": "leg_right2",
					"parent": "leg_right",
					"pivot": [-4.5, 3, -4.5],
					"cubes": [
						{"origin": [-6.5, 0, -4.5], "size": [4, 2, 4], "uv": [26, 42]}
					]
				},
				{
					"name": "toes_right",
					"parent": "leg_right2",
					"pivot": [-4.5, 1, -4.5],
					"cubes": [
						{"origin": [-3.07905, 0, -5.4695], "size": [0, 1, 1], "pivot": [-3.07905, 0, -4.9695], "rotation": [0, -20, 0], "uv": [53, 17]},
						{"origin": [-4.5, 0, -5.5], "size": [0, 1, 1], "uv": [53, 19]},
						{"origin": [-5.92107, 0, -5.47019], "size": [0, 1, 1], "pivot": [-5.92107, 0, -4.97019], "rotation": [0, 20, 0], "uv": [53, 18]}
					]
				},
				{
					"name": "leg_left",
					"parent": "body",
					"pivot": [4.5, 7, -5],
					"rotation": [-16.73634, 5.188, 16.73634],
					"cubes": [
						{"origin": [2.5, 2, -5], "size": [4, 5, 5], "inflate": 0.01, "uv": [0, 24]}
					]
				},
				{
					"name": "leg_left2",
					"parent": "leg_left",
					"pivot": [4.5, 3, -4.5],
					"cubes": [
						{"origin": [2.5, 0, -4.5], "size": [4, 2, 4], "uv": [26, 35]}
					]
				},
				{
					"name": "toes_left",
					"parent": "leg_left2",
					"pivot": [4.5, 1, -4.5],
					"cubes": [
						{"origin": [3.07905, 0, -5.4695], "size": [0, 1, 1], "pivot": [3.07905, 0, -4.9695], "rotation": [0, 20, 0], "uv": [57, 19]},
						{"origin": [4.5, 0, -5.5], "size": [0, 1, 1], "uv": [49, 24]},
						{"origin": [5.92107, 0, -5.47019], "size": [0, 1, 1], "pivot": [5.92107, 0, -4.97019], "rotation": [0, -20, 0], "uv": [47, 24]}
					]
				}
			]
		}
	]
}