{
	"format_version": "1.8.0",
	"animations": {
		"animation.deoxysdefense.pose": {
			"loop": true,
			"bones": {
				"body": {
					"rotation": [10, 0, 0]
				},
				"hips": {
					"rotation": [-2.5, 0, 0]
				},
				"head": {
					"rotation": [10, 0, 0]
				},
				"leftarm_red": {
					"rotation": [8.61776, 8.55599, -38.67593]
				},
				"Lred1": {
					"rotation": [0, 7.5, 0]
				},
				"Lred2": {
					"rotation": [2.5, 10, 0]
				},
				"Lred3": {
					"rotation": [2.5, 7.5, 0]
				},
				"Lred4": {
					"rotation": [5, 10, 0]
				},
				"Lred5": {
					"rotation": [5, 10, 0]
				},
				"leftarm_blue": {
					"rotation": [18.73462, 16.96825, -33.38001]
				},
				"Lblue2": {
					"rotation": [0.44067, 9.99038, 2.53852]
				},
				"Lblue3": {
					"rotation": [0.32902, 7.49282, 2.52154]
				},
				"Lblue4": {
					"rotation": [0.32902, 7.49282, 2.52154]
				},
				"Lblue5": {
					"rotation": [0.6574, 7.4713, 5.04292]
				},
				"rightarm_red": {
					"rotation": [25.78218, -24.73342, 49.21021]
				},
				"Rred2": {
					"rotation": [0.32902, -7.49282, -2.52154]
				},
				"Rred3": {
					"rotation": [0.32902, -7.49282, -2.52154]
				},
				"Rred4": {
					"rotation": [0.32902, -7.49282, -2.52154]
				},
				"Rred5": {
					"rotation": [0.6574, -7.4713, -5.04292]
				},
				"rightarm_blue": {
					"rotation": [35, -20, 40]
				},
				"Rblue2": {
					"rotation": [0, -15, 0],
					"position": [0.5, 0, 0]
				},
				"Rblue3": {
					"rotation": [0, -7.5, 0]
				},
				"Rblue4": {
					"rotation": [0, -12.5, 0]
				},
				"Rblue5": {
					"rotation": [0, -12.5, 0]
				},
				"leftleg": {
					"rotation": [-38.34839, -10.18734, -8.66305]
				},
				"left_calf": {
					"rotation": [69.13252, -12.95254, 7.63074],
					"position": [0, 1.25, 0.5]
				},
				"rightleg": {
					"rotation": [-35.44582, 11.73507, -4.3361]
				},
				"right_thigh": {
					"rotation": [-0.88045, -9.96156, 5.07673]
				},
				"right_calf": {
					"rotation": [55.01637, 9.6164, -3.70261],
					"position": [0, 0.75, 0.5]
				}
			}
		},
		"animation.deoxysdefense.ground_idle": {
			"loop": true,
			"animation_length": 2.5,
			"bones": {
				"body": {
					"rotation": [2.5, "0-math.sin((query.anim_time)*144)*5", 0],
					"position": [0, 0, -0.5]
				},
				"hips": {
					"rotation": [0, "0-math.sin((query.anim_time)*144)*3", 0],
					"position": ["0-math.sin((query.anim_time)*144)*1", "-4-math.sin((query.anim_time)*288)*0.4", -2]
				},
				"head": {
					"rotation": [2.5, 0, 0]
				},
				"leftarm_red": {
					"rotation": [0, 0, -5]
				},
				"Lred1": {
					"rotation": ["0-math.sin((query.anim_time)*144)*5", "0-math.sin((query.anim_time-0.6)*144)*3", -2.5]
				},
				"Lred2": {
					"rotation": [0, "0-math.sin((query.anim_time-0.3)*144)*3", 5]
				},
				"Lred3": {
					"rotation": [0, "0-math.sin((query.anim_time-0.4)*144)*3", 2.5]
				},
				"Lred4": {
					"rotation": [0, "0-math.sin((query.anim_time-0.5)*144)*3", 5]
				},
				"Lred5": {
					"rotation": [0, "0-math.sin((query.anim_time-0.6)*144)*3", 5]
				},
				"leftarm_blue": {
					"rotation": [0, -5, 0],
					"position": [0, 1.5, 0]
				},
				"Lblue1": {
					"rotation": ["0-math.sin((query.anim_time)*144)*5", "-math.sin((query.anim_time-0.7)*144)*3", -7.5]
				},
				"Lblue2": {
					"rotation": [0, "0-math.sin((query.anim_time-0.4)*144)*3", 7.5]
				},
				"Lblue3": {
					"rotation": [0, "0-math.sin((query.anim_time-0.5)*144)*3", 2.5]
				},
				"Lblue4": {
					"rotation": [0, "0-math.sin((query.anim_time-0.6)*144)*3", 5]
				},
				"Lblue5": {
					"rotation": [0, "0-math.sin((query.anim_time-0.7)*144)*3", 2.5]
				},
				"rightarm_red": {
					"rotation": [0, 0, 7.5]
				},
				"Rred2": {
					"rotation": [0, "0-math.sin((query.anim_time-0.3)*144)*3", -5]
				},
				"Rred3": {
					"rotation": [0, "0-math.sin((query.anim_time-0.4)*144)*3", -2.5]
				},
				"Rred4": {
					"rotation": [0, "0-math.sin((query.anim_time-0.5)*144)*3", -5]
				},
				"Rred5": {
					"rotation": [0, "0-math.sin((query.anim_time-0.6)*144)*3", -5]
				},
				"rightarm_blue": {
					"rotation": [0, 5, 7.5],
					"position": [0, 2, 0]
				},
				"Rblue2": {
					"rotation": [0, "0-math.sin((query.anim_time-0.4)*144)*3", -7.5]
				},
				"Rblue3": {
					"rotation": [0, "0-math.sin((query.anim_time-0.5)*144)*3", -2.5]
				},
				"Rblue4": {
					"rotation": [0, "0-math.sin((query.anim_time-0.6)*144)*3", -5]
				},
				"Rblue5": {
					"rotation": [0, "0-math.sin((query.anim_time-0.7)*144)*3", -2.5]
				},
				"leftleg": {
					"rotation": ["-21.616-math.sin((query.anim_time)*288)*3", -13.54835, "-8.4039-math.sin((query.anim_time)*144)*1.6"],
					"position": ["0-math.sin((query.anim_time)*144)*1", "-2-math.sin((query.anim_time)*288)*0.4", -3]
				},
				"left_calf": {
					"rotation": ["34.8974+math.sin((query.anim_time)*288)*5", -2.86544, 4.09918]
				},
				"rightleg": {
					"rotation": ["-15.3592-math.sin((query.anim_time)*288)*3", 29.92351, "11.6936-math.sin((query.anim_time)*144)*1.6"],
					"position": ["1-math.sin((query.anim_time)*144)*1", "-2-math.sin((query.anim_time)*288)*0.4", -3]
				},
				"right_calf": {
					"rotation": ["34.8974+math.sin((query.anim_time)*288)*5", 2.86544, -4.09918]
				},
				"Rred1": {
					"rotation": ["0-math.sin((query.anim_time)*144)*5", "-math.sin((query.anim_time-0.6)*144)*3", 0]
				},
				"Rblue1": {
					"rotation": ["0-math.sin((query.anim_time)*144)*5", "0-math.sin((query.anim_time-0.7)*144)*3", 0]
				}
			}
		},
		"animation.deoxysdefense.ground_walk": {
			"loop": true,
			"animation_length": 2.5,
			"bones": {
				"body": {
					"rotation": [2.5, 0, 0],
					"position": [0, 0, -0.5]
				},
				"hips": {
					"rotation": ["12.5+math.sin((query.anim_time-0.5)*144)*1", 0, 0],
					"position": [0, "-3-math.sin((query.anim_time)*144)*1", -2]
				},
				"head": {
					"rotation": [-7.5, 0, 0]
				},
				"leftarm_red": {
					"rotation": [0, 0, -5]
				},
				"Lred1": {
					"rotation": [0, "0-math.sin((query.anim_time)*144)*1", "-2.5-math.sin((query.anim_time)*144)*1"]
				},
				"Lred2": {
					"rotation": [0, "-2.5-math.sin((query.anim_time-0.1)*144)*1", "5-math.sin((query.anim_time-0.1)*144)*1"]
				},
				"Lred3": {
					"rotation": [0, "-2.5-math.sin((query.anim_time-0.2)*144)*1", "2.5-math.sin((query.anim_time-0.2)*144)*1"]
				},
				"Lred4": {
					"rotation": [0, "-2.5-math.sin((query.anim_time-0.3)*144)*1", "5-math.sin((query.anim_time-0.3)*144)*1"]
				},
				"Lred5": {
					"rotation": [0, "-2.5-math.sin((query.anim_time-0.4)*144)*1", "5-math.sin((query.anim_time-0.4)*144)*1"]
				},
				"leftarm_blue": {
					"rotation": [0, -5, 0],
					"position": [0, 1.5, 0]
				},
				"Lblue1": {
					"rotation": [0, "0-math.sin((query.anim_time)*144)*1", "-7.5-math.sin((query.anim_time)*144)*1"]
				},
				"Lblue2": {
					"rotation": [0, "-2.5-math.sin((query.anim_time-0.1)*144)*1", "7.5-math.sin((query.anim_time-0.1)*144)*1"]
				},
				"Lblue3": {
					"rotation": [0, "-2.5-math.sin((query.anim_time-0.2)*144)*1", "2.5-math.sin((query.anim_time-0.2)*144)*1"]
				},
				"Lblue4": {
					"rotation": [0, "-2.5-math.sin((query.anim_time-0.3)*144)*1", "5-math.sin((query.anim_time-0.3)*144)*1"]
				},
				"Lblue5": {
					"rotation": [0, "-2.5-math.sin((query.anim_time-0.4)*144)*1", "2.5-math.sin((query.anim_time-0.4)*144)*1"]
				},
				"rightarm_red": {
					"rotation": [0, 0, 7.5]
				},
				"Rred2": {
					"rotation": [0, "2.5+math.sin((query.anim_time-0.1)*144)*1", "-5+math.sin((query.anim_time-0.1)*144)*1"]
				},
				"Rred3": {
					"rotation": [0, "2.5+math.sin((query.anim_time-0.2)*144)*1", "-2.5+math.sin((query.anim_time-0.2)*144)*1"]
				},
				"Rred4": {
					"rotation": [0, "2.5+math.sin((query.anim_time-0.3)*144)*1", "-5+math.sin((query.anim_time-0.3)*144)*1"]
				},
				"Rred5": {
					"rotation": [0, "2.5+math.sin((query.anim_time-0.4)*144)*1", "-5+math.sin((query.anim_time-0.4)*144)*1"]
				},
				"rightarm_blue": {
					"rotation": [0, 5, 7.5],
					"position": [0, 2, 0]
				},
				"Rblue2": {
					"rotation": [0, "2.5+math.sin((query.anim_time-0.1)*144)*1", "-7.5+math.sin((query.anim_time-0.1)*144)*1"]
				},
				"Rblue3": {
					"rotation": [0, "2.5+math.sin((query.anim_time-0.2)*144)*1", "-2.5+math.sin((query.anim_time-0.2)*144)*1"]
				},
				"Rblue4": {
					"rotation": [0, "2.5+math.sin((query.anim_time-0.3)*144)*1", "-5+math.sin((query.anim_time-0.3)*144)*1"]
				},
				"Rblue5": {
					"rotation": [0, "2.5+math.sin((query.anim_time-0.4)*144)*1", "-2.5+math.sin((query.anim_time-0.4)*144)*1"]
				},
				"leftleg": {
					"rotation": ["14.4796-math.sin((query.anim_time)*144)*2", -3.29921, -8.4309],
					"position": [0, "-1-math.sin((query.anim_time)*144)*1", -3]
				},
				"left_calf": {
					"rotation": ["34.8974-math.sin((query.anim_time)*144)*3", -2.86544, 4.09918]
				},
				"rightleg": {
					"rotation": ["25.3313-math.sin((query.anim_time-0.3)*144)*2", 12.50103, 18.76467],
					"position": [1, "-1-math.sin((query.anim_time)*144)*1", -3]
				},
				"right_calf": {
					"rotation": ["34.8974-math.sin((query.anim_time)*144)*3", 2.86544, -4.09918]
				},
				"Rred1": {
					"rotation": [0, "0+math.sin((query.anim_time)*144)*1", "0+math.sin((query.anim_time)*144)*1"]
				},
				"Rblue1": {
					"rotation": [0, "0+math.sin((query.anim_time)*144)*1", "0+math.sin((query.anim_time)*144)*1"]
				},
				"Left_arm": {
					"rotation": [5.00474, -2.49048, -0.21803]
				},
				"Right_arm": {
					"rotation": [5.00474, 2.49048, 0.21803]
				}
			}
		},
		"animation.deoxysdefense.sleep": {
			"loop": true,
			"animation_length": 2.5,
			"bones": {
				"body": {
					"rotation": [12.5, 0, 0],
					"position": [0, 0, -2.75]
				},
				"hips": {
					"rotation": ["10+math.sin((query.anim_time-0.5)*144)*1", 0, 0],
					"position": [0, "-3-math.sin((query.anim_time)*144)*0.5", -2]
				},
				"head": {
					"rotation": [5, 0, 0]
				},
				"leftarm_red": {
					"rotation": [0, 0, -5]
				},
				"Lred1": {
					"rotation": [0, "0-math.sin((query.anim_time)*144)*1", "-2.5-math.sin((query.anim_time)*144)*1"]
				},
				"Lred2": {
					"rotation": [0, "2.5-math.sin((query.anim_time-0.1)*144)*1", "5-math.sin((query.anim_time-0.1)*144)*1"]
				},
				"Lred3": {
					"rotation": [0, "2.5-math.sin((query.anim_time-0.2)*144)*1", "2.5-math.sin((query.anim_time-0.2)*144)*1"]
				},
				"Lred4": {
					"rotation": [0, "2.5-math.sin((query.anim_time-0.3)*144)*1", "5-math.sin((query.anim_time-0.3)*144)*1"]
				},
				"Lred5": {
					"rotation": [0, "2.5-math.sin((query.anim_time-0.4)*144)*1", "5-math.sin((query.anim_time-0.4)*144)*1"]
				},
				"leftarm_blue": {
					"rotation": [0, -5, 0],
					"position": [0, 1.5, 0]
				},
				"Lblue1": {
					"rotation": [0, "0-math.sin((query.anim_time)*144)*1", "-7.5-math.sin((query.anim_time)*144)*1"]
				},
				"Lblue2": {
					"rotation": [0, "2.5-math.sin((query.anim_time-0.1)*144)*1", "7.5-math.sin((query.anim_time-0.1)*144)*1"]
				},
				"Lblue3": {
					"rotation": [0, "2.5-math.sin((query.anim_time-0.2)*144)*1", "2.5-math.sin((query.anim_time-0.2)*144)*1"]
				},
				"Lblue4": {
					"rotation": [0, "2.5-math.sin((query.anim_time-0.3)*144)*1", "5-math.sin((query.anim_time-0.3)*144)*1"]
				},
				"Lblue5": {
					"rotation": [0, "2.5-math.sin((query.anim_time-0.4)*144)*1", "2.5-math.sin((query.anim_time-0.4)*144)*1"]
				},
				"rightarm_red": {
					"rotation": [0, 0, 7.5]
				},
				"Rred2": {
					"rotation": [0, "-2.5+math.sin((query.anim_time-0.1)*144)*1", "-5+math.sin((query.anim_time-0.1)*144)*1"]
				},
				"Rred3": {
					"rotation": [0, "-2.5+math.sin((query.anim_time-0.2)*144)*1", "-2.5+math.sin((query.anim_time-0.2)*144)*1"]
				},
				"Rred4": {
					"rotation": [0, "-2.5+math.sin((query.anim_time-0.3)*144)*1", "-5+math.sin((query.anim_time-0.3)*144)*1"]
				},
				"Rred5": {
					"rotation": [0, "-2.5+math.sin((query.anim_time-0.4)*144)*1", "-5+math.sin((query.anim_time-0.4)*144)*1"]
				},
				"rightarm_blue": {
					"rotation": [0, 5, 7.5],
					"position": [0, 2, 0]
				},
				"Rblue2": {
					"rotation": [0, "-2.5+math.sin((query.anim_time-0.1)*144)*1", "-7.5+math.sin((query.anim_time-0.1)*144)*1"]
				},
				"Rblue3": {
					"rotation": [0, "-2.5+math.sin((query.anim_time-0.2)*144)*1", "-2.5+math.sin((query.anim_time-0.2)*144)*1"]
				},
				"Rblue4": {
					"rotation": [0, "-2.5+math.sin((query.anim_time-0.3)*144)*1", "-5+math.sin((query.anim_time-0.3)*144)*1"]
				},
				"Rblue5": {
					"rotation": [0, "-2.5+math.sin((query.anim_time-0.4)*144)*1", "-2.5+math.sin((query.anim_time-0.4)*144)*1"]
				},
				"leftleg": {
					"rotation": ["-50.5204-math.sin((query.anim_time)*144)*2", -3.29921, -8.4309],
					"position": [0, "-2-math.sin((query.anim_time)*144)*0.5", -4]
				},
				"left_calf": {
					"rotation": ["82.2818-math.sin((query.anim_time)*144)*3", -10.2987, 5.10487],
					"position": [0, 1.5, 0]
				},
				"rightleg": {
					"rotation": ["-40.1862-math.sin((query.anim_time-0.3)*144)*2", 11.80938, 16.30713],
					"position": [1, "-2-math.sin((query.anim_time)*144)*0.5", -4]
				},
				"right_calf": {
					"rotation": ["77.0965-math.sin((query.anim_time)*144)*3", 12.61998, -6.3243],
					"position": [0, 1.5, 0]
				},
				"Rred1": {
					"rotation": [0, "0+math.sin((query.anim_time)*144)*1", "0+math.sin((query.anim_time)*144)*1"]
				},
				"Rblue1": {
					"rotation": [0, "0+math.sin((query.anim_time)*144)*1", "0+math.sin((query.anim_time)*144)*1"]
				},
				"Left_arm": {
					"rotation": [-9.65661, 3.04783, 6.83435]
				},
				"Right_arm": {
					"rotation": [-9.38163, -5.44701, -6.20758]
				},
				"lefteye": {
					"position": [0, 0, 1]
				},
				"righteye6": {
					"position": [0, 0, 1]
				},
				"eyelids": {
					"position": [0, 0, -1]
				}
			}
		},
		"animation.deoxysdefense.faint": {
			"loop": true,
			"animation_length": 3.16667,
			"bones": {
				"body": {
					"rotation": {
						"0.0": [2.5, 0, 0],
						"0.5833": {
							"pre": [22.5, 0, 0],
							"post": [22.5, 0, 0],
							"lerp_mode": "catmullrom"
						},
						"1.0417": {
							"post": [-0.31941, 1.2492, 3.97501],
							"lerp_mode": "catmullrom"
						},
						"1.1667": {
							"post": [-2.62499, -1.49659, 4.77294],
							"lerp_mode": "catmullrom"
						},
						"1.5": {
							"post": [22.33037, -2.03108, 6.47757],
							"lerp_mode": "catmullrom"
						},
						"1.75": {
							"post": [17.35932, -2.24944, 7.15656],
							"lerp_mode": "catmullrom"
						},
						"2.5": {
							"post": [-5.01564, -0.75155, 2.38443],
							"lerp_mode": "catmullrom"
						},
						"2.6667": {
							"post": [-15.01564, -0.75155, 2.38443],
							"lerp_mode": "catmullrom"
						},
						"2.9167": [14.98436, -0.75155, 2.38443]
					},
					"position": {
						"0.0": [0, 0, -0.5],
						"0.5833": {
							"pre": [0, 0, -4.5],
							"post": [0, 0, -4.5],
							"lerp_mode": "catmullrom"
						},
						"1.1667": {
							"post": [1, 0.01, 1.13],
							"lerp_mode": "catmullrom"
						},
						"1.5": {
							"post": [1.36, 0.01, -5],
							"lerp_mode": "catmullrom"
						},
						"1.75": {
							"post": [1.5, 0.5, -3.5],
							"lerp_mode": "catmullrom"
						},
						"2.5": {
							"post": [0.5, 0, 1.25],
							"lerp_mode": "catmullrom"
						},
						"2.6667": {
							"post": [0.5, -0.75, 3.5],
							"lerp_mode": "catmullrom"
						},
						"2.9167": [0.5, -0.25, -3.5]
					}
				},
				"hips": {
					"rotation": {
						"0.0": [0, 0, 0],
						"0.25": {
							"pre": [7.5, 0, 0],
							"post": [7.5, 0, 0],
							"lerp_mode": "catmullrom"
						},
						"0.5833": {
							"post": [9.23727, 11.2865, 9.23727],
							"lerp_mode": "catmullrom"
						},
						"1.1667": {
							"post": [8.2162, 12.04561, 4.19088],
							"lerp_mode": "catmullrom"
						},
						"1.5": {
							"post": [8.06855, -5.28068, 1.71742],
							"lerp_mode": "catmullrom"
						},
						"1.75": {
							"post": [9.27294, -2.62208, -15.62257],
							"lerp_mode": "catmullrom"
						},
						"1.9167": {
							"post": [8.83922, -1.3351, -7.8198],
							"lerp_mode": "catmullrom"
						},
						"2.2917": {
							"post": [-1.16078, -1.3351, -7.8198],
							"lerp_mode": "catmullrom"
						},
						"2.5": {
							"post": [-1.04, -1.43118, -12.82034],
							"lerp_mode": "catmullrom"
						},
						"2.9167": [-1.27272, -1.22886, -2.81968]
					},
					"position": {
						"0.0": [0, -4, -2],
						"0.25": {
							"pre": [0, -4, -5],
							"post": [0, -4, -5],
							"lerp_mode": "catmullrom"
						},
						"0.5833": {
							"post": [0.75, -3.75, -4.5],
							"lerp_mode": "catmullrom"
						},
						"1.1667": {
							"post": [0.5, -4, 1.25],
							"lerp_mode": "catmullrom"
						},
						"1.5": {
							"post": [-0.5, -4, 2.25],
							"lerp_mode": "catmullrom"
						},
						"1.9167": {
							"post": [0.25, -4, 2.25],
							"lerp_mode": "catmullrom"
						},
						"2.2917": {
							"post": [0.1, -5.36, 1.24],
							"lerp_mode": "catmullrom"
						},
						"2.5": {
							"post": [-0.32, -8.64, -0.49],
							"lerp_mode": "catmullrom"
						},
						"2.9167": [0.5, -19.75, -6.25]
					}
				},
				"head": {
					"rotation": {
						"0.0": [2.5, 0, 0],
						"0.4583": [10, 0, 0],
						"1.1667": [-2.5, 0, 0],
						"1.5": [7.5, 0, 0],
						"2.4583": [-7.5, 0, 0],
						"2.9583": [5, 0, 0],
						"3.0": [12.5, 0, 0]
					}
				},
				"leftarm_red": {
					"rotation": [0, 0, -5]
				},
				"Lred1": {
					"rotation": {
						"0.0": [0, 0, -2.5],
						"0.625": {
							"pre": [0, 5, -2.5],
							"post": [0, 5, -2.5],
							"lerp_mode": "catmullrom"
						},
						"0.9167": {
							"post": [0, 12.5, -2.5],
							"lerp_mode": "catmullrom"
						},
						"1.5": {
							"post": [-0.31017, 2.35467, -10.00637],
							"lerp_mode": "catmullrom"
						},
						"1.625": {
							"post": [-0.09118, -1.03555, -15.46036],
							"lerp_mode": "catmullrom"
						},
						"1.9167": {
							"post": [0.53994, -2.74105, -27.91823],
							"lerp_mode": "catmullrom"
						},
						"2.8333": [-0.67091, -8.85065, -0.31544]
					}
				},
				"Lred2": {
					"rotation": {
						"0.0": [0, 0, 5],
						"0.625": {
							"pre": [0, 5, 5],
							"post": [0, 5, 5],
							"lerp_mode": "catmullrom"
						},
						"0.9167": {
							"post": [0, 17.5, 5],
							"lerp_mode": "catmullrom"
						},
						"1.5": {
							"post": [0.78795, 17.48281, 7.62116],
							"lerp_mode": "catmullrom"
						},
						"1.625": {
							"post": [1.5741, 17.43127, 10.24133],
							"lerp_mode": "catmullrom"
						},
						"2.25": {
							"post": [-3.44229, 17.17105, -6.51031],
							"lerp_mode": "catmullrom"
						},
						"2.375": {
							"post": [-3.90399, 17.07228, -8.08619],
							"lerp_mode": "catmullrom"
						},
						"2.6667": [-3.90399, 17.07228, -8.08619]
					}
				},
				"Lred3": {
					"rotation": {
						"0.0": [0, 0, 2.5],
						"0.625": {
							"pre": [0, -2.5, 2.5],
							"post": [0, -2.5, 2.5],
							"lerp_mode": "catmullrom"
						},
						"0.9167": {
							"post": [0, 5, 2.5],
							"lerp_mode": "catmullrom"
						},
						"1.1667": {
							"post": [0, 10, 2.5],
							"lerp_mode": "catmullrom"
						},
						"1.5": {
							"post": [0.50846, 11.48891, 5.05115],
							"lerp_mode": "catmullrom"
						},
						"1.625": {
							"post": [1.44145, 12.91804, 9.08791],
							"lerp_mode": "catmullrom"
						},
						"2.375": {
							"post": [-3.31914, 14.63639, -10.42638],
							"lerp_mode": "catmullrom"
						},
						"2.6667": [-6.46066, 13.56626, -23.26926],
						"3.0": [-2.00307, 14.8687, -5.2614]
					}
				},
				"Lred4": {
					"rotation": {
						"0.0": [0, 0, 5],
						"0.625": {
							"pre": [0, -7.5, 5],
							"post": [0, -7.5, 5],
							"lerp_mode": "catmullrom"
						},
						"0.9167": {
							"post": [0, -10, 5],
							"lerp_mode": "catmullrom"
						},
						"1.1667": {
							"post": [0, 15, 5],
							"lerp_mode": "catmullrom"
						},
						"1.5": {
							"post": [0.33769, 14.97839, 12.58022],
							"lerp_mode": "catmullrom"
						},
						"2.375": {
							"post": [-3.20293, 14.6109, -17.97013],
							"lerp_mode": "catmullrom"
						},
						"2.6667": {
							"post": [-1.2506, 2.16489, -25.02363],
							"lerp_mode": "catmullrom"
						},
						"2.9583": [-0.85553, 2.34914, -15.01754]
					}
				},
				"Lred5": {
					"rotation": {
						"0.0": [0, 0, 5],
						"0.625": {
							"pre": [0, -10, 5],
							"post": [0, -10, 5],
							"lerp_mode": "catmullrom"
						},
						"0.9167": {
							"post": [0, -12.88462, 5],
							"lerp_mode": "catmullrom"
						},
						"1.1667": {
							"post": [0, 12.5, 5],
							"lerp_mode": "catmullrom"
						},
						"1.625": {
							"post": [1.10693, 12.45167, 10.12076],
							"lerp_mode": "catmullrom"
						},
						"2.375": {
							"post": [-3.81397, 11.91276, -12.89807],
							"lerp_mode": "catmullrom"
						},
						"2.6667": {
							"post": [-5.84485, 11.06861, -23.06681],
							"lerp_mode": "catmullrom"
						},
						"2.9583": [-5.84485, 11.06861, -23.06681]
					}
				},
				"leftarm_blue": {
					"rotation": [0, -5, 0],
					"position": [0, 1.5, 0]
				},
				"Lblue1": {
					"rotation": {
						"0.0": [0, 0, -7.5],
						"0.625": {
							"pre": [0, 25, -7.5],
							"post": [0, 25, -7.5],
							"lerp_mode": "catmullrom"
						},
						"0.9167": {
							"post": [4.75346, 32.18826, 1.37221],
							"lerp_mode": "catmullrom"
						},
						"1.1667": {
							"post": [9.36302, 31.26463, 10.12528],
							"lerp_mode": "catmullrom"
						},
						"1.375": {
							"post": [13.89398, 40.06673, 18.61173],
							"lerp_mode": "catmullrom"
						},
						"1.5417": [17.84529, 38.69787, 24.83516]
					}
				},
				"Lblue2": {
					"rotation": {
						"0.0": [0, 0, 7.5],
						"0.625": {
							"pre": [0, 5, 7.5],
							"post": [0, 5, 7.5],
							"lerp_mode": "catmullrom"
						},
						"0.9167": {
							"post": [3.31914, 14.63639, 20.42638],
							"lerp_mode": "catmullrom"
						},
						"1.1667": {
							"post": [5.17066, 19.25347, 26.02098],
							"lerp_mode": "catmullrom"
						},
						"1.375": {
							"post": [10.10282, 17.24698, 41.6794],
							"lerp_mode": "catmullrom"
						},
						"1.5417": [11.58423, 16.30568, 46.80851]
					}
				},
				"Lblue3": {
					"rotation": {
						"0.0": [0, 0, 2.5],
						"0.625": {
							"pre": [0, 5, 2.5],
							"post": [0, 5, 2.5],
							"lerp_mode": "catmullrom"
						},
						"0.9167": {
							"post": [0.69346, 19.95609, 10.20847],
							"lerp_mode": "catmullrom"
						},
						"1.1667": {
							"post": [5.1662, 19.31415, 23.46614],
							"lerp_mode": "catmullrom"
						},
						"1.375": [11.60257, 16.36391, 44.2603]
					}
				},
				"Lblue4": {
					"rotation": {
						"0.0": [0, 0, 5],
						"0.625": {
							"pre": [0, -5, 5],
							"post": [0, -5, 5],
							"lerp_mode": "catmullrom"
						},
						"0.9167": {
							"post": [0.87481, 7.57471, -4.84739],
							"lerp_mode": "catmullrom"
						},
						"1.1667": {
							"post": [-0.46886, 12.6107, -14.97723],
							"lerp_mode": "catmullrom"
						},
						"1.375": {
							"post": [1.76366, 12.4974, -4.7323],
							"lerp_mode": "catmullrom"
						},
						"1.5417": [5.48634, 11.38171, 13.12172]
					}
				},
				"Lblue5": {
					"rotation": {
						"0.0": [0, 0, 2.5],
						"0.625": {
							"pre": [0, -12.5, 2.5],
							"post": [0, -12.5, 2.5],
							"lerp_mode": "catmullrom"
						},
						"0.9167": {
							"post": [2.69416, -4.70751, -9.93397],
							"lerp_mode": "catmullrom"
						},
						"1.1667": {
							"post": [2.72406, -9.70193, -10.1721],
							"lerp_mode": "catmullrom"
						},
						"1.375": {
							"post": [2.68707, -2.21027, -9.8164],
							"lerp_mode": "catmullrom"
						},
						"1.5417": {
							"post": [2.86935, -1.96776, -14.81385],
							"lerp_mode": "catmullrom"
						},
						"1.625": {
							"post": [1.76914, -2.99583, 10.18917],
							"lerp_mode": "catmullrom"
						},
						"1.7083": [1.22169, -3.25747, 20.2007]
					}
				},
				"rightarm_red": {
					"rotation": [0, 0, 7.5]
				},
				"Rred2": {
					"rotation": {
						"0.0": [0, 0, -5],
						"0.4583": {
							"pre": [0, 2.5, -5],
							"post": [0, 2.5, -5],
							"lerp_mode": "catmullrom"
						},
						"0.875": {
							"post": [0, 7.5, -5],
							"lerp_mode": "catmullrom"
						},
						"1.25": {
							"post": [0.07933, 1.81645, -2.49874],
							"lerp_mode": "catmullrom"
						},
						"2.0": {
							"post": [0, -12.5, -5],
							"lerp_mode": "catmullrom"
						},
						"2.2917": {
							"post": [-2.20462, -12.3071, 5.23772],
							"lerp_mode": "catmullrom"
						},
						"2.7917": [-2.15394, 0.18393, 4.76066],
						"3.0": [-2.02323, 2.8669, 9.6667]
					}
				},
				"Rred3": {
					"rotation": {
						"0.0": [0, 0, -2.5],
						"0.4583": {
							"pre": [-0.65426, 4.95712, -10.02832],
							"post": [-0.65426, 4.95712, -10.02832],
							"lerp_mode": "catmullrom"
						},
						"0.875": {
							"post": [0, 10, -2.5],
							"lerp_mode": "catmullrom"
						},
						"1.25": {
							"post": [0, 0, 7.5],
							"lerp_mode": "catmullrom"
						},
						"2.0": {
							"post": [1.63219, -7.32123, -15.10443],
							"lerp_mode": "catmullrom"
						},
						"2.2917": {
							"post": [-1.63219, -7.32123, 10.10443],
							"lerp_mode": "catmullrom"
						},
						"2.5833": {
							"post": [-2.22383, -4.39114, 17.54757],
							"lerp_mode": "catmullrom"
						},
						"2.875": [-1.62551, 5.17376, 9.74976]
					}
				},
				"Rred4": {
					"rotation": {
						"0.0": [0, 0, -5],
						"0.4583": {
							"pre": [-0.43688, 4.98093, -10.019],
							"post": [-0.43688, 4.98093, -10.019],
							"lerp_mode": "catmullrom"
						},
						"0.875": {
							"post": [0, 10, -5],
							"lerp_mode": "catmullrom"
						},
						"1.25": {
							"post": [1.0014, 3.7318, 10.03262],
							"lerp_mode": "catmullrom"
						},
						"2.0": {
							"post": [1.08482, -4.88119, -17.54624],
							"lerp_mode": "catmullrom"
						},
						"2.2917": {
							"post": [-1.08482, -4.88119, 7.54624],
							"lerp_mode": "catmullrom"
						},
						"2.7083": [-1.71394, -4.69776, 15.07031]
					}
				},
				"Rred5": {
					"rotation": {
						"0.0": [0, 0, -5],
						"0.4583": {
							"pre": [-0.32902, 7.49282, -7.52154],
							"post": [-0.32902, 7.49282, -7.52154],
							"lerp_mode": "catmullrom"
						},
						"0.875": {
							"post": [-1.24053, 1.21132, -6.18024],
							"lerp_mode": "catmullrom"
						},
						"1.25": {
							"post": [-1.62543, -4.06773, 14.02824],
							"lerp_mode": "catmullrom"
						},
						"2.0": {
							"post": [3.28396, -12.06754, -20.34721],
							"lerp_mode": "catmullrom"
						},
						"2.2917": [-5.35254, -11.31255, 20.53051]
					}
				},
				"rightarm_blue": {
					"rotation": [0, 5, 7.5],
					"position": [0, 2, 0]
				},
				"Rblue2": {
					"rotation": {
						"0.0": [0, 0, -7.5],
						"0.625": {
							"pre": [0, 7.5, -7.5],
							"post": [0, 7.5, -7.5],
							"lerp_mode": "catmullrom"
						},
						"1.2083": {
							"post": [0, 2.5, -7.5],
							"lerp_mode": "catmullrom"
						},
						"1.5": {
							"post": [0, -7.5, -7.5],
							"lerp_mode": "catmullrom"
						},
						"2.375": {
							"post": [-0.6574, -7.4713, -2.45708],
							"lerp_mode": "catmullrom"
						},
						"2.7917": [-0.98448, -7.43547, 0.06397]
					}
				},
				"Rblue3": {
					"rotation": {
						"0.0": [0, 0, -2.5],
						"0.625": {
							"pre": [0, 10, -2.5],
							"post": [0, 10, -2.5],
							"lerp_mode": "catmullrom"
						},
						"1.2083": {
							"post": [0, 12.5, -2.5],
							"lerp_mode": "catmullrom"
						},
						"1.5": {
							"post": [0, -15, -2.5],
							"lerp_mode": "catmullrom"
						},
						"1.8333": {
							"post": [2.00307, -14.8687, -10.2614],
							"lerp_mode": "catmullrom"
						},
						"2.375": {
							"post": [-0.0337, -7.62574, 5.13022],
							"lerp_mode": "catmullrom"
						},
						"2.5417": {
							"post": [-1.365, -7.50337, 15.21748],
							"lerp_mode": "catmullrom"
						},
						"2.7917": {
							"post": [-1.69273, -7.43666, 17.73799],
							"lerp_mode": "catmullrom"
						},
						"3.0833": [-2.01714, -7.35572, 20.25764]
					}
				},
				"Rblue4": {
					"rotation": {
						"0.0": [0, 0, -5],
						"0.625": {
							"pre": [0, 10, -5],
							"post": [0, 10, -5],
							"lerp_mode": "catmullrom"
						},
						"1.2083": {
							"post": [1.63219, 7.32123, 7.60443],
							"lerp_mode": "catmullrom"
						},
						"1.5": {
							"post": [0, -10, -5],
							"lerp_mode": "catmullrom"
						},
						"1.8333": {
							"post": [1.75378, -9.84655, -15.15108],
							"lerp_mode": "catmullrom"
						},
						"2.0": {
							"post": [1.75378, -9.84655, -15.15108],
							"lerp_mode": "catmullrom"
						},
						"2.375": {
							"post": [-1.75378, -9.84655, 5.15108],
							"lerp_mode": "catmullrom"
						},
						"2.7917": {
							"post": [-2.55898, 0.44587, 12.26469],
							"lerp_mode": "catmullrom"
						},
						"3.0833": [-2.53712, 0.55703, 14.76232]
					}
				},
				"Rblue5": {
					"rotation": {
						"0.0": [0, 0, -2.5],
						"0.625": {
							"pre": [0, 15, -2.5],
							"post": [0, 15, -2.5],
							"lerp_mode": "catmullrom"
						},
						"1.2083": {
							"post": [0.9675, 16.68224, 10.2439],
							"lerp_mode": "catmullrom"
						},
						"1.5": {
							"post": [0, -15, -2.5],
							"lerp_mode": "catmullrom"
						},
						"1.8333": {
							"post": [3.96713, -14.47751, -18.00409],
							"lerp_mode": "catmullrom"
						},
						"2.0": {
							"post": [6.46066, -13.56626, -28.26926],
							"lerp_mode": "catmullrom"
						},
						"2.375": {
							"post": [-6.46066, -13.56626, 23.26926],
							"lerp_mode": "catmullrom"
						},
						"2.7917": [-2.06196, -13.48941, 25.8394]
					}
				},
				"leftleg": {
					"rotation": {
						"0.0": [-21.616, -13.54835, -8.4039],
						"0.25": {
							"pre": [-31.616, -13.54835, -8.4039],
							"post": [-31.616, -13.54835, -8.4039],
							"lerp_mode": "catmullrom"
						},
						"0.5833": {
							"post": [-36.616, -13.54835, -8.4039],
							"lerp_mode": "catmullrom"
						},
						"1.5": {
							"post": [-49.116, -13.54835, -8.4039],
							"lerp_mode": "catmullrom"
						},
						"1.6667": {
							"post": [-58.116, -13.54835, -8.4039],
							"lerp_mode": "catmullrom"
						},
						"1.9167": [-46.616, -13.54835, -8.4039],
						"2.2083": [-46.616, -13.54835, -8.4039],
						"2.875": [-25.60456, 2.37138, -9.51616]
					},
					"position": {
						"0.0": [0, -2, -3],
						"0.25": {
							"pre": [0.5, -3.5, -5.75],
							"post": [0.5, -3.5, -5.75],
							"lerp_mode": "catmullrom"
						},
						"0.5833": {
							"post": [0.5, -5.5, -5.5],
							"lerp_mode": "catmullrom"
						},
						"1.125": {
							"post": [0.35, -5.25, -0.92],
							"lerp_mode": "catmullrom"
						},
						"1.5": {
							"post": [0.25, -5.5, 2.25],
							"lerp_mode": "catmullrom"
						},
						"1.9167": [0.25, -5.25, 2.5],
						"2.2083": [0.25, -5.25, 2.5],
						"2.5833": [0.73, -10.46, -2.62],
						"2.875": [1.6, -18.85, -7.03]
					}
				},
				"left_calf": {
					"rotation": {
						"0.0": [34.8974, -2.86544, 4.09918],
						"0.25": {
							"pre": [52.29447, -4.84484, 5.6298],
							"post": [52.29447, -4.84484, 5.6298],
							"lerp_mode": "catmullrom"
						},
						"0.5833": {
							"post": [64.79447, -4.84484, 5.6298],
							"lerp_mode": "catmullrom"
						},
						"1.5": {
							"post": [49.63028, -6.75199, 7.2546],
							"lerp_mode": "catmullrom"
						},
						"1.6667": {
							"post": [64.63028, -6.75199, 7.2546],
							"lerp_mode": "catmullrom"
						},
						"1.9167": [54.86819, -2.66795, 4.35965],
						"2.2083": [54.86819, -2.66795, 4.35965],
						"2.5833": {
							"pre": [73.75708, -2.66795, 4.35965],
							"post": [73.75708, -2.66795, 4.35965],
							"lerp_mode": "catmullrom"
						},
						"2.7083": {
							"post": [79.86819, -2.66795, 4.35965],
							"lerp_mode": "catmullrom"
						},
						"2.875": [94.86819, -2.66795, 4.35965]
					},
					"position": {
						"0.0": [0, 0, 0],
						"0.5833": [0, 0.5, 0],
						"1.9167": [0, 0.2, 0],
						"2.2083": [0, 0.2, 0],
						"2.875": [0, 1.5, 0]
					}
				},
				"rightleg": {
					"rotation": {
						"0.0": [-15.3592, 29.92351, 11.6936],
						"0.25": [-15.3592, 29.92351, 11.6936],
						"1.125": [20.01516, 7.24542, 15.90522],
						"1.5417": [20.01516, 7.24542, 15.90522],
						"1.7083": [22.51516, 7.24542, 15.90522],
						"1.9167": [20.01516, 7.24542, 15.90522],
						"2.2083": [20.01516, 7.24542, 15.90522]
					},
					"position": {
						"0.0": [1, -2, -3],
						"0.25": [1, -2, -5.5],
						"1.125": [1, -2, 0.5],
						"1.5417": [1, -2, 0.5],
						"1.7083": [0.75, -3, -1.5],
						"1.9167": [1, -2.25, 0.5],
						"2.2083": [1, -2.25, 0.5],
						"2.875": [1, -18, -7.5]
					}
				},
				"right_calf": {
					"rotation": {
						"0.0": [34.8974, 2.86544, -4.09918],
						"0.25": [47.3974, 2.86544, -4.09918],
						"0.5833": [75.1355, 2.86544, -4.09918],
						"1.125": [34.8974, 2.86544, -4.09918],
						"1.5417": [34.8974, 2.86544, -4.09918],
						"1.7083": [37.3974, 2.86544, -4.09918],
						"1.9167": [34.8974, 2.86544, -4.09918],
						"2.2083": [34.8974, 2.86544, -4.09918],
						"2.875": [89.8974, 2.86544, -4.09918]
					},
					"position": {
						"0.0": [0, 0, 0],
						"1.9167": [0, 0.59, 0],
						"2.2083": [0, 0.59, 0],
						"2.875": [0, 2, 0]
					}
				},
				"Rred1": {
					"rotation": {
						"0.0": [0, 0, 0],
						"0.4583": {
							"pre": [-1.60508, -9.02623, 10.1267],
							"post": [-1.60508, -9.02623, 10.1267],
							"lerp_mode": "catmullrom"
						},
						"0.875": {
							"post": [0, -17.5, 0],
							"lerp_mode": "catmullrom"
						},
						"1.25": [0, -25, 0]
					}
				},
				"Rblue1": {
					"rotation": {
						"0.0": [0, 0, 0],
						"1.2083": [0, -15, 0],
						"1.5": [0.69958, -12.17241, -2.2668]
					}
				},
				"lefteye": {
					"position": {
						"0.0": [0, 0, 0],
						"0.9583": [0, 0, 0],
						"1.0": [0, 0, 1]
					}
				},
				"righteye6": {
					"position": {
						"0.0": [0, 0, 0],
						"0.9583": [0, 0, 0],
						"1.0": [0, 0, 1]
					}
				},
				"eyelids": {
					"position": {
						"0.0": [0, 0, 0],
						"1.0": [0, 0, -1]
					}
				},
				"left_thigh": {
					"rotation": {
						"0.0": [0, 0, 0],
						"0.25": {
							"pre": [4.99527, 0.21782, -2.4905],
							"post": [4.99527, 0.21782, -2.4905],
							"lerp_mode": "catmullrom"
						},
						"0.5833": {
							"post": [2.49527, 0.21782, -2.4905],
							"lerp_mode": "catmullrom"
						},
						"1.5": {
							"post": [9.99527, 0.21782, -2.4905],
							"lerp_mode": "catmullrom"
						},
						"1.9167": [17.49527, 0.21782, -2.4905],
						"2.2083": [17.49527, 0.21782, -2.4905]
					},
					"position": [0, 0, 0]
				},
				"right_thigh": {
					"rotation": {
						"0.0": [0, 0, 0],
						"0.25": [-7.5, 0, 0],
						"0.5833": [-22.5, 0, 0]
					},
					"position": {
						"0.0": [0, 0, 0],
						"0.5833": [-0.25, 0, -2.25]
					}
				}
			}
		},
		"animation.deoxysdefense.battle_stance": {
			"loop": true,
			"animation_length": 2.5,
			"bones": {
				"body": {
					"rotation": [2.5, "0-math.sin((query.anim_time)*144)*5", 0],
					"position": [0, 0, -0.5]
				},
				"hips": {
					"rotation": [0, "0-math.sin((query.anim_time)*144)*3", 0],
					"position": ["0-math.sin((query.anim_time)*144)*1", "-4-math.sin((query.anim_time)*288)*0.4", -2]
				},
				"head": {
					"rotation": [2.5, "0+math.sin((query.anim_time)*144)*4", 0]
				},
				"leftarm_red": {
					"rotation": [0, 0, -5]
				},
				"Lred1": {
					"rotation": ["0-math.sin((query.anim_time)*144)*5", "0-math.sin((query.anim_time-0.6)*144)*4.5", -2.5]
				},
				"Lred2": {
					"rotation": [0, "0-math.sin((query.anim_time-0.3)*144)*3", 5]
				},
				"Lred3": {
					"rotation": [0, "0-math.sin((query.anim_time-0.4)*144)*3", 2.5]
				},
				"Lred4": {
					"rotation": [0, "0-math.sin((query.anim_time-0.5)*144)*3", 5]
				},
				"Lred5": {
					"rotation": [0, "0-math.sin((query.anim_time-0.6)*144)*3", 5]
				},
				"leftarm_blue": {
					"rotation": [0, -5, 0],
					"position": [0, 1.5, 0]
				},
				"Lblue1": {
					"rotation": ["0-math.sin((query.anim_time)*144)*5", "-math.sin((query.anim_time-0.7)*144)*4", -7.5]
				},
				"Lblue2": {
					"rotation": [0, "0-math.sin((query.anim_time-0.4)*144)*3", 7.5]
				},
				"Lblue3": {
					"rotation": [0, "0-math.sin((query.anim_time-0.5)*144)*3", 2.5]
				},
				"Lblue4": {
					"rotation": [0, "0-math.sin((query.anim_time-0.6)*144)*3", 5]
				},
				"Lblue5": {
					"rotation": [0, "0-math.sin((query.anim_time-0.7)*144)*3", 2.5]
				},
				"rightarm_red": {
					"rotation": [0, 0, 7.5]
				},
				"Rred2": {
					"rotation": [0, "0-math.sin((query.anim_time-0.3)*144)*3", -5]
				},
				"Rred3": {
					"rotation": [0, "0-math.sin((query.anim_time-0.4)*144)*3", -2.5]
				},
				"Rred4": {
					"rotation": [0, "0-math.sin((query.anim_time-0.5)*144)*3", -5]
				},
				"Rred5": {
					"rotation": [0, "0-math.sin((query.anim_time-0.6)*144)*3", -5]
				},
				"rightarm_blue": {
					"rotation": [0, 5, 7.5],
					"position": [0, 2, 0]
				},
				"Rblue2": {
					"rotation": [0, "0-math.sin((query.anim_time-0.4)*144)*3", -7.5]
				},
				"Rblue3": {
					"rotation": [0, "0-math.sin((query.anim_time-0.5)*144)*3", -2.5]
				},
				"Rblue4": {
					"rotation": [0, "0-math.sin((query.anim_time-0.6)*144)*3", -5]
				},
				"Rblue5": {
					"rotation": [0, "0-math.sin((query.anim_time-0.7)*144)*3", -2.5]
				},
				"leftleg": {
					"rotation": ["-21.616-math.sin((query.anim_time)*288)*3", -13.54835, "-8.4039-math.sin((query.anim_time)*144)*1.6"],
					"position": ["0-math.sin((query.anim_time)*144)*1", "-2-math.sin((query.anim_time)*288)*0.4", -3]
				},
				"left_calf": {
					"rotation": ["34.8974+math.sin((query.anim_time)*288)*5", -2.86544, 4.09918]
				},
				"rightleg": {
					"rotation": ["-15.3592-math.sin((query.anim_time)*288)*3", 29.92351, "11.6936-math.sin((query.anim_time)*144)*1.6"],
					"position": ["1-math.sin((query.anim_time)*144)*1", "-2-math.sin((query.anim_time)*288)*0.4", -3]
				},
				"right_calf": {
					"rotation": ["34.8974+math.sin((query.anim_time)*288)*5", 2.86544, -4.09918]
				},
				"Rred1": {
					"rotation": ["0-math.sin((query.anim_time)*144)*5", "-math.sin((query.anim_time-0.6)*144)*4.5", 0]
				},
				"Rblue1": {
					"rotation": ["0-math.sin((query.anim_time)*144)*5", "0-math.sin((query.anim_time-0.7)*144)*4", 0]
				}
			}
		}
	}
}