{
	"format_version": "1.12.0",
	"minecraft:geometry": [
		{
			"description": {
				"identifier": "geometry.Mewtwo",
				"texture_width": 128,
				"texture_height": 128,
				"visible_bounds_width": 9,
				"visible_bounds_height": 4.5,
				"visible_bounds_offset": [0, 1.75, 0]
			},
			"bones": [
				{
					"name": "mewtwo",
					"pivot": [0, 0, 0]
				},
				{
					"name": "body",
					"parent": "mewtwo",
					"pivot": [0, 0, 0]
				},
				{
					"name": "torso_lower",
					"parent": "body",
					"pivot": [0, 18, 7],
					"cubes": [
						{"origin": [-4, 12, 1], "size": [8, 9, 9], "pivot": [0, 0, 0], "rotation": [-5, 0, 0], "uv": [0, 0]}
					]
				},
				{
					"name": "torso_middle",
					"parent": "torso_lower",
					"pivot": [0, 20, 7],
					"cubes": [
						{"origin": [-3, 16, 3.5], "size": [6, 8, 6], "uv": [26, 35]}
					]
				},
				{
					"name": "torso_upper",
					"parent": "torso_middle",
					"pivot": [0, 23, 7],
					"cubes": [
						{"origin": [-3, 24, -1.5], "size": [6, 6, 7], "inflate": 0.01, "pivot": [0, -1, 0], "rotation": [-10, 0, 0], "uv": [0, 18]},
						{"origin": [-2, 25, -1.5], "size": [4, 5, 1], "inflate": 0.14, "pivot": [0, -1, 0], "rotation": [-10, 0, 0], "uv": [68, 54]},
						{"origin": [-3, 26, -1.5], "size": [6, 4, 7], "inflate": 0.15, "pivot": [0, -1, 0], "rotation": [-10, 0, 0], "uv": [23, 24]},
						{"origin": [-0.5, 24.5, -6.5], "size": [1, 3, 1], "pivot": [0, -1, 0], "rotation": [-20, 0, 0], "uv": [25, 0]}
					]
				},
				{
					"name": "bone10",
					"parent": "torso_upper",
					"pivot": [-1, -0.54687, 0.65462],
					"cubes": [
						{"origin": [4.5, 22.8, 15], "size": [1, 2, 8], "pivot": [-1, -0.54687, 0.65462], "rotation": [15, -45, 0], "uv": [32, 118], "mirror": true},
						{"origin": [5, 22.8, 18], "size": [0, 2, 10], "pivot": [-1, -0.54687, 0.65462], "rotation": [15, -45, 0], "uv": [34, 102], "mirror": true}
					]
				},
				{
					"name": "bone11",
					"parent": "torso_upper",
					"pivot": [1, -0.54687, 0.65462],
					"cubes": [
						{"origin": [-5.5, 22.8, 15], "size": [1, 2, 8], "pivot": [1, -0.54687, 0.65462], "rotation": [15, 45, 0], "uv": [32, 118]},
						{"origin": [-5, 22.8, 18], "size": [0, 2, 10], "pivot": [1, -0.54687, 0.65462], "rotation": [15, 45, 0], "uv": [34, 102]}
					]
				},
				{
					"name": "neck",
					"parent": "torso_upper",
					"pivot": [0, 30, 5],
					"cubes": [
						{"origin": [-1, 28, 4.5], "size": [2, 4, 2], "uv": [12, 74]}
					]
				},
				{
					"name": "head",
					"parent": "neck",
					"pivot": [0, 32, 6],
					"cubes": [
						{"origin": [-3.5, 32, 4.25], "size": [7, 6, 6], "uv": [0, 31]},
						{"origin": [3.49, 33.5, 4.5], "size": [0, 6, 6], "pivot": [4, 38, 5], "rotation": [15, 0, 0], "uv": [0, 77]},
						{"origin": [-3.49, 33.5, 4.5], "size": [0, 6, 6], "pivot": [-4, 38, 5], "rotation": [15, 0, 0], "uv": [0, 77], "mirror": true},
						{"origin": [0.19711, 36, 0.79289], "size": [0, 3, 5], "pivot": [0, 38, 1], "rotation": [15, 45, 0], "uv": [43, 87]},
						{"origin": [-0.19711, 36, 0.79289], "size": [0, 3, 5], "pivot": [0, 38, 1], "rotation": [15, -45, 0], "uv": [43, 87], "mirror": true},
						{"origin": [-5.5, 32, 0.5], "size": [5, 6, 5], "inflate": -0.01, "pivot": [0, -1, 0], "rotation": [0, 45, 0], "uv": [24, 49]},
						{"origin": [2.20711, 33, 1.96447], "size": [0, 4, 1], "pivot": [2, 34, 3], "rotation": [-30, 45, 0], "uv": [35, 60]},
						{"origin": [-3.20711, 33, 2.96447], "size": [0, 4, 1], "pivot": [-3, 34, 4], "rotation": [30, -45, 0], "uv": [35, 60], "mirror": true},
						{"origin": [-5.5, 36, 0.5], "size": [5, 2, 5], "inflate": 0.01, "pivot": [0, -1, 0], "rotation": [0, 45, 0], "uv": [24, 49]},
						{"origin": [-5.5, 32, 0.5], "size": [5, 2, 5], "inflate": 0.01, "pivot": [0, -1, 0], "rotation": [0, 45, 0], "uv": [34, 77]}
					]
				},
				{
					"name": "bone12",
					"parent": "head",
					"pivot": [0, 38, 3],
					"cubes": [
						{"origin": [-1.5, 36.78719, 2.50833], "size": [3, 1, 8], "inflate": 0.01, "pivot": [0, 38, 3], "rotation": [40, 0, 0], "uv": [46, 77]},
						{"origin": [-6.25, 36.78719, 7.25], "size": [2, 1, 2], "pivot": [0, 38, 3], "rotation": [49.87926, 32.79775, 32.73241], "uv": [78, 42]}
					]
				},
				{
					"name": "handle",
					"parent": "head",
					"pivot": [0, 30.45313, 9.65462],
					"rotation": [-20, 0, 0],
					"cubes": [
						{"origin": [-1, 11.3764, 39.29124], "size": [2, 5, 2], "inflate": 0.001, "pivot": [0, -3.1236, 8.04124], "rotation": [60, 0, 0], "uv": [94, 0]},
						{"origin": [-1, 27.6764, 19.28662], "size": [2, 3, 2], "inflate": 0.01, "pivot": [0, -3.1236, 8.04124], "rotation": [15, 0, 0], "uv": [82, 0]},
						{"origin": [-1, 25.17327, 2.13662], "size": [2, 5, 2], "inflate": 0.001, "pivot": [0, -3.1236, 8.04124], "rotation": [-15, 0, 0], "uv": [83, 13]}
					]
				},
				{
					"name": "bone24",
					"parent": "head",
					"pivot": [0, 2, -10],
					"rotation": [-15, 0, 0],
					"cubes": [
						{"origin": [7.5, 37, -4.75], "size": [1, 6, 2], "pivot": [0, 2, -10], "rotation": [0, 0, -15], "uv": [0, 73]},
						{"origin": [8, 41.5, -4.75], "size": [0, 2, 4], "pivot": [0, 2, -10], "rotation": [0, 0, -15], "uv": [20, 31]}
					]
				},
				{
					"name": "bone25",
					"parent": "head",
					"pivot": [0, 2, -10],
					"rotation": [-15, 0, 0],
					"cubes": [
						{"origin": [-8.5, 37, -4.75], "size": [1, 6, 2], "pivot": [0, 2, -10], "rotation": [0, 0, 15], "uv": [0, 73], "mirror": true},
						{"origin": [-8, 41.5, -4.75], "size": [0, 2, 4], "pivot": [0, 2, -10], "rotation": [0, 0, 15], "uv": [20, 31], "mirror": true}
					]
				},
				{
					"name": "bone7",
					"parent": "head",
					"pivot": [0, -1, 0]
				},
				{
					"name": "bone22",
					"parent": "bone7",
					"pivot": [0, -1, 0]
				},
				{
					"name": "bone20",
					"parent": "bone22",
					"pivot": [0, -1, 0]
				},
				{
					"name": "bone21",
					"parent": "bone20",
					"pivot": [0, -1, 0]
				},
				{
					"name": "bone23",
					"parent": "bone22",
					"pivot": [0, -1, 0]
				},
				{
					"name": "bone8",
					"parent": "head",
					"pivot": [0, -1, 0]
				},
				{
					"name": "bone19",
					"parent": "bone8",
					"pivot": [0, -1, 0]
				},
				{
					"name": "arm_left",
					"parent": "torso_upper",
					"pivot": [3, 29, 7],
					"cubes": [
						{"origin": [2.5, 25.5, 5], "size": [2, 3, 3], "uv": [16, 68], "mirror": true}
					]
				},
				{
					"name": "arm_left2",
					"parent": "arm_left",
					"pivot": [4, 28, 7],
					"cubes": [
						{"origin": [3, 26.5, 5], "size": [4, 2, 3], "inflate": 0.01, "uv": [63, 123]},
						{"origin": [4.54, 27.5, 6], "size": [4, 1, 1], "uv": [59, 117]},
						{"origin": [4, 26, 5.5], "size": [7, 2, 2], "uv": [58, 0], "mirror": true}
					]
				},
				{
					"name": "arm_left3",
					"parent": "arm_left2",
					"pivot": [11, 28, 6],
					"cubes": [
						{"origin": [11, 26, 5.5], "size": [6, 2, 2], "uv": [62, 17], "mirror": true},
						{"origin": [10.5, 27.45313, 5.5], "size": [3, 1, 2], "inflate": 0.01, "uv": [7, 125]},
						{"origin": [13.5, 25.45313, 4.5], "size": [5, 3, 4], "inflate": 0.01, "uv": [17, 110]}
					]
				},
				{
					"name": "hand_left",
					"parent": "arm_left3",
					"pivot": [17, 28, 7],
					"cubes": [
						{"origin": [17, 26, 5], "size": [4, 2, 3], "uv": [52, 66], "mirror": true}
					]
				},
				{
					"name": "finger_middle_left",
					"parent": "hand_left",
					"pivot": [21, 27, 5],
					"rotation": [0, -90, 0],
					"cubes": [
						{"origin": [21, 26.5, 3.5], "size": [1, 1, 2], "uv": [73, 38], "mirror": true}
					]
				},
				{
					"name": "bone2",
					"parent": "finger_middle_left",
					"pivot": [21, 27, 4],
					"cubes": [
						{"origin": [21, 26.5, 2.5], "size": [1, 1, 1], "inflate": 0.2, "uv": [3, 23], "mirror": true}
					]
				},
				{
					"name": "finger_outer_left",
					"parent": "hand_left",
					"pivot": [21, 27, 7],
					"rotation": [0, -90, 0],
					"cubes": [
						{"origin": [21, 26.5, 5.5], "size": [1, 1, 2], "uv": [27, 61], "mirror": true}
					]
				},
				{
					"name": "bone3",
					"parent": "finger_outer_left",
					"pivot": [21, 27, 6],
					"cubes": [
						{"origin": [21, 26.5, 4.5], "size": [1, 1, 1], "inflate": 0.2, "uv": [0, 22], "mirror": true}
					]
				},
				{
					"name": "thumb_left",
					"parent": "hand_left",
					"pivot": [19, 27, 5],
					"cubes": [
						{"origin": [19, 26.5, 3], "size": [1, 1, 2], "uv": [45, 15], "mirror": true}
					]
				},
				{
					"name": "bone",
					"parent": "thumb_left",
					"pivot": [20, 27, 4],
					"cubes": [
						{"origin": [19, 26.5, 2.5], "size": [1, 1, 1], "inflate": 0.2, "uv": [5, 0], "mirror": true}
					]
				},
				{
					"name": "arm_right",
					"parent": "torso_upper",
					"pivot": [-3, 29, 7],
					"cubes": [
						{"origin": [-4.5, 25.5, 5], "size": [2, 3, 3], "uv": [16, 68]}
					]
				},
				{
					"name": "arm_right2",
					"parent": "arm_right",
					"pivot": [-4, 28, 7],
					"cubes": [
						{"origin": [-11, 26, 5.5], "size": [7, 2, 2], "uv": [58, 0]},
						{"origin": [-7, 26.5, 5], "size": [4, 2, 3], "inflate": 0.01, "uv": [66, 123]},
						{"origin": [-8.46, 27.5, 6], "size": [4, 1, 1], "uv": [53, 121]}
					]
				},
				{
					"name": "arm_right3",
					"parent": "arm_right2",
					"pivot": [-11, 28, 6],
					"cubes": [
						{"origin": [-17, 26, 5.5], "size": [6, 2, 2], "uv": [62, 17]}
					]
				},
				{
					"name": "hand_right",
					"parent": "arm_right3",
					"pivot": [-17, 28, 7],
					"cubes": [
						{"origin": [-21, 26, 5], "size": [4, 2, 3], "uv": [52, 66]},
						{"origin": [-18.5, 25.45313, 4.5], "size": [5, 3, 4], "inflate": 0.01, "uv": [17, 110], "mirror": true},
						{"origin": [-13.5, 27.45313, 5.5], "size": [3, 1, 2], "inflate": 0.01, "uv": [7, 125], "mirror": true}
					]
				},
				{
					"name": "finger_middle_right",
					"parent": "hand_right",
					"pivot": [-21, 27, 5],
					"rotation": [0, 90, 0],
					"cubes": [
						{"origin": [-22, 26.5, 3.5], "size": [1, 1, 2], "uv": [73, 38]}
					]
				},
				{
					"name": "bone4",
					"parent": "finger_middle_right",
					"pivot": [-21, 27, 4],
					"cubes": [
						{"origin": [-22, 26.5, 2.5], "size": [1, 1, 1], "inflate": 0.2, "uv": [3, 23]}
					]
				},
				{
					"name": "finger_outer_right",
					"parent": "hand_right",
					"pivot": [-21, 27, 7],
					"rotation": [0, 90, 0],
					"cubes": [
						{"origin": [-22, 26.5, 5.5], "size": [1, 1, 2], "uv": [27, 61]}
					]
				},
				{
					"name": "bone5",
					"parent": "finger_outer_right",
					"pivot": [-21, 27, 6],
					"cubes": [
						{"origin": [-22, 26.5, 4.5], "size": [1, 1, 1], "inflate": 0.2, "uv": [0, 22]}
					]
				},
				{
					"name": "thumb_right",
					"parent": "hand_right",
					"pivot": [-19, 27, 5],
					"cubes": [
						{"origin": [-20, 26.5, 3], "size": [1, 1, 2], "uv": [45, 15]}
					]
				},
				{
					"name": "bone6",
					"parent": "thumb_right",
					"pivot": [-20, 27, 4],
					"cubes": [
						{"origin": [-20, 26.5, 2.5], "size": [1, 1, 1], "inflate": 0.2, "uv": [5, 0]}
					]
				},
				{
					"name": "chest",
					"parent": "torso_upper",
					"pivot": [0, 26, 7],
					"rotation": [-10, 0, 0],
					"cubes": [
						{"origin": [-2.5, 22.8, 2.8], "size": [5, 6, 1], "uv": [6, 104]},
						{"origin": [-2.5, 22.8, 10], "size": [5, 6, 1], "uv": [36, 121]},
						{"origin": [-4, 22.8, 3.8], "size": [8, 1, 7], "inflate": -0.01, "uv": [0, 117]},
						{"origin": [2.5, 28.5, 3], "size": [1, 1, 8], "inflate": -0.01, "uv": [15, 95]},
						{"origin": [-3.5, 28.5, 3], "size": [1, 1, 8], "inflate": -0.01, "uv": [15, 95]},
						{"origin": [-4, 22.8, 2.8], "size": [8, 4, 1], "inflate": -0.01, "uv": [6, 123]},
						{"origin": [-18, 19.8, 2.8], "size": [2, 4, 2], "inflate": -0.02, "pivot": [0, -0.54687, 0.65462], "rotation": [0, 0, 45], "uv": [0, 111]},
						{"origin": [16, 19.8, 2.8], "size": [2, 4, 2], "inflate": -0.02, "pivot": [0, -0.54687, 0.65462], "rotation": [0, 0, -45], "uv": [0, 111], "mirror": true},
						{"origin": [-17.5, 23.8, 3.25], "size": [1, 2, 1], "inflate": -0.02, "pivot": [0, -0.54687, 0.65462], "rotation": [0, 0, 45], "uv": [8, 114]},
						{"origin": [16.5, 23.8, 3.25], "size": [1, 2, 1], "inflate": -0.02, "pivot": [0, -0.54687, 0.65462], "rotation": [0, 0, -45], "uv": [8, 114], "mirror": true},
						{"origin": [-0.5, 24.20313, -3.59538], "size": [1, 3, 1], "inflate": 0.01, "pivot": [0, -0.54687, 0.65462], "rotation": [-15, 0, 0], "uv": [22, 0]}
					]
				},
				{
					"name": "tail",
					"parent": "torso_lower",
					"pivot": [0, 16, 11],
					"cubes": [
						{"origin": [-3.5, 12.5, 9.5], "size": [7, 7, 4], "inflate": -0.01, "uv": [50, 31]}
					]
				},
				{
					"name": "tail2",
					"parent": "tail",
					"pivot": [0, 16, 14],
					"cubes": [
						{"origin": [-3, 13, 13.5], "size": [6, 6, 6], "uv": [0, 43]}
					]
				},
				{
					"name": "tail3",
					"parent": "tail2",
					"pivot": [0, 16, 19],
					"cubes": [
						{"origin": [-2.5, 13.5, 19.5], "size": [5, 5, 6], "uv": [46, 17]}
					]
				},
				{
					"name": "tail4",
					"parent": "tail3",
					"pivot": [0, 16, 25],
					"cubes": [
						{"origin": [-2, 14, 25.5], "size": [4, 4, 6], "uv": [0, 55]}
					]
				},
				{
					"name": "tail5",
					"parent": "tail4",
					"pivot": [0, 16, 31],
					"cubes": [
						{"origin": [-1.5, 14.5, 31.5], "size": [3, 3, 6], "uv": [56, 57]}
					]
				},
				{
					"name": "tail6",
					"parent": "tail5",
					"pivot": [0, 16, 38],
					"cubes": [
						{"origin": [-1.5, 14.5, 37.5], "size": [3, 3, 5], "uv": [59, 9]}
					]
				},
				{
					"name": "tail7",
					"parent": "tail6",
					"pivot": [0, 16, 43],
					"cubes": [
						{"origin": [-1.5, 14.5, 42.5], "size": [3, 3, 6], "uv": [38, 57]}
					]
				},
				{
					"name": "tail8",
					"parent": "tail7",
					"pivot": [0, 16, 49],
					"cubes": [
						{"origin": [-2, 14, 48.5], "size": [4, 4, 5], "uv": [25, 0]}
					]
				},
				{
					"name": "tail9",
					"parent": "tail8",
					"pivot": [0, 16, 54],
					"cubes": [
						{"origin": [-2.5, 13.5, 53.5], "size": [5, 5, 8], "uv": [26, 10]}
					]
				},
				{
					"name": "bone9",
					"parent": "torso_lower",
					"pivot": [0, 20, 5],
					"rotation": [5, 0, 0],
					"cubes": [
						{"origin": [-1.5, 15.5, -2.5], "size": [3, 4, 1], "pivot": [0, 0, 0], "rotation": [-10, 0, 0], "uv": [120, 107]},
						{"origin": [-2, 10.5, -2], "size": [4, 4, 1], "pivot": [0, 0, 0], "rotation": [-10, 0, 0], "uv": [103, 106]},
						{"origin": [-4, 19.6, -1.5], "size": [8, 2, 8], "inflate": 0.01, "pivot": [0, 0, 0], "rotation": [-10, 0, 0], "uv": [83, 118]},
						{"origin": [-1.5, 6.5, -1.5], "size": [3, 3, 1], "pivot": [0, 0, 0], "rotation": [-10, 0, 0], "uv": [83, 110]},
						{"origin": [-0.5, 4.5, -1.5], "size": [1, 2, 1], "pivot": [0, 0, 0], "rotation": [-10, 0, 0], "uv": [83, 110]},
						{"origin": [-2.5, 9.5, -1.5], "size": [5, 6, 1], "pivot": [0, 0, 0], "rotation": [-10, 0, 0], "uv": [83, 109]},
						{"origin": [-3.5, 14.5, -2], "size": [7, 6, 1], "pivot": [0, 0, 0], "rotation": [-10, 0, 0], "uv": [83, 99]}
					]
				},
				{
					"name": "leg_left",
					"parent": "body",
					"pivot": [4, 17, 7],
					"cubes": [
						{"origin": [3.5, 12, 1], "size": [4, 8, 6], "pivot": [2, 0, 0], "rotation": [-10, 0, 0], "uv": [44, 43], "mirror": true}
					]
				},
				{
					"name": "leg_left2",
					"parent": "leg_left",
					"pivot": [6, 11, 4],
					"cubes": [
						{"origin": [4, 3, 6.5], "size": [3, 8, 3], "pivot": [2, 0, 0], "rotation": [15, 0, 0], "uv": [40, 66], "mirror": true}
					]
				},
				{
					"name": "foot_left",
					"parent": "leg_left2",
					"pivot": [6, 6, 6],
					"cubes": [
						{"origin": [3.5, -2, 6.5], "size": [4, 4, 4], "pivot": [2, 0, 0], "rotation": [30, 0, 0], "uv": [0, 65], "mirror": true},
						{"origin": [2.5, -1, 7.5], "size": [1, 2, 2], "inflate": -0.01, "pivot": [2, 0, 0], "rotation": [30, 0, 0], "uv": [19, 44], "mirror": true},
						{"origin": [4, -1.5, 2.5], "size": [3, 3, 5], "pivot": [2, 0, 0], "rotation": [30, 0, 0], "uv": [63, 23], "mirror": true}
					]
				},
				{
					"name": "foot_left2",
					"parent": "foot_left",
					"pivot": [6, 3, 3],
					"cubes": [
						{"origin": [3.5, 0, 1], "size": [4, 3, 2], "inflate": 0.01, "uv": [50, 57], "mirror": true}
					]
				},
				{
					"name": "toe_outer_left",
					"parent": "foot_left2",
					"pivot": [7, 3, 1],
					"cubes": [
						{"origin": [6, 0, -1], "size": [2, 3, 3], "pivot": [7, 0, 0], "rotation": [0, -15, 0], "uv": [72, 71], "mirror": true}
					]
				},
				{
					"name": "toe_inner_left",
					"parent": "foot_left2",
					"pivot": [4, 3, 1],
					"cubes": [
						{"origin": [3, 0, -1.75], "size": [2, 3, 3], "pivot": [7, 0, 0], "rotation": [0, 15, 0], "uv": [72, 31], "mirror": true}
					]
				},
				{
					"name": "bone14",
					"parent": "leg_left2",
					"pivot": [0, 0, 0],
					"cubes": [
						{"origin": [4, 5.5, 8], "size": [3, 1, 2], "inflate": 0.01, "pivot": [11, 0, 0], "rotation": [15, 0, 0], "uv": [91, 124]},
						{"origin": [5, 5.5, -0.5], "size": [1, 3, 2], "inflate": 0.01, "pivot": [11, 0, 0], "rotation": [-45, 0, 0], "uv": [91, 123]},
						{"origin": [4, 3.5, 6], "size": [3, 3, 2], "inflate": 0.01, "pivot": [11, 0, 0], "rotation": [15, 0, 0], "uv": [88, 122], "mirror": true}
					]
				},
				{
					"name": "leg_right",
					"parent": "body",
					"pivot": [-4, 17, 7],
					"cubes": [
						{"origin": [-7.5, 12, 1], "size": [4, 8, 6], "pivot": [-2, 0, 0], "rotation": [-10, 0, 0], "uv": [44, 43]}
					]
				},
				{
					"name": "leg_right2",
					"parent": "leg_right",
					"pivot": [-6, 11, 4],
					"cubes": [
						{"origin": [-7, 3, 6.5], "size": [3, 8, 3], "pivot": [-2, 0, 0], "rotation": [15, 0, 0], "uv": [40, 66]}
					]
				},
				{
					"name": "bone13",
					"parent": "leg_right2",
					"pivot": [0, 0, 0],
					"cubes": [
						{"origin": [-7, 5.5, 8], "size": [3, 1, 2], "inflate": 0.01, "pivot": [0, 0, 0], "rotation": [15, 0, 0], "uv": [86, 124]},
						{"origin": [-6, 5.5, -0.5], "size": [1, 3, 2], "inflate": 0.01, "pivot": [0, 0, 0], "rotation": [-45, 0, 0], "uv": [91, 123]},
						{"origin": [-7, 3.5, 6], "size": [3, 3, 2], "inflate": 0.01, "pivot": [0, 0, 0], "rotation": [15, 0, 0], "uv": [88, 123]}
					]
				},
				{
					"name": "foot_right",
					"parent": "leg_right2",
					"pivot": [-6, 6, 6],
					"cubes": [
						{"origin": [-7.5, -2, 6.5], "size": [4, 4, 4], "pivot": [-2, 0, 0], "rotation": [30, 0, 0], "uv": [0, 65]},
						{"origin": [-3.5, -1, 7.5], "size": [1, 2, 2], "inflate": -0.01, "pivot": [-2, 0, 0], "rotation": [30, 0, 0], "uv": [19, 44]},
						{"origin": [-7, -1.5, 2.5], "size": [3, 3, 5], "pivot": [-2, 0, 0], "rotation": [30, 0, 0], "uv": [63, 23]}
					]
				},
				{
					"name": "foot_right2",
					"parent": "foot_right",
					"pivot": [-6, 3, 3],
					"cubes": [
						{"origin": [-7.5, 0, 1], "size": [4, 3, 2], "inflate": 0.01, "uv": [50, 57]}
					]
				},
				{
					"name": "toe_outer_right",
					"parent": "foot_right2",
					"pivot": [-7, 3, 1],
					"cubes": [
						{"origin": [-8, 0, -1], "size": [2, 3, 3], "pivot": [-7, 0, 0], "rotation": [0, 15, 0], "uv": [72, 71]}
					]
				},
				{
					"name": "toe_inner_right",
					"parent": "foot_right2",
					"pivot": [-4, 3, 1],
					"cubes": [
						{"origin": [-5, 0, -1.75], "size": [2, 3, 3], "pivot": [-7, 0, 0], "rotation": [0, -15, 0], "uv": [72, 31]}
					]
				}
			]
		}
	]
}