{
	"format_version": "1.12.0",
	"minecraft:geometry": [
		{
			"description": {
				"identifier": "geometry.unknown",
				"texture_width": 256,
				"texture_height": 256,
				"visible_bounds_width": 5,
				"visible_bounds_height": 3.5,
				"visible_bounds_offset": [0, 1.25, 0]
			},
			"bones": [
				{
					"name": "venusaur",
					"pivot": [0, 0, 0]
				},
				{
					"name": "body",
					"parent": "venusaur",
					"pivot": [12, 0, 3]
				},
				{
					"name": "torso",
					"parent": "body",
					"pivot": [0, 12, 3],
					"cubes": [
						{"origin": [-9, 5, -11], "size": [18, 13, 6], "pivot": [12, 0, 3], "rotation": [-10, 0, 0], "uv": [0, 59]},
						{"origin": [-9, 7, 2], "size": [18, 13, 11], "pivot": [12, 0, 3], "rotation": [-25, 0, 0], "uv": [0, 34]},
						{"origin": [-9, 4, -7], "size": [18, 15, 18], "inflate": -0.001, "uv": [0, 0]}
					]
				},
				{
					"name": "leaves",
					"parent": "torso",
					"pivot": [0, 10, 3.5]
				},
				{
					"name": "leaf_front1",
					"parent": "leaves",
					"pivot": [-0.5, 18.5, -1.5],
					"rotation": [-20, 0, 0],
					"cubes": [
						{"origin": [-5, 19.41346, -4.92522], "size": [10, 0, 5], "pivot": [1, -1.14127, 1.1988], "rotation": [5, 0, 0], "uv": [113, 81]}
					]
				},
				{
					"name": "leaf_front2",
					"parent": "leaf_front1",
					"pivot": [0, 18.8, -6.7],
					"cubes": [
						{"origin": [-5.5, 19.41346, -11.92522], "size": [11, 0, 7], "pivot": [1, -1.14127, 1.1988], "rotation": [5, 0, 0], "uv": [18, 79]}
					]
				},
				{
					"name": "leaf_front3",
					"parent": "leaf_front2",
					"pivot": [0, 18.35873, -13.7],
					"cubes": [
						{"origin": [-5, 19.41346, -16.92522], "size": [10, 0, 5], "pivot": [1, -1.14127, 1.1988], "rotation": [5, 0, 0], "uv": [113, 76]}
					]
				},
				{
					"name": "leaf_front4",
					"parent": "leaf_front3",
					"pivot": [0, 18.35873, -18.3012],
					"cubes": [
						{"origin": [-4, 19.41346, -21.92522], "size": [8, 0, 5], "pivot": [1, -1.14127, 1.1988], "rotation": [5, 0, 0], "uv": [25, 117]}
					]
				},
				{
					"name": "leaf_left",
					"parent": "leaves",
					"pivot": [3.5, 19.25, 3],
					"rotation": [-5, 0, 0],
					"cubes": [
						{"origin": [3.5, 19.33335, -0.09096], "size": [5, 0, 10], "pivot": [1, -1.0491, 1.87536], "rotation": [5, 0, 0], "uv": [70, 42]}
					]
				},
				{
					"name": "leaf_left2",
					"parent": "leaf_left",
					"pivot": [8.5, 19.5, 3.5],
					"cubes": [
						{"origin": [8.5, 19.33335, -0.59096], "size": [6, 0, 11], "pivot": [1, -1.0491, 1.87536], "rotation": [5, 0, 0], "uv": [36, 34]}
					]
				},
				{
					"name": "leaf_left3",
					"parent": "leaf_left2",
					"pivot": [14.5, 19.5, 3.5],
					"cubes": [
						{"origin": [14.5, 19.33335, -0.09096], "size": [6, 0, 10], "pivot": [1, -1.0491, 1.87536], "rotation": [5, 0, 0], "uv": [56, 0]}
					]
				},
				{
					"name": "leaf_left4",
					"parent": "leaf_left3",
					"pivot": [20.5, 19.5, 3.3],
					"cubes": [
						{"origin": [20.5, 19.33335, 0.90904], "size": [5, 0, 8], "pivot": [6, -1.0491, 1.87536], "rotation": [5, 0, 0], "uv": [0, 0]}
					]
				},
				{
					"name": "leaf_right",
					"parent": "leaves",
					"pivot": [-3.5, 19.25, 3],
					"rotation": [-5, 0, 0],
					"cubes": [
						{"origin": [-8.5, 19.33335, -0.09096], "size": [5, 0, 10], "pivot": [-1, -1.0491, 1.87536], "rotation": [5, 0, 0], "uv": [70, 42], "mirror": true}
					]
				},
				{
					"name": "leaf_right2",
					"parent": "leaf_right",
					"pivot": [-8.5, 19.2009, 2.87536],
					"cubes": [
						{"origin": [-14.5, 19.33335, -0.59096], "size": [6, 0, 11], "pivot": [-1, -1.0491, 1.87536], "rotation": [5, 0, 0], "uv": [36, 34], "mirror": true}
					]
				},
				{
					"name": "leaf_right3",
					"parent": "leaf_right2",
					"pivot": [-14.5, 19.2009, 3.87536],
					"cubes": [
						{"origin": [-20.5, 19.33335, -0.09096], "size": [6, 0, 10], "pivot": [-1, -1.0491, 1.87536], "rotation": [5, 0, 0], "uv": [56, 0], "mirror": true}
					]
				},
				{
					"name": "leaf_right4",
					"parent": "leaf_right3",
					"pivot": [-20.5, 19.2009, 3.87536],
					"cubes": [
						{"origin": [-25.5, 19.33335, 0.90904], "size": [5, 0, 8], "pivot": [-6, -1.0491, 1.87536], "rotation": [5, 0, 0], "uv": [0, 0], "mirror": true}
					]
				},
				{
					"name": "leaf_back",
					"parent": "leaves",
					"pivot": [0, 19.05, 6.5],
					"rotation": [-5, 0, 0],
					"cubes": [
						{"origin": [-5, 19.22051, 8.40523], "size": [10, 0, 5], "pivot": [1, -0.96195, 3.87156], "rotation": [5, 0, 0], "uv": [113, 81], "mirror": true}
					]
				},
				{
					"name": "leaf_back2",
					"parent": "leaf_back",
					"pivot": [0, 20.08805, 11.37156],
					"cubes": [
						{"origin": [-5.5, 19.22051, 13.40523], "size": [11, 0, 7], "pivot": [1, -0.96195, 3.87156], "rotation": [5, 0, 0], "uv": [18, 79]}
					]
				},
				{
					"name": "leaf_back3",
					"parent": "leaf_back2",
					"pivot": [0, 21, 18.37156],
					"cubes": [
						{"origin": [-5, 19.22051, 20.40523], "size": [10, 0, 5], "pivot": [1, -0.96195, 3.87156], "rotation": [5, 0, 0], "uv": [113, 76]}
					]
				},
				{
					"name": "leaf_back4",
					"parent": "leaf_back3",
					"pivot": [0, 21.08805, 23.37156],
					"cubes": [
						{"origin": [-4, 19.22051, 25.40523], "size": [8, 0, 5], "pivot": [1, -0.96195, 3.87156], "rotation": [5, 0, 0], "uv": [27, 127]}
					]
				},
				{
					"name": "head",
					"parent": "torso",
					"pivot": [0, 13, -7],
					"cubes": [
						{"origin": [-8.5, 7, -14], "size": [17, 13, 7], "inflate": -0.001, "uv": [51, 52]},
						{"origin": [7, 8.7, -16], "size": [2, 6, 6], "uv": [16, 120]},
						{"origin": [8.2, 7, -19.2], "size": [1, 2, 0], "inflate": 0.01, "pivot": [5.05, 5, -11.4], "rotation": [10, -12.5, -47.5], "uv": [0, 0], "mirror": true},
						{"origin": [-9.2, 7, -19.2], "size": [1, 2, 0], "inflate": 0.01, "pivot": [-5.05, 5, -11.4], "rotation": [10, 12.5, 47.5], "uv": [0, 0]},
						{"origin": [-9, 8.7, -16], "size": [2, 6, 6], "uv": [0, 120]},
						{"origin": [-5, 9.7, -21], "size": [10, 3, 5], "inflate": 0.001, "uv": [112, 93]}
					]
				},
				{
					"name": "bone21",
					"parent": "head",
					"pivot": [0, 20, -15],
					"cubes": [
						{"origin": [-8.5, 9.7, -19], "size": [17, 10, 5], "uv": [48, 73]}
					]
				},
				{
					"name": "bone7",
					"parent": "head",
					"pivot": [12, -1, 3],
					"cubes": [
						{"origin": [5.25, 14.25, -19], "size": [2, 2, 0], "inflate": 0.002, "pivot": [12, -1, 3], "rotation": [0, 0, -5], "uv": [117, 125]},
						{"origin": [4.25, 13.25, -19], "size": [5, 4, 0], "inflate": 0.001, "pivot": [12, -1, 3], "rotation": [0, 0, -5], "uv": [131, 0]},
						{"origin": [5.75, 14.75, -19], "size": [1, 1, 0], "inflate": 0.003, "pivot": [12, -1, 3], "rotation": [0, 0, -5], "uv": [134, 0]}
					]
				},
				{
					"name": "eyelid_left",
					"parent": "bone7",
					"pivot": [12, -1, 4],
					"cubes": [
						{"origin": [4.25, 13.25, -18], "size": [5, 4, 0], "inflate": 0.004, "pivot": [12, -1, 4], "rotation": [0, 0, -5], "uv": [102, 105]}
					]
				},
				{
					"name": "eyelid_right",
					"parent": "bone7",
					"pivot": [-12, -1, 4],
					"cubes": [
						{"origin": [-9.25, 13.25, -18], "size": [5, 4, 0], "inflate": 0.004, "pivot": [-12, -1, 4], "rotation": [0, 0, 5], "uv": [102, 105], "mirror": true}
					]
				},
				{
					"name": "bone8",
					"parent": "head",
					"pivot": [-12, -1, 3],
					"cubes": [
						{"origin": [-7.25, 14.25, -19], "size": [2, 2, 0], "inflate": 0.002, "pivot": [-12, -1, 3], "rotation": [0, 0, 5], "uv": [117, 125], "mirror": true},
						{"origin": [-14.5, 16.5, -19.5], "size": [6, 3, 1], "inflate": 0.0025, "pivot": [-12, -1, 3], "rotation": [0, 0, 20], "uv": [-1, 166], "mirror": true},
						{"origin": [8.5, 16.5, -19.5], "size": [6, 3, 1], "inflate": 0.0025, "pivot": [12, -1, 3], "rotation": [0, 0, -20], "uv": [-1, 166]},
						{"origin": [-9.25, 13.25, -19], "size": [5, 4, 0], "inflate": 0.001, "pivot": [-12, -1, 3], "rotation": [0, 0, 5], "uv": [131, 0], "mirror": true},
						{"origin": [-6.75, 14.75, -19], "size": [1, 1, 0], "inflate": 0.003, "pivot": [-12, -1, 3], "rotation": [0, 0, 5], "uv": [134, 0], "mirror": true}
					]
				},
				{
					"name": "jaw",
					"parent": "head",
					"pivot": [0, 10, -14]
				},
				{
					"name": "bone23",
					"parent": "jaw",
					"pivot": [12, 0, 3],
					"cubes": [
						{"origin": [-7, 7.7, -19], "size": [14, 2, 5], "uv": [150, 33]}
					]
				},
				{
					"name": "bone24",
					"parent": "bone23",
					"pivot": [12, 0, 3],
					"cubes": [
						{"origin": [-7, 7.7, -20], "size": [14, 2, 1], "uv": [0, 117]}
					]
				},
				{
					"name": "bone",
					"parent": "jaw",
					"pivot": [6, 10, -19.85],
					"cubes": [
						{"origin": [4, 9.5, -19.85], "size": [2, 1, 0], "pivot": [6, 10, -19.85], "rotation": [-12.5, 15, -35], "uv": [2, 0]},
						{"origin": [5.65, 9.39, -19.85], "size": [1, 1, 0], "pivot": [6.5, 10, -19.85], "rotation": [-12.5, 15, -35], "uv": [2, 1]}
					]
				},
				{
					"name": "bone16",
					"parent": "jaw",
					"pivot": [-6, 10, -19.85],
					"cubes": [
						{"origin": [-6, 9.5, -19.85], "size": [2, 1, 0], "pivot": [-6, 10, -19.85], "rotation": [-12.5, -15, 35], "uv": [2, 0], "mirror": true},
						{"origin": [-6.65, 9.39, -19.85], "size": [1, 1, 0], "pivot": [-6.5, 10, -19.85], "rotation": [-12.5, -15, 35], "uv": [2, 1], "mirror": true}
					]
				},
				{
					"name": "ears",
					"parent": "head",
					"pivot": [0, 19.25, -11]
				},
				{
					"name": "ear_left",
					"parent": "ears",
					"pivot": [4.75, 19.5, -12.25],
					"rotation": [0, 45, 20],
					"cubes": [
						{"origin": [4.75, 18, -15.75], "size": [0, 6, 9], "uv": [0, 131]}
					]
				},
				{
					"name": "ear_right",
					"parent": "ears",
					"pivot": [-4.75, 19.5, -12.25],
					"rotation": [0, -45, -20],
					"cubes": [
						{"origin": [-4.75, 18, -15.75], "size": [0, 6, 9], "uv": [0, 131], "mirror": true}
					]
				},
				{
					"name": "flower",
					"parent": "torso",
					"pivot": [0, 19, 3],
					"cubes": [
						{"origin": [-4, 19, -1], "size": [8, 10, 8], "uv": [59, 90]}
					]
				},
				{
					"name": "flower4",
					"parent": "flower",
					"pivot": [1, 9, 4],
					"cubes": [
						{"origin": [-1.5, 21.98763, 0.93295], "size": [5, 7, 5], "uv": [51, 116]},
						{"origin": [-4, 28.98763, -1.06705], "size": [0, 3, 8], "uv": [68, 2]},
						{"origin": [-4, 28.98763, 6.93295], "size": [8, 3, 0], "uv": [99, 60]},
						{"origin": [-4, 29.4, -1.06705], "size": [8, 0, 8], "inflate": 0.02, "uv": [42, 89]},
						{"origin": [-3, 30.4, -0.06705], "size": [6, 2, 6], "inflate": 0.02, "uv": [66, 129]},
						{"origin": [-2, 32.4, 0.93295], "size": [4, 2, 4], "inflate": 0.02, "uv": [68, 138]},
						{"origin": [-1, 34.4, 1.93295], "size": [2, 1, 2], "inflate": 0.02, "uv": [63, 130]}
					]
				},
				{
					"name": "petal_left_back0",
					"parent": "flower4",
					"pivot": [1, 16.25, 4],
					"rotation": [0, -60, 0]
				},
				{
					"name": "petal_left_back",
					"parent": "petal_left_back0",
					"pivot": [4, 29.25, 4],
					"cubes": [
						{"origin": [2.50892, 29.13763, 0.21647], "size": [7, 0, 7], "uv": [105, 115]}
					]
				},
				{
					"name": "petal_left_back2",
					"parent": "petal_left_back",
					"pivot": [9, 29.25, 4],
					"cubes": [
						{"origin": [9.50892, 29.13763, -0.28353], "size": [7, 0, 8], "uv": [62, 108]}
					]
				},
				{
					"name": "petal_left_front0",
					"parent": "flower4",
					"pivot": [1, 16.3, 2],
					"rotation": [0, 60, 0]
				},
				{
					"name": "petal_left_front",
					"parent": "petal_left_front0",
					"pivot": [4, 29.3, 2],
					"cubes": [
						{"origin": [3.49108, 29.28763, -1.78353], "size": [7, 0, 7], "uv": [91, 115]}
					]
				},
				{
					"name": "petal_left_front2",
					"parent": "petal_left_front",
					"pivot": [10, 29.3, 2],
					"cubes": [
						{"origin": [10.49108, 29.28763, -2.28353], "size": [7, 0, 8], "uv": [48, 108]}
					]
				},
				{
					"name": "flower2",
					"parent": "flower",
					"pivot": [-1, 9, 2],
					"cubes": [
						{"origin": [4, 28.98763, -1.06705], "size": [0, 3, 8], "uv": [59, 34]},
						{"origin": [-4, 28.98763, -1.06705], "size": [8, 3, 0], "uv": [92, 76]}
					]
				},
				{
					"name": "petal_right_back0",
					"parent": "flower2",
					"pivot": [-1, 16.25, 2],
					"rotation": [0, 60, 0]
				},
				{
					"name": "petal_right_back",
					"parent": "petal_right_back0",
					"pivot": [-6, 29.25, 3],
					"cubes": [
						{"origin": [-11.50892, 29.13763, -0.78353], "size": [7, 0, 7], "uv": [77, 115]}
					]
				},
				{
					"name": "petal_right_back2",
					"parent": "petal_right_back",
					"pivot": [-11, 29.25, 3],
					"cubes": [
						{"origin": [-18.50892, 29.13763, -1.28353], "size": [7, 0, 8], "uv": [107, 60]}
					]
				},
				{
					"name": "petal_right_front0",
					"parent": "flower2",
					"pivot": [-1, 29.3, -1],
					"rotation": [0, -60, 0]
				},
				{
					"name": "petal_right_front",
					"parent": "petal_right_front0",
					"pivot": [-1.26795, 29.3, 0],
					"cubes": [
						{"origin": [-7.75903, 29.28763, -3.78353], "size": [7, 0, 7], "uv": [112, 108]}
					]
				},
				{
					"name": "petal_right_front2",
					"parent": "petal_right_front",
					"pivot": [-7.26795, 29.3, 0],
					"cubes": [
						{"origin": [-14.75903, 29.28763, -4.28353], "size": [7, 0, 8], "uv": [107, 33]}
					]
				},
				{
					"name": "petal_right_middle",
					"parent": "flower2",
					"pivot": [-3.5, 29.4, 3],
					"cubes": [
						{"origin": [-10.5, 29.38763, -0.5], "size": [7, 0, 7], "uv": [112, 101]}
					]
				},
				{
					"name": "petal_right_middle2",
					"parent": "petal_right_middle",
					"pivot": [-10.5, 29.4, 3],
					"cubes": [
						{"origin": [-17.5, 29.38763, -1], "size": [7, 0, 8], "uv": [104, 13]}
					]
				},
				{
					"name": "petal_left_middle",
					"parent": "flower2",
					"pivot": [3.5, 29.4, 3],
					"cubes": [
						{"origin": [3.5, 29.38763, -0.5], "size": [7, 0, 7], "uv": [47, 11]}
					]
				},
				{
					"name": "petal_left_middle2",
					"parent": "petal_left_middle",
					"pivot": [10.5, 29.4, 3],
					"cubes": [
						{"origin": [10.5, 29.38763, -1], "size": [7, 0, 8], "uv": [103, 21]}
					]
				},
				{
					"name": "leg_front_left",
					"parent": "body",
					"pivot": [9, 13, -1],
					"cubes": [
						{"origin": [6, 8, -5], "size": [8, 8, 9], "uv": [90, 33]},
						{"origin": [6, -1, -8], "size": [8, 9, 9], "inflate": -0.001, "pivot": [9, 0, 3], "rotation": [-20, 0, 0], "uv": [83, 80]},
						{"origin": [6, 0, -8], "size": [8, 3, 9], "uv": [90, 64]}
					]
				},
				{
					"name": "bone9",
					"parent": "leg_front_left",
					"pivot": [9, 0, 3],
					"cubes": [
						{"origin": [9.5, 0, -10], "size": [1, 1, 2], "pivot": [9, 0, 3], "rotation": [0, -15, 0], "uv": [165, 0]},
						{"origin": [9, 0, -9.5], "size": [2, 2, 2], "pivot": [9, 0, 3], "rotation": [0, -15, 0], "uv": [165, 0]}
					]
				},
				{
					"name": "bone11",
					"parent": "leg_front_left",
					"pivot": [9, 0, 3],
					"rotation": [0, 15, 0],
					"cubes": [
						{"origin": [9.5, 0, -10], "size": [1, 1, 2], "pivot": [9, 0, 3], "rotation": [0, -15, 0], "uv": [165, 0]},
						{"origin": [9, 0, -9.5], "size": [2, 2, 2], "pivot": [9, 0, 3], "rotation": [0, -15, 0], "uv": [165, 0]}
					]
				},
				{
					"name": "bone10",
					"parent": "leg_front_left",
					"pivot": [9, 0, 3],
					"rotation": [0, 30, 0],
					"cubes": [
						{"origin": [9.5, 0, -9.5], "size": [1, 1, 2], "pivot": [9, 0, 3], "rotation": [0, -15, 0], "uv": [165, 0]},
						{"origin": [9, 0, -9], "size": [2, 2, 2], "pivot": [9, 0, 3], "rotation": [0, -15, 0], "uv": [165, 0]}
					]
				},
				{
					"name": "leg_front_right",
					"parent": "body",
					"pivot": [-9, 13, 0],
					"cubes": [
						{"origin": [-14, 8, -5], "size": [8, 8, 9], "uv": [90, 33], "mirror": true},
						{"origin": [-14, -1, -8], "size": [8, 9, 9], "inflate": -0.001, "pivot": [-9, 0, 3], "rotation": [-20, 0, 0], "uv": [83, 80], "mirror": true},
						{"origin": [-14, 0, -8], "size": [8, 3, 9], "uv": [90, 64], "mirror": true}
					]
				},
				{
					"name": "bone2",
					"parent": "leg_front_right",
					"pivot": [-9, 0, 3],
					"cubes": [
						{"origin": [-10.5, 0, -10], "size": [1, 1, 2], "pivot": [-9, 0, 3], "rotation": [0, 15, 0], "uv": [165, 0], "mirror": true},
						{"origin": [-11, 0, -9.5], "size": [2, 2, 2], "pivot": [-9, 0, 3], "rotation": [0, 15, 0], "uv": [165, 0], "mirror": true}
					]
				},
				{
					"name": "bone3",
					"parent": "leg_front_right",
					"pivot": [-9, 0, 3],
					"rotation": [0, -15, 0],
					"cubes": [
						{"origin": [-10.5, 0, -10], "size": [1, 1, 2], "pivot": [-9, 0, 3], "rotation": [0, 15, 0], "uv": [165, 0], "mirror": true},
						{"origin": [-11, 0, -9.5], "size": [2, 2, 2], "pivot": [-9, 0, 3], "rotation": [0, 15, 0], "uv": [165, 0], "mirror": true}
					]
				},
				{
					"name": "bone4",
					"parent": "leg_front_right",
					"pivot": [-9, 0, 3],
					"rotation": [0, -30, 0],
					"cubes": [
						{"origin": [-10.5, 0, -9.5], "size": [1, 1, 2], "pivot": [-9, 0, 3], "rotation": [0, 15, 0], "uv": [165, 0], "mirror": true},
						{"origin": [-11, 0, -9], "size": [2, 2, 2], "pivot": [-9, 0, 3], "rotation": [0, 15, 0], "uv": [165, 0], "mirror": true}
					]
				},
				{
					"name": "leg_back_left",
					"parent": "body",
					"pivot": [9, 13, 19],
					"rotation": [0, 5, 0],
					"cubes": [
						{"origin": [14.37927, 0, 8.40951], "size": [6, 3, 8], "pivot": [14.37927, 0, 3.40951], "rotation": [0, -25, 0], "uv": [28, 106]},
						{"origin": [13.37927, 11, 2.40951], "size": [7, 8, 13], "pivot": [14.37927, 0, 3.40951], "rotation": [-25, -25, 0], "uv": [72, 0]},
						{"origin": [13.37927, -1, 9.90951], "size": [7, 10, 7], "inflate": -0.001, "pivot": [14.37927, 0, 3.40951], "rotation": [17.5, -25, 0], "uv": [0, 99]}
					]
				},
				{
					"name": "bone13",
					"parent": "leg_back_left",
					"pivot": [13.37927, 0, 20.40951],
					"rotation": [0, 20, 0],
					"cubes": [
						{"origin": [13.37927, 0, 6.40951], "size": [1, 1, 2], "pivot": [13.37927, 0, 20.40951], "rotation": [0, -15, 0], "uv": [165, 0]},
						{"origin": [12.87927, 0, 6.90951], "size": [2, 2, 2], "pivot": [13.37927, 0, 20.40951], "rotation": [0, -15, 0], "uv": [165, 0]}
					]
				},
				{
					"name": "bone14",
					"parent": "leg_back_left",
					"pivot": [9.37927, 0, 20.40951],
					"rotation": [0, -25, 0],
					"cubes": [
						{"origin": [9.22927, 0, 5.90951], "size": [1, 1, 2], "uv": [165, 0]},
						{"origin": [8.72927, 0, 6.40951], "size": [2, 2, 2], "uv": [165, 0]}
					]
				},
				{
					"name": "bone12",
					"parent": "leg_back_left",
					"pivot": [8.37927, 0, 17.40951],
					"rotation": [0, -30, 0],
					"cubes": [
						{"origin": [8.87927, 0, 4.40951], "size": [1, 1, 2], "pivot": [8.37927, 0, 17.40951], "rotation": [0, -15, 0], "uv": [165, 0]},
						{"origin": [8.37927, 0, 4.90951], "size": [2, 2, 2], "pivot": [8.37927, 0, 17.40951], "rotation": [0, -15, 0], "uv": [165, 0]}
					]
				},
				{
					"name": "leg_back_right",
					"parent": "body",
					"pivot": [-9, 11, 19],
					"rotation": [0, -5, 0],
					"cubes": [
						{"origin": [-20.37927, 0, 8.40951], "size": [6, 3, 8], "pivot": [-14.37927, 0, 3.40951], "rotation": [0, 25, 0], "uv": [28, 106], "mirror": true},
						{"origin": [-20.37927, 11, 2.40951], "size": [7, 8, 13], "pivot": [-14.37927, 0, 3.40951], "rotation": [-25, 25, 0], "uv": [72, 0], "mirror": true},
						{"origin": [-20.37927, -1, 9.90951], "size": [7, 10, 7], "inflate": -0.001, "pivot": [-14.37927, 0, 3.40951], "rotation": [17.5, 25, 0], "uv": [0, 99], "mirror": true}
					]
				},
				{
					"name": "bone5",
					"parent": "leg_back_right",
					"pivot": [-13.37927, 0, 20.40951],
					"rotation": [0, -20, 0],
					"cubes": [
						{"origin": [-14.37927, 0, 6.40951], "size": [1, 1, 2], "pivot": [-13.37927, 0, 20.40951], "rotation": [0, 15, 0], "uv": [165, 0], "mirror": true},
						{"origin": [-14.87927, 0, 6.90951], "size": [2, 2, 2], "pivot": [-13.37927, 0, 20.40951], "rotation": [0, 15, 0], "uv": [165, 0], "mirror": true}
					]
				},
				{
					"name": "bone6",
					"parent": "leg_back_right",
					"pivot": [-9.37927, 0, 20.40951],
					"rotation": [0, 25, 0],
					"cubes": [
						{"origin": [-10.22927, 0, 5.90951], "size": [1, 1, 2], "uv": [165, 0], "mirror": true},
						{"origin": [-10.72927, 0, 6.40951], "size": [2, 2, 2], "uv": [165, 0], "mirror": true}
					]
				},
				{
					"name": "bone15",
					"parent": "leg_back_right",
					"pivot": [-8.37927, 0, 17.40951],
					"rotation": [0, 30, 0],
					"cubes": [
						{"origin": [-9.87927, 0, 4.40951], "size": [1, 1, 2], "pivot": [-8.37927, 0, 17.40951], "rotation": [0, 15, 0], "uv": [165, 0], "mirror": true},
						{"origin": [-10.37927, 0, 4.90951], "size": [2, 2, 2], "pivot": [-8.37927, 0, 17.40951], "rotation": [0, 15, 0], "uv": [165, 0], "mirror": true}
					]
				}
			]
		}
	]
}